mjd,inst,flux_crab,flux_err,hr,hr_err
50088.5,asm,0.02977862460412827,0.01169775806087548,2.1304700753027195,2.8495568293240447
50093.5,asm,0.037753149681058785,0.008211746416427381,0.3440576928485631,0.2309828807024676
50134.5,asm,0.06335939084935176,0.009061791655665407,4.043344855038682,2.0728947109913958
50136.5,asm,0.03572154552164307,0.007357956645647656,1.655590180817057,0.6860681335497221
50137.5,asm,0.04493836834628392,0.005046087870662885,0.8077757365538956,0.2567607810023563
50138.5,asm,0.04040760303759195,0.005190526058130623,0.745525562206933,0.25983232132358103
50139.5,asm,0.04369291779527741,0.006235923259537664,6.833669570528551,6.969625608132661
50140.5,asm,0.04525890660095632,0.004984500478444472,1.1167540074947948,0.2934699036783453
50141.5,asm,0.04867684885571606,0.004393443223253154,1.65745875249016,0.3755415411698571
50142.5,asm,0.04793372534023655,0.006988543354025218,1.0073497981040682,0.30048109642535614
50143.5,asm,0.041222745801454866,0.00358043840505333,1.7015930749787735,0.3486658433336667
50144.5,asm,0.03263598483983856,0.0035892909838739777,1.6547114945339263,0.4296470250537712
50145.5,asm,0.03550155984898271,0.004108127470514241,1.6530593353859309,0.49127723708046916
50146.5,asm,0.036043519686352575,0.004494305056201068,1.9891336932241437,0.6118430037570837
50147.5,asm,0.029363453719591266,0.007373733113610559,2.8564871627601596,1.5985470854144623
50148.5,asm,0.0256371614615873,0.009029670940859406,0.9967154466840646,0.547170512265387
50150.5,asm,0.0244982880368674,0.004917621194048064,1.3941339330513043,0.6809761280842612
50151.5,asm,0.03141478980892087,0.0071450729678526545,3.4639243456069324,2.5811340869908284
50152.5,asm,0.026330548864400408,0.004338781935430614,1.4971760552039264,0.5744996268972432
50154.5,asm,0.0192361215564394,0.005807466799546935,3.536518738852907,3.997779425626235
50156.5,asm,0.02573333263397217,0.011999999682108561,2.694444416849702,3.46778029125005
50157.5,asm,0.022563931760458553,0.008262602441957074,5.159045762850197,10.827230747831887
50158.5,asm,0.03958248650480899,0.011238731082536483,15.587023192589175,44.79794162641968
50160.5,asm,0.023546891788595294,0.008859577196439889,3.5283801470718505,4.0401341048830295
50162.5,asm,0.02397611897655763,0.004303717841802597,2.6363458192697373,1.7748186996871318
50164.5,asm,0.011447952441297132,0.004959446451772354,1.6272002794173444,2.7468944506506503
50165.5,asm,0.019950732996887106,0.009446768483285057,0.2522876863429825,0.7981402157526376
50166.5,asm,0.01864814401780449,0.005968092831342027,2.1476622335300783,2.006759407905555
50169.5,asm,0.00950673336019665,0.0030000270858499285,1.4078018313522018,0.70547977383031
50170.5,asm,0.015046423986273861,0.0036392361144868333,2.509308172281038,1.702835193857252
50172.5,asm,0.020491856130138705,0.0024585639443183943,3.4176624754923592,1.275095997622786
50173.5,asm,0.014160129910386081,0.0032110338785141966,5.294589504060208,5.601292380243668
50174.5,asm,0.012761626834700193,0.0023605411564217318,1.199951176920928,0.4997524793906342
50175.5,asm,0.008779885545310256,0.0020717337820965933,0.8860882872243057,0.7747620318819595
50176.5,asm,0.016547425588112296,0.0026287689919543417,0.8603317926861125,0.4090991110063303
50177.5,asm,0.03703957406640805,0.015346108878774762,2.9540890543542737,3.361919807387676
50179.5,asm,0.010566635921962357,0.0022597430200000015,1.49072784676379,0.7922826212092374
50180.5,asm,0.013677673930398312,0.002880750210458587,4.054260560714892,2.95387575217337
50181.5,asm,0.0168828076563989,0.004465038306702656,-25.238226804908724,154.6931626456576
50184.5,asm,0.011730220503250179,0.0038680873063995933,2.2969193572660864,1.8704321984474883
50185.5,asm,0.01615178842823878,0.0035628140452546365,6.334671901436334,16.26321573209453
50187.5,asm,0.013280834816272605,0.0042204724806577144,1.7479868389242041,1.5985558010065846
50189.5,asm,0.018898655125552218,0.005788592472690063,3.1324841916803834,4.197643290728928
50192.5,asm,0.020927592707969064,0.004140133172013968,1.8436448709401454,1.1139917013007699
50194.5,asm,0.009167555706451037,0.004565454160506886,1.6063318445652077,1.5724288108436786
50196.5,asm,0.008647708012639626,0.003368155263692124,0.3786471061938862,0.8538914658426173
50200.5,asm,0.01488149945819397,0.004880019915055049,0.8414999630422219,0.6146894563306232
50201.5,asm,0.022423281689535043,0.00425677430710382,1.2546770664349192,0.5332575954727292
50202.5,asm,0.025874526787202215,0.006275751825241023,1.250197337927717,0.8507320369152853
50203.5,asm,0.02695944928234208,0.009312138016491571,2.1523336683732106,1.7248456805992172
50204.5,asm,0.01756825518128901,0.004032090027397464,0.9742436753583072,0.5262886595434981
50205.5,asm,0.014770458647893898,0.0065419331141529265,4.895820461357085,9.055869490114395
50206.5,asm,0.020155702668721406,0.005705522488184802,1.2924038924328947,1.0910871107951172
50207.5,asm,0.021305994905414058,0.005185390599276505,1.0833921575320342,0.6738743772760448
50208.5,asm,0.013299848090488373,0.005620681896098248,27.486977350927035,181.91144234425985
50209.5,asm,0.01691646557772972,0.007234958079957994,2.0249747973359393,2.4205630921233765
50213.5,asm,0.01138256266936587,0.005146739087114037,1.5781596431665699,1.198839688830459
50215.5,asm,0.013692774608996148,0.006706983032548209,-2.945723686435508,5.222234456172873
50216.5,asm,0.021038836740669045,0.005611105132754039,1.997650186649711,0.9187580737853988
50219.5,asm,0.016219841097181574,0.006135358195762742,-0.035328011370016045,0.4994134156962931
50220.5,asm,0.01280803785027933,0.0051715290107423526,0.1200240380075634,0.3776467470412871
50222.5,asm,0.013403494234439336,0.005773415551954226,-10.25488558459214,69.87454028665445
50223.5,asm,0.010401657927238772,0.004200565677505444,-2.833564821794897,2.785545189310804
50227.5,asm,0.020451924748805604,0.0071800129891783976,0.9681521170764291,1.4412359743685528
50228.5,asm,0.014724887712207342,0.004133605423294851,2.0802154715949173,2.045970887542757
50229.5,asm,0.014479905417312266,0.005136708442460057,5.248377920669684,10.604217545192396
50230.5,asm,0.012685749139471422,0.0050960632883842024,0.9460518905740625,1.4707042624414426
50231.5,asm,0.01082594532800547,0.0047420522541285195,-0.9272579338253272,0.5813966024210481
50233.5,asm,0.02093899485519173,0.006241613947082766,1.4252513954233108,0.8789455009896656
50234.5,asm,0.0104833506724475,0.003923983010506121,-3.6044597184532274,6.736117384802409
50236.5,asm,0.026199753295926095,0.008909421442329805,0.5042166415196078,0.5243635978896903
50237.5,asm,0.010252088663286267,0.004425449045162037,-1.44452920797165,1.5971294280351462
50240.5,asm,0.016490752697073868,0.00477293906147603,1.0032119411223297,0.7311238072198246
50248.5,asm,0.06272306324471803,0.023601821027398003,3.547422151731731,5.234924302221181
50249.5,asm,0.036556455686753864,0.016047222420982866,1.0592679481731873,1.566615557512747
50250.5,asm,0.029311341367216706,0.007134797069993684,1.2789829801590724,1.1566608418618631
50251.5,asm,0.020529542788723005,0.00959836459490211,1.8397884637031783,4.061946382579025
50252.5,asm,0.023448061024146528,0.009481880606063838,-3.5893365547306413,8.081569274370397
50258.5,asm,0.01979599660601009,0.007819532595151361,23.507771017202202,297.0378876001124
50260.5,asm,0.0156759486114553,0.004796829815942718,17.76906196653488,68.68565540229758
50262.5,asm,0.013141046860013782,0.0060900271611967535,0.4492285860413958,0.42245302483570935
50263.5,asm,0.04125786500203198,0.008231937004999893,0.41407776768293847,0.19044163236940811
50265.5,asm,0.03326989072281741,0.005735978896850412,74.83815740130787,909.4934440210676
50267.5,asm,0.030535268049300464,0.008823152454420767,-16.478000674278636,99.88186464997507
50269.5,asm,0.012692813248471565,0.006228473626976197,-4.6451156914474785,8.29953810344096
50270.5,asm,0.01102505236850407,0.004585093361574106,-4.847776128154728,5.959466111243601
50271.5,asm,0.019930433070191846,0.004350228716498913,-4.671703069434921,3.923085154721212
50272.5,asm,0.0284657941708649,0.0034170426464130094,36.66256328801833,133.6056379287605
50273.5,asm,0.0301876526600096,0.0035831689607398174,-3.617652988433626,1.882539569691323
50274.5,asm,0.03177566848633058,0.0035571671453352833,1.826561498894487,0.5549570063232576
50275.5,asm,0.030806889164781096,0.011121220172589695,3.7761050926458006,10.864775634437027
50276.5,asm,0.0421312098701245,0.004323375493878647,1.6858341406100692,0.5254995996403322
50277.5,asm,0.04808279384932582,0.013469702524178406,1.0604424861502022,0.6856630387598223
50278.5,asm,0.03800136613092187,0.0023798052411986943,1.3502564403277564,0.2048297933914503
50279.5,asm,0.03994358885150134,0.0036322937336063245,1.987071830360219,0.5005004624003753
50280.5,asm,0.051946357029246965,0.0037806686352017966,1.4596943071963702,0.24656176966145565
50281.5,asm,0.059706736558532376,0.004442138892486178,1.0240247844004877,0.1932601446234448
50282.5,asm,0.05545345391355629,0.004256667987523502,0.8260437647549354,0.14809114058660927
50283.5,asm,0.040982236972315976,0.005566493168823973,2.9051248741569813,1.1771026505555315
50284.5,asm,0.05936414310879227,0.003699136095596554,1.4156404632104695,0.20258643709378535
50285.5,asm,0.047134368922784005,0.008454738560362149,6.589993760745283,13.38421170522282
50286.5,asm,0.05377712976044878,0.004997929755112215,2.019154789176202,0.612936088866413
50287.5,asm,0.04463966560664038,0.006612842311672367,1.1384336480626045,0.4390143494740078
50288.5,asm,0.06044645277889898,0.007939150019380165,1.3978631342118137,0.5430885257999906
50289.5,asm,0.05480401758312419,0.0044501445684053875,1.3480713705105214,0.2477957401507171
50290.5,asm,0.06407586484711775,0.0038731417541382446,1.1909095208130178,0.19290953072583517
50291.5,asm,0.060243020975083834,0.0037017398605568024,1.4433812726184292,0.2263917353874237
50292.5,asm,0.04964580284394776,0.0034052102658006446,1.1784623609085976,0.20869131801593188
50293.5,asm,0.04881164921980802,0.0036656648579352913,1.2648781098717323,0.22292146164988283
50294.5,asm,0.08035012928970972,0.00709801877218513,0.9220640514935575,0.21429577792371032
50295.5,asm,0.04901114233366554,0.0042403206105753235,1.5134859079749454,0.27992066368142904
50296.5,asm,0.04841254371612522,0.0037099296552510503,1.7003675870440107,0.33741528743267196
50297.5,asm,0.057347571589183334,0.00944893499184944,1.2808151635207028,0.5043865615028054
50298.5,asm,0.047239922405792355,0.0035878157333287474,1.5407348156274823,0.2774425171844514
50299.5,asm,0.05305309831972481,0.0056685238707771795,1.3365910914482673,0.34772704485691225
50300.5,asm,0.05146170044835237,0.003947867039891016,1.414048876609741,0.27526154944704134
50301.5,asm,0.04347806063343205,0.0042262707700799484,1.2277880583597325,0.2815359721980562
50302.5,asm,0.08397723430791433,0.015043878135923346,4.792295763751216,4.891643304212767
50303.5,asm,0.04413571897208146,0.005658950922383767,1.1249223109232138,0.3340139065943014
50304.5,asm,0.03490164563853866,0.007866029149732673,2.9715967158852163,2.374467889522477
50305.5,asm,0.040765242244107054,0.005007886916160756,1.6274654626075242,0.5130864020172542
50306.5,asm,0.03774028315813557,0.002953395340650582,2.0080185592812168,0.41585165189226686
50307.5,asm,0.031020075265916346,0.002902707644279724,1.0077443764135445,0.20537820018333222
50308.5,asm,0.03194926702946305,0.0028058956241930944,1.9178379703958188,0.4619940356267812
50309.5,asm,0.032707631623905414,0.003388647707689643,1.2744143858002341,0.3198939717413204
50310.5,asm,0.029291864660842607,0.0028115533564254526,1.868859777795708,0.44816269699263844
50311.5,asm,0.030954260957720685,0.004311920593417221,1.5526257325740698,0.48828609905364734
50312.5,asm,0.02485865477436176,0.0026698211977739575,1.679395721371587,0.4175015601064831
50313.5,asm,0.026175246746024578,0.0036379264486371492,3.687136462560773,2.013455423590884
50314.5,asm,0.023464497239348476,0.0024993623362394874,3.114169402792588,0.9958429057797855
50315.5,asm,0.02838909995582108,0.0031404954525416882,2.058774715819211,0.5678914266314813
50316.5,asm,0.02977091144706969,0.0034307377707324467,1.9472713277824734,0.5287753841648518
50317.5,asm,0.02220511826182118,0.0024472250618024828,1.1715406447064374,0.2979736664879537
50318.5,asm,0.016638430064450982,0.003469319018031686,1.3300220641780605,0.5459402650652122
50319.5,asm,0.019912685222012446,0.004722429936628054,1.3850483649147045,0.8718216049497874
50320.5,asm,0.020249084638916517,0.004047273620194199,1.5929234656216527,0.5476955050561899
50321.5,asm,0.016430189129097994,0.0038869147494761617,4.302875052081226,4.846523709919043
50323.5,asm,0.020372399095985382,0.0048736696682301905,2.895893115478582,2.4501254941873625
50324.5,asm,0.02168453021168916,0.005355791125764575,1.5253310241991176,0.8810346578185756
50325.5,asm,0.016420124817085685,0.007419294189858244,0.9677548336163075,0.7049469708993752
50326.5,asm,0.010769596195246195,0.0038955839607536123,0.816069917835144,0.44033539973536284
50327.5,asm,0.021306713162146496,0.005112309573210096,0.9894622214221898,0.5062615234958988
50328.5,asm,0.015725770717861885,0.003453996217690841,2.0982334969314955,1.0610361135604873
50329.5,asm,0.012779759483880184,0.003906760633735985,2.115200444646421,1.6468833569570087
50331.5,asm,0.014872519504131224,0.0025703769478173616,1.9306237128934454,0.7683981908318444
50332.5,asm,0.014880216386321348,0.0030748736678545816,0.3141846474563366,0.27121654094968217
50333.5,asm,0.01754186314580981,0.0032566060292464876,0.6180269632516312,0.3862555558951887
50334.5,asm,0.011983404338406087,0.0032407035499998045,1.5743870798310546,0.8391515615593226
50335.5,asm,0.016355508706695526,0.004362077452864134,1.5088160852755659,1.2922135455510853
50336.5,asm,0.031646035259021085,0.008759371568697941,3.398479385751587,3.1407432674350892
50337.5,asm,0.01919629969547486,0.005466965074587438,4.695587518530674,7.713444827095312
50339.5,asm,0.01521212264359711,0.002824505141356281,1.2104613435926783,0.5401774015200537
50340.5,asm,0.017904956404443537,0.0037507270159770206,2.230600441210869,1.2371678231026344
50342.5,asm,0.00965301611107988,0.004437045428007147,-5.277307307902692,9.445255231002676
50343.5,asm,0.022330888894368458,0.0038941661535983646,1.939768648828168,0.8409047606561024
50344.5,asm,0.010878619917211623,0.003087167425029934,0.7633333944463936,0.6474606846070868
50345.5,asm,0.01782175525072583,0.003226037065241262,2.568866763196668,1.478115709253349
50347.5,asm,0.030036407045897443,0.004268664572778894,1.5340384659113664,0.5820095320596398
50348.5,asm,0.021664261670505138,0.004157230079429619,1.4093855926925047,0.5782575241122792
50349.5,asm,0.017959674424616344,0.0077720419020754945,0.288449901178978,0.4486340934512298
50350.5,asm,0.01471991798027824,0.0035094927105221176,0.8003126778209472,0.39836839209218594
50351.5,asm,0.016090926640781086,0.0038089599698961757,0.4562095221687875,0.47288674620239646
50352.5,asm,0.020212192741405947,0.004100062124414119,1.7519312393286324,0.8688764483211365
50353.5,asm,0.020921949110778836,0.004564764534547296,2.7054005272099446,1.8058688581783553
50354.5,asm,0.01140787382425486,0.003388554589715717,1.069893221723815,0.6215270626165199
50355.5,asm,0.014422905879938188,0.003864548582294595,1.3990805585546757,0.6279786173833855
50357.5,asm,0.017914964114559413,0.00681820337755637,3.6604233458690105,3.7744620275465044
50358.5,asm,0.015085372277421606,0.003171691567598968,0.8651205076829961,0.3822225548355632
50360.5,asm,0.01513127490553375,0.0034645343748786043,1.1954975334997795,0.6110280489215102
50362.5,asm,0.008594504225010912,0.0037054982318987582,4.055249096542267,6.452326840612005
50364.5,asm,0.013198458777631086,0.0027861872572040596,1.0777102723397467,0.6008811875741583
50365.5,asm,0.011745775053361884,0.0023979500734675864,1.6989517262395777,0.9439114881154222
50368.5,asm,0.010486226414743387,0.0029783363379189878,6.852947935869878,10.4585592620778
50369.5,asm,0.014243199444671631,0.005736431788765139,19.27529584477156,109.00238815540717
50371.5,asm,0.009002889946982945,0.003667666923696302,-4.039251070859811,6.7134119269033405
50372.5,asm,0.014435069180652977,0.0028979439417548382,1.5949142226444608,0.7472264963598971
50373.5,asm,0.011522602380872602,0.0031261365246307822,1.037951294234335,0.47702867759082573
50374.5,asm,0.013429264777151525,0.00426075625053664,8.45994038444236,16.46494839471458
50375.5,asm,0.016670179147755065,0.004415471088689467,4.020843343959487,3.0026165949728356
50376.5,asm,0.010950369314549497,0.003603728202888068,4.179563895256952,6.486193059292053
50377.5,asm,0.00793485295432345,0.0028136414994150193,10.831500197829705,46.80575206567919
50378.5,asm,0.030313989521276015,0.005657027809461074,0.7536652041666317,0.3460184044214169
50379.5,asm,0.01129742819950444,0.003989546149065693,0.8631261504785954,0.8322898687223662
50380.5,asm,0.013551208230189798,0.0041648854108735965,2.3781563902450897,1.9907418744978667
50381.5,asm,0.019671633621607024,0.002952535630835134,2.5362542734123803,1.187069125489471
50382.5,asm,0.018310006971052745,0.006149155745676177,0.8049684935692972,0.7578168061909784
50384.5,asm,0.027483366259023843,0.00571993109117403,2.95380314582751,2.7507559728687645
50385.5,asm,0.019747868625750425,0.005462127878451131,0.6481995274167041,0.40912187509201575
50386.5,asm,0.01848881143258651,0.00499106651426245,0.785602098234144,0.5099039791039475
50392.5,asm,0.026498038784531275,0.009603920504209912,0.6812637270183394,0.6963794332018851
50393.5,asm,0.01895379261160981,0.003340153257835782,1.6323798959503932,0.6962674950087181
50394.5,asm,0.01710095767842173,0.0031235336618956463,1.4909407059090263,0.7169165128286876
50395.5,asm,0.01874054457430824,0.005111622618059759,0.8934743594908503,0.5647459635168681
50396.5,asm,0.020915699704622034,0.008183351036059635,0.5165448343821162,0.42059396453562864
50397.5,asm,0.020385930832717336,0.0025466721357542675,1.8746251508511065,0.6215963049922805
50400.5,asm,0.024850243398386363,0.0026997600187282414,0.690736362968019,0.18233048884097736
50402.5,asm,0.028123178997449094,0.0039821578975933304,1.3224911821993808,0.4154974902124526
50403.5,asm,0.01026154112165536,0.004399070567231305,2.1701711435720243,2.189890779171103
50404.5,asm,0.027202408589776923,0.0036326338765733804,0.6450337228153613,0.21938695291975444
50405.5,asm,0.03925383598600709,0.0046653692652055745,1.0857863864939303,0.32778861435960754
50411.5,asm,0.03505205497486069,0.01438876544796704,3.3024692688340007,6.477711951477717
50413.5,asm,0.06973333358764648,0.03333333333333333,1.2216216007229883,1.3754340874759783
50415.5,asm,0.1071999994913737,0.03266666730244954,1.550505001853163,2.0015073239348355
50426.5,asm,0.030647165344387297,0.01509351165357455,15.229221952768786,141.96907309802052
50435.5,asm,0.020506774737699896,0.006788792834411104,1.0758690480805086,0.8722574467556814
50456.5,asm,0.08463746163311245,0.029203121974568334,-7.953958279890941,40.74794797170108
50460.5,asm,0.0400632062040086,0.010552595064428624,1.6452355091231012,0.9918250926706691
50463.5,asm,0.05084134190516146,0.01574970146375367,0.8893214470582214,0.5384256971766889
50464.5,asm,0.03146029190987701,0.004088911927121904,1.9144654029352626,0.534906946311589
50466.5,asm,0.03995274815362024,0.005679381317835268,2.2261488552467914,0.8214635253870488
50467.5,asm,0.03697579968410128,0.008716356065204428,3.1948924102310965,3.4367511309534122
50468.5,asm,0.04353234272156943,0.006227464339105274,1.4126107583798162,0.4981472302413018
50469.5,asm,0.051110371687629656,0.004303495051028504,1.2817544544968518,0.2677858679030491
50470.5,asm,0.05279868964298927,0.007817514600179508,1.4938903709815636,0.4580835338062584
50471.5,asm,0.046364320545016914,0.006425342528125369,0.9439553714372957,0.3260885612300488
50472.5,asm,0.0671999994913737,0.013599999745686849,0.5119047506416015,0.2791177675037585
50473.5,asm,0.05022573137209573,0.009713991490914063,3.4510110018753624,2.7263557599435
50477.5,asm,0.07818608041847148,0.01001611927425636,1.5081688537427853,0.5041624615565601
50478.5,asm,0.059066664377848306,0.01706666628519694,28.75000004656613,496.3406229879661
50479.5,asm,0.06117847111039385,0.0059995145310571905,2.3122051067152385,0.7123155491539259
50480.5,asm,0.06864642008459375,0.01577011042857246,2.39995412393724,1.499671679643428
50481.5,asm,0.06763456325399787,0.01852399781369012,0.8102476395085109,0.5139602538111228
50482.5,asm,0.053965101099863896,0.008747101009515717,1.9505126858432007,1.0196319780130207
50483.5,asm,0.0729894787148053,0.018455883914659327,0.878129634380612,0.5789739499306489
50484.5,asm,0.05444034084030909,0.0045613032128631985,2.173097333687671,0.5556590513362125
50485.5,asm,0.046032252413257396,0.00650954192487225,2.7337948518278403,1.319263937350514
50486.5,asm,0.0512082131324878,0.004456531442422527,1.5867177832613,0.3285424856398943
50487.5,asm,0.04069548735900349,0.005066257789277718,1.0527231808930384,0.2875065782673041
50488.5,asm,0.05235906025835331,0.00368721395174562,1.5070479079235928,0.28042927305609183
50489.5,asm,0.05001634473905129,0.004989357351459969,1.227620889730529,0.25654036866064794
50490.5,asm,0.05178422437295704,0.0034860699080336123,1.1013348674973067,0.17819818079696456
50491.5,asm,0.06062071904744419,0.0031738970698993786,1.8884630321429858,0.2622000234845537
50492.5,asm,0.04626801160837893,0.004281267573301037,1.3813246034185147,0.3274483840713025
50493.5,asm,0.04624451262859577,0.005048247116575042,1.5533209648289437,0.3871927779756569
50494.5,asm,0.05866468235546438,0.005154675458710267,1.6860350542938034,0.40408222117501374
50495.5,asm,0.053846790516771936,0.005076537093248511,1.3309667353833217,0.3216826284512442
50496.5,asm,0.04414879263039516,0.0039393333221511735,2.30171564407902,0.5159754712342481
50497.5,asm,0.04690223201076089,0.0034825428482152887,1.0375788926183291,0.18688653555098922
50498.5,asm,0.04096823077306984,0.005320944827833122,1.065456865985712,0.29063771020314955
50499.5,asm,0.05302847373030574,0.005306420979656367,1.649550880309793,0.37633977783815364
50500.5,asm,0.045616107228043136,0.003351613320498046,1.717737591174924,0.376939583946013
50501.5,asm,0.04236892388959398,0.003260384490889897,1.630101472193271,0.3200228210879527
50502.5,asm,0.04871639470550278,0.0030761173644830112,1.7406654677121616,0.28067604510800837
50503.5,asm,0.04648534980705355,0.0028501314316181593,1.7704579376412324,0.28381106858276056
50504.5,asm,0.05104446653307729,0.0037440190843895803,1.316868262920733,0.2185015902480031
50505.5,asm,0.04279102688157491,0.007952052715619547,1.1102910334026699,0.5503721656583449
50506.5,asm,0.04530442330511457,0.003747266677888768,1.4802594274517278,0.2841347859409836
50507.5,asm,0.019700675600774858,0.009070128335320216,0.7651438931253077,0.8274062493900218
50508.5,asm,0.04400332679460116,0.0042705019098221485,1.2549581393634688,0.28231853475514573
50509.5,asm,0.053065748358866315,0.004354164741267003,1.121471140692424,0.19345779328652735
50510.5,asm,0.054299417742870414,0.004820372748406409,1.267285613451075,0.2801694781288668
50511.5,asm,0.06182275426886861,0.0037804499298846736,1.8609423755066081,0.3220992938201781
50512.5,asm,0.057229610760854886,0.004773027797216754,1.3546792847210272,0.2802925830915887
50513.5,asm,0.052803896389203804,0.005436161123754916,1.5108113087222756,0.36451533075939824
50514.5,asm,0.06578226237305541,0.0038618122542033997,1.7108570896532016,0.248543926708387
50515.5,asm,0.060010052595541395,0.0037436230754975693,1.2219433750758821,0.17931789627088662
50516.5,asm,0.05567422403546555,0.004050118669639931,2.1876831359343383,0.4486259608522652
50517.5,asm,0.05106246259986303,0.004414306739600055,0.9406568580660312,0.20020917108785666
50518.5,asm,0.07110057269886728,0.012391218724485132,1.593299103423359,0.7037596574528414
50519.5,asm,0.08489555713072394,0.010380787912764448,1.4561747997385501,0.5098524458958418
50520.5,asm,0.05853287657069329,0.007175170653145452,1.6046947729886523,0.4698667404907045
50521.5,asm,0.06479475316180403,0.002227566703352858,1.3240665590378067,0.10400038533241858
50522.5,asm,0.06009244835804311,0.0028624487197132244,1.4060983137106595,0.16817914330873726
50523.5,asm,0.05479682728045976,0.019782350921420413,1.6379612249254591,1.632873005714703
50524.5,asm,0.04856389125358295,0.0040000450163732975,1.693806939788174,0.3513220729657362
50525.5,asm,0.05237087323097544,0.005731701938611769,1.0445860646227196,0.2696867301889379
50526.5,asm,0.04554499437542427,0.006530788546982664,2.9036833622964484,1.1572112445643987
50527.5,asm,0.04589599062640334,0.004180390134650668,1.267799401027421,0.26047007457481547
50528.5,asm,0.045908826736810064,0.003379076472463964,0.9995027863355926,0.16746949294056168
50529.5,asm,0.04478404611858939,0.00599801479832803,1.4508329230415824,0.466007757618303
50530.5,asm,0.045435286662656976,0.004917355597453953,2.002686095044935,0.560945361181011
50531.5,asm,0.044226767035143985,0.004840306772488882,0.9362140665070374,0.2354490068509573
50532.5,asm,0.04957797938229526,0.0031420661545262228,1.4248309669965793,0.21638809667818978
50533.5,asm,0.04428329096139354,0.0032961674533099655,1.3418759992056601,0.24421980584052644
50534.5,asm,0.037153225382409207,0.0038605616871596493,1.2506518125727044,0.32675892344498997
50535.5,asm,0.0428110900337989,0.0037326947541128485,0.9790929705952055,0.17687965576898848
50536.5,asm,0.04035402007296398,0.002664969695279369,1.5587935360271072,0.2583686492209207
50537.5,asm,0.049335644014835194,0.003329166597751004,1.3519614976987497,0.22614698783707435
50538.5,asm,0.04136554954804322,0.004415003804915354,1.1575313679460495,0.30501648007666976
50539.5,asm,0.03761254846081916,0.004394507537170925,2.037875218464024,0.7935218487038933
50540.5,asm,0.04282835235733122,0.002654888811801048,1.1583357308425213,0.18362621495417816
50541.5,asm,0.04922691031150252,0.0027185692361194804,1.426208684359872,0.19190249885557706
50542.5,asm,0.048061101593450374,0.003486538425462549,1.2772654722142356,0.2215079880933776
50543.5,asm,0.04588907912309669,0.0037874232993283133,1.789165299764934,0.37948267698109417
50544.5,asm,0.05250954558750941,0.0035491889339822652,1.6761986730902987,0.27835750070299436
50545.5,asm,0.051098155971056186,0.0023246202898084727,1.6267186283337187,0.1904918811932253
50546.5,asm,0.05457995187360462,0.002674518171420444,1.2025840989465284,0.14652874814187036
50547.5,asm,0.057667346341622266,0.0030545055006700825,1.3443129877613516,0.16228991661159164
50548.5,asm,0.06665315444563358,0.0037652390520477278,1.4291045130971876,0.18875577736417495
50549.5,asm,0.05560498306173742,0.005724904775983512,0.9868109207055324,0.23868010886193186
50550.5,asm,0.05796837514044255,0.0045813577304145035,1.6957209938041526,0.4001606166431894
50551.5,asm,0.06523676541414386,0.0037065346752232875,1.2624862998563509,0.17794423223631398
50552.5,asm,0.054618308293053995,0.004211927265826319,1.2933216697020158,0.24400010411755318
50553.5,asm,0.06404060288967389,0.003926892544238569,1.466444208789129,0.2135968832415386
50554.5,asm,0.06115253372922178,0.003247087675679445,1.7343135802187593,0.25958336947863175
50555.5,asm,0.06374808643419282,0.0043073352717421945,1.6662934600847632,0.3059219153680846
50556.5,asm,0.06638866066844043,0.0029697026857153862,1.6285553935264823,0.17799723201658998
50557.5,asm,0.06360650650175088,0.003255486255014355,1.2753684307071438,0.1490387281998223
50558.5,asm,0.07577648197639689,0.014284865129804763,2.4817679833388633,1.9138682046335858
50559.5,asm,0.0632000683262855,0.005279400920413439,2.283332406454835,0.5157124889317638
50560.5,asm,0.05666268766362836,0.005605172611484615,1.5065742638691475,0.37931215935007123
50561.5,asm,0.05599278721726867,0.005886517384964088,1.2183864085805818,0.3144447116202468
50562.5,asm,0.047315909770446356,0.004903860022255793,0.9103966317841332,0.23489044706119627
50563.5,asm,0.054934083969774325,0.006148690957890139,1.000167319986448,0.25928810852459566
50564.5,asm,0.06246489652172495,0.00957846022471841,0.9970945970175755,0.29423409878930035
50565.5,asm,0.0413474289075225,0.004544440233564389,1.4816820526819363,0.37442462982781904
50566.5,asm,0.02458617175709988,0.009210077889828219,0.17339154831758027,0.33325780722431575
50567.5,asm,0.0332957384670661,0.007298485487382084,2.1591526220604975,1.2015736727159827
50568.5,asm,0.03770971537012091,0.0051805539919105624,1.2673635318972754,0.40287819956062904
50569.5,asm,0.0554701682425937,0.005609014199583886,1.9972378976696812,0.6145993408274039
50570.5,asm,0.03425283505332821,0.005048307793312377,1.2433627410002908,0.4284593047536535
50571.5,asm,0.031227714922889636,0.004604610414724095,-8.405568041150914,11.97668403558682
50572.5,asm,0.036560367427386886,0.004377081827346798,1.0600524158092786,0.2548111207856679
50573.5,asm,0.029952023744071,0.0037604699732296186,2.5608104467813213,1.0762102484074632
50574.5,asm,0.026310971990889654,0.008945890424116133,0.5986676350382711,1.2765434517261995
50575.5,asm,0.03851249191054113,0.004231360580611065,2.188653347494129,0.7907264409452265
50578.5,asm,0.02910570112827152,0.010707371981356637,-0.16961710830061766,0.3976956146470248
50579.5,asm,0.02790187788469894,0.006999399228862182,35.06507345525035,301.5684978550214
50580.5,asm,0.03740478276391325,0.008617973575725196,3.16404261419457,2.7689180705447685
50581.5,asm,0.025519633345845706,0.010537981226953512,0.40652816082754817,0.5905008964002175
50583.5,asm,0.02068476804983195,0.005665754826348606,4.57775777296875,6.421375618888537
50585.5,asm,0.035748714594993035,0.010727284360251322,7.682145370499136,15.525615026846427
50588.5,asm,0.16733333587646484,0.0390666675567627,0.7920936907531569,0.32747077297447263
50589.5,asm,0.017154651588727927,0.007781642955047984,1.1109154748662617,0.9756077434758413
50590.5,asm,0.03676863584040314,0.005750684523698463,1.0018303476777006,0.37829503035125217
50591.5,asm,0.025931768593917173,0.0057913312163762965,1.3954728359403372,0.6547713895833849
50592.5,asm,0.050906167628738806,0.00896273424536895,1.6422516728943028,0.8780872436162727
50593.5,asm,0.024826583476196158,0.01031680038988215,-3.1650522701476715,4.954544278593714
50594.5,asm,0.03887294638843903,0.006532589098083185,3.704054447386357,2.6575425261535828
50595.5,asm,0.021554173515699236,0.005193766011701136,1.740405675444909,1.0852418506917805
50596.5,asm,0.03641987685389411,0.004014942790454892,1.5872753067190104,0.48808169515834887
50597.5,asm,0.024980026071113888,0.006043515827223769,0.8128358854788901,0.42660946434556796
50598.5,asm,0.03740728750550088,0.005302979238774837,1.8487165893111277,0.8757783545451072
50599.5,asm,0.0455945617242354,0.020556751507094878,1.0040169546388713,1.4095260812016515
50602.5,asm,0.03099983223146783,0.006537032821878338,0.8259000725356882,0.4767047149069261
50603.5,asm,0.03283951945670398,0.009151150762240788,1.6427246426799467,1.3581643523712186
50604.5,asm,0.027285809607920417,0.0043206666817952885,4.444272224033474,4.945949781248284
50605.5,asm,0.033615811425736275,0.0049028675392818796,0.7457763367985113,0.28158342709454454
50606.5,asm,0.026951383720757994,0.007656137162992803,1.184441894405039,1.0781336965083903
50607.5,asm,0.01879880201173958,0.004594244033402171,0.9225326689915802,0.6471077285274212
50608.5,asm,0.03137676123799076,0.003836614960218625,0.9307726867210449,0.2886870669223642
50609.5,asm,0.03327377957469993,0.006945376326580894,2.019889686100974,1.076124177564159
50610.5,asm,0.025300450475165836,0.004334344006155597,0.7347394199492101,0.3310904824650664
50611.5,asm,0.02283499588282305,0.00545860071244363,0.6640019387060319,0.31193995203189523
50612.5,asm,0.02960091389922484,0.005848657720368623,0.9988251174607266,0.45293844159406155
50613.5,asm,0.026541283868975977,0.005667000558099692,1.3633247794655747,0.8321920643043791
50614.5,asm,0.021807939845612953,0.005056585390042448,1.0817752240569491,0.45366907535586454
50615.5,asm,0.022205367517357445,0.005343447109105695,5.496558474370433,8.845527165726942
50616.5,asm,0.022176205399588575,0.005413050671755603,1.8561770563448559,1.0632786946398478
50617.5,asm,0.024218484903983553,0.007678082030010793,1.042535865020054,0.7016784310202702
50619.5,asm,0.024558643221474254,0.005915679959027922,1.0964933502556158,1.0632232289013457
50620.5,asm,0.0285246662368738,0.006925632352112568,47.92077280772145,622.7149786475009
50624.5,asm,0.01709437166200585,0.005273114567798578,-25.459239701366197,190.14700219130702
50625.5,asm,0.029152622055692596,0.006620637259593947,1.43921707629496,0.9503270273247997
50626.5,asm,0.021203592669024753,0.004980768077460152,3.2922838387094377,3.4875599341266432
50627.5,asm,0.031569844354588435,0.004462105953449133,1.98414023184794,1.0625302193585102
50628.5,asm,0.038807788086272395,0.007558994991643549,0.30357318627890606,0.21903852746363153
50629.5,asm,0.0235880309641475,0.004993201694169594,0.6616928729537338,0.333160868545955
50635.5,asm,0.02027089575107478,0.004737786515639262,1.8060966491661266,1.2228001096423216
50636.5,asm,0.02167836165126718,0.006926593478530359,1.102442097526962,0.7810089540601228
50637.5,asm,0.028920912617377226,0.008437247509009664,2.297282852898704,1.8993733148149807
50638.5,asm,0.02491752883775908,0.011914529733719486,1.558866755852339,3.3528302008435635
50640.5,asm,0.024543239357188804,0.010772692753259929,0.7553258809068103,0.5064625828705615
50641.5,asm,0.04545804417796414,0.010789509112203818,3.5696436566502534,4.810389733195227
50642.5,asm,0.024461076667309616,0.006331220112433462,0.8982701629489076,0.5841595757191832
50643.5,asm,0.0321537689561231,0.00866789347953847,1.3759502304671454,1.1116813291568282
50644.5,asm,0.016496342936672206,0.004142910447278365,-4.9349251937268805,4.715282095409829
50645.5,asm,0.027561771447813452,0.006693006628147401,3.5535102431537133,2.965409142920346
50646.5,asm,0.021553995221537083,0.004584999390544862,1.3040787854530016,1.1358617394913453
50647.5,asm,0.030716072919373928,0.005141243404432851,1.3734912376645345,0.6318434632494567
50649.5,asm,0.015243102488660653,0.004956482320776625,0.8181888020895729,0.6954623062446682
50650.5,asm,0.03125965504686245,0.005803952404230761,1.1668683219064933,0.44491116499487865
50651.5,asm,0.022208073401856133,0.006362657270179378,1.5730371401043417,1.0079989481785772
50652.5,asm,0.04272507800020992,0.0034870603074492077,2.074583628898841,0.4269173743818481
50654.5,asm,0.03611460500859614,0.0036329266329716892,1.7363684609471304,0.4263645104786417
50655.5,asm,0.033229517723823127,0.0055720498454592095,0.9855601087729412,0.4297860021773743
50656.5,asm,0.04679969771573012,0.0028962208877231143,1.3946528165135228,0.22872631305819466
50657.5,asm,0.04508706185861084,0.0059181606289726236,2.6024334085583147,1.1237485377379717
50658.5,asm,0.04288189642769382,0.008126390616365694,0.755230225700202,0.3751350749662412
50659.5,asm,0.03749115609734598,0.0029063917430665774,1.659598852581246,0.3128146632927834
50660.5,asm,0.04427505070285104,0.0038095883751797237,1.6034260234592934,0.37156028346405184
50661.5,asm,0.044861387499334014,0.0028140749770578237,1.3380208035278247,0.21929217317057328
50662.5,asm,0.040376810304497204,0.0033980530741877938,1.5847862875022336,0.3775326644286857
50663.5,asm,0.05326824323537415,0.008017962773896352,1.0777169858933295,0.517539720235795
50664.5,asm,0.04777469994166314,0.003910958193593855,1.8409943406217686,0.6815435206739097
50665.5,asm,0.05506791967133618,0.004425436928169549,2.2583956916488788,0.9204263155777272
50666.5,asm,0.05217042474123132,0.0056114142488694835,2.120938413965629,1.269231317969874
50667.5,asm,0.04050962037597349,0.0058527964014657135,2.5440739455916805,2.008646381196866
50668.5,asm,0.03352900798156815,0.00451157449326458,1.5185810378630424,0.5689223276253659
50669.5,asm,0.026306611857277732,0.00438497753834122,2.1164817081943847,1.6065038375625484
50670.5,asm,0.027989967652125098,0.0043899527951281655,4.801996148013702,4.888087898699101
50671.5,asm,0.03033385088319229,0.005114498816595439,1.4784727251649679,0.7332097980854435
50672.5,asm,0.034699373699045445,0.004286685028263141,0.887180390706295,0.2610966029237291
50674.5,asm,0.03521369869590889,0.0035927259720453077,1.314824802453993,0.2914284780465681
50675.5,asm,0.0304669527463559,0.004416680458976014,1.3760962488079964,0.47514959789646216
50676.5,asm,0.03645252302621624,0.011107973560931236,2.0476707419045552,2.1618406644206063
50677.5,asm,0.05661588648313186,0.014944048415207387,-14.3565260824203,77.00033531055126
50678.5,asm,0.02839615614201282,0.004098418060226325,1.0465485386354416,0.3781146414100211
50679.5,asm,0.03390936496363352,0.005566416512567053,4.78927041362741,4.194359575515924
50680.5,asm,0.02697340762880651,0.003731698084487897,2.4393726600313834,1.3649689625165333
50681.5,asm,0.037005150982412596,0.004332253348404182,1.1447751925110883,0.30978306826515506
50682.5,asm,0.04303103254708155,0.0031735225651521454,1.1507561265422708,0.2151123442264919
50683.5,asm,0.04527917279247824,0.0027668407835636623,2.0963831854525545,0.3370716860066188
50684.5,asm,0.031481450698625124,0.004010469881408937,0.8196623426945169,0.2757343447382576
50685.5,asm,0.038159445523888495,0.0035483999287384852,1.4275890233102095,0.3273327584325861
50686.5,asm,0.045502713543848175,0.0034576284863703714,1.6948530875594627,0.30933241642519205
50687.5,asm,0.04476643341894254,0.002915081562730973,1.234802970759918,0.1857114875465445
50689.5,asm,0.05133226062855913,0.004004066530945192,1.115544093684495,0.20173206860263732
50690.5,asm,0.044977191178700686,0.0054954798175621015,1.6807186068070539,0.5955830984751278
50691.5,asm,0.0447678617879786,0.008408830701785499,1.4369200925142362,0.7156853831574556
50693.5,asm,0.04331211498474309,0.006720303909764715,1.8120471152650632,0.723831227785014
50694.5,asm,0.0323953917150655,0.005997848968984973,0.9745656090090729,0.4705399166367622
50695.5,asm,0.03828552354988513,0.00431650683998146,1.1349369468340798,0.281506268896012
50696.5,asm,0.04203783673368908,0.0026873360671345894,1.161789732543197,0.1744883731521563
50697.5,asm,0.04097081610914017,0.0034139273546208424,1.496111201953994,0.3219738854240282
50698.5,asm,0.044537994886617985,0.0032404577650098484,1.869791925904805,0.3975208781258345
50699.5,asm,0.03402626614465047,0.004220439819710715,0.76727919513506,0.22097044847363226
50700.5,asm,0.03657362918441873,0.0038473274483198255,6.189662507236731,3.7786875345198476
50701.5,asm,0.03307853565189866,0.0030768755305343896,1.1628095121132698,0.31299782945362
50702.5,asm,0.03037470927706746,0.0029451053019122976,1.7911274881729973,0.4127927258004074
50703.5,asm,0.04400791772534175,0.0058398073539117235,1.305291634190944,0.3932749488103466
50704.5,asm,0.03750744662702746,0.002458307074321564,1.5841587622384892,0.2704531450658568
50705.5,asm,0.034464746138551314,0.0033031027112551212,1.1747189044266428,0.24928986898140465
50706.5,asm,0.03338997437309314,0.003906603249572666,1.5013861734143017,0.40069156809061135
50707.5,asm,0.03832681358201288,0.0038814055250728985,1.7422493064370792,0.4446389552662448
50708.5,asm,0.04213845849078746,0.0044758347037836725,1.8290611049567422,0.492093333996571
50709.5,asm,0.0520775696271684,0.0043807141192945135,1.6219057969651898,0.37254512305094906
50710.5,asm,0.040911918108441775,0.004105110054363201,0.8441092223379878,0.2166844063250058
50711.5,asm,0.05580768163826878,0.005714457178401225,1.6073131084633163,0.3720274489394189
50712.5,asm,0.053622898200366344,0.0023386178723362096,1.2181512647866721,0.12150539193518972
50713.5,asm,0.05432695882807378,0.005165410226044571,1.9524646756354682,0.4989904118663117
50714.5,asm,0.05035460286589844,0.0055933530257604005,1.1784776498977259,0.3286753838258823
50715.5,asm,0.0660431063157068,0.005719848803453173,1.255555114423239,0.24385017071297518
50716.5,asm,0.05994837909401748,0.004343778841274668,1.3206533839083077,0.21857524365630548
50717.5,asm,0.06615303981788981,0.0027226024563542393,1.0621398327557614,0.10136126330500039
50718.5,asm,0.05293102003948601,0.004468624593427389,1.5029249642593634,0.31082874672753386
50719.5,asm,0.07012006224252683,0.003677707481239109,1.3764498086156567,0.19180037335343872
50720.5,asm,0.06574972662363926,0.004802028951868439,1.3966618815958942,0.26571305276096263
50721.5,asm,0.06939267043266745,0.007213945552521637,0.9504344154782164,0.25540136697088406
50722.5,asm,0.07581926561717049,0.005919171641152366,1.6446752715785218,0.304461912032614
50723.5,asm,0.08879479869171202,0.008452719588999468,1.6873057269412837,0.5051422245078834
50724.5,asm,0.08507086036768635,0.006009673570037321,0.8122142940921772,0.14654249951507883
50726.5,asm,0.0841339210973819,0.012829691255585453,1.4394033741645924,0.6761390921904133
50727.5,asm,0.08655842109261959,0.009373984367470096,1.174638762404488,0.3255477637870357
50728.5,asm,0.08109201468614036,0.003225912901403615,1.2893920168194442,0.12271926408651516
50730.5,asm,0.08226409688337023,0.005027143107664301,1.224752739760416,0.18150775276247996
50731.5,asm,0.07115212196695922,0.0043817265709635836,1.0295699874507753,0.15836718416879933
50732.5,asm,0.08363158378539677,0.003760602513055539,1.1369856546705643,0.1173687682849838
50733.5,asm,0.07580048618395631,0.0037453940867425792,1.2166914222583813,0.14765595792345682
50734.5,asm,0.07675371077005713,0.006357179716442261,0.8804117432238509,0.17290006731149551
50735.5,asm,0.06172354749852161,0.004109347864832354,1.2731849698338202,0.2108022288595534
50736.5,asm,0.0679182949100682,0.0035853598887729877,1.041690255351347,0.13388447127960604
50737.5,asm,0.0700756242712734,0.00410603653643396,0.8225052060395607,0.1135723080253139
50738.5,asm,0.07163664930277709,0.007346639962903837,1.669210558897195,0.5654380448221076
50739.5,asm,0.055074818812094035,0.0057378564438952135,0.938151008193077,0.2051747003481648
50742.5,asm,0.04207432423590601,0.004469749115601058,0.993359903444818,0.295468331209296
50743.5,asm,0.044216057466504394,0.00420903309651906,1.6551175907483977,0.4892024062128602
50744.5,asm,0.03666324423564936,0.006373339361091092,1.1319465827524624,0.5634855667518687
50745.5,asm,0.04686267275868722,0.003816363570887218,1.1364858296359692,0.20978514695101266
50746.5,asm,0.031724138435864586,0.003962872670915408,0.8290798450864655,0.2443064354973785
50747.5,asm,0.04747825352216075,0.007505316517681566,0.8979186936385171,0.3395172577399641
50748.5,asm,0.02993452239136156,0.013417369109925102,0.6166196333456725,0.7287796129138108
50749.5,asm,0.029286488963340438,0.008176155928187347,1.832666197486686,1.2942512236410397
50750.5,asm,0.042768987689676706,0.020269737528981528,-3.746040430761514,8.723338522742738
50752.5,asm,0.028984938420608508,0.003711882856448015,3.1404875862719197,1.5598400184090777
50753.5,asm,0.03218494361692139,0.0035760854211529095,0.8342358633749657,0.22319245864817996
50760.5,asm,0.021786403177739114,0.007450404162750065,6.058317211029323,17.544226699963836
50761.5,asm,0.030751647297850522,0.008063452073359305,0.7996909572321587,0.47352618188033624
50762.5,asm,0.03633122610689466,0.00744110645676479,1.4089749241003167,0.8032275310602236
50771.5,asm,0.04666666666666667,0.017333332697550455,0.8072289520016712,0.6069333685801941
50776.5,asm,0.06587458260169295,0.016173264254526178,0.9951324635708773,0.6699347276236616
50777.5,asm,0.11000968685131887,0.019259534060973037,0.6189079741124702,0.23097808533273026
50785.5,asm,0.07946666717529297,0.02493333339691162,2.2758622248873035,2.9053593013937484
50789.5,asm,0.15333333333333332,0.03106666564941406,1.2093022275834981,0.5644841818015787
50795.5,asm,0.09178577117478438,0.016600364032893507,0.6120212886725149,0.2709655658393343
50799.5,asm,0.06727871471059402,0.012710900179870352,1.0062002267759849,0.5051187379930193
50800.5,asm,0.08912952763615538,0.02052243009491309,2.095520009535575,1.5881907521998382
50801.5,asm,0.07964906097749737,0.009279320356753338,1.8915500037139945,0.7789083617315061
50802.5,asm,0.038977634372636294,0.012984380592452221,1.1637021463145616,0.806699257987053
50805.5,asm,0.10854361189554984,0.01893287830458561,1.5669149404246943,0.8795903735114947
50807.5,asm,0.0579882002873068,0.01427142424239281,-1.7681754266918726,0.9999555279831592
50809.5,asm,0.10870792354687292,0.007978909906760041,1.2989740218814934,0.2674511442237809
50811.5,asm,0.1029615506101076,0.006132464817011842,1.2968732884081497,0.22113223886146255
50812.5,asm,0.10735510996657836,0.01104168997490325,0.6411608769079328,0.1815226053837839
50813.5,asm,0.09392452051503995,0.014685355023888062,0.8970759488964113,0.4108372676356596
50814.5,asm,0.16232846266577894,0.017221868421219307,0.5259729460150419,0.1491045756265218
50816.5,asm,0.18161111712844627,0.01225507160825613,0.31045037942853726,0.07043896863270975
50817.5,asm,0.2138793250344299,0.0068795350159432545,0.28135932801870994,0.03216707471283612
50818.5,asm,0.2213270275849279,0.005070082483241809,0.2362073474263369,0.021234455491896318
50819.5,asm,0.20808084030626978,0.008281999534677415,0.24715901431260554,0.036828456782661785
50820.5,asm,0.18283788615160995,0.008189176251723931,0.1722945386071807,0.03724301570207596
50821.5,asm,0.23758156132817465,0.014434948418356228,0.27212556338495003,0.05868931574727376
50824.5,asm,0.20683194809833266,0.012839213077138228,0.1405473161452106,0.04515885886434384
50828.5,asm,0.1290848867374056,0.024048806432702987,0.21570041361699988,0.1688425852313507
50829.5,asm,0.18338314876632428,0.015669154139619976,0.2568189995239747,0.07566788008211695
50831.5,asm,0.16129157391208354,0.009831818574726632,0.1577973241255302,0.04786404397539324
50837.5,asm,0.07453333536783854,0.03346666653951009,-0.2356792186176577,0.21695710431404602
50838.5,asm,0.19633281230121694,0.008967762585458663,0.09293633781912644,0.030850945250242588
50840.5,asm,0.20486769082806341,0.008787458703116023,0.14127909374449169,0.033095885131002395
50841.5,asm,0.2118447922242689,0.009559490584534444,0.1450100117445579,0.03292884868758108
50844.5,asm,0.21529277514589248,0.010392350966538953,0.13849723317095813,0.03549571906682913
50846.5,asm,0.23288601537192644,0.008178867965739618,0.15053029370460672,0.027016451418210737
50847.5,asm,0.23158601035100082,0.008411411463706862,0.08806973399042775,0.027546843078034667
50848.5,asm,0.20715964277927623,0.015236967477982786,0.11544621476546067,0.05444376946085993
50849.5,asm,0.26060927385457283,0.005354994666060668,0.15517508062460392,0.0169685368506345
50850.5,asm,0.2518411249805506,0.003537706315268297,0.14687691077123494,0.011413484713652422
50851.5,asm,0.26545273898577026,0.003782443880163461,0.16060900492752106,0.01167215443120405
50852.5,asm,0.26406615778503645,0.005838346503855541,0.14018271098529703,0.01737620871729412
50853.5,asm,0.26347332471667007,0.004125177320344244,0.12060400088416867,0.011911804593583559
50854.5,asm,0.2766201787210645,0.00458286915951931,0.1581747869399893,0.013214823642034189
50855.5,asm,0.28136262441681786,0.0035469649050887055,0.15292478515068922,0.010349251762125563
50856.5,asm,0.2796555877249209,0.004251888928399013,0.14131253876567723,0.012134746534677415
50857.5,asm,0.2935641143920491,0.004513034911718516,0.16052954391374427,0.012794338754119308
50858.5,asm,0.2946773523950019,0.004528172400834552,0.1589495530917976,0.012401758353897634
50859.5,asm,0.2989285636650712,0.004036572961697671,0.15339178575168208,0.010962441165450343
50860.5,asm,0.3009413201132342,0.004691998739913812,0.14694724381634588,0.012906394142141635
50861.5,asm,0.3157539220133143,0.005953517998762877,0.19734003288302948,0.01632204482911757
50862.5,asm,0.3168067379366522,0.004341075442914768,0.18108975539783836,0.011711706831158976
50863.5,asm,0.29858541638639674,0.005788414652380523,0.1349140523660543,0.015642266918572525
50864.5,asm,0.3167292560051946,0.006734437876942279,0.1610817081878743,0.018172277391133813
50865.5,asm,0.31215920363006316,0.006607383510161806,0.1446691099305036,0.01738852556934282
50867.5,asm,0.309620687037964,0.012222476450667423,0.20503419442998597,0.03492707238289635
50868.5,asm,0.30272933779540767,0.007162522756616131,0.12006626427835042,0.017611306142741145
50869.5,asm,0.3286493365715874,0.005113403416390505,0.1717653236045942,0.012795830356483046
50870.5,asm,0.31085955391894693,0.005152641462578537,0.16001082613726386,0.013339067740706064
50871.5,asm,0.3141193295828875,0.00981113754525147,0.16848523982290592,0.02476330745984717
50872.5,asm,0.26813334147135415,0.01853333314259847,0.04311454429433654,0.048328540385746174
50873.5,asm,0.30445802706171593,0.010800284310340382,0.151168363496453,0.02706124313701692
50874.5,asm,0.3192611664805412,0.0071913572798917615,0.15205334706387957,0.017902311314929673
50882.5,asm,0.2759252361880844,0.011815471020928732,0.13951301085309825,0.032738036945286285
50884.5,asm,0.2563999938964844,0.027199999491373698,-0.023333333432674408,0.08339284708287244
50888.5,asm,0.2880433594565809,0.013892522270598494,0.19701720229371733,0.03935213203086411
50889.5,asm,0.2734790965293987,0.005336648186401187,0.13589194363160068,0.01489676598398178
50890.5,asm,0.28640047171100574,0.005935053928058708,0.14379574983942905,0.015521675661667097
50891.5,asm,0.28661283551548955,0.0060465608901081325,0.15703547362698017,0.016827933927523846
50892.5,asm,0.2925502574306252,0.007683909773552868,0.18005883353636906,0.020743495209761587
50893.5,asm,0.28944105616483085,0.005881726447058556,0.14605523494394362,0.016110664188856292
50894.5,asm,0.3064739825581347,0.012719398903258322,0.1535313726920658,0.029063656535806878
50895.5,asm,0.27687869682096194,0.004878445557629769,0.16266148116542445,0.013854334356025951
50896.5,asm,0.28094305452189317,0.004739387902393257,0.1599367404086016,0.013626014237119389
50897.5,asm,0.2815671267830834,0.0032295048413345487,0.16633669702683881,0.00916685155546752
50898.5,asm,0.27867282955967215,0.004501341758372218,0.1566329599626338,0.012826766530479912
50899.5,asm,0.27537781172549414,0.003532608317289923,0.15343629104819798,0.010192941323577835
50900.5,asm,0.2643136568445889,0.003753855253760658,0.11268443057052398,0.010887808633599045
50901.5,asm,0.27156257698028136,0.0036284123484663588,0.16532275595542192,0.010713979847038282
50902.5,asm,0.2710568852405935,0.0037202162349030806,0.1369561654868312,0.010925349796045133
50903.5,asm,0.2690180515093996,0.0032677353402264077,0.13953071715341026,0.009361305078412933
50904.5,asm,0.2749453146061269,0.003958679269821079,0.17781933209194872,0.011682984844167986
50905.5,asm,0.26872885502160904,0.0036168409839962353,0.14995445978518693,0.010335933936024506
50906.5,asm,0.27843993000458345,0.003632555145097903,0.15925176206808922,0.010286686783632606
50907.5,asm,0.2752906769964772,0.0034109746611894892,0.16675131735296106,0.009989415004648528
50908.5,asm,0.26949827981047403,0.0034306449278538728,0.16704838501837316,0.010064343408796339
50909.5,asm,0.27185878355788123,0.004218549258052317,0.13597587908503675,0.011861758267687277
50910.5,asm,0.27663722915815786,0.003539834712702133,0.13641295751680718,0.0097905615159935
50911.5,asm,0.2693371346200662,0.004273769126130816,0.1506315105232698,0.012539202182777829
50912.5,asm,0.27568606702531967,0.004456434157915341,0.15085363831622003,0.012892946220583483
50913.5,asm,0.27249518261496114,0.0036639344656044875,0.1451354365582304,0.01066908052468765
50914.5,asm,0.2729174754380106,0.0051015260678347685,0.13654547944746237,0.014830777050974984
50915.5,asm,0.2530782931303254,0.007483085919448748,0.1691782249564097,0.022799070697557936
50916.5,asm,0.2789906506030087,0.008587561178962498,0.1817782197972472,0.02486098491381038
50917.5,asm,0.22613331274969822,0.012889784810960942,0.14158123161052147,0.0397043075317386
50918.5,asm,0.26666309281175143,0.008831475508541166,0.21072958595667782,0.028413630346539927
50919.5,asm,0.2715527924717625,0.00562835381491765,0.1741060316710955,0.016563593964881995
50920.5,asm,0.2945333353678386,0.014933333396911622,0.1742738571423578,0.03786929066443685
50921.5,asm,0.30306486605437255,0.010564929565553275,0.2213804321358862,0.030594485948326797
50922.5,asm,0.2699998079064119,0.0037837091098967585,0.1768674926568144,0.011641720651180963
50923.5,asm,0.27002299904130367,0.005176985210184296,0.1340094617431212,0.015141516977777476
50924.5,asm,0.2627176729178608,0.0046076668684664175,0.14661153006241362,0.014741392058623197
50925.5,asm,0.2461738210247869,0.010950773399667185,0.19277442856987975,0.038051784863758646
50926.5,asm,0.24791679806868003,0.01047756967045107,0.21127536786840873,0.03796898309425585
50927.5,asm,0.22932223630941684,0.007420558115300679,0.22673436894393303,0.03026908309792459
50928.5,asm,0.24188475077909813,0.006541550622043171,0.21722647673656478,0.025196093953114677
50929.5,asm,0.25356446587781795,0.00695315380360234,0.24243150371482183,0.026602750852602317
50930.5,asm,0.27023543120132754,0.0035099038986215257,0.21021412318886445,0.01132997401511639
50931.5,asm,0.2656805517595285,0.0049106182756077,0.22977130695434458,0.016383144989918465
50932.5,asm,0.2641282757577795,0.006184928946422145,0.2654489739785047,0.02238398264977832
50933.5,asm,0.25115235501223476,0.004492281085859012,0.19632541387833838,0.01598189913566623
50934.5,asm,0.26629323338953026,0.008531966897475271,0.18143552272647567,0.026996223750295343
50935.5,asm,0.258290704521322,0.020543243870645364,0.10105461457854116,0.06185795132311664
50936.5,asm,0.24908299942939466,0.007129704559965491,0.12787750783814708,0.02201522013249059
50937.5,asm,0.2522848752703375,0.01694970613305672,0.20085238380803805,0.05104052013513659
50939.5,asm,0.2634696008431488,0.018281430912405174,0.14655092862362826,0.05242785243815758
50940.5,asm,0.2480298172752094,0.008167623679632207,0.15847654483486273,0.026323327255957884
50941.5,asm,0.23451272185735073,0.008572650105083441,0.1450594807654063,0.028165939182105748
50942.5,asm,0.24806397413287076,0.005386854504930118,0.19273748187867687,0.01749808272425373
50943.5,asm,0.2557172333555918,0.005767236841500714,0.24098145247332786,0.020389055912066148
50944.5,asm,0.24474490941129906,0.0077432704643790136,0.20836012851335578,0.02741640774092899
50945.5,asm,0.22989300912378502,0.007182144628594355,0.15291059529597206,0.020578312472403194
50946.5,asm,0.22708498741178507,0.004854969067131365,0.1491511640263752,0.014045118241303242
50947.5,asm,0.23435263239866114,0.0044772565104888445,0.16566211926054794,0.01356042260886427
50948.5,asm,0.2354035448340133,0.004924678157229472,0.14188297014504372,0.014665634494491549
50949.5,asm,0.22403895836380674,0.00594425684722093,0.14806558700342654,0.02008361666162474
50950.5,asm,0.2635727551694249,0.004336802318189936,0.15146141015820808,0.012720619677892918
50951.5,asm,0.23464492779467486,0.008062385957533185,0.17604617222730637,0.02495833024805082
50952.5,asm,0.26132141160385847,0.0067246188321032786,0.17324323928419616,0.020911191740121435
50953.5,asm,0.2541340351068462,0.005835300965278701,0.16039351658285822,0.01740396066339897
50954.5,asm,0.26844138805229545,0.0046192733372828,0.156003602581912,0.013451609422345787
50955.5,asm,0.2605172514022586,0.006275142246415331,0.1940423251419541,0.019389236047916404
50956.5,asm,0.266024069452942,0.007101507858236336,0.19263456005537322,0.02211830350256194
50957.5,asm,0.2662998003236198,0.00399306952904348,0.16363229532569534,0.011521021923090152
50958.5,asm,0.2738570826677381,0.006575279862159414,0.183611430050261,0.019382175847824586
50959.5,asm,0.2735146986633579,0.006155620972297602,0.19597254932106875,0.01804476239655801
50960.5,asm,0.28241415007680576,0.0074935259734706305,0.21089764418168336,0.023030306361374278
50961.5,asm,0.2686436037518965,0.004033085645249067,0.15770050290722273,0.01187275879420992
50962.5,asm,0.25552911866897704,0.009203575607713458,0.1389945878753,0.027299166733580633
50963.5,asm,0.23467948357834145,0.005437901461079935,0.13281119787237106,0.01748364800952206
50964.5,asm,0.2722649912391173,0.006902432315690595,0.1964043580278927,0.020327690634816875
50965.5,asm,0.2696093651476625,0.003744247426539647,0.16327748175529183,0.010985505283930773
50966.5,asm,0.25030943737144945,0.008003152907123341,0.14451348844381595,0.025063993459060827
50967.5,asm,0.2601415953215106,0.0069672232506421275,0.21783382866260362,0.023260713573880477
50968.5,asm,0.23275280588297573,0.006427048714725708,0.19366104455973135,0.022841063562228835
50969.5,asm,0.27909186690399357,0.004792680063135062,0.17048297463041023,0.014647412524932976
50970.5,asm,0.27240000406901044,0.05119999885559082,0.07809260361981019,0.12762770378888316
50971.5,asm,0.27674978436498954,0.00762650322340682,0.17897759745518327,0.022420876654284546
50972.5,asm,0.2637268064551067,0.007527967497234251,0.19255820783458427,0.024189848854379914
50973.5,asm,0.24878776934609423,0.004998536267769811,0.15746872951549634,0.01443195304844789
50975.5,asm,0.27568916847942204,0.006133443874576736,0.21660702913660596,0.018758846753979274
50977.5,asm,0.2781390524364137,0.004808090934862044,0.17294043036168996,0.01387799179108697
50978.5,asm,0.27259435454663594,0.003314802580823609,0.16295553127933915,0.009771758185326508
50979.5,asm,0.28027770434071403,0.0024209382915444714,0.2256223253355528,0.007980997596252532
50980.5,asm,0.2795743844232593,0.0036702342944938795,0.18234939862210536,0.01115583793830876
50981.5,asm,0.2825029876353693,0.002997311542320718,0.16418985452051912,0.00867830314653839
50982.5,asm,0.2812994143806916,0.0034023618942779373,0.16495219608633474,0.009762263425446692
50983.5,asm,0.27596209219073375,0.0028339629029914774,0.1438644241087632,0.0080511849701208
50984.5,asm,0.27376890112562097,0.0027424418543649867,0.15689043101247227,0.008010566698621907
50985.5,asm,0.28291293343822893,0.003131108024288239,0.19750132289143996,0.009452216326866937
50986.5,asm,0.27449090045359387,0.003439177551653023,0.23132788630961137,0.011472528050328947
50987.5,asm,0.2743444968117661,0.0055424398019018415,0.1722270626315742,0.017408164462968362
50988.5,asm,0.28141828659198587,0.004763026304317757,0.1925458607402046,0.014645815527163155
50989.5,asm,0.28373979138426414,0.0051805552453926184,0.1910384598982445,0.016436323884824973
50990.5,asm,0.28384466362821936,0.0070022141453291685,0.19026798352761431,0.02156702558293152
50991.5,asm,0.27271907516773364,0.004182996455336737,0.18832924470100457,0.013033794567581676
50992.5,asm,0.27393926916166417,0.008802289629979579,0.15116909959212257,0.023776295271463032
50993.5,asm,0.2909958547382179,0.008352854938119077,0.19803029867470928,0.023959684765186697
50994.5,asm,0.28015399669268354,0.006693989283046933,0.16439007957053678,0.018967104785196944
50995.5,asm,0.2628285992098382,0.00576171232925968,0.15548950972904585,0.01633395270249014
50996.5,asm,0.2806379407578472,0.003941176478704106,0.16802093012908886,0.011311435301566749
50997.5,asm,0.28028556264788046,0.008006157865518133,0.2602658779054073,0.02832976600060521
50998.5,asm,0.28415086806851597,0.008046400441110246,0.17166742895852993,0.022018707780036183
50999.5,asm,0.2957027671099816,0.006244720522443078,0.1874220358804835,0.016224410572715245
51000.5,asm,0.36853332519531257,0.04759999910990398,0.4324759080317549,0.16857283707565654
51001.5,asm,0.26110308650326514,0.006676985768642214,0.1550842559546204,0.020959922237816123
51002.5,asm,0.2786769405453665,0.00493602665262356,0.17846816869461501,0.014929202628178104
51003.5,asm,0.27817275816275966,0.008404343556063322,0.17711310175117018,0.02586488767358216
51004.5,asm,0.27010182533826455,0.008361899259163915,0.14211655726868622,0.024122483781941303
51005.5,asm,0.2792979990587869,0.008883153160967756,0.12308336089110324,0.02383120659691945
51006.5,asm,0.26884294592297875,0.007971517842282201,0.1291858110696953,0.023290144851794974
51007.5,asm,0.2732854803677724,0.0052792746484146245,0.1784751481159979,0.015373818454145574
51008.5,asm,0.27881558786234906,0.005713603984873193,0.15330445585572006,0.015929771622441406
51009.5,asm,0.28880430997099465,0.005710439086554855,0.1769239598468855,0.015641053174896134
51010.5,asm,0.26081518840520757,0.004918138303048419,0.18765541315045234,0.014242777397295398
51011.5,asm,0.277649422201686,0.0040101837167621866,0.15714420771513243,0.011138435803024425
51012.5,asm,0.28168679921256595,0.00466446687300417,0.19889331593459564,0.012914924970125365
51013.5,asm,0.27304206297978534,0.007109942688053311,0.2533858314742619,0.02302056341779521
51014.5,asm,0.2848806915793434,0.005672753395529304,0.2390237183090113,0.017438182360208408
51015.5,asm,0.28544731821058356,0.008464475065170477,0.3218122557488619,0.0305830124980611
51016.5,asm,0.2818376145182263,0.007346866679063802,0.17730698212426158,0.02082235184521897
51017.5,asm,0.2741210048110156,0.006488125179058676,0.19583760486826926,0.01880924550890583
51018.5,asm,0.2824688689147545,0.003823536658073374,0.19457481060854415,0.010969173118048686
51019.5,asm,0.28625380065809136,0.005286963078417293,0.18385884650434592,0.013996559280960524
51020.5,asm,0.2730378758987525,0.006199757105295082,0.15587709823724058,0.01649596187556694
51021.5,asm,0.27767223943616387,0.0066595362737451765,0.16116577792961323,0.018847220977222166
51022.5,asm,0.28692834860462846,0.004279738363088849,0.20565141482567936,0.012854053171178277
51023.5,asm,0.2622885570929016,0.004790064365495467,0.1769477024616754,0.014278813393081255
51024.5,asm,0.2736812107762505,0.0051673899231525055,0.16991382736932878,0.014216144133555226
51025.5,asm,0.27455597864121334,0.004013875082309569,0.14339842340076245,0.011076624100495482
51026.5,asm,0.27595958941572785,0.004273869020363721,0.16572001062071057,0.012389740745795762
51027.5,asm,0.2647605391462905,0.0052990488736282685,0.13907344835485452,0.015436535495589673
51028.5,asm,0.26171255917232916,0.007802897461517671,0.12685932598367292,0.022424047031734683
51029.5,asm,0.2591313213552608,0.0039202078932247435,0.19743304634954528,0.011783214045385517
51030.5,asm,0.24871696582567865,0.005787167499272929,0.20579175387628054,0.01737905648585257
51033.5,asm,0.29275419732646263,0.017305073964967235,0.2612824801550196,0.052370508275692625
51034.5,asm,0.26013002884332326,0.006876742881550446,0.17864858952209967,0.019273296711268203
51035.5,asm,0.25947585032955345,0.005680363904535046,0.17482520875039928,0.01676324553867441
51036.5,asm,0.25560805959649074,0.005610546403218625,0.17154662378119123,0.016632624068501994
51037.5,asm,0.24894037872208077,0.008521468161776041,0.20960814101007885,0.028238732614241577
51038.5,asm,0.25533628354538945,0.014063890060702952,0.2920429491938223,0.05073235976658411
51039.5,asm,0.2543005716500806,0.007022375842804463,0.166879024174333,0.02043851443504105
51040.5,asm,0.2556521222697723,0.00756531408973476,0.18036414953703414,0.021100143532636943
51041.5,asm,0.24696625852256454,0.007238096977109372,0.19630745068834854,0.026064609564673515
51042.5,asm,0.24734187960699155,0.013465862310126324,0.2572567442485709,0.045040130538752256
51044.5,asm,0.25675143969085357,0.01302790592818886,0.12628429966928872,0.03747786552976257
51045.5,asm,0.27908966406940966,0.009621376086375632,0.15253054112116024,0.026069296604343012
51046.5,asm,0.24953653283950009,0.009251638287982695,0.1531612638660162,0.026347826801636883
51047.5,asm,0.26027649928892643,0.009194589743696783,0.15191192782107707,0.025731598204019282
51049.5,asm,0.2621837412859947,0.007879040503967477,0.21166429939703235,0.024926565243528712
51050.5,asm,0.2567147284250803,0.004865937785738484,0.16962970257141455,0.014583395457196729
51051.5,asm,0.25498711989299405,0.005100134578731932,0.20219974529839604,0.016450238233451746
51052.5,asm,0.27046916444720104,0.010077303441824819,0.22788410589391175,0.03226926189915946
51053.5,asm,0.26100648846929414,0.00431857727973126,0.23550850468071466,0.014301539357759352
51054.5,asm,0.2595468196561821,0.004108657562519529,0.22937556344662602,0.013667240382375328
51055.5,asm,0.28184708047282464,0.0058037497830517315,0.264406569411061,0.018765716216704885
51056.5,asm,0.2603668463903194,0.004233180923291835,0.2026415401185313,0.013599567034875118
51057.5,asm,0.2598078989631591,0.0042145377971688595,0.20272945878536414,0.013869266166100135
51058.5,asm,0.252552356689121,0.0035121099208329167,0.16273116278745622,0.010728704553530852
51059.5,asm,0.2582842316708343,0.004235046027872737,0.1885155580802775,0.013339369904790638
51061.5,asm,0.23761946273659917,0.004908129773595497,0.11350594783144659,0.015656286429831672
51062.5,asm,0.24640757978323014,0.004835705723692238,0.1953486273049137,0.015556534680934661
51063.5,asm,0.24947573773555792,0.003997412636656046,0.20235181170116176,0.013476440721443252
51064.5,asm,0.2507792400530651,0.003506421805303665,0.16766755665408287,0.010926711582339948
51065.5,asm,0.2430182621178248,0.0037051909379799365,0.18827529628251127,0.012155702195652311
51066.5,asm,0.25178536805117335,0.003264430126016293,0.22032659063707855,0.011238764849495951
51067.5,asm,0.23155999072050198,0.004216930170698322,0.1986618958242317,0.015212847011687987
51068.5,asm,0.24212226821444968,0.004033329770621172,0.2278431742221557,0.014363313100303532
51069.5,asm,0.2351304585202232,0.003806765899442856,0.17623379768151803,0.013256199492108657
51070.5,asm,0.23552025619751707,0.003823052471116665,0.18965546261559965,0.01325894899151587
51071.5,asm,0.24327899515407003,0.0036962930218275977,0.1676991733403265,0.011626220990871749
51072.5,asm,0.2404751279677826,0.0041323523092757245,0.16989568804178767,0.013864624973418222
51073.5,asm,0.23980518673581833,0.004492473440785341,0.15258987208804456,0.01499485988425699
51074.5,asm,0.23665051215838048,0.0036204811483385234,0.1780162073058514,0.012100099070946632
51075.5,asm,0.2404829752409957,0.005582315506807284,0.17286914931752906,0.01811014890558541
51076.5,asm,0.23898591907661937,0.004800067881434264,0.1586979701722029,0.01607981082190863
51077.5,asm,0.24002476599761882,0.0037617543622915374,0.16018200399817928,0.012273773311086547
51078.5,asm,0.24352052766508686,0.0044888951230211945,0.1630680249772139,0.014404677325380895
51079.5,asm,0.23595988617670252,0.00560935921946721,0.15651461732735417,0.018159786429206418
51080.5,asm,0.26135202435618454,0.010672713743290412,0.1684306898107391,0.03021081639870763
51081.5,asm,0.26873440871739085,0.010016006093990767,0.14181517612794076,0.02873873017552229
51085.5,asm,0.25040000915527344,0.02493333339691162,0.14703831630697972,0.06522659829569874
51086.5,asm,0.24352356810728684,0.01239993911073586,0.1683796834900959,0.03978446006768955
51093.5,asm,0.2273598088580411,0.009456496105452425,0.11447463258804327,0.031868185155309814
51094.5,asm,0.23961865567208193,0.007923456841299675,0.17581125740702044,0.025120314853991292
51095.5,asm,0.13453333536783854,0.027466665903727212,-0.010395010673568678,0.11227587791631818
51098.5,asm,0.2192673593309644,0.006962932753869186,0.15830024403426338,0.025039054649965448
51099.5,asm,0.23870934363719115,0.007922126236024674,0.1618074319926407,0.024929399711097706
51100.5,asm,0.2321885173152308,0.008949950570467644,0.1766626732558407,0.031215005127582695
51101.5,asm,0.23086343056033187,0.005189397146924461,0.20216315359900502,0.018261742253107113
51102.5,asm,0.20406020102229852,0.017435880860388987,0.23467541216671456,0.06641151476230112
51106.5,asm,0.22769272531786985,0.010412584746992335,0.22142168738955947,0.03662549612205427
51107.5,asm,0.21394422103131253,0.003821873077186475,0.16034529301150838,0.013462743679896408
51108.5,asm,0.21555891214848813,0.004621753457334314,0.1636351358454597,0.016402236816060893
51109.5,asm,0.20237273264383265,0.004704631256257712,0.1468073661412688,0.017053534521219833
51110.5,asm,0.22128275298041308,0.006013031991712338,0.16699663327261896,0.01995334667558892
51111.5,asm,0.1995436454842201,0.004254413363243934,0.1369799420272358,0.014855649892658423
51112.5,asm,0.15883541148058927,0.006498447798168456,0.022383615751206107,0.025374536752184703
51113.5,asm,0.1860543113316429,0.006435692213703307,0.11222668874840477,0.023020230298229073
51114.5,asm,0.20754640982052025,0.007953444632197328,0.16848150159484465,0.029990014666725597
51115.5,asm,0.17895532879665327,0.007039768235866955,0.1495556975094198,0.03063739786233248
51116.5,asm,0.20710657200729443,0.005755265698895789,0.14319438121339712,0.02059426514413779
51117.5,asm,0.20142256860972366,0.004904051409058785,0.16266349477267852,0.01877941046614318
51118.5,asm,0.19178756029589172,0.006664176748258712,0.15470405523099878,0.02713160748185301
51119.5,asm,0.19576402139643836,0.0049488862326049435,0.1042024198485826,0.018648864470090943
51120.5,asm,0.18759999593098958,0.02293333371480306,-0.032201915764909064,0.07932300119065196
51121.5,asm,0.19319999694824222,0.017333332697550455,0.16406249854480845,0.06717672481642345
51135.5,asm,0.16575574034861962,0.012163283527872623,0.0824283006728213,0.0508961900970068
51145.5,asm,0.16026122724815853,0.013900442173255322,0.2297869597670428,0.07137764930839405
51151.5,asm,0.1371999994913737,0.03320000012715658,0.525316483074292,0.3444905355249734
51168.5,asm,0.08485997339432574,0.021709951164375126,-0.000531892675483558,0.1069001741241126
51169.5,asm,0.10086959954544568,0.029164788449151692,-0.139814676507247,0.16175846428675028
51171.5,asm,0.14614577650334315,0.030653256735962014,0.10896151885960179,0.10136836735689482
51175.5,asm,0.07893333435058594,0.022800000508626305,0.037914692980696794,0.19469098886557412
51178.5,asm,0.1212997124587914,0.03771423542719466,-0.047317275487449205,0.12234941709359048
51184.5,asm,0.08528280459546848,0.01296525403705796,0.0685773857324432,0.10931983934546305
51187.5,asm,0.07893700640844635,0.01003431733824669,0.2307525551427379,0.12767552760193598
51188.5,asm,0.06488445495449537,0.008027392108291322,0.15442066399612644,0.08133436722584896
51189.5,asm,0.08191982227547358,0.00749832727902237,0.22189590410606058,0.06023234905954438
51190.5,asm,0.04306666692097982,0.02066666603088379,0.2951541948541498,0.36901985544666066
51191.5,asm,0.08426666895548503,0.02146666685740153,0.6275071780046086,0.33969463116107657
51196.5,asm,0.033608978792187556,0.016683198390287375,0.14776001107209885,0.218136058509326
51197.5,asm,0.0703814761386302,0.01323792275037565,0.11970781018979404,0.13731164532157455
51198.5,asm,0.0393886022938303,0.011451378856958792,-0.08159067059875001,0.0922171886390628
51199.5,asm,0.0777696226160464,0.008065509076097994,0.21106472657731254,0.0733986707269309
51201.5,asm,0.06546105778222634,0.021439903284008275,0.212207281857514,0.23202170149848336
51208.5,asm,0.07715194889977212,0.012764308369293818,0.7379035561136054,0.3059187448792083
51212.5,asm,0.029588695992405427,0.006198633806862636,0.7119741746736743,0.32559988856027017
51213.5,asm,0.0326826157131413,0.005790703510804632,0.3173972841942456,0.15147204153560337
51214.5,asm,0.033797401356877824,0.003820796263141265,0.530948904584884,0.18546844044120867
51215.5,asm,0.03230018196639843,0.004163133205704764,1.016426320522018,0.30278295115893833
51216.5,asm,0.02709413172527811,0.004328996868450937,0.8828210557783939,0.35486506782258237
51217.5,asm,0.024575327141974496,0.0046743472235103055,0.7417506246676593,0.3640413996562082
51218.5,asm,0.019219569910875315,0.004567081883638096,6.326969075526447,15.0989540286479
51219.5,asm,0.02132775808819669,0.004523442246771617,1.5823016559397614,0.7567136921904811
51220.5,asm,0.018574338196608333,0.005014359259600393,1.9271109582517005,1.82047864435756
51221.5,asm,0.020742905597479558,0.005241094795112874,0.23971521429467363,0.2675704963834651
51223.5,asm,0.02371871648920214,0.00710480192065081,2.5899101932452413,3.727234870165612
51224.5,asm,0.015770631443567277,0.007834185805297413,-6.076154561109674,41.08718636533825
51225.5,asm,0.032415114258942467,0.009442922546188878,0.3745275592999762,0.38663228350624634
51226.5,asm,0.037998722300256506,0.01058116965109851,0.7849859510840732,0.4274655166398158
51227.5,asm,0.01671643291376689,0.007032042131282675,1.4349243819974993,1.0746727400531169
51228.5,asm,0.028019497025294948,0.0043900269136931975,1.4575167041784203,0.726998913977633
51229.5,asm,0.02912731000428053,0.003933935777631422,1.2379879048252431,0.4153862712767219
51230.5,asm,0.03310832904496854,0.0030793885170928305,0.8403170102830043,0.17682053112138477
51231.5,asm,0.024758762847033267,0.0029985117715107252,0.7358463167570921,0.21789880592754
51232.5,asm,0.026808100313509817,0.003186357596739001,0.8314863054640955,0.22144632956786592
51233.5,asm,0.025733146970678508,0.004183077487451447,1.2605458755599095,0.5553862089323898
51234.5,asm,0.022151255649256223,0.003730076933097152,1.0426572208667002,0.4348817496668794
51235.5,asm,0.030139811839793567,0.0042039131727096115,1.0332687640081883,0.3482781460621804
51236.5,asm,0.02296130060027499,0.0052629599836287325,1.3059513925417854,0.8094133915694942
51237.5,asm,0.02637339729216405,0.0044573557500256706,1.1218184230339112,0.45751451259530995
51238.5,asm,0.03964787272291295,0.00866519891669943,0.7704185406637301,0.4404757730157104
51239.5,asm,0.032591018816077344,0.005560780589994068,1.2141013006051908,0.47782818651068903
51240.5,asm,0.019722377512665746,0.0049761363620159,0.8221043034616884,0.620232805717664
51242.5,asm,0.05245876678778778,0.011675183116857639,1.0587454766911057,0.6574963015280274
51243.5,asm,0.06833066025274989,0.02471464005612859,0.20094359582790805,0.43668166681833737
51244.5,asm,0.03249590317367798,0.00727129416038548,14.664692324080628,61.222651576204356
51246.5,asm,0.03161317218462216,0.0055637018342712275,1.2100781629068296,0.6239016502439634
51247.5,asm,0.019252661443935053,0.009479193874341155,-4.410188903584584,9.830417350887812
51249.5,asm,0.03189765159758474,0.010636063025043397,0.5327500647299298,0.29726655127574997
51250.5,asm,0.02536271841393962,0.007863318299950245,0.45757908005822884,0.4706473848719241
51251.5,asm,0.04228097958785197,0.009805805928666011,2.08855192118821,1.288139182279903
51256.5,asm,0.037603119332315575,0.009244018077620696,0.8926408171213248,0.5093294676139047
51258.5,asm,0.027129980961693126,0.006042395267697303,8.541128726790395,20.6487209635283
51259.5,asm,0.03219596091153751,0.008088997082925927,1.2186655909897268,0.6515537787079008
51260.5,asm,0.027355054236471624,0.004755584257764113,6.048978421793356,10.748094337124892
51261.5,asm,0.022975762108338012,0.004977079799029436,0.7697984119394266,0.3888904731730968
51262.5,asm,0.030587686482961216,0.005111821361922079,1.2426128690414993,0.4807861292766958
51263.5,asm,0.029037778239517417,0.004697834571923947,1.1440176040229506,0.5013045787944703
51264.5,asm,0.02980812604487303,0.003757938833285402,1.113561827716387,0.30823332616800814
51265.5,asm,0.03093236017208189,0.006607310509882276,1.4358091085118734,0.9533150025074506
51266.5,asm,0.026968780864777338,0.0036711924195010916,1.3712146969847923,0.4161907486844995
51267.5,asm,0.022497993883198866,0.002831928108188111,1.7520035784920542,0.5367561053284161
51268.5,asm,0.0247738349775367,0.005291458277353378,1.1790639962105391,0.6537268663639992
51269.5,asm,0.026359249326859856,0.004861975562014366,0.7656489064128337,0.3846799934421779
51270.5,asm,0.0214121593845857,0.006760925990323322,3.7404916977330083,7.242396301377071
51271.5,asm,0.02527862833463578,0.004288948002167765,0.5753606375488297,0.28538564878398015
51272.5,asm,0.02739850223368066,0.0037027183480045425,1.3574833338367165,0.4060480720411704
51273.5,asm,0.028499210782568472,0.005877066248089216,0.9254952532524121,0.4046952783801703
51274.5,asm,0.028219983932403648,0.002875989527469247,1.1163374283306051,0.277015841496581
51275.5,asm,0.019478352319579298,0.0046327756730324705,63.65418653672561,1033.673482188205
51276.5,asm,0.015381139042905776,0.003336747678747965,0.5534707134799566,0.24045762909915847
51277.5,asm,0.021318405157902478,0.00282148451579783,1.2338399792389287,0.40141910675626535
51278.5,asm,0.015489912691129707,0.002313244637067834,1.6237892286172573,0.7458153821078067
51279.5,asm,0.012462590058282865,0.0026031839702133183,1.6897879440526236,1.084577317657011
51280.5,asm,0.017387102592553896,0.0027673688662817253,0.9876954240582763,0.30025773239549386
51281.5,asm,0.015622536607373278,0.003109699608893544,1.796367078415972,1.5211105003028582
51282.5,asm,0.015896124602627792,0.0026261226054941703,0.7291497664676022,0.2330806776087287
51283.5,asm,0.021586684675598926,0.0028072179573834966,2.242576770444378,1.1550460514694254
51284.5,asm,0.01631846942420946,0.002589326257224337,0.7543865076049272,0.375671690681354
51285.5,asm,0.017889603594455662,0.0024693671402208754,2.530730285453542,1.2047385211321715
51286.5,asm,0.014117359425432359,0.003348152553089919,5.50329524144936,8.046736408312494
51287.5,asm,0.014222949394578759,0.0030637477415572096,1.4132047315185243,0.7403411262694033
51288.5,asm,0.010799996733333228,0.0037657759659567415,1.0679920504075322,1.2130094940125025
51290.5,asm,0.020358947282546228,0.003178838511738731,1.5925240550603208,0.809465789084376
51291.5,asm,0.02172801061316119,0.002916795964322844,1.6421371749077667,0.5149420901231292
51292.5,asm,0.012175642965188273,0.004557098476734735,0.9529135251993625,0.9962768243679572
51293.5,asm,0.019006762712658123,0.0070329121565847605,11.208915162105352,43.87623770426814
51295.5,asm,0.012582521448179139,0.003880256814166328,0.5846152406805226,0.40643367716773376
51296.5,asm,0.015128349810284521,0.006086116491228387,0.9580150065153795,0.6534535658201059
51298.5,asm,0.012268272593739405,0.004143622638249387,1.5124934977983302,1.0652207491972894
51301.5,asm,0.006853589270493254,0.002762675570859936,-2.9379720866047854,4.04424346964671
51305.5,asm,0.02956073849427544,0.00933538430972763,0.5717941884764274,0.49987542883906794
51309.5,asm,0.01759427386792441,0.006098900215809205,0.9327712839249259,0.8545385885900473
51310.5,asm,0.021847712907573546,0.009012408575875314,-2.8841656350404525,3.6081787401504495
51311.5,asm,0.023576401889082565,0.008916585902486491,-21.604320051059958,249.62845833524673
51316.5,asm,0.018592137500706377,0.008055946587457027,1.253785425812764,4.167710138959915
51326.5,asm,0.01030229330367782,0.003079904749064485,1.2264392644592157,0.977497647960468
51339.5,asm,0.009478313431432024,0.0041491993366410546,-5.643660214133218,24.58855367878206
51341.5,asm,0.006884884833294834,0.0029652998963971998,1.9442506441098395,1.655909248244023
51372.5,asm,0.01923471538708624,0.00876753373932445,1.0242850530146632,0.7688062376412537
51386.5,asm,0.01668456297899809,0.007079198974269382,2.4173702129322807,3.855187766879497
51388.5,asm,0.00694065606662027,0.0033213375063318243,-2.2037633530766882,3.456575433779652
51389.5,asm,0.009522276323999483,0.0037028411471752777,0.8102163923942276,0.7874744863931238
51392.5,asm,0.009306215622986998,0.003560905270971986,0.37121529749303245,0.5257734163470872
51400.5,asm,0.014617695409635886,0.006456177793824028,1.0497112198753502,0.9757922605974175
51436.5,asm,0.009376474830949676,0.0031620949801094357,67.19451153800583,2275.3146795866937
51441.5,asm,0.008627363917507812,0.0025593071932131796,0.9207147674639055,0.4826842405073024
51446.5,asm,0.008413843241542821,0.002614669254105274,5.590425481057977,25.162005566081326
51448.5,asm,0.008874771021896688,0.003710309546832331,0.412313108270532,0.512089090597739
51471.5,asm,0.006964844140174238,0.003374349706369845,0.3327618870769583,0.2993937209663968
51479.5,asm,0.012899241405108256,0.005307453354220305,0.4455594278954491,0.5897884762633363
51481.5,asm,0.01668059366289236,0.005624227984418241,-33.35972568091838,591.6615661986399
51482.5,asm,0.013412477846503118,0.005331329225060484,0.32358813595056357,0.3623680399604511
51485.5,asm,0.02290910339640777,0.008672150677844619,2.6395292312085696,4.498084088937623
51487.5,asm,0.022875884503925237,0.006364524597551584,0.22013029218879254,0.2263789326125787
51488.5,asm,0.011107198769402294,0.0038008509297734806,0.6253082246745534,0.41077140360730596
51572.5,asm,0.03150200574294752,0.012549089546790286,2.561183825043759,3.1892091704148884
51588.5,asm,0.020016761088637643,0.008598201407008184,-248.96133941729076,20490.737004238337
51601.5,asm,0.008733818246857513,0.0039957908354704575,-0.2450826577562758,0.29762584965426775
51603.5,asm,0.0073170347379478504,0.0029928848869406476,0.46541230078400614,0.7389103368032108
51610.5,asm,0.013412136176131118,0.0059438964895204595,3.3378643193023882,3.0994123983892634
51616.5,asm,0.027642624678564758,0.009815923403974396,0.5406240031512299,0.5902090110166456
51623.5,asm,0.017397350848035932,0.007954551670761189,0.3916918030785517,0.5552815869596105
51627.5,asm,0.05373333613077799,0.02626666704813639,1.8292682643166478,2.7266462139494383
51638.5,asm,0.014919246019434755,0.006370650515449834,2.8812967788317017,3.470589536436906
51645.5,asm,0.007789998436941985,0.003803675698018,1.2808845889867695,1.2627191702179261
51654.5,asm,0.008522690053127764,0.0035070503064429308,1.4644769570020244,1.3646898885145862
51659.5,asm,0.024366094969447725,0.008420331450661773,0.0482634008326127,0.3167375889905503
51680.5,asm,0.029859562050695374,0.011206156013544128,1.0276391806283782,0.8157427239839775
51682.5,asm,0.020489424155233613,0.007748535975910557,1.2688714441058928,1.4508998876052341
51689.5,asm,0.015787051115021575,0.006024514945846455,1.0037426869425925,0.9103947792462782
51709.5,asm,0.012807349858851392,0.005341256820144809,0.4534021345502741,0.5244384370815576
51764.5,asm,0.007439911109586171,0.0026399282057537293,0.5605967048099568,0.5998787502580448
51786.5,asm,0.011165620665502422,0.004951608246216192,1.3098331497982765,1.3105304461522664
51803.5,asm,0.008845494702788876,0.0038875546546091513,1.2638884738028968,2.073567877905629
51812.5,asm,0.006147613782623854,0.0024666182657291894,0.3873665508614828,0.62262624192227
51813.5,asm,0.007207904526897114,0.0025849056553031223,0.5745940773912577,0.4650139538900847
51820.5,asm,0.006292745955211746,0.0031123019742237707,-6.248407991695354,15.337253927771544
51855.5,asm,0.02099963714095065,0.007525140492881491,2.0943000604697866,1.5736594919828142
51906.5,asm,0.039545684778794735,0.017350591794673978,0.3097563288283154,0.8408281096877916
51914.5,asm,0.027231828905724842,0.011719978600339298,0.1398352596367878,0.515823529243661
51921.5,asm,0.02786881327586857,0.009379136983709417,1.0125979218903272,0.7200776714924012
51957.5,asm,0.01291574769584011,0.003801608092814375,1.2075326423096373,1.0091512477455826
51965.5,asm,0.0071235340265178625,0.0030184650399240824,0.014049715504065863,0.5863043285500675
51967.5,asm,0.006018228446416019,0.0025353149368240696,0.878579125332413,0.5762855938640838
51987.5,asm,0.048857027871452526,0.010851386858753946,0.26346080310954095,0.15794232340856384
51988.5,asm,0.025684806416439294,0.012345771941221424,0.30958311783756104,0.788746855398775
52006.5,asm,0.011111977465586582,0.003836536520236792,1.132148789427101,1.2490175889178226
52007.5,asm,0.007431612857176185,0.0032915290714537137,0.2574021360986167,0.4378474808470492
52026.5,asm,0.00941761217899113,0.003733524851854864,2.3176331661475302,3.489548254801414
52034.5,asm,0.04267154170806934,0.015316800818471208,1.5374150764246288,1.7853748255201605
52066.5,asm,0.013246431709396603,0.004090165213733653,0.3287161626966937,0.4576588778682836
52067.5,asm,0.011035174509253934,0.0048008693996621585,1.2271505479433555,1.9541903549892963
52103.5,asm,0.01856390747859423,0.0086804714740371,0.11189835505809227,0.34556189717602326
52104.5,asm,0.012470065605799588,0.005778594177791402,0.8756225752847535,0.5912150338784428
52121.5,asm,0.011644842487290176,0.003842081114942386,0.4527835895213853,0.591942982291413
52122.5,asm,0.012575874214370859,0.005373202498726263,0.16587178635368177,0.5903921190501957
52134.5,asm,0.007224229436101794,0.003575058443805858,0.6057851131820949,1.46834600953888
52167.5,asm,0.0070763845038755765,0.0031187976375276582,1.4106490802081764,1.3285900810618718
52172.5,asm,0.005936904171508789,0.00295056241310827,1.1812188523689717,1.0457106216831158
52176.5,asm,0.009930043371330395,0.003112101724490237,1.0147645992122876,0.6505910049286627
52197.5,asm,0.05200000127156575,0.025199999809265138,-0.015015015582766618,0.28237912979993207
52214.5,asm,0.033786144050877494,0.011695524566907976,2.5849179709709764,4.101538215038281
52283.5,asm,0.02281817615376082,0.008598293622019098,2.401550201051934,2.323612815698981
52291.5,asm,0.01902912767524312,0.008369757757873894,5.855232203548692,10.477337860670268
52294.5,asm,0.02167715446306401,0.009644226868197865,2.417953746814538,3.109813099604573
52308.5,asm,0.024541514069210887,0.008546311773435239,0.06856364188709782,0.26617504615797627
52333.5,asm,0.005297138693517475,0.0023420156393159568,2.1670468964699983,2.9109155338141504
52361.5,asm,0.01106035593849762,0.005316447968566784,3.6721087777089125,8.581187477065804
52364.5,asm,0.01833692326219908,0.0051000780726400295,0.7541542851081755,0.47690246076652215
52365.5,asm,0.020481524366497948,0.005610709189431785,-37.89386513708445,295.3673448795907
52366.5,asm,0.06102735740357432,0.005023375511077123,2.099361831258393,0.4893129826827644
52367.5,asm,0.06830177785630707,0.006185483301806579,1.0757849502671435,0.2584374228513908
52368.5,asm,0.0886980639491979,0.0048821997110298975,2.0322075492596743,0.3344661845639903
52369.5,asm,0.11548483830221902,0.005212234470725077,1.406933258592297,0.1618089469671449
52370.5,asm,0.13289588372672292,0.004549337917819194,1.647058734102077,0.1513328335768405
52371.5,asm,0.15993647105328232,0.0038950971725371535,1.5741992561160405,0.0980914763944307
52372.5,asm,0.19270836404661823,0.0037272556388945575,1.2359861742579252,0.0575604117896552
52373.5,asm,0.20475808661053063,0.0032122722842411813,1.4331696586701705,0.05507577984242551
52374.5,asm,0.22299070590528713,0.003426755313308439,1.3264009415001383,0.05021092236006531
52375.5,asm,0.24603473464145964,0.0038441673653242486,1.5476781579509116,0.06067177110851579
52376.5,asm,0.23434003261845296,0.0029941042224622947,1.3876303096514568,0.04249425319371004
52377.5,asm,0.25795641303814476,0.0031112135432331887,1.4836915882520645,0.04365519069319781
52378.5,asm,0.27200674097280547,0.00323558353226753,1.3652006590101398,0.03928631542776778
52379.5,asm,0.2819126400006239,0.0034664781285113403,1.3876478710793063,0.04132288251662753
52380.5,asm,0.28473104204486577,0.003719423794123943,1.4500876476536217,0.04648748387119665
52381.5,asm,0.30388577515537035,0.0033989317530558473,1.4619156509863283,0.039924271827914914
52382.5,asm,0.3111068809600753,0.0038282244301121636,1.4023267503932433,0.04154441557606512
52383.5,asm,0.3088260257559401,0.004437341775584174,1.4182816248164978,0.049925327547194344
52384.5,asm,0.3145173516701957,0.003425647136854634,1.4009905542018986,0.03717545664652593
52385.5,asm,0.3317057292455836,0.003662824460400865,1.4023497243461436,0.03770533839128531
52386.5,asm,0.3312177246968525,0.003962934604698445,1.3464851887838014,0.03847648929649428
52387.5,asm,0.32658659621063035,0.004059347771922312,1.407875159287827,0.04260368900458994
52388.5,asm,0.3223905267550765,0.008189740743061473,1.478672602464317,0.09792897499548239
52389.5,asm,0.333540267428973,0.004683159740831759,1.4178081029074647,0.04811844414908472
52390.5,asm,0.3427104400790874,0.0033984863653263374,1.3780408568096605,0.032476990211574026
52391.5,asm,0.3574677945660766,0.004652457828797483,1.4750064050579934,0.04696502898346797
52392.5,asm,0.3541379611745456,0.005834382771940011,1.3645314121964605,0.05378386444608427
52393.5,asm,0.3477879864565375,0.003795104292388038,1.4162821611882908,0.03745213214704964
52395.5,asm,0.3480831919109593,0.007992936298180334,1.1569388720247578,0.06658303556828955
52396.5,asm,0.38013333638509117,0.028933334350585937,1.1078838096280146,0.20153912790778747
52397.5,asm,0.37994732713743595,0.01588169346685896,1.4035188388750104,0.1426755253573963
52398.5,asm,0.3768903617739581,0.010162502979179576,1.301495076243927,0.0828499769955337
52399.5,asm,0.3637663090824658,0.015148302727417899,1.3956406516277413,0.15997298296726792
52400.5,asm,0.3917935851978199,0.005358425423713026,1.3074612736634625,0.042649890441099014
52401.5,asm,0.3961944417673277,0.0058826215632487204,1.025606672741062,0.03545666673133579
52402.5,asm,0.4591708343695049,0.008714711358892693,0.7716993173997105,0.03467084478165644
52403.5,asm,0.5170063709864117,0.011459327029841324,0.5969943571361107,0.032498693988735804
52404.5,asm,0.5855827666883084,0.011818854124001299,0.479907074391032,0.02549871869635646
52405.5,asm,0.6910279233631568,0.020522664507495493,0.4154329093697846,0.03278048658330416
52406.5,asm,0.6802949841641743,0.011713788612804773,0.4427505596266478,0.020066872108801995
52407.5,asm,0.6993377350005439,0.011455860601376497,0.3908862662247813,0.01674406271781361
52408.5,asm,0.7593483125036257,0.010726267116316484,0.35106518268246467,0.013935042044892614
52409.5,asm,0.7813705399310603,0.010699397233162563,0.35019159972133496,0.013323835762813499
52410.5,asm,0.7789868917318173,0.009293255788250195,0.38044552104920126,0.012752165050107601
52411.5,asm,0.7438593282125072,0.008650139268376688,0.38983604389996795,0.012806503884382337
52412.5,asm,0.7295569842275355,0.007507249595419108,0.31920328586263874,0.010239008877028133
52413.5,asm,0.6256841153433592,0.041985853148177786,0.31810023730279646,0.061993204656866197
52414.5,asm,0.6417316044279413,0.008482956774086454,0.24547477740228582,0.011832606667791097
52415.5,asm,0.6431983430404642,0.018735109938498442,0.28851968263082667,0.030213052307954114
52416.5,asm,0.6297779969606251,0.007181313193491706,0.3303707126258854,0.010944386576609533
52417.5,asm,0.6438465677778247,0.008354604375359453,0.3934688189534164,0.014280850781009068
52418.5,asm,0.6177330915000885,0.010127760266732875,0.35289182634814553,0.017320643621914336
52419.5,asm,0.5914336016624083,0.00924970272617339,0.2939770154072104,0.015667337137745985
52420.5,asm,0.5869468174713633,0.009470755135478787,0.3688695042221967,0.01767786041458084
52421.5,asm,0.5149906255491283,0.007797910441680943,0.2689705606889879,0.013753774580848725
52422.5,asm,0.5060818102241975,0.004198711424062909,0.2288380835560104,0.007368916111304988
52423.5,asm,0.4858747673880054,0.004289906524612613,0.2099205026796698,0.007647981261584946
52424.5,asm,0.4806167359864067,0.00643919995699135,0.20587847184651434,0.012470925724340675
52425.5,asm,0.4544128857690932,0.008478538860402497,0.21532733092579828,0.015536223059453605
52426.5,asm,0.4551604717494459,0.009745544770741325,0.23312845731694287,0.019687809525548997
52427.5,asm,0.4109929638033588,0.014622658389001437,0.15193023274011208,0.027790760752379656
52428.5,asm,0.39487797716173884,0.012827685026909057,0.20769470677808316,0.02964146408497954
52429.5,asm,0.4251547464830027,0.009924863497525109,0.24176967500449517,0.020813936413828595
52430.5,asm,0.411684130299562,0.007286496589227269,0.23905396131976916,0.01625064479465522
52431.5,asm,0.4208101106438999,0.003960934937860629,0.22439008724266357,0.008519473160523124
52432.5,asm,0.43757997107721186,0.006638791745727209,0.2416823199864233,0.014282935373771644
52433.5,asm,0.4386717729650245,0.007285161122869401,0.22590763316591111,0.01477431331966914
52434.5,asm,0.4679846789120747,0.00697916279164795,0.2584397269350392,0.014303357547617974
52435.5,asm,0.4493968624520742,0.005017172114869881,0.26731144519353656,0.010721140680603265
52436.5,asm,0.44041833839803085,0.006416076862091503,0.270482423229655,0.013195562990507137
52437.5,asm,0.4369392614023803,0.006680172239150636,0.25668141618400303,0.0132089601405081
52438.5,asm,0.42428849492770454,0.006617517095728955,0.2258198327696786,0.01371942528442786
52439.5,asm,0.4334631276132063,0.005993075191728108,0.1772541117439963,0.011939656881760395
52440.5,asm,0.4545750389576792,0.004952167949991155,0.19561024073573988,0.009208781288646481
52441.5,asm,0.4768767167663805,0.006539499820403464,0.22442275541806114,0.012685340318437502
52442.5,asm,0.4322676893847043,0.008909388404431218,0.18599842648233844,0.017367122075314042
52443.5,asm,0.45519734791876604,0.010747035276678956,0.17895128814920103,0.019500758760637033
52444.5,asm,0.4907594121751101,0.011134121522152192,0.1853958578038233,0.01868473726076878
52445.5,asm,0.46666253927181617,0.011858199270721681,0.1617516948559127,0.021286745651811347
52446.5,asm,0.477751168382815,0.010015903984722815,0.17161738147727498,0.016176263620955336
52447.5,asm,0.5378526622392517,0.008294851713092563,0.24613156351464066,0.01442864761567092
52448.5,asm,0.5411848847527881,0.009539505940304373,0.23307967582165254,0.016050688878412486
52449.5,asm,0.54052175072424,0.017823055113411996,0.20699651541609018,0.0291582933305051
52450.5,asm,0.5173695205071843,0.018757876744143243,0.1841694355717212,0.02883558819193526
52451.5,asm,0.5810759781863712,0.013708302407511542,0.22474090706334443,0.02115350526052927
52452.5,asm,0.5367985267640001,0.018314253106279536,0.17410950648974885,0.025557095960326966
52453.5,asm,0.49537695879679433,0.027822909190108415,0.10514340540280116,0.03302712842652536
52454.5,asm,0.48303556571685125,0.025093788538460716,0.26391508518705137,0.04957771887780477
52455.5,asm,0.5877974404480204,0.02601668625344277,0.15312641724655354,0.028822686437370616
52456.5,asm,0.6230604399110269,0.013342642967439498,0.2373958338555719,0.016888844853822912
52457.5,asm,0.6191747090627345,0.0146187042611561,0.18185673941803873,0.01600891407201589
52458.5,asm,0.6585401030025283,0.009114906013102667,0.21120817675819403,0.010698783352452317
52459.5,asm,0.6560880745498454,0.01734821208976521,0.22103230089033798,0.020046350388482244
52460.5,asm,0.6526297469982983,0.0171845137080966,0.24434879318682948,0.02116244483978235
52461.5,asm,0.683265869092947,0.008116779488007209,0.24487393938111213,0.009910831203017468
52462.5,asm,0.7152548050525289,0.007756803455353897,0.2366230242471861,0.008887982322914777
52463.5,asm,0.6815531284598247,0.0085166762401951,0.2213670983867879,0.009829198639203878
52464.5,asm,0.7433651123529529,0.008057241153994043,0.2869759604627098,0.009391255983075938
52465.5,asm,0.7756384119803835,0.014036542321681725,0.34711728909008166,0.018419662138214856
52466.5,asm,0.6596000162760417,0.05,0.19407266779669075,0.05828842212361027
52467.5,asm,0.7901704182425316,0.012465567350242603,0.26360602124610216,0.014236141644310646
52468.5,asm,0.7962451122468196,0.008587458816129916,0.26724270761092844,0.009896337788648324
52469.5,asm,0.7364801203827938,0.02280840933405098,0.25108845120957574,0.026965231416270562
52470.5,asm,0.7959170715559363,0.013302151056894883,0.2502650719695763,0.014327614698563368
52471.5,asm,0.8062522890652625,0.014612722551440926,0.22779653414952641,0.015870808802588624
52472.5,asm,0.8256465555772077,0.01974924934704968,0.21937335318892817,0.01925667023521037
52473.5,asm,0.8328469548767836,0.00982338627594304,0.25282992281809546,0.010736109071814007
52474.5,asm,0.8009378394876906,0.007981865574996973,0.21526724344309006,0.007976365401213213
52475.5,asm,0.791095441334985,0.007183877287714348,0.20034858095867913,0.006843220772598559
52476.5,asm,0.8196494671346648,0.009875913256100618,0.24602805081103254,0.009958367946494639
52477.5,asm,0.8676738362956213,0.006658763214795537,0.2618343328753433,0.006892432528478243
52478.5,asm,0.840367736017676,0.005355315608266564,0.24948765858813537,0.005737004042175883
52479.5,asm,0.8569095613886665,0.006309922297431331,0.2573295349644323,0.006510050364423991
52480.5,asm,0.8674905120899838,0.004915265180000292,0.24991961188839337,0.005069757498412519
52481.5,asm,0.8704587729099962,0.005490497216536729,0.28010899588604615,0.005910122884067779
52482.5,asm,0.8867275442157052,0.0054639349508962525,0.27166845175934967,0.005572145600020143
52483.5,asm,0.8644144763737553,0.007133148459138095,0.27253772608844673,0.007664006252367864
52484.5,asm,0.8714602903416369,0.004289978693550874,0.27300472187657715,0.004506796279729184
52485.5,asm,0.8586782066661736,0.00633240018837529,0.2676746289766336,0.006563697795764475
52486.5,asm,0.8585695955947551,0.005738754804712708,0.26399902772063955,0.005938612461867622
52487.5,asm,0.8809536896542295,0.004460880835205004,0.26609715339402956,0.0046303839343361155
52488.5,asm,0.8805791835424005,0.00950115649045677,0.2739310361012226,0.00991393262126132
52489.5,asm,0.8298097912279832,0.005999740579779209,0.2700129082764137,0.0064998218018218566
52490.5,asm,0.872464806227606,0.005946532756826054,0.275370581155358,0.006148828236365429
52491.5,asm,0.8310635985790162,0.005173837095543146,0.26811115790642787,0.005652407182474225
52492.5,asm,0.879077590560291,0.004866391956735143,0.27549498169714254,0.0050324314041682965
52493.5,asm,0.8475265882867291,0.005326028209434555,0.2599085718230691,0.005660781345418902
52494.5,asm,0.8508345083210119,0.005479250735642615,0.2762455640355999,0.005853460116871581
52495.5,asm,0.8261958199656475,0.011566040150240557,0.2566450393940823,0.012751215980415231
52496.5,asm,0.8533604931226364,0.005905460847015441,0.24407207554968985,0.005848231290778011
52497.5,asm,0.8651329204153068,0.007210013657752086,0.2641768514362698,0.007352991571857759
52498.5,asm,0.8711545158694886,0.006134763208634928,0.2683890696825461,0.006351713675189983
52500.5,asm,0.8355232361940007,0.014679615961849116,0.26730175013704355,0.015436462766288092
52501.5,asm,0.8294086332409668,0.005188837694086016,0.25319943129393513,0.005491280330118317
52502.5,asm,0.8086666870117187,0.03066666603088379,0.24373299746485663,0.034780970644670756
52503.5,asm,0.8698262853384298,0.033201580686318524,0.253588325505743,0.03249470018785407
52505.5,asm,0.7789130452563298,0.00955830522296889,0.2589705374424527,0.010810577039157563
52506.5,asm,0.8229201495612969,0.011599044326404078,0.2631837243370799,0.012121110191258302
52508.5,asm,0.7710666910807291,0.0356000010172526,0.32566371006248274,0.04759544500297856
52509.5,asm,0.7305333455403645,0.039866666793823245,0.12202462739382695,0.036048348500997474
52510.5,asm,0.8510095733636885,0.015872392770077254,0.28435025396926566,0.01673574651343728
52511.5,asm,0.7182502944094754,0.017483326418744904,0.18703415705265963,0.017557290761079713
52512.5,asm,0.7855367543259975,0.015211173989874626,0.26197557828021956,0.01692864370064708
52513.5,asm,0.8123492370904559,0.0100066624931234,0.2651098840753942,0.011148710457408516
52514.5,asm,0.7589333089192708,0.024400000572204594,0.21534361203713318,0.02470168288528393
52515.5,asm,0.7905678364689044,0.010971275218032936,0.2618748190540704,0.012797794207231698
52516.5,asm,0.7620500952393785,0.013527110191884548,0.23131408449111746,0.015201008982521446
52517.5,asm,0.761140399297564,0.023290641364126115,0.2780385411194716,0.029003162191148683
52518.5,asm,0.7239850817727498,0.020173656039870213,0.22040387936784406,0.023462222200739947
52519.5,asm,0.8594538690567479,0.007850225507045408,0.3502098645080098,0.009651639812979748
52520.5,asm,0.7543313269670313,0.016104241254679474,0.24756979237908175,0.02020462326070254
52521.5,asm,0.7809857432035945,0.008477537818230692,0.30425814486535424,0.01063399370761639
52522.5,asm,0.7720945248133639,0.0073339431906149525,0.3099413900382501,0.009166243013950286
52523.5,asm,0.7615375643067073,0.007763227305645377,0.32216586089785576,0.010361844251231649
52524.5,asm,0.7788199285681837,0.005789050510982548,0.3312833979048969,0.00737567044941538
52525.5,asm,0.7982680535650292,0.005889227226838579,0.37741622458265744,0.007996322200558447
52526.5,asm,0.7383875381930203,0.005040983293961663,0.3009617981991388,0.006617168265911814
52527.5,asm,0.7596123925689475,0.006319061289842758,0.31495243876051043,0.008242602125741
52528.5,asm,0.74477318035743,0.00568248428198601,0.3346609050815252,0.008106722221448155
52529.5,asm,0.7518519708997619,0.005076894711322434,0.3378469038982041,0.007193251666922111
52530.5,asm,0.7041474510056712,0.0058184973847029585,0.2769472914580443,0.008013819629740297
52531.5,asm,0.7606560765421914,0.004790022482189135,0.3835374425714567,0.0071472307297649135
52532.5,asm,0.7415492576880249,0.006876992874892011,0.36850687960269024,0.010345392290306964
52533.5,asm,0.7219438739105691,0.004707236082466224,0.37517708374363573,0.007309123788787326
52534.5,asm,0.6851654709978375,0.004351281561204509,0.3161301236923417,0.006549271524865074
52535.5,asm,0.6868082116386912,0.004756448006985478,0.31280044023489406,0.00707314857160624
52536.5,asm,0.6799788853587475,0.004145167324572912,0.3382199960378915,0.006459041522356948
52537.5,asm,0.6299512851747561,0.0046068187703433155,0.2539348244669162,0.0068525333850834634
52538.5,asm,0.6240334081070712,0.00538943345440768,0.21946659648190064,0.007682872036319222
52539.5,asm,0.6227623184176678,0.005068502826718267,0.21244106129268714,0.0072566041598001625
52540.5,asm,0.6089708326975579,0.004591286860988828,0.2207375364690249,0.006774264066663622
52541.5,asm,0.597998506309146,0.004203942663160371,0.25558138614566056,0.00667060966135091
52542.5,asm,0.567409880617279,0.005825034436210884,0.23328730400168138,0.009369604982549679
52543.5,asm,0.585513208887448,0.005842976516712038,0.2321152188094817,0.009153521786936509
52544.5,asm,0.6049064834985662,0.006192294704300723,0.29294054015179605,0.010403199932198784
52545.5,asm,0.5991516573109218,0.008848343194800282,0.2729734656355466,0.014044623562317145
52546.5,asm,0.587715791432875,0.005556021570268681,0.2948987254592615,0.009619550441173115
52547.5,asm,0.5346234103002019,0.01018237848735782,0.19176501773455307,0.015855205152485344
52548.5,asm,0.5246876597711545,0.006792449190659847,0.20729762327630238,0.010891239778843305
52549.5,asm,0.5244026601860384,0.009795163227761658,0.209935832382785,0.016182227369269067
52550.5,asm,0.5195114011935145,0.0077098913685220575,0.19425060110516196,0.01251517571043582
52552.5,asm,0.4400594951163984,0.016670268797091697,0.18901146357657267,0.030234843342480295
52553.5,asm,0.5308533426920573,0.018484828045336767,0.1633900213981216,0.02922280354445197
52555.5,asm,0.514157870273709,0.012139488381437573,0.252606451194694,0.021593669817698266
52556.5,asm,0.46976039416001175,0.011165042964217543,0.21842433166035494,0.01971384689629239
52557.5,asm,0.4627338526970382,0.012747983396719653,0.22570148140771695,0.02481243809295678
52561.5,asm,0.45942466477585187,0.007075575055438123,0.2052651460891104,0.014056650461144909
52562.5,asm,0.38631844196404813,0.01614174780520333,0.13319205604429843,0.03352585802230861
52563.5,asm,0.3809637806803191,0.014392777473712759,0.0765633084633749,0.025352464025143902
52564.5,asm,0.4198841452464912,0.007817433146148946,0.16958254861591934,0.016196298037103745
52569.5,asm,0.4765333557128906,0.023733332951863608,0.25817997590070785,0.05051820955607746
52570.5,asm,0.32557460950965667,0.02090992370128419,0.1609449713367765,0.050294533049549665
52571.5,asm,0.37342077506431254,0.013666996664099203,0.11409578257925905,0.027395783125251597
52572.5,asm,0.3501283925185915,0.01126154098235611,0.1683178323503702,0.02295484678949945
52573.5,asm,0.3509333292643229,0.026000000635782877,0.17719133421917488,0.0446385486405892
52574.5,asm,0.34202354621276615,0.010882772049472507,0.14493213935183014,0.019805137994645148
52575.5,asm,0.35822855591441594,0.010603787565129042,0.22253498473664057,0.024584044189245025
52576.5,asm,0.33009588748100027,0.015662840301604527,0.1423390410091741,0.0317295857923641
52577.5,asm,0.3334275050834532,0.00909302482269378,0.16021151214982418,0.019308571132956732
52578.5,asm,0.3156296235251334,0.014046517021888262,0.17857900195934084,0.03182395689735591
52579.5,asm,0.3822436204377104,0.008222298598379953,0.17738553842293614,0.018558133492773944
52580.5,asm,0.2753170691330581,0.019317921652154568,0.054772152472292716,0.043343091400748504
52581.5,asm,0.36483425480556714,0.01260206708869015,0.10184092575333234,0.025548234546882414
52582.5,asm,0.3313912156341614,0.010526968631155887,0.13430801559328584,0.023120643755800287
52584.5,asm,0.34885005671296115,0.013340908168408543,0.1374443629055998,0.028488512182768416
52593.5,asm,0.29069396480471354,0.011717820154655601,0.14951887236224493,0.029781939083923733
52594.5,asm,0.31106666564941404,0.021200000445048016,0.10985074826140903,0.05181177147597044
52595.5,asm,0.2484000015258789,0.013293607171610624,0.0791696231640316,0.037844437188754604
52598.5,asm,0.3393714897277366,0.010670930614990012,0.18941234668736043,0.028565534567546142
52608.5,asm,0.3433333333333333,0.02493333339691162,0.27286027785339423,0.08438190564305019
52610.5,asm,0.22986666361490884,0.05426666895548503,-0.04572446401125381,0.12911025667752715
52611.5,asm,0.348933334350586,0.016666666666666666,0.24634793723607334,0.04714977926087388
52612.5,asm,0.2987999979654948,0.037466665903727214,0.29231917381792033,0.12081462871225743
52620.5,asm,0.2574666595458984,0.027999998728434245,0.1288620933804512,0.07291490572404553
52621.5,asm,0.2549794801460764,0.020526645587424206,0.2575009417088442,0.06352121588638633
52627.5,asm,0.373066660563151,0.027199999491373698,0.15460335874476805,0.06052177699363093
52628.5,asm,0.30937186661185795,0.023427524372792094,0.3430357703321845,0.08659900823471357
52634.5,asm,0.2873333231608073,0.032533334096272785,0.06262491560840164,0.07335760643268056
52644.5,asm,0.3177687445250114,0.014321175300382205,0.1770017990054067,0.039078104010273625
52645.5,asm,0.37820821317431336,0.019617295627322794,0.1474223798290394,0.0469648869002391
52646.5,asm,0.3294666544596354,0.03973333358764648,0.030195382409298737,0.09304141022377019
52647.5,asm,0.36783183732091657,0.011851471579932585,0.18899568809796793,0.029800483609949493
52648.5,asm,0.3210181092302121,0.010581335865075573,0.14823155566743454,0.027921178848959893
52649.5,asm,0.3256621767705544,0.01614853130187422,0.1568767626892464,0.03751656800719102
52650.5,asm,0.31514153887817603,0.02064794832956737,0.17872154458249942,0.0578816682244611
52652.5,asm,0.32008235076318425,0.014595438913310806,0.17147872089928068,0.03702139033738772
52653.5,asm,0.05586396705848185,0.021424770202256346,0.12919577517720443,0.2590000835995761
52656.5,asm,0.2949948360071649,0.009324330083457143,0.12345653614447681,0.02619969613463807
52657.5,asm,0.2788775500535875,0.015082138429131737,0.07196188252226648,0.04211383662688877
52658.5,asm,0.31397524879866107,0.011611306884780907,0.14763908183198504,0.03211658504101498
52659.5,asm,0.2964718305457456,0.014180285013306274,0.2051247479261611,0.04339553564525901
52660.5,asm,0.2690246927872948,0.010762576231134593,0.14214497597109044,0.033269918279250625
52661.5,asm,0.2937228210470797,0.011675454691893655,0.22904717330215255,0.03463378883955991
52663.5,asm,0.3081248507004631,0.013486312573986154,0.19443935360805886,0.04101602029730375
52665.5,asm,0.24745836699772827,0.012083276884331333,0.1542808148154753,0.03589993050759474
52667.5,asm,0.25683835080460954,0.02063493512094079,0.06620948301947278,0.04900528678060809
52670.5,asm,0.3217333221435547,0.01866666634877523,0.260076058973771,0.05848887735479407
52671.5,asm,0.26099942139190746,0.010834140519184408,0.15571089092221965,0.03381609642752916
52672.5,asm,0.2079376746844464,0.013735787210297378,0.21828984955556713,0.05236879635809114
52674.5,asm,0.20342787469778073,0.00896949964489185,0.12571321738598265,0.03293221957043933
52676.5,asm,0.18589134798873655,0.00969476032219818,0.13949124359118734,0.04143651695016725
52684.5,asm,0.12027496917303,0.005901491047239155,0.06253035938479987,0.038080298839773395
52685.5,asm,0.11847798788412055,0.00638681755766437,0.13013442445131068,0.0442026227390561
52686.5,asm,0.11030719093054245,0.004346596093463297,0.05707479530053631,0.02841588170114739
52687.5,asm,0.11053203208459503,0.0033961279948992586,0.06365461902961263,0.024310681026549083
52688.5,asm,0.0948695034882594,0.0034201151944532296,0.013395285399275297,0.028582481439264354
52689.5,asm,0.10016846220304464,0.0034853664028143072,0.05379254694501841,0.02812995381849989
52690.5,asm,0.09671091549676246,0.002801561882166111,0.08715708340624485,0.023955331739865672
52691.5,asm,0.08845098244381798,0.00396864553787463,0.06604937827313971,0.03463007199636209
52692.5,asm,0.0932991361501404,0.002998346119763837,0.15688868795378158,0.027975991310119342
52693.5,asm,0.09292471767486345,0.0030693191946078047,0.1985343277980794,0.02939457344493213
52694.5,asm,0.08706638473771432,0.002943823532513153,0.17046968608771698,0.030360759320182607
52695.5,asm,0.08673086881460237,0.003123043314921534,0.11841286079638205,0.03144927973605444
52696.5,asm,0.08084333013856396,0.003622529282532861,0.10696493883454007,0.036231712548641645
52697.5,asm,0.08020270483355012,0.006514978260514001,0.23567508228812414,0.07166620052570405
52698.5,asm,0.13847136785036332,0.019885700617151482,0.5484400103783013,0.18313031134688026
52699.5,asm,0.04520000139872233,0.01573333263397217,0.25862070737355725,0.2892407229744591
52700.5,asm,0.06780487932013084,0.010443401134376888,0.02812195700835363,0.09821385312531467
52702.5,asm,0.07222783395843461,0.01026019690285445,0.20448654614193248,0.1292279740145069
52703.5,asm,0.06080874729065022,0.010335329757059454,0.15126690217395272,0.15709193345042105
52705.5,asm,0.06355624494292417,0.00564706499183311,0.16538810888130778,0.08607964596731035
52706.5,asm,0.06848617709893343,0.0037753081446670845,0.2535704113198925,0.05551055068606522
52707.5,asm,0.06912530550353359,0.0037221872953439408,0.24002389825246087,0.052199675759981766
52708.5,asm,0.05344897306817586,0.008143451387191802,0.15083294215576953,0.11677202357708523
52710.5,asm,0.07516616203977376,0.010177888013433889,0.4179362362013166,0.16103227155627417
52711.5,asm,0.051480517622182705,0.01341233381941714,0.006587004316887833,0.23861866060349568
52713.5,asm,0.05949062843582331,0.006526700923737818,0.029705858693175154,0.08532946318745602
52714.5,asm,0.07442253637656727,0.00636779134738897,0.24676409612104613,0.08279307043214962
52715.5,asm,0.06023359051245093,0.007043260062644808,-0.010179298276251381,0.08738962753600489
52716.5,asm,0.0694384605967982,0.008886820730061,0.19012937209227565,0.11256558958727475
52717.5,asm,0.0635836436862075,0.007684857154935371,0.25765684236008,0.13093301350320408
52718.5,asm,0.06253333409627279,0.02,0.11702127625846172,0.2650229179016522
52726.5,asm,0.05414803203879529,0.0058395288485290206,0.6055998826596206,0.16554878136793597
52727.5,asm,0.04988128671569914,0.008751572190732219,0.8080374884144375,0.3005005520797102
52728.5,asm,0.03848525602661808,0.004686451027237329,0.1921336214906584,0.11551785954774502
52729.5,asm,0.051517823855974594,0.004236561272215947,0.48919430198900277,0.10232365377670423
52730.5,asm,0.041215950781149105,0.0035855869384200504,0.4525559992938464,0.10185800441933614
52731.5,asm,0.038222933468126934,0.003422762298633963,0.857439260352815,0.18664498932520177
52732.5,asm,0.03330705658611093,0.0039024299882821603,1.4958608078009183,0.40413240675653755
52733.5,asm,0.028575345547933614,0.0034077199144603226,0.5788511023354717,0.18401207681719767
52734.5,asm,0.02716272618821966,0.003294054333272573,0.9336203053232934,0.21136541808045015
52735.5,asm,0.029977791423840803,0.002912298510040304,1.4948139605642603,0.35484977464375717
52736.5,asm,0.03437568273285284,0.002783689389751333,1.5591466912695722,0.2797478140934059
52737.5,asm,0.029980410931612436,0.0036271499564115403,1.408834638761838,0.403070268527229
52738.5,asm,0.03626716873981386,0.00292614317581828,1.4819035525166717,0.2926532932930567
52739.5,asm,0.027859829930033015,0.0033305018423640826,1.7664772533523527,0.5368528933114153
52740.5,asm,0.022611513126087474,0.0025080080084592758,1.0721970250812989,0.27116159664153744
52741.5,asm,0.017766562099063618,0.002941703182012914,0.42757107480997114,0.22412027394400066
52742.5,asm,0.01860537470000356,0.002506729668755825,1.5186928999136933,0.4717042484299436
52743.5,asm,0.024073533789626535,0.002662602812569684,1.2918425187896132,0.2963410046883611
52744.5,asm,0.016420439086219943,0.004879874192871392,0.6534668923372424,0.4545787567680205
52745.5,asm,0.013746580668045754,0.0036438206551911013,3.452254783258381,2.9029472523498456
52746.5,asm,0.015923192645159553,0.002827792318415378,1.278937887494584,0.5689997979457128
52747.5,asm,0.009039854620216179,0.004224635039502526,3.9140397433914718,15.352206111448929
52750.5,asm,0.008707352803532223,0.003296696413149763,0.38609308760483724,0.8074782537992197
52751.5,asm,0.0184461841417438,0.006995402228425861,1.237500876715611,1.1470262491286998
52752.5,asm,0.011776008064012114,0.00556680171185708,0.8313091237566219,0.7309388144011197
52787.5,asm,0.010753576787706332,0.003973757580117726,4.506162556761632,5.979414218294993
52791.5,asm,0.03121763802688898,0.006317793191463028,1.0473086946161296,0.5137944074512583
52804.5,asm,0.02292416887719043,0.008672389993508677,-6.939585836904694,36.36171773851627
52805.5,asm,0.012692295429736926,0.006152057334255114,-3.6089193212551898,11.85499432512252
52806.5,asm,0.020697450264834313,0.007693900743644802,0.32816695953755354,0.6813504212562992
52808.5,asm,0.023580688887320237,0.010271463248383076,0.687295281770788,0.6460167216489497
52809.5,asm,0.03452760779181855,0.01598499135906004,0.7049745395273649,0.6998872247820329
52820.5,asm,0.019300809580990473,0.008486225840697777,0.8659156809543488,0.6864216074072774
52846.5,asm,0.010761399576254592,0.0036383552695051424,1.5792099242065933,1.0124114708151397
52850.5,asm,0.006267098757314313,0.002628030069865816,0.17116447202872,0.5661928620827067
52856.5,asm,0.010846150116751925,0.004960873745470149,1.0345994020281621,0.9683698790725497
52859.5,asm,0.030317303445385437,0.011562037213421299,1.209396951250644,1.9878921095804618
52869.5,asm,0.0209937160074361,0.009240984715457402,-35.100563841182414,446.7376465405781
52883.5,asm,0.01465074805942201,0.006207036554589615,1.051799388269156,0.9590637072905505
52894.5,asm,0.0057557027993154234,0.002578473664530595,0.6175554002821099,0.773937044291824
52898.5,asm,0.007585161398941837,0.0034860359406842165,1.1788167418960478,1.243559554078147
52923.5,asm,0.03520000060399373,0.009805213672800352,4.095008119629608,3.888383764772912
52988.5,asm,0.03643822420317068,0.013431412082949483,0.4231009185719426,0.4017594285193676
53007.5,asm,0.016203793563054823,0.007058620354270111,0.003683039268737412,0.1972977522591767
53012.5,asm,0.026379331312417313,0.008319581331808039,0.7190682711993135,0.45289266005978773
53027.5,asm,0.04698787976211709,0.016620753338658492,2.0546170575539295,3.921363030990001
53034.5,asm,0.010669331857611073,0.004189520141411544,2.7705057344401993,2.7262724233311215
53035.5,asm,0.017444295224200827,0.004809069962378136,0.7775203328690905,0.5296969008747221
53037.5,asm,0.015469144227114609,0.005999949734600837,0.584815976419081,0.4799186111443497
53039.5,asm,0.014027077745426825,0.006760392046214593,0.3274610615266015,0.37400594837794465
53043.5,asm,0.019325089355986046,0.007638553756843764,0.1167123786339271,0.3980110669368289
53050.5,asm,0.013768235567072552,0.0036896190827996112,0.3978620038201696,0.37354213924067053
53051.5,asm,0.011380066953917562,0.003150049770631753,0.4240978105135633,0.34151703503228253
53052.5,asm,0.01121310047237515,0.003902071913622406,0.804129780180284,0.7135218868481643
53057.5,asm,0.012942766653587982,0.004570708752883227,1.3633054758580554,1.287088219973039
53058.5,asm,0.014867010181401984,0.005114815772125266,1.4699992222518412,1.1737142813136252
53060.5,asm,0.012982256245815291,0.00535500406423579,0.8233735490626328,1.2345433957922534
53067.5,asm,0.05256466412112188,0.016901968325180303,1.6847518995326545,1.0925084234806763
53075.5,asm,0.028133331934611004,0.013599999745686849,1.4444444297272476,2.426063820826918
53080.5,asm,0.055600001017252605,0.016266667048136393,4.816326222783181,9.838232911850108
53081.5,asm,0.07226666768391928,0.016799999872843425,1.9224138648629068,1.316374951922624
53082.5,asm,0.10426666895548503,0.022399999300638837,2.828220949080008,1.765668602329973
53083.5,asm,0.05106276171484053,0.012663658235940555,2.374753616091165,1.607065687063187
53084.5,asm,0.050866244548596236,0.007298510495460245,1.7953589453727075,0.6583032691861568
53085.5,asm,0.05743378712173752,0.010389649118025358,1.7172692017732696,0.5871933220443718
53086.5,asm,0.060306217363883606,0.005705649562088999,1.0288527829897718,0.22801238708836788
53087.5,asm,0.058425864784676304,0.007786678440083797,1.4322234997831744,0.532003159767707
53088.5,asm,0.05404340423933384,0.005466541651106946,1.4282024640365845,0.3787449282566306
53089.5,asm,0.054553407566540056,0.004326996270394816,1.2996241295052273,0.2646935249777528
53090.5,asm,0.06063380887456835,0.004848975157950363,1.34221837555519,0.24826304006953062
53091.5,asm,0.0586839114318771,0.0037825077672373033,1.2630786038361308,0.2027689097338692
53092.5,asm,0.06438298746197385,0.003288028017431594,1.7287305888345335,0.2136571645949355
53093.5,asm,0.07063611227257259,0.0032190674645593215,1.5957044055457383,0.1762568645663808
53094.5,asm,0.06256032112199707,0.0036319055867361097,1.1892237661762888,0.17532956504426944
53095.5,asm,0.06087907302518879,0.0032859074327585614,1.1327281169461003,0.13826736292630493
53096.5,asm,0.06520534549945099,0.003270054180136709,1.3046183952566428,0.16156213413210443
53097.5,asm,0.06530088934481619,0.003465349742765215,1.4752401577496488,0.191599584237926
53098.5,asm,0.06440416230095089,0.007029540340279386,2.004583358370236,0.5769092190789803
53100.5,asm,0.07500738869680491,0.012449692716227942,1.377322434786344,0.45691025953533054
53101.5,asm,0.06302964059998697,0.005355680429700097,1.483855512461797,0.30010150395667257
53102.5,asm,0.05658110935904908,0.0071868634206279924,0.9673011351073983,0.3158034717539813
53103.5,asm,0.05604185044745733,0.006691572940367091,1.1525299754877187,0.3559602840068299
53104.5,asm,0.05273745912693814,0.003202835185018349,1.3029071025292782,0.18421016830892234
53105.5,asm,0.06117933649249173,0.002746384651735449,1.5183601613920819,0.17439491427637388
53106.5,asm,0.0551096828993617,0.0031037694025990276,1.0894559382140707,0.14974302252312408
53107.5,asm,0.057131842029280025,0.002757411897256404,1.3484545328013318,0.148047497772105
53108.5,asm,0.05448574882712419,0.0026983680124866988,1.6659860520520495,0.22223989393431137
53109.5,asm,0.052458449435423646,0.002917868432918108,1.8532888298934367,0.26636338573897217
53110.5,asm,0.05762981058361826,0.003178733967052326,1.4569013482183522,0.19660031237822193
53111.5,asm,0.045950870525882856,0.0026749817110038286,1.4809276761703676,0.19321810608421272
53112.5,asm,0.04657528338114718,0.0031071707525784373,1.390319288673975,0.20452825280564513
53113.5,asm,0.04172238359821183,0.00991539360966743,-0.022117332147194753,0.1819754917587259
53114.5,asm,0.06709010055766576,0.02473890185189266,1.5569291013025093,1.5959539178450424
53115.5,asm,0.04070656757435878,0.0051212957682795195,1.726620581294003,0.5464040143176999
53116.5,asm,0.05172460579011084,0.005443142566776859,1.4365194428521935,0.37457212403669565
53117.5,asm,0.043445345779195704,0.007783058962170529,1.9452939205609796,0.8482020787323944
53118.5,asm,0.0398609817911294,0.01271200252360181,3.7480977207777477,6.387309719383855
53119.5,asm,0.04580502007061688,0.008637854141408602,0.40602342292177634,0.18923871063773584
53123.5,asm,0.036041880742419506,0.010573069220857685,1.3609265163158013,0.7729794266479025
53124.5,asm,0.045002192318968216,0.00762161296057062,1.6728189825608757,0.6906413940970035
53125.5,asm,0.029085005047960813,0.008899950938250375,2.2454131148566874,2.7604684884295274
53126.5,asm,0.03881980874729474,0.011461410160821334,0.5291153086833867,0.42021297219652465
53127.5,asm,0.020056702630867354,0.007624567249931357,1.320470648535822,1.246743607893158
53128.5,asm,0.04616463175500939,0.01011476966242404,0.6067697723996708,0.33451658149902724
53129.5,asm,0.03241964455932121,0.008814648975823016,2.0018303358607765,2.1480254897934334
53131.5,asm,0.050332028113306775,0.010944980056928118,1.816906456870407,0.963036011998078
53133.5,asm,0.026979258341492004,0.007255311316475021,1.0172537558102124,0.6629420661584634
53134.5,asm,0.034847029986998845,0.007139630077696002,1.622814752967692,0.889191471135275
53135.5,asm,0.03170056823691479,0.00659917042006863,3.736933250442083,3.426857431762644
53136.5,asm,0.03213418957925935,0.004832755592002747,1.2763258270446995,0.39520906772924763
53137.5,asm,0.040411898698348166,0.005223841261847891,1.8237282370081536,0.5828800949427939
53138.5,asm,0.0277046148826371,0.004805198814713376,1.641906128602297,0.7300708461310326
53139.5,asm,0.027459127596606354,0.004245394146320864,0.9704230741051715,0.5041612919695159
53140.5,asm,0.03143157638509793,0.005571533670535322,2.2553150867099814,0.8280843471471574
53141.5,asm,0.028054817198014573,0.0041858461898689765,9.162863570646119,12.939774314375375
53142.5,asm,0.024187776410078674,0.005193205239328392,1.1447980895052612,0.8856157912494519
53143.5,asm,0.02035126673076828,0.00467967573205664,0.8431464716360026,0.5518518486614811
53144.5,asm,0.029765687388022263,0.003524807192274668,1.668902963493509,0.5407005385273796
53145.5,asm,0.04002874981909858,0.009457305811045784,1.9485329077903224,1.2136794863853522
53146.5,asm,0.0393401915183439,0.00817275933980112,1.2823488460149095,0.5803918579168058
53147.5,asm,0.02795118843099793,0.003747518608157679,1.4621583339720776,0.5007962830135501
53148.5,asm,0.04078846023416079,0.0044726872452236725,3.172886369562979,1.075813908417552
53149.5,asm,0.03436814180758272,0.005195639171893314,2.557256900998908,1.227939928095801
53150.5,asm,0.030104163451691524,0.004247771567607106,1.784188283015099,0.6890803753086576
53151.5,asm,0.03034763064381364,0.006619031644036893,0.6194033329236354,0.3277404123863311
53152.5,asm,0.04388844823928031,0.011126211878373262,0.6012979615278948,0.3056481541653595
53153.5,asm,0.020307829088064226,0.0070346408655604245,0.9826018221364368,0.7125627276724261
53154.5,asm,0.02490402188663798,0.007991222629113249,3.327750282741923,5.1916265331558975
53155.5,asm,0.02394217530714038,0.0037781129476673523,0.8583580183337552,0.3259307555461354
53156.5,asm,0.02326082974702306,0.0028256141333023507,1.3696792808465823,0.4411966243614632
53157.5,asm,0.028033278606395273,0.004043658660041051,1.273804050704359,0.45361708083962177
53158.5,asm,0.018251771135795288,0.004346488176909147,1.6669925532761423,0.7954275559442598
53159.5,asm,0.03651625172810435,0.005833955944133912,1.4499135594186359,0.48654231521727703
53160.5,asm,0.035931878734093606,0.007639738227209251,-7.117219305166614,10.346765739593614
53161.5,asm,0.03708941440629581,0.006135838116626571,4.130448801723672,3.6758599941249033
53162.5,asm,0.033001032965949084,0.006788428543793863,1.0240490430050897,0.7144391193510137
53163.5,asm,0.04158066072520885,0.006228160003224669,0.6031336991393215,0.2662856439417156
53165.5,asm,0.02552265467676557,0.008034403016731003,0.5967431066256076,0.4306151750894117
53166.5,asm,0.03627975989810754,0.008183722274371174,4.266515820812131,4.468448231229056
53167.5,asm,0.02908862681439223,0.007009541937033963,0.8710373150824973,0.4391166725564815
53168.5,asm,0.028042594538107448,0.0072207344101905754,2.2519930252089306,1.2282592942942971
53170.5,asm,0.04263599150402608,0.009417522035704739,1.1004391754209324,0.6143483777298344
53171.5,asm,0.03409691791560613,0.00519953253706514,-12.227399133173163,18.88421345090085
53172.5,asm,0.026570772624577865,0.005465030312734291,1.3210564276756587,0.5642241669373715
53173.5,asm,0.028295912082799662,0.005499405813452437,0.8806776666530368,0.3813014431851647
53174.5,asm,0.030403412299199472,0.004971319531925383,1.3270753623159668,0.44128180537675454
53175.5,asm,0.030827671639056243,0.006001182966162164,1.7912589238655603,0.888940919212344
53176.5,asm,0.026063837870806454,0.004318656026308298,1.046243458169091,0.406139967560089
53177.5,asm,0.026888765459228345,0.005920434741474327,2.263527192429892,1.3811017281965643
53178.5,asm,0.03442099809195187,0.005338327401838324,2.419303946130945,1.340340738112461
53179.5,asm,0.03225908893543867,0.007509794736381831,2.2783280228083362,1.3157701020592671
53180.5,asm,0.024359137332641653,0.008222716388819376,2.305332097205213,1.773509544287158
53181.5,asm,0.023182813690128253,0.006973245900769674,0.5720316246545035,0.3289300231794565
53182.5,asm,0.050787980783120065,0.011170598862325538,1.308711463282153,0.7178069974664217
53183.5,asm,0.06330327992784766,0.016976166099985337,4.459876525468543,6.127071153914529
53184.5,asm,0.029056172136829237,0.007555402619013107,0.7645424995810772,0.5024218394195132
53185.5,asm,0.032320673053334144,0.005468857477120628,0.9625408515616217,0.413951913951796
53186.5,asm,0.034725403930486315,0.004685428760414077,1.2993440811286225,0.5364633089667222
53187.5,asm,0.027774913721003682,0.004760274712169417,1.6596643758505294,0.681057258744588
53188.5,asm,0.0346415233327015,0.005130776523962531,1.761757188349996,0.5842428082518542
53189.5,asm,0.02871605488608377,0.003551357895088888,0.8643167508110842,0.23882511228633874
53190.5,asm,0.03124036051615765,0.004117271743609412,1.4475621869548976,0.4825182773396794
53191.5,asm,0.02739115541859262,0.004511926514952121,0.9531901420712819,0.43921173774341515
53192.5,asm,0.039041920050434505,0.0035445494502456755,0.9020072118182144,0.21129250349150408
53193.5,asm,0.039939425707453034,0.0037997581100655134,1.1049129859445157,0.26976227851812806
53194.5,asm,0.04620643481300184,0.003794673786421913,1.0397606829158033,0.20018100492373245
53195.5,asm,0.026378376334394046,0.010107347047608906,1.9169245905513834,1.5834743760931673
53196.5,asm,0.048596137913930866,0.003341609445776772,1.2339045051541915,0.1950244609720373
53197.5,asm,0.05956276246398227,0.007691777480337309,6.1308623557388975,7.196643393581163
53198.5,asm,0.05819617558749242,0.004974610311680104,1.25525010799175,0.27424220952905315
53199.5,asm,0.052615880267955155,0.004099316242917511,0.8560461972275641,0.1689438726318281
53200.5,asm,0.06023859309386145,0.005422248750468547,1.4466038862309805,0.32131904641865355
53201.5,asm,0.06151662692323054,0.00470311813035047,1.4287719617343029,0.29014171420410795
53202.5,asm,0.08265924833418735,0.008932903232943393,1.9611320717586804,0.6046227563417608
53203.5,asm,0.06342352737390156,0.005163021248156562,1.8207874881612012,0.357966349335301
53204.5,asm,0.07306069468530649,0.00584283625344313,1.6954458466226716,0.3562596365235066
53205.5,asm,0.06944927894486824,0.00471408831313183,1.160997232266755,0.1867425262855453
53206.5,asm,0.06776695181480986,0.004183953482850882,1.3395364311288296,0.21172093666614844
53207.5,asm,0.07658371564114357,0.005400811648050576,1.3404209476273765,0.24970815374681413
53208.5,asm,0.08204579282337819,0.005835500139194349,1.8617747181347217,0.3981380717403112
53209.5,asm,0.07215078731020731,0.004641834179370679,1.2863312330688788,0.20916847717553164
53210.5,asm,0.07649306637910266,0.005006250389276957,1.2475986881912406,0.20311508874510373
53212.5,asm,0.07427880028701461,0.007261386378807635,1.1443150558603201,0.2304514520322253
53213.5,asm,0.07344799808066847,0.00582281094391746,0.9677999774522671,0.17589289902601066
53214.5,asm,0.07948676963901673,0.0065357016466015645,1.5222739527185714,0.32009670161252285
53215.5,asm,0.04769236733163287,0.01649483852829707,0.7110879463450964,0.4626719438233071
53216.5,asm,0.06809981626015014,0.0075813634353489555,1.2915441723479306,0.3747619059694284
53217.5,asm,0.08102561629195203,0.011290012793004938,0.9881607072316487,0.3003713538583609
53218.5,asm,0.0838455796362237,0.028577506186974924,1.01943440671286,0.9656988183827285
53219.5,asm,0.09534565167830789,0.00944171608536808,2.5371209947729154,1.1290671094346465
53221.5,asm,0.08090740087515395,0.013531425937842328,0.594948443955346,0.2518108188546728
53222.5,asm,0.0998429579173378,0.007588899460414566,0.9907335222549886,0.18577284775789502
53223.5,asm,0.08803447771722263,0.01604867877403176,0.5727016110624967,0.3007659378524964
53224.5,asm,0.09097466096577604,0.013445991301500102,3.8907481280188745,3.4355528738376373
53225.5,asm,0.12633858236788634,0.010472587725908762,1.0418372439033297,0.22964980761020296
53226.5,asm,0.12414602786927836,0.009305270098948588,1.6589102883504971,0.36045663924174726
53227.5,asm,0.13117834745037998,0.008187163518737581,0.8128016727966962,0.11506981128959945
53228.5,asm,0.12645529680707127,0.010569228971343943,0.9349845367284947,0.19673369471136792
53229.5,asm,0.16189333902931752,0.014501286085268076,0.3858430361650418,0.10722965623488759
53230.5,asm,0.14505009023976823,0.014122785244163195,0.631892477997614,0.1621700550944873
53231.5,asm,0.16697222749972943,0.03853780403215365,0.5901028919372333,0.3216535434226848
53232.5,asm,0.1733238190213477,0.009006795064032468,0.31029312230617223,0.05467319088094225
53233.5,asm,0.28197871289628085,0.012893391272391877,0.361397351240565,0.05569397927225847
53234.5,asm,0.1743319031319301,0.014300353659742322,0.15654931238153613,0.08005070246390736
53235.5,asm,0.03573386444888865,0.012481264790448133,-0.10037260160224047,0.3345395662163476
53236.5,asm,0.16617752880872036,0.013706126697450112,0.08698304672455229,0.07218831681818202
53238.5,asm,0.1866835765788143,0.013131670042039547,0.06521623322824943,0.05266036051863507
53239.5,asm,0.22511056516441338,0.006370746911940809,0.2625245409028505,0.02789595956755626
53240.5,asm,0.2232590218968387,0.007096253213394539,0.131102809952167,0.029092103253002644
53241.5,asm,0.20742540020747083,0.005437059356840147,0.1084003315226707,0.02025388433114767
53242.5,asm,0.22164388738923094,0.0052339086138904435,0.13170154865763514,0.020927923051476196
53243.5,asm,0.24965701650697844,0.004545695345957047,0.17371298542779137,0.017357619034061682
53244.5,asm,0.24184548892662305,0.004282420997876714,0.15677029404958884,0.016063566265217842
53245.5,asm,0.26078027681539373,0.004812288640650957,0.17890380230945685,0.018232552811482866
53246.5,asm,0.2592884816918352,0.005928382248420196,0.19588201373972103,0.023372599484642032
53247.5,asm,0.24344336105413314,0.0068806461235195,0.14640683061836887,0.026102266688968492
53248.5,asm,0.2795776975378029,0.005438947691650554,0.16603698272942924,0.01923118793757935
53249.5,asm,0.2585601149225654,0.0041869512368965895,0.1332951572532064,0.014159642773862774
53250.5,asm,0.2671896157083131,0.003747142810902302,0.17366822669296655,0.013506891816296811
53251.5,asm,0.25146125586444107,0.00454243790782542,0.13471688329196568,0.015195585820600458
53252.5,asm,0.2741753317383111,0.0036376528661582297,0.12119091243239435,0.01166593313940625
53253.5,asm,0.2805825320547392,0.003275885430116886,0.13910864561071057,0.010355650608972856
53254.5,asm,0.2959576617330901,0.004381853421519227,0.15700268639585913,0.014973332416305135
53255.5,asm,0.29600131086790427,0.00351086960873775,0.18417802994825241,0.01125766224207552
53256.5,asm,0.29127432128746183,0.00417479722253276,0.19161879562403897,0.01369197292892077
53257.5,asm,0.3105933859683032,0.005012267858499174,0.18438957855729576,0.015828955965313043
53258.5,asm,0.3271359448870631,0.005691544862993031,0.1707593057599692,0.016204378090761147
53259.5,asm,0.3387603121760271,0.006659487076785329,0.2406940312598226,0.021274975373853672
53260.5,asm,0.32027868583591057,0.007868133895250255,0.23097163371264984,0.02370221047534372
53261.5,asm,0.2939232044956283,0.011082066196027052,0.17829396303692047,0.03252326825713433
53262.5,asm,0.3615326123646286,0.010595054700105518,0.23418972562258517,0.03246161709297736
53264.5,asm,0.355767911183418,0.00784738534761638,0.1882591920064277,0.02340581404745336
53265.5,asm,0.3425526631154976,0.008641388851535049,0.1514339880884592,0.02175100252338876
53266.5,asm,0.35108903057840907,0.009356444416224177,0.20766296806675497,0.025388272674544726
53267.5,asm,0.33440348608106063,0.014128096107059604,0.12821533507733132,0.0305009931385004
53268.5,asm,0.3928022636447142,0.01986868897040563,0.2529162826784208,0.053286835671414616
53269.5,asm,0.44221705673390377,0.015687368928568857,0.304428883235218,0.04149706783992736
53272.5,asm,0.4216860244154101,0.011343541547057882,0.2105436613577182,0.02993157995759492
53273.5,asm,0.4313557361724789,0.010802720727463865,0.19850638077383487,0.027769579095225996
53275.5,asm,0.4000778644881924,0.008408965455303495,0.20300355487809824,0.02078161282976785
53276.5,asm,0.41593911431132613,0.01148691867310351,0.1806920281746964,0.027315076386508628
53277.5,asm,0.4785333251953125,0.017466665903727214,0.33157586107797493,0.044883958993071335
53278.5,asm,0.40121422743340507,0.011472669499911377,0.21331930964752902,0.02594543546486479
53281.5,asm,0.48236160996689326,0.01701556426450481,0.2868311542691425,0.04229680914601639
53282.5,asm,0.46007538154301386,0.013871011606795153,0.25023454558070446,0.03542233673488094
53283.5,asm,0.4970807640469453,0.012948229061051801,0.2725135815421475,0.03183299398683866
53284.5,asm,0.4210503823121602,0.012007003115124789,0.14393776232300978,0.024721033927863373
53285.5,asm,0.4301726398615356,0.01620980278105195,0.16569459536826942,0.03048647679959828
53286.5,asm,0.45085877924467477,0.005616658277991535,0.18476801292468026,0.0118699440607496
53287.5,asm,0.4437984348713818,0.008072474923695443,0.19815862536317985,0.01731974764677363
53288.5,asm,0.4440503366586113,0.005402080182707158,0.1796872913635793,0.011172853321760334
53289.5,asm,0.4170080810671684,0.015897946722365826,0.08249969898372972,0.024626877457218296
53290.5,asm,0.4457941035033277,0.007145126463044522,0.1985519288753923,0.01586559666048471
53291.5,asm,0.4581830409818153,0.004510875093684406,0.19966287232143398,0.008958089963985826
53292.5,asm,0.47519640914146377,0.004892322265432827,0.21122274975731403,0.009993596860501825
53293.5,asm,0.46141381659721453,0.008220671649731559,0.21385032243327104,0.017472542746544212
53294.5,asm,0.465433779851467,0.0048184160531839215,0.20664666441459495,0.009930287853649715
53295.5,asm,0.4785924707338245,0.004801653001920892,0.19772903892711222,0.00946536348323733
53296.5,asm,0.44437056003904274,0.004756691542186792,0.17931818511737718,0.009870397322870022
53297.5,asm,0.4708815394918373,0.004057105342175665,0.19788777198203997,0.008046461421952962
53298.5,asm,0.4467389882288294,0.006584101825968041,0.17859764909174528,0.012525695134217722
53299.5,asm,0.4636498727788129,0.005116583277568693,0.18873105797146775,0.009793051603627494
53300.5,asm,0.4650866741048639,0.008393075943362294,0.16622331788536782,0.015383956060000127
53301.5,asm,0.5030227826581181,0.006256734561185006,0.22268526829883892,0.012128031451578697
53302.5,asm,0.49301594732119497,0.010037530217032279,0.22382752270900008,0.01964692225526817
53303.5,asm,0.504265569584439,0.010910199364623738,0.19595280258738115,0.020413975560839372
53304.5,asm,0.4931054188204794,0.013677481749295452,0.22241808350765233,0.02664553502017047
53305.5,asm,0.48010614581466127,0.0096452895003289,0.20267791350207603,0.018810099551853716
53307.5,asm,0.48699418821204943,0.00824777401387234,0.18346099935643115,0.015634947477899456
53308.5,asm,0.3456000010172526,0.019733333587646482,0.14109049248403896,0.041469753380526865
53309.5,asm,0.47039998372395836,0.01706666628519694,0.1476964801749454,0.02648223128264803
53310.5,asm,0.5363195645944132,0.013722519679398762,0.3158937098773497,0.03282912262365804
53311.5,asm,0.5242724353731355,0.016452027872450942,0.3030639514295028,0.03581427691092729
53321.5,asm,0.5106005428242082,0.011519292216929907,0.2341291017048631,0.021624922122683066
53322.5,asm,0.36213333129882813,0.03346666653951009,0.2222222222222222,0.08705362679550215
53323.5,asm,0.4142666625976563,0.02346666653951009,0.17346410684145344,0.04781409255104043
53324.5,asm,0.5079282383893823,0.014522225409955137,0.34955531902847714,0.03651746813516947
53325.5,asm,0.47275294458582995,0.011958378035969094,0.3016305681835686,0.02785423562027608
53326.5,asm,0.36298306765114613,0.016237601094686607,0.19477476179701472,0.03664522317543049
53328.5,asm,0.2853333282470703,0.02880000114440918,0.16169648989711946,0.07362048756390097
53329.5,asm,0.5090564559091783,0.010204790038872877,0.30307927317057304,0.02039476780234716
53330.5,asm,0.3570666758219401,0.06493333180745443,0.08338158766944975,0.19104267256628532
53331.5,asm,0.3024000040690104,0.03333333333333333,0.19721870706355593,0.08140431454910324
53333.5,asm,0.36528270301456633,0.013703086440931751,0.26076975132658614,0.03241050820474163
53334.5,asm,0.45228686499924103,0.012305416647383707,0.3535063547415069,0.027832668603465
53335.5,asm,0.43336262288710636,0.014273961584366604,0.28118989894682667,0.02938599659497963
53336.5,asm,0.45369183240285166,0.009955871948864126,0.30331871698015744,0.02154716417389305
53337.5,asm,0.45875517312364783,0.006929905344565145,0.3396232142614128,0.01589929857272911
53338.5,asm,0.4486397414913022,0.007052868936986907,0.2893779082868039,0.015896279660267628
53340.5,asm,0.34150027584429293,0.017297687150896916,0.23021400996872432,0.03930771829650211
53342.5,asm,0.35534294868729727,0.017170639739701527,0.19263954486083817,0.041880000628767504
53343.5,asm,0.361515708939358,0.013811104288572065,0.18407884801187122,0.032955366480510985
53344.5,asm,0.36990188502844157,0.008444911113586135,0.1965938991851234,0.018913324248972845
53345.5,asm,0.354132339253151,0.00533670248957088,0.20512939214245296,0.013251689812009283
53346.5,asm,0.343862700010928,0.0049313139926342505,0.2247033412187378,0.01313008821841697
53347.5,asm,0.36256749360112744,0.005352929040399498,0.2472679158950025,0.014227953960058602
53348.5,asm,0.32328299451378145,0.004799319664998461,0.22251369024549508,0.013878608638612046
53354.5,asm,0.39106666564941406,0.026000000635782877,0.1888752933306223,0.07429404139834997
53355.5,asm,0.35192342519613357,0.015815646753963783,0.15987282192324145,0.04628489125669952
53356.5,asm,0.2799577397413766,0.015841300646167775,0.11513590194818506,0.048254386425385744
53357.5,asm,0.3170391831975687,0.021746493663795267,0.166337240940672,0.07735858998486368
53358.5,asm,0.27720877621516565,0.014104767457028483,0.2510977558939975,0.06272693335118577
53359.5,asm,0.28996338956202683,0.00875248671300605,0.19909118731116543,0.030652459331044064
53361.5,asm,0.25519999186197917,0.024400000572204594,0.22867512488632932,0.0833925620690172
53362.5,asm,0.30503427442397407,0.010882752553896488,0.24273473437052007,0.03495251485966066
53363.5,asm,0.3087224322708141,0.018653020446974315,0.257088892669495,0.064478451770233
53364.5,asm,0.28604707453283196,0.015854858119465215,0.26923991142042053,0.058455522293416246
53365.5,asm,0.32490451603667536,0.01219902582291226,0.1895226664139271,0.036369137232167364
53366.5,asm,0.22960243375069472,0.012131660188318943,0.03881873151348303,0.0486798863908484
53367.5,asm,0.28439999898274737,0.02253333409627279,0.1948627152450964,0.0829083235838744
53368.5,asm,0.20891949991867653,0.03258656255174499,0.12839098716173664,0.1332324984389658
53369.5,asm,0.2559547335654754,0.022271426212019007,0.254580361532971,0.09199173111890573
53370.5,asm,0.2248802713478727,0.015419769595410363,0.10706579718646231,0.05314734227792564
53375.5,asm,0.20693333943684894,0.026799999872843424,0.029652351694619824,0.1340030372168786
53376.5,asm,0.15947300764522226,0.014567359918760587,0.15972044791107654,0.07721683156497888
53377.5,asm,0.2255439118105646,0.02571892778249867,0.25033297798650017,0.1031269921485194
53380.5,asm,0.16854089174999942,0.011345648352127381,0.03224749292878874,0.053471464927272915
53381.5,asm,0.18245568353265254,0.016702587283649494,-0.051293566943714966,0.08008921658960096
53382.5,asm,0.1521333312988281,0.03359999974568685,0.17543859366883793,0.17363836102414584
53383.5,asm,0.16298930976534468,0.02121898383438486,0.09741093790018732,0.12559736693073253
53393.5,asm,0.23838872019221957,0.009848412496643345,0.14255521161439327,0.04531367272840477
53394.5,asm,0.2186114338231478,0.005661600439561656,0.15839254156897373,0.02698626512462063
53395.5,asm,0.20307914201105604,0.013960378574347645,0.15587208995222793,0.07182397737425326
53396.5,asm,0.12920148904544546,0.010063202478753929,0.19033464456027877,0.0889902961275924
53398.5,asm,0.19207883393395972,0.007619996739659509,0.1904627970170335,0.043258927601580094
53399.5,asm,0.1919680959379921,0.00385600876147557,0.08971541072387028,0.01807599236294622
53400.5,asm,0.19757227659414905,0.0036104163552893765,0.12280288077387401,0.017975870496600408
53401.5,asm,0.20213510844387186,0.006472485802766475,0.13665950889461606,0.025678130733815134
53402.5,asm,0.1930139381201573,0.008985345408839116,0.037415020269766015,0.04207664315858801
53405.5,asm,0.20413844102822562,0.004999242864621755,0.1310171607962699,0.02298386631831947
53406.5,asm,0.19984795179237666,0.006925995464415558,0.13331494002318464,0.03162229908265866
53407.5,asm,0.2303099461724881,0.006095624981439216,0.1868942549722218,0.028888174513645348
53408.5,asm,0.15386530761092532,0.01111367344932495,-0.029690292984043434,0.05298288201110677
53409.5,asm,0.19327672104307336,0.005888971613462644,0.12285442218964518,0.027203184155029897
53410.5,asm,0.20138429307626882,0.004669479275791139,0.1496986408462287,0.02206500690276804
53411.5,asm,0.1905486688023638,0.0066950015730354966,0.14648694571064172,0.03196214302114707
53412.5,asm,0.18882851584910498,0.0038750870807887417,0.09606398975797359,0.01810271808576668
53413.5,asm,0.21044012198221151,0.00420810900698939,0.1343083846257343,0.01969538214107716
53414.5,asm,0.2146600062068496,0.004107732757800995,0.14276166768896267,0.018466048942672623
53415.5,asm,0.19192227290386688,0.004567798078758129,0.10923711174392522,0.02138222494593749
53416.5,asm,0.20481185217132533,0.003949944359878132,0.11196383567646613,0.018115085636300137
53417.0,bat,0.009534272727272728,0.0021728636363636364,,
53417.5,asm,0.2109550654994808,0.005127861118388369,0.09083165161012931,0.024747316976968574
53418.5,asm,0.22118364742338548,0.00629629576170754,0.1806204154468022,0.03426719853992675
53419.5,asm,0.20825387152644287,0.007296129708863083,0.1306042881168248,0.03835286331822528
53420.5,asm,0.20396963065899307,0.00660394908209226,0.10232650300363481,0.03232451918730378
53421.5,asm,0.20626667022705078,0.01559999942779541,0.1016597493953715,0.08027660073926388
53423.5,asm,0.23920000712076822,0.023066666920979816,0.30713547106283895,0.13203061713538516
53424.5,asm,0.21813334147135416,0.023733332951863608,0.2361110973137402,0.14857691518049884
53425.5,asm,0.1736187880727304,0.007548005145292885,0.02997580774789494,0.039636166604540196
53427.5,asm,0.18466911861918517,0.009284761324700871,0.17281523315535965,0.047660870503691236
53428.5,asm,0.13370873096711458,0.013590602779283456,0.1581825847172113,0.08726476624708841
53429.5,asm,0.17968876705744408,0.015305278641384668,0.029269706435006558,0.06654740610437511
53430.0,bat,0.014046090909090909,0.0028215,,
53430.5,asm,0.1871218920718567,0.010587970064752344,0.17819043396179052,0.054926669545926406
53431.0,bat,0.04085859090909091,0.009334545454545455,,
53431.5,asm,0.17811014092203725,0.00851436225221399,0.1205636820576267,0.04762913307455334
53433.5,asm,0.11532113180823106,0.04056819480424969,0.3024244147068671,0.2546375627199245
53434.5,asm,0.1619323789931183,0.014726895790165022,0.1512605080097952,0.06490429445035717
53435.0,bat,0.01878959090909091,0.003804590909090909,,
53435.5,asm,0.17524771888029614,0.019689259417694963,0.0292054589135132,0.11505135532115404
53436.0,bat,0.023570681818181817,0.004474636363636364,,
53437.5,asm,0.1904265784772263,0.03118894146038554,0.38537723730204243,0.1557320382961628
53438.5,asm,0.1728885723697535,0.011132302543185276,0.2876875055721224,0.07187389924582935
53439.0,bat,0.034814727272727275,0.008053818181818181,,
53439.5,asm,0.15486035093384656,0.00601969365384637,0.12651678465205518,0.035060057822061494
53440.5,asm,0.18104328137262418,0.0063236955324187105,0.10119189813761274,0.02929953961598433
53441.5,asm,0.16855867039737643,0.005017446901739959,0.1266302602572616,0.02948657796600915
53442.5,asm,0.15808785511121398,0.007038264532571828,0.11090581303645801,0.04116894865201101
53443.5,asm,0.14511269229700416,0.005520756899140457,0.1458832018710797,0.03831671177308685
53444.5,asm,0.15224439977831172,0.005341706499532957,0.09712474875915238,0.031909959089477045
53445.5,asm,0.15059430884281988,0.0039011939255275893,0.11409010217614302,0.023327028051249157
53446.5,asm,0.1619455127051517,0.0038759766416655737,0.11162620774352226,0.02397664871269656
53447.5,asm,0.14322955724943567,0.004108336256388635,0.07566229020596531,0.024112978572207802
53448.5,asm,0.14820616617027027,0.0036431603566321425,0.09681898735611301,0.023566741216367964
53449.5,asm,0.14099695558255013,0.0038096397819716134,0.10683110917235802,0.026547734723105842
53450.5,asm,0.13153315432844978,0.0033235577232466696,0.07642864628791694,0.023539301870951598
53451.5,asm,0.13473690094863056,0.0030352403461110715,0.07841524607037284,0.021322651301525754
53452.0,bat,0.011756318181818182,0.0036939545454545454,,
53452.5,asm,0.12702546962498787,0.003390097219740608,0.11772094466036369,0.025384922949035695
53453.0,bat,0.01502431818181818,0.005851909090909091,,
53453.5,asm,0.12291275342030014,0.0036075254186243287,0.13753043826348058,0.028010532653228594
53454.5,asm,0.11600157567305201,0.003227730223502078,0.11635513317961076,0.026882498848204022
53455.5,asm,0.1282367074440488,0.0033710205628568832,0.18237075468168676,0.026822947194045012
53456.5,asm,0.10757371544607232,0.0032552026811931323,0.08089310084010175,0.02787673189832139
53457.5,asm,0.10789101977043669,0.004000707658066234,0.11239437285068409,0.03284944090201887
53458.0,bat,0.02320340909090909,0.009509454545454545,,
53458.5,asm,0.09758173922392964,0.004872887827124326,0.10641406342698835,0.04560792520141895
53459.5,asm,0.10877300121020994,0.003484742198747116,0.14112433468725386,0.03218720241124278
53460.5,asm,0.1019787741491619,0.003634949019677805,0.15151880086952574,0.03642586692675135
53461.0,bat,0.03326104545454545,0.009951272727272727,,
53461.5,asm,0.10514253387528641,0.0033880917922073455,0.20401941795578166,0.03483649370790612
53462.5,asm,0.10287081155123064,0.00334554831104391,0.18655493263629314,0.03157161647645788
53463.5,asm,0.10083328198515083,0.004349817749485329,0.14168920493355472,0.042672451714417504
53464.5,asm,0.11044748841246686,0.005293298051706778,0.2726096794799714,0.05437492573500422
53465.0,bat,0.02800331818181818,0.003809318181818182,,
53465.5,asm,0.10659744351926437,0.0038178999910754587,0.25740782129834033,0.04078951138458556
53466.0,bat,0.015629681818181817,0.002982090909090909,,
53466.5,asm,0.10954068493286757,0.005134536513171587,0.3000019409897361,0.05759332828616421
53467.5,asm,0.08790572496457705,0.003713094562122585,0.3710109907001003,0.05474009292453221
53470.0,bat,0.02750509090909091,0.0069651363636363635,,
53473.0,bat,0.05981931818181818,0.007124,,
53475.0,bat,0.07163159090909091,0.003873409090909091,,
53475.5,asm,0.05058700997236237,0.0069300396365368855,0.8174889036718695,0.31234579904400506
53476.5,asm,0.033590705839277125,0.005720629018862565,0.7613457490768336,0.3259474562800361
53477.5,asm,0.03580599407512636,0.008294427173833703,2.3238527454077205,1.4508791181174594
53478.5,asm,0.03486747991116255,0.007982879809844058,0.765423718903123,0.5525495120363355
53479.0,bat,0.06368381818181819,0.008387181818181818,,
53479.5,asm,0.02541335625564616,0.005732432825604036,1.0220003138932785,0.4758618494183872
53480.0,bat,0.05265031818181819,0.007333363636363636,,
53481.0,bat,0.04578636363636364,0.02038168181818182,,
53481.5,asm,0.025843140254258438,0.008291193512685506,1.3495010916010708,0.6869805979205988
53483.0,bat,0.04143472727272727,0.008949136363636364,,
53483.5,asm,0.05454011981186684,0.020561567770494248,0.9928037768083072,1.0358159856606703
53484.5,asm,0.04042185218792944,0.015056112997663776,1.3309047398400928,1.4785133481552863
53489.5,asm,0.011193731963465096,0.005282122788935682,0.3438215250215764,0.6287165297960776
53490.5,asm,0.010347837002333634,0.0034658401797440425,0.3192945852812823,0.6629087549906617
53491.0,bat,0.030908181818181817,0.006890136363636363,,
53492.5,asm,0.009874083801716583,0.0030874449124990333,1.6542107884190043,1.0986763418233318
53496.0,bat,0.01807909090909091,0.0039074545454545456,,
53497.5,asm,0.012643642012995041,0.0037284967684105504,0.8598571591689569,0.6413073612798807
53502.0,bat,0.012008909090909091,0.004148045454545455,,
53502.5,asm,0.015354142110401684,0.004852183180922045,5.042381356199185,12.87472026039398
53503.5,asm,0.016332338917738685,0.004320084115922057,1.9625737209854306,2.7553265443929105
53504.0,bat,0.02158831818181818,0.007378727272727272,,
53505.0,bat,0.034355363636363635,0.015551636363636363,,
53505.5,asm,0.02122548929571452,0.006753780643179875,3.2784822206099387,4.6186253683972325
53510.5,asm,0.015331404166256224,0.0064871273316567,-4.352023327435215,4.835653911233531
53511.0,bat,0.01381759090909091,0.006032045454545454,,
53514.5,asm,0.013344210579338153,0.0056595778767021855,-14.516786606751312,86.78328892136568
53516.5,asm,0.03172307434023165,0.009854345773314788,3.0856087062752526,2.604456847921799
53524.5,asm,0.039919062373115516,0.015582337925086145,-0.003776928883859348,0.2063765313654315
53541.0,bat,0.031233818181818182,0.014262045454545454,,
53558.0,bat,0.007186363636363636,0.002784227272727273,,
53561.5,asm,0.01850663657002322,0.005946564723466398,0.631860513335056,0.4812169616787723
53576.5,asm,0.012547963899882712,0.005409404144725266,0.03823066044090163,0.358874761179136
53582.5,asm,0.023408924526757274,0.010958556907712025,-5.5373329802105635,13.57531436023206
53598.5,asm,0.013513338089353448,0.004246130737440139,1.1430296570307694,1.2226934459087755
53604.5,asm,0.005912962521418831,0.002816647728671499,1.288783619413692,1.2236242203739065
53606.5,asm,0.009208787511770579,0.004273481408255715,0.7938802686922427,0.6135620052143648
53618.5,asm,0.012292534731908021,0.006005372625975016,4.52267798223704,6.465424285786647
53639.0,bat,0.005474272727272727,0.0022670454545454543,,
53643.0,bat,0.010279454545454546,0.004166454545454545,,
53667.5,asm,0.031765879732288796,0.004128702754169096,3.5739075753273486,1.7042400482717788
53699.5,asm,0.02463550771503181,0.011642056732072045,0.8533468139956245,0.9077571646100419
53749.5,asm,0.04586666742960612,0.02213333288828532,0.6415094288696638,0.43159545791788756
53758.5,asm,0.012835302752526007,0.005531014845782074,-0.08498208458881744,0.9259329586121127
53759.0,bat,0.014899909090909092,0.006579454545454545,,
53762.0,bat,0.030474454545454548,0.008903045454545455,,
53763.0,bat,0.010760136363636364,0.003274227272727273,,
53764.0,bat,0.015134272727272729,0.00473090909090909,,
53765.0,bat,0.018442954545454544,0.003965363636363636,,
53766.0,bat,0.025341727272727273,0.006904545454545454,,
53767.0,bat,0.036887636363636365,0.005594363636363636,,
53767.5,asm,0.01616635742597544,0.005093513277387025,0.437144681976294,0.3563748257618339
53768.0,bat,0.03222522727272727,0.003782409090909091,,
53768.5,asm,0.009364911703425988,0.0038634358099357306,-0.27851696525132963,0.4804124263599305
53769.0,bat,0.03507081818181818,0.004381272727272727,,
53770.0,bat,0.026050636363636363,0.004040863636363636,,
53771.0,bat,0.03163472727272727,0.003722863636363636,,
53772.0,bat,0.029082545454545455,0.005342318181818182,,
53772.5,asm,0.027429942630430696,0.012238597536379948,5.959886992511291,15.70924822709723
53773.0,bat,0.0340955,0.0044072727272727276,,
53774.0,bat,0.025974499999999998,0.010516318181818182,,
53774.5,asm,0.03123577385777406,0.008904514763169386,0.9522795578277794,0.6390386722529606
53775.0,bat,0.032250772727272725,0.0116155,,
53776.0,bat,0.04493963636363636,0.006891909090909091,,
53777.0,bat,0.04464109090909091,0.006643909090909091,,
53778.0,bat,0.033558454545454544,0.007640727272727273,,
53779.0,bat,0.043061136363636364,0.014989136363636362,,
53779.5,asm,0.040021296297510355,0.010866534752357286,0.7265319444615252,0.5089773127204598
53780.0,bat,0.03423763636363636,0.005549136363636363,,
53781.0,bat,0.05500377272727273,0.006784772727272728,,
53784.0,bat,0.05394040909090909,0.009869,,
53785.0,bat,0.03622131818181818,0.014091227272727273,,
53786.5,asm,0.026047095444023612,0.006177884773152091,1.009078300929905,0.409175856657543
53787.5,asm,0.04072801057537158,0.010312783731443302,1.2414497396305066,0.6401750616357144
53788.0,bat,0.05666168181818182,0.01502990909090909,,
53789.0,bat,0.049018909090909085,0.016918590909090907,,
53795.0,bat,0.04723977272727272,0.005085318181818182,,
53795.5,asm,0.036461079069115124,0.010125200707442198,1.0104958057054354,0.6259911106154294
53796.0,bat,0.053404045454545454,0.005267181818181818,,
53796.5,asm,0.0200286734041498,0.006785606425556486,1.0448963639520978,2.5677489388369965
53797.0,bat,0.05868054545454545,0.007125409090909091,,
53798.0,bat,0.057960590909090906,0.007240954545454545,,
53799.0,bat,0.06438163636363636,0.006489045454545455,,
53799.5,asm,0.01157410071669059,0.005250921331041191,20.70337610179028,140.88050620048176
53800.0,bat,0.06217618181818182,0.006726454545454545,,
53800.5,asm,0.019473783440739974,0.0039370628850018225,1.295671482100277,0.5452348432918455
53801.0,bat,0.059781545454545455,0.007575772727272728,,
53801.5,asm,0.020925471611533096,0.005252736856291122,0.3165839396061249,0.611145384749828
53802.0,bat,0.06007,0.007837,,
53802.5,asm,0.01296726316304352,0.0032557121701868143,0.6359302073927567,0.36620310173890025
53803.0,bat,0.04509759090909091,0.006097954545454545,,
53803.5,asm,0.02705477979582089,0.003183558834491927,0.8099670640614209,0.2669788994017059
53804.0,bat,0.06730359090909091,0.005472909090909091,,
53804.5,asm,0.024899029923701004,0.0030333999255310043,1.428232507264157,0.37676090502746823
53805.0,bat,0.05509845454545454,0.008048681818181818,,
53805.5,asm,0.019031706946678297,0.0037888897660349544,1.64727464578085,0.8641038313281805
53806.0,bat,0.06016659090909091,0.005570045454545454,,
53806.5,asm,0.024700897751088566,0.003189011256461556,1.137401872255381,0.34093364351632316
53807.0,bat,0.06923731818181818,0.022371181818181818,,
53807.5,asm,0.022302114180729204,0.0029087588083523976,2.065608284012782,0.5928106468861231
53808.0,bat,0.06611790909090909,0.004631454545454545,,
53808.5,asm,0.014905408100482418,0.0030843522033090977,1.750001337394388,0.709150918299128
53809.0,bat,0.06421259090909091,0.004247090909090909,,
53809.5,asm,0.013901111126232617,0.004452483242744962,2.0549500928869127,1.512445050183982
53810.0,bat,0.06298159090909092,0.004568318181818182,,
53810.5,asm,0.014452376464770097,0.003220806201332281,0.5754218371112424,0.35329546808512213
53811.0,bat,0.06566754545454545,0.0056450909090909095,,
53811.5,asm,0.009398673963767984,0.0039332656489850576,0.5667968182940001,0.49247623540861346
53812.0,bat,0.07369595454545454,0.006964318181818182,,
53812.5,asm,0.023177764268305836,0.003612763186257529,1.6809077237265695,0.4880993891497821
53813.0,bat,0.07123863636363637,0.006626590909090908,,
53813.5,asm,0.02005957799519532,0.003682367856488772,1.5029099906162875,0.6254468378242558
53814.0,bat,0.0688070909090909,0.005912590909090909,,
53814.5,asm,0.022087332715439754,0.0030626204369074957,1.8262737952493868,0.7253975624656972
53815.0,bat,0.08753895454545454,0.007552090909090909,,
53815.5,asm,0.019813989709953926,0.002958851291243628,1.0468314443381053,0.39158655644665513
53816.0,bat,0.06954940909090909,0.005902454545454545,,
53816.5,asm,0.010342762795006864,0.0034342426453569433,1.8435338075085335,1.8021468744951803
53817.0,bat,0.07404913636363636,0.009530681818181818,,
53818.0,bat,0.07246736363636364,0.004444636363636363,,
53818.5,asm,0.011225051292102429,0.0037790576211862827,0.6585665552119053,0.6776884730049614
53819.0,bat,0.07116413636363637,0.004375181818181818,,
53819.5,asm,0.024288695399514434,0.003744114528019255,2.3334750363743044,1.0193185453859526
53820.5,asm,0.020081655534247022,0.003887037740328553,0.7255210393013156,0.5036348791553292
53821.0,bat,0.06738163636363637,0.009404090909090909,,
53821.5,asm,0.032510421384712135,0.006905552141160318,2.731446777483188,1.5695476142152993
53822.0,bat,0.07128722727272727,0.007809136363636364,,
53823.0,bat,0.07110604545454545,0.013358,,
53823.5,asm,0.021846538572646956,0.00809338167873262,1.226679762618773,1.0011320963831762
53824.0,bat,0.08315345454545454,0.012482227272727273,,
53824.5,asm,0.027256508031337147,0.008209982635324709,-8.227441397169901,16.553536126415104
53825.0,bat,0.07861554545454545,0.012072636363636364,,
53826.0,bat,0.0810240909090909,0.015820318181818182,,
53827.0,bat,0.06694559090909091,0.011364954545454546,,
53828.0,bat,0.07851922727272728,0.013342772727272726,,
53829.0,bat,0.07138459090909091,0.008810909090909091,,
53830.0,bat,0.07135131818181818,0.008431181818181819,,
53830.5,asm,0.026117069039155016,0.01251849893866119,0.6443553446678795,0.7463194450157934
53831.0,bat,0.08070522727272728,0.006825090909090908,,
53831.5,asm,0.026442955962336187,0.012807147668131147,0.712659466899064,0.9031543314615013
53832.0,bat,0.08004077272727274,0.006605909090909091,,
53833.0,bat,0.07726895454545454,0.006174636363636363,,
53834.0,bat,0.061454545454545456,0.0060901818181818175,,
53834.5,asm,0.020111499859069112,0.008058546017308496,0.09366866249259204,0.6629583254958641
53835.0,bat,0.07159136363636363,0.0067389090909090905,,
53836.0,bat,0.06752022727272727,0.0049524999999999994,,
53836.5,asm,0.027866234439788945,0.008417021319121115,0.4934894996679251,0.46818690983698197
53837.0,bat,0.07562949999999999,0.012057227272727272,,
53840.0,bat,0.06627586363636363,0.005849590909090909,,
53841.0,bat,0.056049409090909094,0.006542681818181818,,
53842.0,bat,0.08707236363636364,0.01691359090909091,,
53843.0,bat,0.06309381818181818,0.009625,,
53843.5,asm,0.02529312061332738,0.008504228100121794,8.839857882501303,26.438423853804384
53844.0,bat,0.0699575,0.007961545454545454,,
53844.5,asm,0.03479999860127767,0.017333332697550455,4.175675505874279,3.969913800431116
53845.0,bat,0.0667595,0.005468772727272727,,
53845.5,asm,0.030328674116446484,0.01361536423353774,1.1905044146498782,0.9447697938994872
53846.0,bat,0.08998090909090908,0.008313954545454545,,
53846.5,asm,0.02533967861958356,0.005655869243485227,0.8434293364330745,0.45366306901090897
53847.0,bat,0.06827245454545455,0.0057364090909090915,,
53847.5,asm,0.011930780982595134,0.004159188699111804,1.2422249289261629,0.6556576763322841
53848.0,bat,0.06379768181818181,0.006723636363636363,,
53848.5,asm,0.021469940879269362,0.00392503088339897,0.37052613181666605,0.35282409645388363
53849.0,bat,0.06448818181818182,0.0060258636363636365,,
53849.5,asm,0.019420310443462298,0.0036475801249281972,0.48161548718349523,0.4378096444624904
53850.0,bat,0.06525713636363636,0.005723,,
53850.5,asm,0.01734938100391658,0.00317223174937985,0.9083714775253704,0.40546519577230633
53851.0,bat,0.05738859090909091,0.006459227272727273,,
53851.5,asm,0.020618472049622354,0.005402068320280378,0.6338791488423019,0.37373442261272216
53852.0,bat,0.059273681818181816,0.004987318181818181,,
53852.5,asm,0.02685933274903893,0.00381552209665576,1.3118684954284157,0.43152933563722984
53853.0,bat,0.07584859090909091,0.01519459090909091,,
53853.5,asm,0.01203830382000011,0.004285719093654636,1.100887734304154,1.3675477947908437
53854.0,bat,0.053395454545454545,0.0040565,,
53854.5,asm,0.018185466932833138,0.0038097570725021696,2.1133292000444186,1.2633625185501847
53855.0,bat,0.04725790909090909,0.006985318181818182,,
53855.5,asm,0.008804279706873286,0.0030471852784412366,1.3123355713807312,0.6106392085048614
53856.0,bat,0.056145045454545454,0.0057673636363636364,,
53856.5,asm,0.02970167739946188,0.004718244392111359,1.030559847258119,0.30218979353850617
53857.5,asm,0.017163792768816192,0.0031034691166117855,1.954707246188232,0.7632160384951756
53858.5,asm,0.011376416439055665,0.0038014770961939297,3.2072178912417204,2.949645907849825
53859.0,bat,0.044354954545454545,0.01212890909090909,,
53859.5,asm,0.018321156450247525,0.003982308877410452,0.655575897608168,0.426036855329175
53860.0,bat,0.02292718181818182,0.010617818181818181,,
53860.5,asm,0.007975124114357558,0.0027589366867428206,0.4212447327520426,0.4236840659213521
53861.0,bat,0.04545495454545454,0.02197859090909091,,
53861.5,asm,0.007382519542137517,0.0033691579923950956,15.175751568679669,87.43194789873048
53862.5,asm,0.015496445878389263,0.0033257182729301204,1.094240272523205,0.542878066368674
53863.0,bat,0.029861954545454546,0.011616045454545454,,
53863.5,asm,0.013611446648991634,0.003651896441132892,1.869105806628239,1.2112621729908957
53864.0,bat,0.03604827272727273,0.007186772727272727,,
53865.0,bat,0.036378545454545455,0.010167318181818182,,
53865.5,asm,0.016544985665828058,0.003979051197544096,4.263244131264782,3.181158402531841
53866.0,bat,0.03474168181818182,0.007254045454545455,,
53866.5,asm,0.009711987490803077,0.0035100606629211877,2.145851782723345,1.8201087221442145
53867.0,bat,0.02525377272727273,0.011368818181818181,,
53867.5,asm,0.011420545969152013,0.005058655509723779,5.928856212222735,17.49412008066476
53868.0,bat,0.028247590909090906,0.008854363636363636,,
53869.0,bat,0.017420681818181818,0.006313454545454546,,
53869.5,asm,0.012564753292964763,0.005832750518459129,8.04987484612139,23.67514638833477
53870.5,asm,0.010790616173007014,0.004898710907837577,2.1976593575086447,3.9716235770630535
53871.0,bat,0.03154468181818182,0.0114055,,
53872.0,bat,0.02130309090909091,0.010252590909090909,,
53873.0,bat,0.018797227272727274,0.006310863636363636,,
53875.0,bat,0.018744454545454543,0.004186772727272727,,
53876.5,asm,0.011416482584524488,0.004706336623160785,2.321189605206003,3.8334182365056297
53877.5,asm,0.012539540704521169,0.004112618939823401,0.8611257729558023,0.648513756570144
53885.5,asm,0.01333813532019906,0.005392502904781712,2.552891413500538,3.505066558471959
53888.0,bat,0.016770863636363636,0.006678909090909091,,
53900.5,asm,0.016824181328645108,0.0061477387988540634,2.079114031895231,2.725710225509566
53911.5,asm,0.011006983406469878,0.005332570693462243,16.31354926798624,74.5723594546626
53914.5,asm,0.008294677430482405,0.003922912871468233,3.276785361431863,7.089558354021187
53930.5,asm,0.02341463769075394,0.006057847223939841,1.5906267886891545,0.780557114810884
53933.0,bat,0.0166375,0.007223909090909092,,
53953.5,asm,0.006780956219793644,0.0031210496718517495,-0.26277364799980524,0.3838508991334503
53987.0,bat,0.025148772727272724,0.011260727272727273,,
54001.5,asm,0.010308589822163471,0.003816092851997388,-9.746016568914255,17.044945074691043
54015.5,asm,0.008359529750242841,0.003323883393026387,0.9983780014170961,1.1106279903290681
54016.0,bat,0.019205227272727273,0.007919227272727272,,
54017.5,asm,0.007671075997292589,0.0037575765731704854,0.9781673278239695,1.046948633447495
54031.0,bat,0.011402045454545455,0.004891181818181818,,
54060.0,bat,0.05960354545454545,0.021515954545454543,,
54060.5,asm,0.027717767891605707,0.008294046891754722,3.338941680364088,3.4024154780981695
54061.0,bat,0.06053327272727273,0.023732590909090908,,
54062.0,bat,0.10630863636363636,0.02790490909090909,,
54063.0,bat,0.06162977272727273,0.015352818181818181,,
54065.0,bat,0.07936236363636365,0.01918440909090909,,
54066.0,bat,0.13753395454545456,0.03606872727272727,,
54068.0,bat,0.07629804545454545,0.03032759090909091,,
54069.0,bat,0.100988,0.0414465,,
54069.5,asm,0.044809429117974586,0.011089301741393854,0.6656237006012119,0.5986180580124778
54071.5,asm,0.05121097932783689,0.013593000996170683,0.9905109014670818,0.6643692754574275
54072.0,bat,0.093503,0.014708272727272726,,
54072.5,asm,0.06288704856807374,0.02106621037824706,-0.1322283319924559,0.1611185328169407
54073.0,bat,0.09076286363636363,0.021381,,
54075.0,bat,0.31661399999999995,0.09452845454545454,,
54076.0,bat,0.2593336363636363,0.0684405,,
54076.5,asm,0.15306666056315105,0.06799999872843425,0.5163398271834154,0.5385295216435617
54078.5,asm,0.05993174462599694,0.014438452238807808,0.984809317222226,0.7724051428467787
54080.5,asm,0.05448750591039861,0.012190303177232116,1.574725403157266,1.186959179169033
54081.5,asm,0.06537522611682432,0.019163703175425033,1.829448592129142,1.6089137791455184
54087.0,bat,0.21091263636363639,0.019114772727272727,,
54087.5,asm,0.09573333104451498,0.025466666221618653,1.0494700030665853,0.8155398780076516
54088.5,asm,0.055162348972917774,0.026992798792993603,5.385026766034414,5.120457606476221
54089.0,bat,0.24256863636363635,0.05431504545454545,,
54089.5,asm,0.05170395381404295,0.01033192238423653,1.9815587116202624,1.415714236016465
54090.0,bat,0.2219729090909091,0.012687181818181818,,
54090.5,asm,0.05962089328831876,0.021529450788093936,4.756586034634875,11.314721611503742
54091.0,bat,0.2219279090909091,0.02271259090909091,,
54092.0,bat,0.22888363636363637,0.01619790909090909,,
54093.0,bat,0.22850977272727274,0.013606409090909091,,
54093.5,asm,0.06362197707685349,0.013809980910528982,2.811226115798169,1.8288233879904257
54094.0,bat,0.2257342272727273,0.013508545454545455,,
54094.5,asm,0.05096021395635578,0.01089025199500135,1.2739970086643115,0.6596697797446595
54095.0,bat,0.24401736363636364,0.011039045454545454,,
54095.5,asm,0.06986716497534863,0.01790121312291847,1.69573858033361,1.6785463248606525
54096.0,bat,0.21977327272727273,0.010852272727272726,,
54096.5,asm,0.06006266467723,0.011403094586220247,0.6217417099248007,0.5135928806785826
54097.0,bat,0.2445404090909091,0.015986,,
54097.5,asm,0.07057235489961625,0.013957235629197479,2.0286837563462594,1.4350119413376368
54098.0,bat,0.2485305909090909,0.016563181818181817,,
54098.5,asm,0.06042783202509669,0.010008119831868782,3.621564072987499,3.070430411123498
54099.0,bat,0.186778,0.046319,,
54099.5,asm,0.07919519124799043,0.012160360169391676,1.3662696196309285,0.6240526752304708
54100.0,bat,0.24302586363636364,0.033028136363636364,,
54100.5,asm,0.25453333536783856,0.09453333536783855,2.1331521093014407,1.5054312621413015
54101.5,asm,0.07357143699858422,0.011292680792226336,0.5587871902271698,0.3779070599899641
54102.0,bat,0.2490235,0.010700454545454546,,
54102.5,asm,0.07442470712487931,0.009257897156747972,1.0893685563535889,0.3773522324181758
54103.5,asm,0.04853034289447789,0.01253902682037233,1.9303707118835147,1.3036702933649775
54104.5,asm,0.08781445358926634,0.008643299231456143,2.2893823611445416,0.664539135750217
54105.0,bat,0.26146949999999997,0.013151000000000001,,
54105.5,asm,0.09,0.026933333079020183,0.03125,0.7540392153768405
54106.0,bat,0.3450848181818182,0.03330545454545455,,
54106.5,asm,0.10651477027433741,0.012042875458179515,1.9184504924534744,0.5753304306437459
54107.0,bat,0.2786100454545455,0.01151940909090909,,
54107.5,asm,0.09082980419371087,0.010160050121267744,0.11032371435813135,0.26049440779778665
54108.5,asm,0.10830524559016977,0.016074275955310947,1.1945368591285528,0.4765049543208909
54109.0,bat,0.29519586363636363,0.029863636363636367,,
54109.5,asm,0.07666232076627119,0.018176105749059708,1.4270779007284797,0.6988080503709556
54110.0,bat,0.32160981818181816,0.10058677272727273,,
54110.5,asm,0.07359051938099113,0.014418752704329029,1.4716701948014965,0.9094298985392766
54111.0,bat,0.28522440909090907,0.014767272727272728,,
54112.0,bat,0.2801636363636364,0.08039931818181818,,
54112.5,asm,0.08451236832513273,0.009119493089404858,1.4325603147495383,0.48095291821143693
54113.5,asm,0.0843354584219892,0.008838157779414756,2.1521555226130333,0.6856260195211485
54114.5,asm,0.13890258862014312,0.0107622009231706,1.5880567472232303,0.3182352327786001
54115.5,asm,0.12413404352277269,0.006801692138610673,1.3628106722106594,0.24934863221408018
54116.5,asm,0.12843171800296968,0.005612660697366809,1.0568972560105714,0.1524017162986083
54117.0,bat,0.3959330909090909,0.017408954545454543,,
54117.5,asm,0.12945494237476213,0.006928595433094615,1.468256137292018,0.21243003255818205
54118.5,asm,0.1639102508407608,0.007508217145843815,1.668679576984893,0.2008097832403757
54119.0,bat,0.38233372727272724,0.015447227272727272,,
54119.5,asm,0.16067257407252092,0.007034158751260679,1.502594621042798,0.16630547963155362
54120.5,asm,0.15712269826616276,0.00978210367279079,1.4444265838755754,0.2739949362140906
54121.0,bat,0.4363562727272727,0.015726,,
54121.5,asm,0.13246444689250977,0.013464046999603015,1.451871661011031,0.44638638874021697
54122.0,bat,0.43722581818181816,0.01582231818181818,,
54122.5,asm,0.16859998714049793,0.005794594956956579,1.2542477009623176,0.13071903317225023
54123.5,asm,0.17216701359760825,0.005262222772057411,1.253024871514055,0.10361390752494457
54124.0,bat,0.47846299999999997,0.017063181818181818,,
54124.5,asm,0.18395567970803733,0.00766305991161246,1.3378784621370738,0.1514955670591346
54125.5,asm,0.1927470924382338,0.005701772049534074,1.3214509086759785,0.10442910278791488
54126.0,bat,0.5008491363636364,0.018109272727272727,,
54126.5,asm,0.1877471146595817,0.013030935331020671,1.1320438544212197,0.23964732818395787
54127.0,bat,0.49996954545454547,0.01792290909090909,,
54127.5,asm,0.1845886777417953,0.012970305504089966,1.4363766189096905,0.28297206918313633
54128.0,bat,0.5334105454545455,0.019059045454545454,,
54128.5,asm,0.23200063394964837,0.020750386572679795,2.056186316714721,0.5417244903453169
54129.0,bat,0.563370909090909,0.02023681818181818,,
54129.5,asm,0.208803868900363,0.011810276095216678,1.469992349007334,0.2396913609903459
54130.0,bat,0.5778731818181818,0.020763181818181816,,
54130.5,asm,0.2656578828615362,0.008910915401171287,1.402179400531273,0.12423624678198829
54131.0,bat,0.7022622272727272,0.03839463636363637,,
54131.5,asm,0.2869889557896357,0.011292836271279817,1.1400335693614496,0.11724420420150684
54132.0,bat,0.6161789545454546,0.02204459090909091,,
54132.5,asm,0.24160001118977864,0.028133331934611004,2.3042392128976714,0.835565857467562
54133.0,bat,0.6282629090909091,0.02837859090909091,,
54133.5,asm,0.30267353209857917,0.012523876767215135,1.2732832576184805,0.1320651651755368
54134.0,bat,0.6048071818181818,0.027638090909090907,,
54134.5,asm,0.29328374200245916,0.007686874082022491,1.4191220227870334,0.09818112835765724
54135.0,bat,0.610011,0.036450909090909096,,
54135.5,asm,0.29801623696208845,0.007942529390530034,1.4838262387376668,0.09962544289352732
54136.0,bat,0.6235359545454545,0.029211818181818183,,
54136.5,asm,0.2772000122070313,0.02880000114440918,1.6235488592402854,0.5387684114351221
54137.0,bat,0.6510652727272728,0.023452227272727274,,
54137.5,asm,0.3407757349437034,0.008571824126075595,1.4889517927012377,0.0943495256404517
54138.0,bat,0.6089536818181818,0.021985954545454545,,
54139.0,bat,0.5715769090909092,0.02149181818181818,,
54139.5,asm,0.37975216300460923,0.011174488874764167,1.2120795849968984,0.09333765261213568
54140.0,bat,0.5069535,0.021242727272727274,,
54140.5,asm,0.4511318858083124,0.00666949447362182,0.9914671780428501,0.03702097506351475
54141.0,bat,0.3985430909090909,0.015038636363636363,,
54141.5,asm,0.4712078015443029,0.007963730735945413,0.8774002489315077,0.03896609649629868
54142.0,bat,0.31529145454545454,0.013070954545454545,,
54142.5,asm,0.5977600556141527,0.010850461776066135,0.6653744085410034,0.035650528543268646
54143.0,bat,0.2665407727272727,0.011759090909090908,,
54143.5,asm,0.6925544889340213,0.008628196864159736,0.5164960888814957,0.021449144499586438
54144.0,bat,0.23790836363636364,0.011096818181818182,,
54144.5,asm,0.7186947806466475,0.012113796615606565,0.5200185457420526,0.027023771429794414
54145.0,bat,0.19662754545454547,0.010101545454545455,,
54145.5,asm,0.7683274723968601,0.01218091502113077,0.508388182241063,0.02433421492510301
54146.0,bat,0.18063827272727273,0.0074477272727272725,,
54146.5,asm,0.9286666870117187,0.02453333377838135,0.5041136745556766,0.055628190392448255
54147.0,bat,0.11492890909090908,0.007145136363636364,,
54147.5,asm,1.009074363379526,0.010805655103005478,0.39121049595373714,0.017453238430734742
54148.0,bat,0.05505918181818182,0.004276136363636363,,
54148.5,asm,0.9248309713535459,0.010395916946839919,0.2967799300115402,0.01412058483590362
54149.0,bat,0.05722527272727273,0.00730109090909091,,
54149.5,asm,0.9981333414713541,0.02453333377838135,0.4126074530756407,0.04281625834467853
54150.0,bat,0.050984863636363634,0.007327318181818182,,
54150.5,asm,1.0102061688241988,0.010848886303216412,0.36227247015315023,0.018127308626086112
54151.0,bat,0.0680185909090909,0.009647318181818182,,
54151.5,asm,0.9378478157724712,0.009296360837452616,0.3299099400845303,0.012678416372655502
54152.0,bat,0.04788872727272727,0.005837454545454546,,
54152.5,asm,0.9761139834812731,0.009059304961784274,0.31668250969475586,0.014298892499284548
54153.0,bat,0.030145227272727275,0.0055575,,
54153.5,asm,0.944211810508324,0.012391281372516029,0.2756132785451192,0.01755215322420784
54154.0,bat,0.02226481818181818,0.004331954545454545,,
54154.5,asm,0.8965358949338601,0.007418242755881099,0.2701200979584952,0.009659426704571735
54155.0,bat,0.037878636363636364,0.0057757727272727275,,
54155.5,asm,0.9037453165439886,0.008554865469551429,0.26643034765403967,0.010700119709358842
54156.0,bat,0.03877372727272727,0.007426454545454545,,
54156.5,asm,0.9704132352520768,0.01102900500806473,0.3333544095630671,0.020527376083488265
54157.0,bat,0.06819527272727273,0.007239227272727273,,
54157.5,asm,0.8291163083275147,0.00830024296750263,0.29033282461621124,0.012139725904578132
54158.0,bat,0.03686831818181818,0.004447090909090909,,
54158.5,asm,0.8580409273787167,0.010251732779634079,0.2752065620687925,0.013662665937089083
54159.0,bat,0.06550363636363636,0.004576318181818182,,
54159.5,asm,0.8189420161229527,0.009169116181886561,0.270403337277574,0.01262805511362641
54160.0,bat,0.08264536363636364,0.007718954545454545,,
54160.5,asm,0.872998926416139,0.007158010863295619,0.3487812664241448,0.010902301299946265
54161.0,bat,0.12704113636363637,0.012600772727272728,,
54161.5,asm,0.7925243006095503,0.005999818126725895,0.4153098572029209,0.010915205275873918
54162.0,bat,0.10679281818181817,0.005663272727272727,,
54162.5,asm,0.7785133084032934,0.012403051989465097,0.366516269594882,0.01959201068420251
54163.0,bat,0.149811,0.008321727272727272,,
54163.5,asm,0.7431511637769246,0.005328574732319296,0.4034600393636676,0.009955290342626218
54164.0,bat,0.11961463636363637,0.005498363636363637,,
54164.5,asm,0.745857803536856,0.007751939481947437,0.37332492381006005,0.014681134929867957
54165.0,bat,0.07709200000000001,0.006863363636363636,,
54165.5,asm,0.7248714723580897,0.00861978832482622,0.29824701005537685,0.014700414563750139
54166.0,bat,0.05172918181818182,0.006600954545454545,,
54166.5,asm,0.7315655777240321,0.009029975552050496,0.281337753041134,0.018506730914289397
54167.0,bat,0.04649236363636364,0.0065278181818181815,,
54167.5,asm,0.6572052040149666,0.005116193092622,0.2430510320860304,0.008604029017596595
54168.0,bat,0.042136772727272724,0.005166954545454546,,
54168.5,asm,0.6191199056013885,0.004361171748503677,0.22409042165937093,0.007416779273772648
54169.5,asm,0.628324367580317,0.005015534556692067,0.24093417653586496,0.009491337049619126
54170.0,bat,0.01848568181818182,0.009076545454545455,,
54170.5,asm,0.5942165497486676,0.005900902323451956,0.23702044806926206,0.011817293143796355
54171.5,asm,0.6174944191461396,0.00567999009692522,0.22519073421081695,0.012442728331360038
54172.5,asm,0.5840374547583335,0.007729566703316532,0.21488936811069098,0.01762019402186452
54173.0,bat,0.023196181818181817,0.004504863636363636,,
54173.5,asm,0.5347716075763597,0.010458797590069303,0.1933711549398949,0.021979757874197457
54174.5,asm,0.4858563417676685,0.016955139686550734,0.31843372417024846,0.04798234871637484
54175.0,bat,0.04023722727272727,0.003576818181818182,,
54175.5,asm,0.44159998575846354,0.02013333320617676,0.1897514045286323,0.038831795091394165
54176.0,bat,0.04084577272727273,0.003216772727272727,,
54176.5,asm,0.41798928273959474,0.010713802102889735,0.18658910813030855,0.021055514374660286
54177.0,bat,0.045634045454545455,0.0036552272727272727,,
54177.5,asm,0.4954066486205443,0.011050801285534033,0.24521568070402516,0.03066001144735021
54178.0,bat,0.054204636363636365,0.005060136363636364,,
54178.5,asm,0.47481827679904903,0.017034678935145077,0.20002740953575202,0.04647505634022904
54179.0,bat,0.028003227272727273,0.009206681818181819,,
54179.5,asm,0.452972418120108,0.01178271799763217,0.2098530930755061,0.023054564601810323
54180.0,bat,0.042244363636363635,0.0036991818181818185,,
54180.5,asm,0.5203913700669062,0.017040046300633504,0.36498232470336783,0.06883446823030141
54181.0,bat,0.038572863636363634,0.0032185,,
54181.5,asm,0.3845290092643872,0.019875977547750147,0.20865626645682156,0.05736510713701589
54182.0,bat,0.042933,0.003571181818181818,,
54182.5,asm,0.33680000305175783,0.016666666666666666,0.10860534133446258,0.03722985081481548
54183.0,bat,0.049684318181818184,0.009634636363636364,,
54183.5,asm,0.35413785641493795,0.008863324634515012,0.23761402708107388,0.024565910541947924
54184.0,bat,0.03959231818181819,0.014130272727272727,,
54184.5,asm,0.30364763402178463,0.014635828594843785,0.12848073777367638,0.03842082930829028
54185.0,bat,0.021880954545454544,0.004316636363636364,,
54185.5,asm,0.3857977304904592,0.009666806899312362,0.19116828213838377,0.0332850371131972
54186.0,bat,0.022029181818181816,0.008068272727272728,,
54186.5,asm,0.3497186976706369,0.009020008656158483,0.16232623136056085,0.033338712898841716
54187.0,bat,0.03222359090909091,0.011069863636363636,,
54187.5,asm,0.3041554160024434,0.008541975154252689,0.1258893859176242,0.025083485869175397
54188.0,bat,0.01615668181818182,0.004066772727272727,,
54188.5,asm,0.37955287220875755,0.015483960228908031,0.15199791497188894,0.06363367380958199
54189.0,bat,0.018194590909090907,0.003651454545454546,,
54189.5,asm,0.3621530250083978,0.015581741625018963,0.21628945230812852,0.09103594016106009
54190.0,bat,0.007194363636363636,0.0023338636363636365,,
54190.5,asm,0.3319892156027678,0.007413714391923007,0.19739577976460038,0.03260872590137125
54191.0,bat,0.014943454545454546,0.002575681818181818,,
54191.5,asm,0.25958502116512167,0.01692026240442954,0.30318561866634014,0.06839740932666216
54192.0,bat,0.018928863636363636,0.005017181818181818,,
54192.5,asm,0.3036671615257281,0.014189848637692943,0.16758695536117582,0.04887006145646789
54193.0,bat,0.016160545454545455,0.0026932727272727273,,
54193.5,asm,0.25213333129882814,0.020266666412353515,0.2357080117618156,0.0727631622714787
54194.0,bat,0.0183245,0.003931,,
54194.5,asm,0.25267863372494315,0.010202564037455859,0.04542938418525355,0.04277220053686136
54195.0,bat,0.025143727272727272,0.0045860909090909095,,
54196.5,asm,0.22119356187608327,0.018691387325014353,-0.09951321841332184,0.147941416367288
54197.5,asm,0.21774836623645924,0.013813534791603643,0.09076397701270165,0.07936344637025114
54198.5,asm,0.2514603988030672,0.00800919147599234,0.18977621906615305,0.061413914273486005
54199.5,asm,0.24039976209680863,0.00784273246135126,0.07833402539233195,0.06422065399568737
54200.0,bat,0.0225565,0.007208272727272727,,
54200.5,asm,0.18706112579855708,0.007228424253707083,0.10281894065852795,0.03688475924292753
54201.0,bat,0.016394136363636364,0.004677409090909091,,
54201.5,asm,0.18592860193003016,0.005313268078614257,0.14206145361412947,0.030602661382316754
54202.0,bat,0.023312227272727273,0.005054772727272727,,
54202.5,asm,0.18851690241040206,0.005016657000694592,0.16032548161639912,0.034736786236751825
54203.0,bat,0.0254715,0.007331363636363637,,
54203.5,asm,0.1703367566601059,0.004367452145317613,0.08028040000337168,0.028456850184086935
54204.0,bat,0.021088363636363634,0.008613045454545455,,
54204.5,asm,0.16142577453862458,0.005371217851168112,0.06877830854473692,0.0356045663861975
54205.0,bat,0.016847318181818182,0.004664045454545454,,
54205.5,asm,0.1658608057970137,0.005714628740978679,0.090640455809431,0.03581120970952298
54206.5,asm,0.1524474796598529,0.004820879272835226,0.1218144008475056,0.0372304261346062
54207.0,bat,0.011778954545454546,0.004437727272727273,,
54207.5,asm,0.14419562900491192,0.005502533391114392,0.19572693761976262,0.04230668632661284
54208.0,bat,0.017407727272727273,0.0033860909090909093,,
54208.5,asm,0.14492614227499448,0.006572538994137944,0.18636166836867418,0.05667127239973184
54209.5,asm,0.11844331779685328,0.005851816491085671,0.18581233640440098,0.040138313051736055
54210.5,asm,0.11805101503771889,0.008010429154340267,0.08463253943443325,0.05985163657662137
54211.5,asm,0.13355182046083958,0.004822927737127759,0.18240813604034012,0.03830166301758288
54212.5,asm,0.13941280076987778,0.0077985107162857744,0.1162986828481244,0.0740842241923664
54213.0,bat,0.01778690909090909,0.006123363636363636,,
54213.5,asm,0.12804431330676772,0.0047644592160306426,0.1270339709254575,0.04089767220905669
54214.5,asm,0.11533377264447514,0.006385778356404129,0.061055373566402886,0.051182895452320125
54215.0,bat,0.010550636363636364,0.005072318181818181,,
54215.5,asm,0.12958611169974973,0.005075123719710117,0.13439630697580565,0.04251346243883439
54216.5,asm,0.1263803598278659,0.006498352696016848,0.0823481684055173,0.05584006462540861
54217.5,asm,0.1247832969145285,0.006898185601654074,0.09550123217368689,0.05997673610593265
54218.0,bat,0.015805272727272727,0.006597454545454545,,
54218.5,asm,0.1420476085779234,0.005214996834485318,0.13388874562222414,0.054789282873838295
54219.5,asm,0.147439777327353,0.0057177209514904705,0.17267377422936256,0.061571111506433185
54220.0,bat,0.012367227272727273,0.005289454545454546,,
54220.5,asm,0.1529051796253828,0.005377568991281118,0.22714854130115356,0.07239188259405391
54221.0,bat,0.018778999999999997,0.003631909090909091,,
54221.5,asm,0.12054051086840872,0.010159088554851502,0.2543566573090796,0.08631039781272631
54222.0,bat,0.013931454545454545,0.005617772727272727,,
54222.5,asm,0.13068386097551693,0.006540243633314446,0.13409608071161694,0.07956811577887701
54223.0,bat,0.022178272727272727,0.004684045454545455,,
54223.5,asm,0.13362843651841913,0.0058280946470371485,0.30492174447090087,0.06268726751938318
54224.0,bat,0.021632636363636364,0.0043335000000000005,,
54224.5,asm,0.12681409623301795,0.0036615212400528977,0.14848910082709982,0.048589105317293664
54225.0,bat,0.022888136363636364,0.004287636363636363,,
54225.5,asm,0.12658205165812567,0.004399980032750211,0.24758510060675473,0.0467665190404814
54226.0,bat,0.009960772727272728,0.003650545454545455,,
54226.5,asm,0.11948941936883535,0.004345721649799981,0.05532226605355037,0.04553714430652013
54227.0,bat,0.015001681818181819,0.004321181818181818,,
54227.5,asm,0.11249923012785208,0.0038317351551806836,0.1720230732952684,0.041643483980359476
54228.0,bat,0.018503636363636364,0.003018681818181818,,
54228.5,asm,0.10581093728345892,0.003116216199295637,0.16797298712469566,0.0337502296276445
54229.5,asm,0.09285864673506664,0.005240652587040387,0.13003991036943183,0.05886837341865009
54230.0,bat,0.008365045454545455,0.0034381363636363637,,
54230.5,asm,0.09764690005666694,0.004446262135947146,0.24690727216890285,0.047707771946612985
54231.0,bat,0.015224954545454547,0.0041930454545454545,,
54231.5,asm,0.10432929710718183,0.004470563196665039,0.2574514953398955,0.054747991393215484
54232.0,bat,0.025470681818181816,0.004584409090909091,,
54232.5,asm,0.09901556654316072,0.0043457896167786,0.18504691769649137,0.05688187075934661
54233.0,bat,0.02361172727272727,0.003753818181818182,,
54233.5,asm,0.10445511932381253,0.016944755646632576,0.16030444016546527,0.1515742070641971
54234.0,bat,0.03481895454545454,0.004463227272727272,,
54234.5,asm,0.07945597251974686,0.008413779238123526,0.5180490151702398,0.16782313598947307
54235.0,bat,0.04447718181818182,0.005039363636363636,,
54236.0,bat,0.048701499999999995,0.004434318181818182,,
54236.5,asm,0.06925013649418349,0.019989531241682488,0.2765254678265738,0.2262290985762128
54237.0,bat,0.0438335,0.003908227272727272,,
54237.5,asm,0.04624095641626978,0.00685808922984643,0.7388516573912688,0.27586745375460164
54238.0,bat,0.0597644090909091,0.005028727272727273,,
54238.5,asm,0.05948144179712135,0.008901593157558221,0.8999389162835656,0.3623383027948324
54239.0,bat,0.06697445454545455,0.005069181818181819,,
54239.5,asm,0.04721688340004035,0.01084235169896974,0.35078763859924667,0.732220863048702
54240.0,bat,0.0696820909090909,0.004869727272727273,,
54240.5,asm,0.02222740514958851,0.010534818523393564,2.6121381413772564,3.9987346203705174
54241.0,bat,0.05903845454545455,0.0069310454545454545,,
54242.0,bat,0.05415340909090909,0.006554454545454546,,
54242.5,asm,0.02070112305535734,0.009776985437739664,1.6468575939924892,4.2758968123350725
54243.0,bat,0.060478227272727274,0.0063824090909090905,,
54243.5,asm,0.029950784448977898,0.010432297987761125,1.6635015680293042,1.3265228456226068
54244.0,bat,0.05529872727272727,0.006162636363636364,,
54245.0,bat,0.051452363636363636,0.004453181818181818,,
54245.5,asm,0.032300043421665744,0.008786045506151556,1.5976676929314761,0.7569645315020225
54247.0,bat,0.043325045454545456,0.00831940909090909,,
54247.5,asm,0.018168172069221944,0.008274163592081142,0.5136946496097381,0.5958257805516128
54248.0,bat,0.04136877272727273,0.009424863636363636,,
54249.0,bat,0.04386486363636364,0.01015990909090909,,
54249.5,asm,0.021627471622086544,0.007435350236314737,4.669156930103286,10.767665657555849
54250.0,bat,0.031019363636363637,0.007427409090909091,,
54250.5,asm,0.022580433775057893,0.010507723112060968,12.82483830388791,117.14664266070477
54251.5,asm,0.02005584424557587,0.007110508214259467,-25.392633412442994,188.3618018924333
54255.0,bat,0.03256872727272727,0.007081636363636364,,
54256.0,bat,0.02843140909090909,0.008117045454545455,,
54257.0,bat,0.030978636363636364,0.005925636363636364,,
54258.0,bat,0.026771863636363635,0.0054865,,
54259.0,bat,0.01793831818181818,0.004194727272727273,,
54260.0,bat,0.01691181818181818,0.004628181818181818,,
54261.0,bat,0.022680545454545453,0.003837818181818182,,
54262.0,bat,0.021506318181818182,0.0037112272727272727,,
54263.0,bat,0.02488440909090909,0.004444636363636363,,
54264.0,bat,0.0203685,0.0037388636363636365,,
54265.0,bat,0.024172090909090907,0.0041913181818181815,,
54266.0,bat,0.01685068181818182,0.004182409090909091,,
54267.0,bat,0.020786454545454545,0.003853590909090909,,
54268.0,bat,0.021619454545454546,0.0037323636363636365,,
54269.0,bat,0.016988772727272727,0.003501181818181818,,
54270.0,bat,0.019617863636363635,0.002885409090909091,,
54271.0,bat,0.014943590909090908,0.0033742272727272727,,
54271.5,asm,0.017662492175455735,0.007739058551452225,2.8914087242529813,4.125888181400728
54272.0,bat,0.01719809090909091,0.0028806818181818183,,
54273.0,bat,0.017174863636363637,0.004928409090909091,,
54274.0,bat,0.02863290909090909,0.0070121818181818184,,
54275.0,bat,0.023969454545454544,0.005051045454545454,,
54276.0,bat,0.01519840909090909,0.0061853181818181825,,
54277.0,bat,0.02849131818181818,0.006425454545454546,,
54277.5,asm,0.028943433128531714,0.008480928673738333,2.0539823646343285,2.0499950003407617
54278.0,bat,0.0210365,0.008272954545454545,,
54279.0,bat,0.020013363636363638,0.0094335,,
54282.0,bat,0.021260545454545452,0.006128590909090909,,
54283.0,bat,0.018820545454545454,0.0033696363636363633,,
54284.0,bat,0.03290518181818182,0.0043040454545454545,,
54285.0,bat,0.03468290909090909,0.0037229545454545454,,
54286.0,bat,0.03473877272727273,0.0038832727272727274,,
54287.0,bat,0.0310075,0.004043227272727273,,
54287.5,asm,0.019798939557688133,0.007376268830133864,1.3217440944427075,1.0930577160037176
54288.0,bat,0.03902459090909091,0.005295045454545454,,
54288.5,asm,0.026129436595903825,0.005325483883586983,2.132242479595829,1.4091327427077323
54289.0,bat,0.0385435,0.004103909090909091,,
54290.0,bat,0.03688668181818182,0.004386818181818182,,
54290.5,asm,0.01371893018649865,0.005386561755124512,10.69265097979946,60.92285287514608
54291.0,bat,0.03746563636363637,0.004569136363636364,,
54292.0,bat,0.04446213636363636,0.0041048636363636365,,
54292.5,asm,0.019610511453475657,0.0073871112348918525,0.5185515553773186,0.6606459605929789
54293.0,bat,0.04384668181818182,0.0037566818181818183,,
54294.0,bat,0.0406585,0.003790590909090909,,
54295.0,bat,0.045751409090909086,0.014871272727272726,,
54296.0,bat,0.04461804545454546,0.004535727272727272,,
54297.0,bat,0.04694390909090909,0.004237818181818182,,
54297.5,asm,0.014932261792397483,0.005853117794027456,1.3538190602683913,1.98690588419727
54298.0,bat,0.05162536363636364,0.004766090909090909,,
54299.0,bat,0.04759172727272728,0.004833090909090909,,
54299.5,asm,0.024029130299153267,0.006475805187703938,1.8611595176102256,1.087782413582086
54300.0,bat,0.05782645454545454,0.0046584545454545455,,
54300.5,asm,0.019824715291911023,0.006628193060626658,0.6602650479471461,0.9210466956394111
54301.0,bat,0.05248954545454545,0.008806,,
54301.5,asm,0.014252039267264415,0.003895159726273106,1.4284013635303618,0.6779972389645692
54302.0,bat,0.05333595454545455,0.007360590909090909,,
54302.5,asm,0.028767479025333966,0.007276384925811614,0.7429541056829762,0.6673050024360676
54303.0,bat,0.05249959090909091,0.005370954545454546,,
54304.0,bat,0.055040590909090914,0.004906181818181817,,
54304.5,asm,0.02042902436273828,0.0039716556682706464,1.0189149026156445,0.7920112954932285
54305.0,bat,0.06079195454545455,0.005666409090909091,,
54305.5,asm,0.017918911833319732,0.004965644770666205,0.5421913584835231,0.42846041139845475
54306.0,bat,0.050594545454545455,0.005803363636363636,,
54306.5,asm,0.023631120086550522,0.004223083511823717,0.7558647757625347,0.4445468855806302
54307.0,bat,0.06532177272727273,0.004530363636363636,,
54307.5,asm,0.017204728187589984,0.0034788822176111166,0.6515338992491831,0.5164283782080169
54308.0,bat,0.05719254545454546,0.003973636363636363,,
54308.5,asm,0.012873854282047887,0.004257935768503494,3.4135456491101523,3.074783630422091
54309.0,bat,0.06602959090909091,0.005524136363636364,,
54309.5,asm,0.018454259388975665,0.007092266074444829,0.6336135767565028,0.6943567144797992
54310.0,bat,0.06208045454545454,0.003913909090909091,,
54310.5,asm,0.016419985949008693,0.003351530312072899,1.3205788501775284,0.5352550975039783
54311.0,bat,0.06208718181818182,0.0036247272727272725,,
54311.5,asm,0.03002494128565891,0.006358317642451753,1.8367777980417492,1.0178292748767814
54312.0,bat,0.06607513636363636,0.0036759545454545456,,
54312.5,asm,0.016829964825612168,0.005006122837082206,-31.41933661745446,228.51969688122063
54313.0,bat,0.07127613636363636,0.0042190454545454545,,
54313.5,asm,0.023399119878501178,0.007099043127574966,1.1741241828311193,0.7383048086513551
54314.0,bat,0.0688845,0.006393045454545454,,
54314.5,asm,0.015751370466205335,0.006438563316000283,0.8175548699312335,2.2396070775176153
54315.0,bat,0.0680269090909091,0.005402227272727272,,
54315.5,asm,0.013077932666000906,0.004727741551537402,0.7322434108627593,0.6583105909778477
54316.0,bat,0.06144454545454545,0.005296272727272728,,
54316.5,asm,0.016583384289099407,0.004308136763069526,1.475426003732833,1.8482736701726385
54317.0,bat,0.06576836363636364,0.0035798636363636367,,
54317.5,asm,0.021198280172876328,0.003992593941417433,0.6933736829994668,0.46713932542610076
54318.0,bat,0.062097818181818185,0.0037169090909090906,,
54319.0,bat,0.06753363636363637,0.004169136363636364,,
54319.5,asm,0.01777008423482569,0.00569638935884465,1.6837819282722164,1.0550451998081554
54320.0,bat,0.063906,0.003997454545454545,,
54320.5,asm,0.01447481465792626,0.004600002359988911,0.7252061934804147,1.3740554088240664
54321.0,bat,0.07249013636363637,0.006722227272727273,,
54321.5,asm,0.02352171346430223,0.004632827385730628,1.6985617375833075,0.7244693458405582
54322.5,asm,0.02192782567903116,0.005859408557126078,1.1390406067754597,0.8587713803795166
54323.5,asm,0.02209761747877738,0.004586033898890244,2.1687595299908735,1.3708635679444718
54324.5,asm,0.02133483795056093,0.0033082058796350465,0.83772520206738,0.2932221108359466
54325.5,asm,0.024026962541156213,0.005699270074111439,1.8011226148090655,1.0092880636092596
54326.5,asm,0.026268639324574326,0.004379385489700336,1.1896462225369535,0.43777573677972004
54327.5,asm,0.015417781449467073,0.006563907940541572,1.11503944549857,1.7508253835865015
54329.5,asm,0.01443695346931337,0.004397570856564407,1.503008917882694,1.019028209512549
54330.5,asm,0.013790634475381234,0.004282220116934827,-0.06238459131300343,0.7518280189532452
54331.5,asm,0.013490958220016924,0.004931778367816435,3.8062758708747095,3.9765176452257696
54332.5,asm,0.021347645199316635,0.004489553060832962,1.3221237926933944,0.7969847434369782
54334.5,asm,0.03815571707825802,0.00729145950431489,1.4525729895533868,0.6139842599890691
54335.5,asm,0.017792427458280965,0.0038672193596184907,0.6534830050003568,0.38689151811271183
54336.5,asm,0.018433336237718933,0.0047144766303754415,1.2476002053580129,0.8019848473825092
54337.5,asm,0.014458743294413635,0.004488414783595756,1.9717021412886055,1.845863857874667
54338.5,asm,0.01152398184238393,0.0052747904677955424,0.6112059603111313,0.6292807044667512
54339.5,asm,0.012169363359130297,0.003968618303920753,0.9736793002567209,1.1039203471491177
54340.5,asm,0.012487048929766513,0.004413189842590961,0.6290325358485013,0.6251708996108031
54341.5,asm,0.02031541452642153,0.005323109970638807,0.9025781619974154,0.617711302343217
54342.0,bat,0.04259936363636363,0.015443863636363636,,
54342.5,asm,0.013468207943854447,0.003980490632191325,1.8731016834215253,1.1408693322954186
54343.0,bat,0.04290572727272727,0.006068818181818182,,
54343.5,asm,0.01314113785527639,0.00642485923424587,4.095961981231425,3.274068064734433
54344.0,bat,0.04713631818181818,0.005353636363636363,,
54344.5,asm,0.022177346063916904,0.005790318518804827,2.1902381582302084,1.3931455438346878
54345.0,bat,0.050856954545454545,0.004626409090909092,,
54345.5,asm,0.023126523689058914,0.004950841634837848,1.3224079953181889,0.7158181483365426
54346.0,bat,0.04793368181818182,0.003954136363636364,,
54346.5,asm,0.012493946487644392,0.0038706820783046005,-0.42360921614213093,0.88179294739432
54347.0,bat,0.042013136363636364,0.0034729090909090907,,
54347.5,asm,0.010286820107635118,0.0038421873943976195,0.12023961230269062,0.47817767910471026
54348.0,bat,0.04340731818181818,0.012786590909090909,,
54349.0,bat,0.04727159090909091,0.0043841363636363635,,
54350.0,bat,0.035001727272727275,0.006685136363636364,,
54350.5,asm,0.011240138201949385,0.0036394410484613484,-4.490660390504614,5.574029140301892
54351.0,bat,0.03628531818181818,0.01410509090909091,,
54351.5,asm,0.015187210957679852,0.0037125755593015704,1.4757686607840579,0.8849637387985791
54352.0,bat,0.04429236363636364,0.01301759090909091,,
54352.5,asm,0.010398125148869114,0.005160461572826585,0.6375365093749088,0.5332126171266517
54353.0,bat,0.042516954545454545,0.0072692727272727275,,
54353.5,asm,0.014030279355663675,0.004407102326335272,0.16618839314310885,0.3856817633159529
54354.0,bat,0.022990272727272727,0.007053090909090909,,
54354.5,asm,0.010628291991036248,0.0038356332903524107,0.6249269858380538,0.6029117982056251
54355.0,bat,0.027615727272727274,0.0034400454545454547,,
54355.5,asm,0.008888888428759128,0.003964558284538331,1.01540133802918,1.0439314345922162
54356.0,bat,0.028151363636363634,0.003038636363636364,,
54357.0,bat,0.03198040909090909,0.003615681818181818,,
54357.5,asm,0.009844883791649843,0.003714008761001855,2.3474169372000406,2.0622091906342694
54358.0,bat,0.02570777272727273,0.004322,,
54359.0,bat,0.033173772727272725,0.0042281818181818176,,
54360.0,bat,0.023327818181818182,0.004351272727272727,,
54361.0,bat,0.027916999999999997,0.004548363636363636,,
54362.0,bat,0.026686500000000002,0.004822772727272728,,
54363.0,bat,0.028091363636363637,0.0059773636363636366,,
54364.0,bat,0.020378545454545455,0.0061024545454545455,,
54364.5,asm,0.011712705724512069,0.0049070968132364666,1.3885536560731406,1.0283849300361045
54366.0,bat,0.015109727272727273,0.004739409090909091,,
54367.0,bat,0.026572727272727272,0.005348045454545455,,
54368.0,bat,0.020749363636363635,0.003849681818181818,,
54368.5,asm,0.011208080607856495,0.003352968556962088,0.16414922000712823,0.34171494023077836
54369.0,bat,0.016060045454545455,0.003988454545454546,,
54369.5,asm,0.010475024611070442,0.00433916934118526,0.6283169276529692,0.5595945537992989
54370.0,bat,0.021569545454545456,0.0033247727272727274,,
54371.0,bat,0.021229500000000002,0.004514136363636363,,
54372.0,bat,0.025883136363636365,0.003965181818181818,,
54373.0,bat,0.0161405,0.004119318181818182,,
54374.0,bat,0.017589818181818182,0.004581863636363636,,
54375.0,bat,0.01745618181818182,0.0037416818181818185,,
54379.5,asm,0.011593553060301133,0.003852381892518756,1.175020023274087,1.1446996750617724
54380.0,bat,0.015814681818181818,0.0035412727272727275,,
54381.0,bat,0.00824940909090909,0.003733318181818182,,
54382.0,bat,0.011476818181818182,0.004508727272727273,,
54393.0,bat,0.01577381818181818,0.006729000000000001,,
54395.5,asm,0.008173515578971174,0.003867595662971877,2.5418464957093607,2.489524222604046
54396.0,bat,0.01797222727272727,0.006726363636363637,,
54398.0,bat,0.017245045454545454,0.007751636363636363,,
54418.5,asm,0.015000836448871083,0.0060854743151938905,-23.690976553734476,111.36640584634934
54428.5,asm,0.01285092193487044,0.005808353975579085,10.416230013992521,37.31517582278362
54441.5,asm,0.060799999237060545,0.029733333587646484,-0.2227378170040575,0.5508730263533278
54476.5,asm,0.015646345094035848,0.006230541551456311,0.2415372269134931,0.6464492459963194
54486.0,bat,0.01856913636363636,0.005576363636363636,,
54488.0,bat,0.011575863636363636,0.00461390909090909,,
54494.0,bat,0.009151636363636364,0.00415240909090909,,
54500.5,asm,0.029062482134247367,0.011336912159097616,1.2226441054951154,0.9182779664093095
54501.0,bat,0.010695454545454546,0.005254909090909091,,
54501.5,asm,0.021612254030056077,0.008582822672155809,0.566106261203246,0.5245170780907148
54502.0,bat,0.011851227272727274,0.005499272727272728,,
54502.5,asm,0.01915666163946165,0.007343971148514106,0.874074482387512,0.3653334910052077
54506.0,bat,0.04022031818181818,0.01366659090909091,,
54506.5,asm,0.016853938779335522,0.005947864443644111,0.5092884792216283,0.38322658800675363
54509.0,bat,0.01258290909090909,0.004383227272727273,,
54509.5,asm,0.010583214632614243,0.00508468842881452,0.4939434768722854,0.41484489539376956
54511.0,bat,0.012461863636363636,0.006071090909090909,,
54515.5,asm,0.011278882373900338,0.00476194528585639,0.8217232386481891,1.6424584885285212
54524.0,bat,0.016066363636363636,0.006467636363636364,,
54526.5,asm,0.006961770559822475,0.0033174396711731155,2.969070235582844,7.33467581899758
54531.0,bat,0.0056335454545454544,0.0027520909090909093,,
54531.5,asm,0.01705471267148475,0.007362211768365875,0.8172612671047895,0.6565509643644555
54536.0,bat,0.007314045454545455,0.0025783181818181816,,
54537.0,bat,0.0152815,0.0036213636363636365,,
54555.5,asm,0.009941114942712896,0.004855868236860047,1.973789803227654,3.5805607450184183
54566.5,asm,0.021139402245424373,0.006712794367405495,0.5807191239259676,0.7186404402513207
54572.5,asm,0.00902145570577361,0.0032278968243194175,3.5958125757314385,3.3718858248357684
54575.5,asm,0.01443307346845856,0.0069615370743195595,0.8880625240406604,2.1566739541125726
54580.5,asm,0.009165275729434956,0.00437933842619547,-1.2066112505780844,1.4837773437467165
54594.0,bat,0.008427136363636364,0.003939136363636363,,
54596.5,asm,0.013255704511577381,0.006333517675407162,2.8824356389181562,3.960712268638064
54611.5,asm,0.033066666920979815,0.011866666475931804,3.6923077452112247,6.854761271413527
54624.5,asm,0.0076115693770097085,0.0037129287688529387,0.12795327634284903,0.8411570507220105
54627.0,bat,0.0105495,0.004516590909090909,,
54631.0,bat,0.009884272727272728,0.004872454545454545,,
54633.5,asm,0.009679386837581738,0.004596355859428386,1.2749418729933404,1.1020980396246467
54639.0,bat,0.010462181818181818,0.004694727272727272,,
54640.0,bat,0.007542045454545454,0.0030541818181818183,,
54641.0,bat,0.014424318181818182,0.0044582272727272726,,
54643.0,bat,0.009881818181818183,0.0028676818181818183,,
54644.0,bat,0.009849727272727272,0.0034714545454545454,,
54645.0,bat,0.0073669545454545455,0.0034031363636363634,,
54646.0,bat,0.011231272727272727,0.003399590909090909,,
54647.0,bat,0.008615954545454545,0.0034456363636363634,,
54648.0,bat,0.012140045454545455,0.004609272727272727,,
54650.0,bat,0.02134818181818182,0.007249090909090909,,
54651.0,bat,0.016022181818181817,0.003485909090909091,,
54652.0,bat,0.02019786363636364,0.0037024545454545452,,
54653.0,bat,0.017130409090909092,0.005766772727272727,,
54654.0,bat,0.01515940909090909,0.003922090909090909,,
54655.0,bat,0.01531381818181818,0.0066682727272727275,,
54655.5,asm,0.01347235132133072,0.0044692215876253735,0.22701530945205772,0.7075287183023679
54656.0,bat,0.01797659090909091,0.003979863636363636,,
54657.0,bat,0.015745590909090907,0.004800772727272727,,
54658.0,bat,0.024833863636363637,0.003789090909090909,,
54658.5,asm,0.012990006592990402,0.004309065357225222,1.4165348951423493,0.9511163004627055
54659.0,bat,0.021688818181818184,0.003374681818181818,,
54659.5,asm,0.01622469537119086,0.006346146136194215,0.1021557185779644,0.5525474239448246
54660.0,bat,0.01501540909090909,0.0035145454545454547,,
54661.0,bat,0.014832909090909091,0.004309227272727273,,
54663.0,bat,0.023940363636363635,0.004401545454545455,,
54664.0,bat,0.016158045454545456,0.003922545454545455,,
54664.5,asm,0.02265744612374184,0.005585628014103687,1.5082073675343115,0.8877235208093104
54665.0,bat,0.01806781818181818,0.004676409090909091,,
54666.0,bat,0.015698181818181816,0.005120136363636364,,
54668.0,bat,0.021071045454545453,0.0037783181818181817,,
54668.5,asm,0.01390641574964375,0.005883024707877676,2.713905798962249,3.183884424212708
54669.0,bat,0.0194595,0.005089818181818182,,
54670.0,bat,0.02098631818181818,0.004175681818181818,,
54671.0,bat,0.024054363636363638,0.005031409090909091,,
54672.0,bat,0.012048136363636363,0.004838136363636363,,
54673.0,bat,0.022525272727272727,0.005140954545454546,,
54673.5,asm,0.009916764355393324,0.004530205794238331,1.4577873970034252,1.5217505794893444
54674.0,bat,0.034432590909090906,0.007592727272727273,,
54674.5,asm,0.009453690090766244,0.004130833860633054,0.3967176070849384,0.923553021726864
54675.0,bat,0.035640090909090906,0.006331681818181819,,
54675.5,asm,0.01493259918961096,0.003753874374484527,2.0509353721674275,1.3876256308987105
54676.0,bat,0.021773863636363636,0.0035894545454545454,,
54677.0,bat,0.022479,0.004619318181818182,,
54678.0,bat,0.013523772727272728,0.004011909090909091,,
54680.0,bat,0.011694045454545453,0.0036969545454545454,,
54681.0,bat,0.023375227272727273,0.003508090909090909,,
54682.0,bat,0.015620227272727273,0.0031718636363636363,,
54682.5,asm,0.028736329120803438,0.014182381365114809,0.7061359155011391,0.9733222450110691
54683.0,bat,0.015787545454545453,0.0031674090909090905,,
54684.0,bat,0.012896136363636365,0.0033100454545454544,,
54685.0,bat,0.021451454545454544,0.003210818181818182,,
54686.0,bat,0.015591090909090909,0.003516227272727273,,
54686.5,asm,0.012508687304370275,0.004513441112980574,0.5698589572976702,1.046537973706544
54687.0,bat,0.016744272727272726,0.0027610909090909092,,
54688.0,bat,0.012524409090909091,0.0033619545454545456,,
54690.0,bat,0.017933045454545455,0.0039655,,
54691.0,bat,0.011598772727272727,0.003013,,
54692.0,bat,0.013381227272727272,0.0026375454545454545,,
54693.0,bat,0.018928363636363636,0.0031728636363636364,,
54693.5,asm,0.015589718458610926,0.007249608200017785,0.2819317841774649,0.5321641771373018
54694.0,bat,0.013154772727272727,0.0035845,,
54695.0,bat,0.022349454545454547,0.0035008181818181818,,
54696.0,bat,0.013482863636363635,0.0029325909090909094,,
54697.0,bat,0.01626731818181818,0.004220545454545454,,
54698.0,bat,0.01208040909090909,0.0045154999999999995,,
54698.5,asm,0.019877712658350154,0.0071318185084257,2.807050815037744,2.746875316894688
54699.0,bat,0.021384227272727274,0.004859681818181818,,
54701.0,bat,0.021276727272727274,0.006763363636363637,,
54702.0,bat,0.020160499999999998,0.005525727272727272,,
54703.0,bat,0.012334727272727272,0.005841181818181818,,
54704.0,bat,0.008403181818181818,0.0038563636363636365,,
54705.0,bat,0.016061454545454545,0.004013772727272728,,
54706.0,bat,0.01748531818181818,0.004953045454545455,,
54707.0,bat,0.012460136363636362,0.0033986363636363637,,
54708.0,bat,0.016685772727272726,0.003785181818181818,,
54711.5,asm,0.01787826632590107,0.007951379465418457,1.591368127635799,1.388318913931422
54712.0,bat,0.012022545454545454,0.0037945454545454545,,
54713.0,bat,0.013218545454545455,0.0034586818181818178,,
54713.5,asm,0.015123800701557768,0.006960960748018929,1.6242883545295903,1.3480184596666929
54714.0,bat,0.015073499999999998,0.004331545454545454,,
54715.0,bat,0.00585,0.0028747272727272727,,
54717.0,bat,0.01038840909090909,0.004482954545454545,,
54718.0,bat,0.012737590909090908,0.002836090909090909,,
54719.0,bat,0.006636545454545454,0.002613590909090909,,
54720.0,bat,0.013122227272727273,0.0025973181818181815,,
54721.0,bat,0.01601227272727273,0.002805136363636364,,
54722.0,bat,0.008969045454545455,0.002625818181818182,,
54723.0,bat,0.01091190909090909,0.0023716363636363635,,
54724.0,bat,0.01274890909090909,0.0027129999999999997,,
54725.0,bat,0.013169681818181818,0.0031115,,
54726.5,asm,0.010238850292471926,0.003906397121535221,6.584995574813499,8.79871358782966
54727.0,bat,0.01546840909090909,0.004464409090909091,,
54728.0,bat,0.012273636363636363,0.0025134999999999997,,
54729.0,bat,0.017762954545454547,0.0025889999999999997,,
54730.0,bat,0.012616181818181818,0.004346727272727273,,
54732.0,bat,0.012204818181818181,0.004606681818181818,,
54737.0,bat,0.015118590909090908,0.005613227272727273,,
54738.0,bat,0.009181863636363637,0.0045765909090909095,,
54739.5,asm,0.01599462114243631,0.00793889142438779,-1.1560337479033567,3.4888611353436674
54740.0,bat,0.013543590909090908,0.004791136363636364,,
54741.0,bat,0.016244181818181817,0.007589409090909091,,
54742.0,bat,0.007965,0.002509545454545455,,
54743.0,bat,0.009018363636363635,0.004469227272727273,,
54745.5,asm,0.012801177563099477,0.0048285439806504005,0.5321617472419303,0.5951382765323433
54746.0,bat,0.007484863636363637,0.003108681818181818,,
54747.5,asm,0.00910305391663361,0.004270757454700122,0.746323446144857,0.9684101745914864
54748.5,asm,0.02345753341903533,0.008168316843762896,0.804816846589647,0.7748355148055236
54758.0,bat,0.008677045454545455,0.0037176363636363635,,
54768.0,bat,0.05424263636363637,0.023482227272727273,,
54821.5,asm,0.029155176718679704,0.011004507831402423,0.15738917080777964,0.5260740607245008
54869.5,asm,0.008796018386273948,0.004202086713412156,3.4487341904171163,5.187171353657421
54878.5,asm,0.006872676296494952,0.0032878916915596887,-0.10315416564380103,0.6764000519735917
54882.0,bat,0.01534390909090909,0.0064512272727272725,,
54884.0,bat,0.012588772727272728,0.004616454545454546,,
54885.5,asm,0.016084590060321452,0.00775436022200399,-0.44729372240947546,0.6867523463022087
54886.0,bat,0.011467318181818181,0.004170818181818182,,
54887.0,bat,0.014298318181818181,0.003847636363636364,,
54887.5,asm,0.02465814292430449,0.007932556217007275,1.896963717510364,1.6765723528428655
54888.0,bat,0.016473636363636364,0.004334818181818182,,
54888.5,asm,0.018633531211051033,0.006975478615825447,0.4598744938054426,0.29641589343425795
54889.0,bat,0.023079363636363634,0.0043110454545454546,,
54890.0,bat,0.027927636363636363,0.0029346363636363637,,
54891.0,bat,0.025815045454545455,0.003926363636363636,,
54891.5,asm,0.019530572491723686,0.00588018716101933,0.5081585424237682,0.6750692207085077
54892.0,bat,0.03273877272727273,0.005073454545454545,,
54892.5,asm,0.01104887892699131,0.004436170315242044,2.413879702695461,3.288268860512777
54893.0,bat,0.04674581818181818,0.0045720454545454545,,
54894.0,bat,0.04677622727272727,0.003729818181818182,,
54894.5,asm,0.0164203855016224,0.004542133865164942,1.2180409547250604,0.9827350045310023
54895.0,bat,0.05838781818181819,0.003329681818181818,,
54895.5,asm,0.020503822702516942,0.005113829883932994,1.435234697521094,0.8872465274630923
54896.0,bat,0.06693936363636364,0.003622590909090909,,
54896.5,asm,0.022142658050856766,0.0044878732385385395,0.3927915603490454,0.29288519634083626
54897.0,bat,0.06958077272727273,0.004264545454545455,,
54898.0,bat,0.0741475909090909,0.005028590909090909,,
54898.5,asm,0.028466722697133833,0.010367874426369847,-0.0003532407936949591,1.2469611418374122
54899.0,bat,0.07719,0.004759090909090909,,
54900.0,bat,0.093778,0.005612863636363636,,
54900.5,asm,0.03573607878983481,0.004839847676590808,0.7820124295274525,0.26150337627011394
54901.0,bat,0.08382781818181818,0.004479636363636364,,
54901.5,asm,0.0328976008554826,0.008196578945908622,0.9552302018578812,0.48079874071560513
54902.0,bat,0.09833054545454546,0.006900409090909091,,
54902.5,asm,0.01939736450517162,0.004823093204902463,4.880295920311668,4.834727368416929
54903.0,bat,0.09434340909090909,0.005834954545454546,,
54903.5,asm,0.021835156012274717,0.00647953354514728,0.5014970396985124,0.5755052236441719
54904.0,bat,0.09507040909090908,0.004836363636363637,,
54904.5,asm,0.0222134080245191,0.004657738945171369,1.8360913157177907,1.1120968044047916
54905.0,bat,0.08518968181818183,0.006897954545454546,,
54905.5,asm,0.018823566382676977,0.007529472202408948,-1.7947595865765438,2.0883564964000705
54906.0,bat,0.10484504545454544,0.0076365,,
54906.5,asm,0.02749478896058239,0.005118993452512553,1.303757004335996,0.654989244235168
54907.0,bat,0.09340818181818182,0.007381181818181818,,
54907.5,asm,0.03149986227466271,0.003949729218228968,1.6179553621199907,0.4783102758421957
54908.0,bat,0.10513990909090909,0.005391590909090909,,
54908.5,asm,0.019979879838711752,0.004550402372259164,4.188924252466749,2.607415674650381
54909.0,bat,0.10735409090909091,0.011339954545454547,,
54909.5,asm,0.019917133857119913,0.005337771864822763,0.3214702970371889,0.49043136474746285
54910.0,bat,0.10106622727272727,0.004827409090909091,,
54910.5,asm,0.025559210269255037,0.004835979643350517,1.932320614964028,0.7804181472323487
54911.0,bat,0.10874840909090909,0.0056454090909090916,,
54911.5,asm,0.022038590044130772,0.00482296633300296,1.119963936577362,0.7320039890850868
54912.0,bat,0.11663895454545455,0.011521818181818182,,
54912.5,asm,0.0235718437528621,0.004362795211035498,2.2057395808925033,1.114556106294757
54913.0,bat,0.1045580909090909,0.008458272727272727,,
54913.5,asm,0.03332126650375373,0.004865553060198431,1.131483107880934,0.2869865755598474
54914.0,bat,0.09996986363636365,0.005041318181818182,,
54914.5,asm,0.02622595146092977,0.00395834494447569,1.4135038387122307,0.49797334170933555
54915.0,bat,0.10730799999999999,0.005969272727272728,,
54915.5,asm,0.03990622431167601,0.0041747788201841945,2.293710995639109,0.7009986479950318
54916.0,bat,0.113382,0.010190272727272727,,
54916.5,asm,0.02943577738664983,0.0029128404727481075,0.9064832773940135,0.3040153115316715
54917.0,bat,0.09341404545454546,0.009267545454545454,,
54917.5,asm,0.026274139056834768,0.004705200480761783,1.9471142085690132,0.8019778416228225
54918.0,bat,0.09809045454545454,0.005823318181818181,,
54918.5,asm,0.022797465948199164,0.0049896559675494286,0.7501697865514617,0.519896462517487
54919.0,bat,0.09789472727272729,0.009704,,
54919.5,asm,0.022867005544692162,0.0043529148662856485,2.219401585584875,1.0200990458493326
54920.0,bat,0.09492259090909091,0.007443954545454545,,
54920.5,asm,0.016511869496403455,0.004031914430617056,2.13439216202647,1.3144194562277267
54921.0,bat,0.0976715,0.007449227272727272,,
54921.5,asm,0.03061539143561377,0.004880091097093347,1.7493890481133454,0.7600975035993083
54922.0,bat,0.09551618181818182,0.006308181818181818,,
54922.5,asm,0.027880220808451456,0.004323867907595412,2.137167271125974,0.8466809988285063
54923.0,bat,0.10379827272727273,0.005880545454545454,,
54923.5,asm,0.014495222448996132,0.005158917587584209,-16.2996339309917,34.044702321664985
54924.0,bat,0.09638749999999999,0.006484545454545455,,
54924.5,asm,0.020225821115389852,0.004637979877945253,1.9791074073654988,0.8530361974602322
54925.0,bat,0.10179968181818183,0.011128272727272728,,
54925.5,asm,0.02171515060060991,0.0043585892106866655,3.0937206676397184,1.6458905822780479
54926.0,bat,0.09999872727272728,0.0143795,,
54926.5,asm,0.022382427211493784,0.0046433398000825426,-79.2657767334604,1185.6960828668816
54927.0,bat,0.08852236363636364,0.010942227272727272,,
54927.5,asm,0.016711353911115705,0.0029815780480540333,5.381325674237235,4.713478889735371
54928.0,bat,0.07807309090909091,0.005648181818181818,,
54928.5,asm,0.026592630958612865,0.003698542642030962,2.2172168365415703,0.8348760159471994
54929.0,bat,0.08215299999999999,0.013875227272727272,,
54929.5,asm,0.0181758218769312,0.003161105263516394,2.366773994759624,0.9883640176837046
54930.0,bat,0.09028213636363636,0.017433181818181816,,
54930.5,asm,0.018176296417020333,0.0036843220734504856,2.6842042215995785,1.7465047259690447
54931.0,bat,0.07697840909090908,0.009014090909090907,,
54931.5,asm,0.023217007273647842,0.0029762534759544155,3.468154717159084,1.4707562987573595
54932.0,bat,0.06549431818181818,0.004459136363636364,,
54932.5,asm,0.011693193002866796,0.0026655894204723712,-36.54134277125419,244.61248105838837
54933.0,bat,0.05505909090909091,0.01095559090909091,,
54934.0,bat,0.05428177272727273,0.008004318181818182,,
54934.5,asm,0.018143732979264412,0.005252572641250064,4.325432036971217,4.150331953575374
54935.0,bat,0.060704409090909094,0.006210136363636364,,
54935.5,asm,0.01361203465395252,0.0036204710384283995,0.7579363341026029,0.391090301855737
54936.0,bat,0.06662936363636364,0.008538590909090909,,
54936.5,asm,0.018746141849818276,0.006557680432971114,2.7136848099467548,2.4160087225272906
54937.5,asm,0.020719844891548753,0.0039923750782655506,1.6548246792496197,0.6808322756208456
54938.0,bat,0.04701986363636364,0.004921636363636364,,
54938.5,asm,0.017019750334355932,0.004178908385110723,1.8626057332795867,0.8995126202879355
54939.0,bat,0.06709509090909091,0.010097318181818181,,
54939.5,asm,0.01916489486514387,0.004814647472164449,4.355385909810611,4.053019191705978
54940.0,bat,0.04764513636363637,0.006604863636363637,,
54940.5,asm,0.018755076108640082,0.003596761376442665,3.905786874970848,2.06223524807055
54941.0,bat,0.042256499999999995,0.007164500000000001,,
54941.5,asm,0.012166610113790083,0.005888779225352783,5.670814011233198,8.117185494084298
54942.0,bat,0.04979118181818182,0.005450727272727272,,
54943.0,bat,0.04622040909090909,0.011954999999999999,,
54944.0,bat,0.03816418181818182,0.0077329545454545455,,
54945.0,bat,0.03282909090909091,0.00481609090909091,,
54946.0,bat,0.033241,0.00793590909090909,,
54947.0,bat,0.047268590909090906,0.005562772727272728,,
54948.0,bat,0.031527954545454547,0.004318409090909091,,
54949.0,bat,0.028927272727272725,0.0056584999999999995,,
54950.0,bat,0.02598995454545455,0.006584545454545454,,
54950.5,asm,0.01941411720353666,0.008644310240917372,5.062566643733475,7.372135401769664
54951.5,asm,0.024501001347899103,0.008581666817980355,0.6520657719234214,0.6132421844974423
54952.0,bat,0.030181636363636365,0.008139454545454545,,
54955.0,bat,0.016922,0.008263045454545455,,
54955.5,asm,0.014860041082327975,0.0050661616141786684,-0.06744354502204189,0.36516197418300594
54956.0,bat,0.023424818181818182,0.005448,,
54957.0,bat,0.028432227272727272,0.004294,,
54957.5,asm,0.009413710525118106,0.00399107223604562,0.8369887069428544,1.3201081082470802
54958.0,bat,0.03003818181818182,0.006170999999999999,,
54958.5,asm,0.01641419855477442,0.003930809525111828,1.5868398784013293,1.0620918288659236
54959.0,bat,0.03310081818181818,0.0051994090909090905,,
54960.0,bat,0.026983681818181816,0.006821863636363636,,
54960.5,asm,0.012548433125578304,0.004775108021329153,1.5706696350904517,1.2420498329600076
54961.0,bat,0.03455577272727273,0.008818727272727273,,
54961.5,asm,0.022165390020816605,0.005791666046326137,2.905694023546187,2.1562757618608175
54963.0,bat,0.03561640909090909,0.01472690909090909,,
54963.5,asm,0.011595633775074811,0.003951287939097064,2.108343051239162,1.1871088923558923
54964.0,bat,0.03722004545454546,0.004574545454545454,,
54965.0,bat,0.02698577272727273,0.010349545454545455,,
54966.0,bat,0.04922509090909091,0.005650409090909091,,
54967.0,bat,0.05212359090909091,0.012282227272727273,,
54968.0,bat,0.051904727272727276,0.006938181818181818,,
54968.5,asm,0.01840318065151111,0.0061976390910838805,1.1215767827462935,0.9431846499937188
54969.0,bat,0.0345055,0.006236727272727272,,
54970.0,bat,0.054803681818181814,0.005638045454545455,,
54971.0,bat,0.049746090909090906,0.009955045454545454,,
54971.5,asm,0.018114663042353263,0.007645391382122065,0.7076128937273906,0.8632169208997069
54972.0,bat,0.058045545454545454,0.006810772727272727,,
54972.5,asm,0.01204112061606526,0.00438131152961035,2.7130481418185197,1.8654552977030971
54973.0,bat,0.059878272727272724,0.0057069545454545454,,
54974.0,bat,0.048565954545454544,0.0076862272727272725,,
54974.5,asm,0.010701648632412648,0.003970439953795475,2.2991943483760378,2.2882051248056268
54975.0,bat,0.0471185,0.006527545454545455,,
54975.5,asm,0.019863860517393715,0.0052055421828407855,2.5196042575880546,1.6307092546232118
54976.0,bat,0.05295218181818182,0.005004681818181818,,
54976.5,asm,0.01264591076014938,0.006095068315388302,309.87004225424624,28144.56057456979
54977.0,bat,0.059070590909090906,0.009233,,
54977.5,asm,0.009532114842785905,0.004665534059764033,0.3046223332257645,0.7004470253380846
54978.0,bat,0.06272168181818182,0.0057364090909090915,,
54978.5,asm,0.023063273054184704,0.006359908892676323,1.1156366535520517,0.8661770006620196
54979.0,bat,0.076236,0.0078295,,
54980.0,bat,0.042870818181818184,0.008305499999999999,,
54980.5,asm,0.021241013728540467,0.007843690200120133,1.209534498984266,0.9842492228627583
54981.0,bat,0.06765518181818182,0.011137454545454544,,
54981.5,asm,0.018336783724395844,0.006770607226821523,1.9079243085892985,1.7179316080299425
54982.0,bat,0.05954722727272727,0.0056135,,
54982.5,asm,0.01507147079417299,0.006582943791964533,1.7814268949117271,2.201185064151642
54983.0,bat,0.05847277272727273,0.00449240909090909,,
54983.5,asm,0.017446462360393995,0.0074928858184577585,13.261927643249887,175.24159470899986
54984.0,bat,0.0741780909090909,0.006013636363636363,,
54984.5,asm,0.01908091048255274,0.006738761531209548,0.9630246421423153,0.8144383602627281
54985.0,bat,0.06546768181818181,0.006235818181818182,,
54985.5,asm,0.028518695489897775,0.007540854382229091,1.253127768963398,0.6067524241439571
54986.0,bat,0.05568318181818182,0.009062772727272727,,
54986.5,asm,0.03551326887145795,0.006105118693480311,1.651344383427891,0.5669900732786985
54987.0,bat,0.06739054545454545,0.007905090909090908,,
54987.5,asm,0.0215362298959387,0.006846829405979351,0.41960841038433194,0.3806963960415004
54988.0,bat,0.06351395454545455,0.004911909090909091,,
54989.0,bat,0.06900072727272727,0.00973709090909091,,
54989.5,asm,0.025446026688424692,0.00658664209104824,2.7606828232246117,1.8732658577992987
54990.0,bat,0.039166090909090914,0.01898318181818182,,
54990.5,asm,0.021518621473582727,0.0069995258436490355,0.500464309286623,0.3847232553531393
54991.0,bat,0.05958640909090909,0.015639681818181816,,
54991.5,asm,0.02773464840152664,0.009434332783984412,1.1362805214611549,1.4442118156540917
54992.0,bat,0.047714227272727276,0.003722181818181818,,
54992.5,asm,0.01682284671780898,0.0057712699600994295,4.482711255386207,5.4450070155527825
54993.0,bat,0.057516090909090906,0.005646409090909092,,
54994.0,bat,0.052961772727272725,0.005222727272727273,,
54994.5,asm,0.024963165104995768,0.0064876034028032185,1.1651934600079947,0.7284385908671435
54995.0,bat,0.04934872727272727,0.004802863636363636,,
54996.0,bat,0.050878999999999994,0.004308545454545455,,
54997.0,bat,0.04775486363636363,0.0057495,,
54997.5,asm,0.017671437076806733,0.007045930543664387,1.5290923979076176,2.2180325227543167
54998.0,bat,0.03179504545454546,0.005082636363636364,,
54998.5,asm,0.020287906875465403,0.00685207259084853,0.7845396941688471,0.5620756764988902
54999.0,bat,0.04317745454545455,0.004353,,
55000.0,bat,0.07647731818181819,0.028275363636363637,,
55001.0,bat,0.041490545454545454,0.005171454545454546,,
55001.5,asm,0.020146391574865977,0.009122467627538424,0.2507210759149622,0.2984176035671181
55002.0,bat,0.036863499999999993,0.005759181818181818,,
55004.0,bat,0.03811322727272728,0.009400636363636363,,
55005.0,bat,0.02827059090909091,0.005585636363636363,,
55005.5,asm,0.012530221563128316,0.005315266069314304,1.1994213841992507,0.9826094357280818
55006.0,bat,0.024614545454545455,0.004540136363636363,,
55006.5,asm,0.013395027200941373,0.005923444216076999,4.849146540277852,6.867325632970523
55007.0,bat,0.019898954545454543,0.006746318181818182,,
55007.5,asm,0.016425630779296686,0.006235924905201514,0.8474151184035175,1.4700198546576246
55008.0,bat,0.019593727272727273,0.0051410454545454546,,
55009.0,bat,0.02376522727272727,0.007535318181818182,,
55010.0,bat,0.018188954545454546,0.006411363636363637,,
55010.5,asm,0.017947430858081606,0.007113280973202763,1.9757710867569358,1.3737669277267173
55011.0,bat,0.018844272727272727,0.0034979545454545454,,
55012.0,bat,0.016580954545454545,0.005944136363636363,,
55013.0,bat,0.01876377272727273,0.004422,,
55014.5,asm,0.03953283088196032,0.013522200178845496,6.586715198028802,12.039255401752277
55015.0,bat,0.009301636363636364,0.003477272727272727,,
55052.5,asm,0.021655414148085174,0.007235351747103625,2.3876434089725236,1.4053896212482393
55054.5,maxi,0.05424378378378378,0.01173972972972973,0.7639841212558643,0.4178545254032458
55064.0,bat,0.012588363636363637,0.005090545454545454,,
55088.5,maxi,0.011465675675675675,0.0031745945945945942,0.5873894719444673,0.4681040870202232
55092.5,maxi,0.009897567567567567,0.0030594594594594592,4.316027088036118,42.465159492570194
55094.5,maxi,0.028278918918918917,0.005369459459459459,1.5226293817507122,0.9270897151612082
55099.5,maxi,0.009481621621621621,0.0024397297297297296,0.514268549113848,0.4355811972590023
55101.5,maxi,0.011577837837837838,0.0026127027027027026,3.8814357163871724,5.171996492892726
55105.5,maxi,0.01298972972972973,0.0059702702702702694,-2.3817669987007366,-5.090785322964812
55129.5,asm,0.019756030520625686,0.005630381404920642,3.0163171063974588,2.476402568788238
55131.0,bat,0.009779227272727273,0.004441681818181819,,
55133.5,asm,0.013281393217486444,0.005040424298377464,0.5912112479909428,0.8017478834477634
55140.5,maxi,0.008813243243243243,0.003279189189189189,1.553594306049822,1.37404181031356
55141.0,bat,0.014591681818181818,0.007027136363636364,,
55153.5,maxi,0.012821081081081081,0.004723243243243243,4.437782076079949,7.372278499885869
55155.5,asm,0.06132125790194852,0.014905510732191042,0.19630459049164248,0.1748245081687926
55161.5,maxi,0.023522972972972973,0.011468108108108107,1.8804743576406948,2.2388024679489686
55163.5,asm,0.019468475665881627,0.007861813896366303,0.27789616916739746,0.4231340338983582
55169.5,maxi,0.027631621621621617,0.0051708108108108105,1.4024869109947644,0.8769191664106525
55170.5,maxi,0.013994864864864865,0.003269189189189189,2.0729018492176388,2.0341005989911047
55171.5,maxi,0.012303513513513513,0.0020262162162162163,1.8445268207588312,1.428574754467326
55178.5,maxi,0.0055356756756756755,0.0021716216216216217,2.35793731041456,3.1379217377349553
55182.5,maxi,0.007961081081081081,0.002587027027027027,0.458395615346288,0.5579588644642858
55184.5,maxi,0.004522432432432433,0.0020635135135135133,-2.731387730792138,-5.856353531087531
55185.5,maxi,0.0041813513513513515,0.001902972972972973,-4.897160399079049,-11.240212251209082
55186.5,maxi,0.004055945945945946,0.0018618918918918918,0.16793428658351078,0.4585036948667001
55188.0,bat,0.06065459090909091,0.029975545454545453,,
55190.5,maxi,0.009702972972972974,0.004829729729729729,0.7515520160531762,0.6480192782595727
55191.5,maxi,0.012816486486486485,0.004468648648648648,1.951751250893495,2.898879916674765
55192.5,asm,0.029154831894025814,0.011354275479171354,1.2845677665353197,1.4964093003414434
55192.5,maxi,0.012603243243243243,0.0047799999999999995,1.1887387387387385,1.3884216312232023
55193.5,maxi,0.01216054054054054,0.0032816216216216216,0.46931810266768825,0.21991914561027587
55194.0,bat,0.027774863636363636,0.012380772727272726,,
55194.5,maxi,0.008115945945945946,0.002442702702702702,1.8881538143477363,1.8446532473974202
55196.0,bat,0.02503540909090909,0.006210727272727273,,
55198.5,maxi,0.017608918918918918,0.0030975675675675675,1.2745872581788718,0.4494944882839102
55199.0,bat,0.05741272727272727,0.016655,,
55199.5,maxi,0.01942,0.002564324324324324,1.2710193452380953,0.3620263203455349
55199.5,asm,0.04536892915482323,0.0167099770506326,-0.2309807066733033,0.5255073579371894
55200.0,bat,0.03889713636363636,0.009361954545454545,,
55200.5,asm,0.020054130199407806,0.009785816659828014,0.5377117308905714,1.026830287451315
55200.5,maxi,0.013728108108108107,0.0024294594594594593,0.7799657089416532,0.2809511333928977
55201.0,bat,0.029767181818181818,0.013761636363636363,,
55201.5,asm,0.022525048735826746,0.010647033291959315,-0.2833685525290844,0.5358752799746234
55201.5,maxi,0.019745405405405404,0.0025808108108108106,1.0732652604904225,0.2559836069242885
55202.0,bat,0.050936772727272726,0.01786777272727273,,
55202.5,maxi,0.021633783783783785,0.002803243243243243,0.8004477134633835,0.20715779070436643
55203.0,bat,0.051629772727272726,0.0053025,,
55203.5,maxi,0.014966756756756757,0.002649459459459459,1.7209226770630282,0.6084561254237799
55204.0,bat,0.04272390909090909,0.015042227272727271,,
55204.5,maxi,0.018744054054054052,0.0031397297297297297,1.6100921835990014,0.4970050123438468
55205.0,bat,0.11817427272727274,0.030787590909090907,,
55205.5,maxi,0.021944864864864865,0.008466486486486485,1.8612924664764063,1.126624222049232
55206.5,asm,0.02902475181853299,0.008218335476382075,5.213505461528114,7.203409820983197
55207.0,bat,0.04923313636363637,0.020564090909090907,,
55207.5,maxi,0.011513513513513512,0.004620810810810811,3.5075653370013753,4.110770724120295
55207.5,asm,0.029360343333721683,0.009370365637706374,4.826072201579779,4.213084715075008
55208.0,bat,0.05012863636363636,0.009216954545454546,,
55208.5,maxi,0.025807837837837837,0.0032654054054054053,1.7789536316885544,0.4854223444697668
55209.0,bat,0.07025881818181819,0.029389272727272726,,
55209.5,asm,0.07400000254313151,0.02933333396911621,8.945055064537746,11.702935458479143
55209.5,maxi,0.04186189189189189,0.003605405405405405,1.00725797010965,0.1785395785429037
55210.0,bat,0.07980490909090909,0.013616545454545454,,
55210.5,maxi,0.02763081081081081,0.0043537837837837835,2.0052407873560845,0.7075305638256948
55211.0,bat,0.08038777272727272,0.006292181818181818,,
55211.5,maxi,0.02617918918918919,0.004753783783783784,1.14251071509136,0.364939201767143
55212.0,bat,0.09277477272727273,0.007614272727272727,,
55212.5,asm,0.07826666514078776,0.02346666653951009,0.3169398741579867,0.5810999507958707
55212.5,maxi,0.01998216216216216,0.005139189189189189,1.3218274466005862,0.5231571285750297
55213.0,bat,0.08609281818181817,0.014459681818181818,,
55213.5,maxi,0.03534,0.004751081081081081,1.0231086219065182,0.280817667893485
55214.0,bat,0.08689331818181818,0.010771363636363638,,
55214.5,maxi,0.020545405405405406,0.005005675675675675,1.6597257491112238,0.768988096502988
55215.0,bat,0.1007435,0.007255090909090909,,
55215.5,maxi,0.02662351351351351,0.004754054054054054,0.7243479660835033,0.268101783590529
55216.0,bat,0.10563463636363636,0.006221181818181818,,
55216.5,maxi,0.02955297297297297,0.005338918918918919,0.897069804276502,0.29367627128013674
55216.5,asm,0.040419327834722886,0.007939316444153258,1.0621155038002421,0.6293988634044391
55217.0,bat,0.11900109090909092,0.007577181818181818,,
55217.5,maxi,0.030345405405405406,0.0051518918918918915,0.6190525065614874,0.16613964995317593
55218.5,maxi,0.027276486486486486,0.004816756756756756,0.8371239383906723,0.27403717502656777
55218.5,asm,0.06113535828836615,0.013954157420397607,0.9727294770203551,0.46116622224309683
55219.5,asm,0.0475198720368339,0.00894726904473628,3.1678462061721713,1.5536944780229067
55219.5,maxi,0.04439972972972973,0.005954324324324324,1.2383977700550246,0.31811844014408885
55220.5,maxi,0.0394272972972973,0.006511351351351351,1.0464223638470451,0.3294649670556116
55220.5,asm,0.06103967844514315,0.01738435130704934,1.7776902585023444,1.6411550599053253
55221.5,maxi,0.03145459459459459,0.008144324324324324,0.4462486628027654,0.24164722056883758
55221.5,asm,0.05818834452348444,0.014185881582720225,1.024254812895504,0.7666492063782082
55222.0,bat,0.13368113636363638,0.006289363636363637,,
55223.0,bat,0.14528577272727272,0.008133318181818183,,
55223.5,maxi,0.07533864864864864,0.009223513513513512,1.0253182636184455,0.24751165574514106
55223.5,asm,0.07377148515789957,0.009963069610501411,1.0505622634642622,0.2950514639865876
55224.5,maxi,0.04998189189189189,0.00790108108108108,0.7542985442167017,0.2736598406281313
55224.5,asm,0.045600001017252596,0.0171999994913737,0.5446428675964778,0.3863443627223596
55225.0,bat,0.14193195454545454,0.008249954545454546,,
55225.5,maxi,0.06835135135135136,0.008805675675675676,1.3763011993663723,0.41844174746944174
55226.0,bat,0.14763963636363636,0.0065081363636363635,,
55226.5,maxi,0.05891675675675675,0.008674864864864865,0.7329345628755781,0.20143709411495528
55227.0,bat,0.14560472727272727,0.006890681818181818,,
55227.5,asm,0.03849870431970868,0.013104446234502295,0.6033384091271802,0.4699566656443054
55227.5,maxi,0.049888378378378374,0.008762702702702702,1.1884704469417517,0.44577368808917267
55228.0,bat,0.14868818181818183,0.0067118636363636365,,
55228.5,asm,0.039992145541854096,0.010803285082222435,1.5621292754381317,1.9259133351070423
55228.5,maxi,0.06299486486486486,0.009148918918918919,1.3506719125236317,0.39012748250399837
55229.0,bat,0.15630209090909092,0.006976772727272726,,
55229.5,maxi,0.057084054054054055,0.009006756756756756,0.9640292605330076,0.271682550083918
55229.5,asm,0.04018792527203217,0.010021360685400353,2.6104634057323186,1.6901742391969024
55230.0,bat,0.15645299999999998,0.006587,,
55230.5,maxi,0.08007729729729729,0.011307297297297297,1.0206801222449002,0.3322842008012283
55231.0,bat,0.148649,0.006365227272727273,,
55231.5,maxi,0.04848405405405405,0.013325135135135134,0.6276335845983587,0.3206450494978861
55231.5,asm,0.05965742701011081,0.007151598819587157,2.1057172763211836,0.7431770017353262
55232.0,bat,0.1453401818181818,0.008142590909090908,,
55232.5,asm,0.042878202984986215,0.0048523646297810525,1.469500967350312,0.3831125834773839
55232.5,maxi,0.036520270270270265,0.012774054054054053,0.5344911485862908,0.40224525093298
55233.0,bat,0.15596013636363634,0.0068197272727272724,,
55233.5,asm,0.03732906716704792,0.006016742966017393,2.542766982102181,1.1494947436724114
55234.0,bat,0.16709440909090909,0.007511181818181818,,
55234.5,asm,0.05086814804378863,0.005967193542430826,1.688308328054861,0.4907459235757385
55235.0,bat,0.15802272727272726,0.007340681818181818,,
55236.0,bat,0.15499127272727273,0.007053681818181818,,
55236.5,asm,0.023296639289264957,0.006045205738150854,2.2170939851411053,1.613333706454782
55237.0,bat,0.14635577272727274,0.007054227272727273,,
55237.5,maxi,0.06485027027027027,0.01702054054054054,0.4384483574081397,0.2723708396078817
55237.5,asm,0.036536373413514456,0.008712560161248628,-14.880460211970274,57.87760363570674
55238.0,bat,0.15375945454545456,0.007328772727272727,,
55239.0,bat,0.15241054545454547,0.006445409090909091,,
55240.0,bat,0.1519254090909091,0.006790909090909091,,
55240.5,asm,0.049579349137180775,0.012848376745950539,1.5340303219306102,1.0269995187473995
55241.0,bat,0.1533853181818182,0.007679272727272727,,
55241.5,asm,0.05211039121640651,0.01303162990558258,5.623619473349817,8.783019263786567
55242.0,bat,0.15422831818181817,0.006933590909090909,,
55242.5,asm,0.040168888233353066,0.014284770915095004,4.135016493236141,5.549136499245196
55243.0,bat,0.15676886363636364,0.007237772727272727,,
55243.5,asm,0.043095068446195914,0.015932635976210096,9.14608588016443,31.835173605228338
55244.0,bat,0.16259845454545452,0.007387727272727273,,
55244.5,asm,0.05312237606010731,0.016364108789073732,1.9376298495722193,1.475102677033187
55245.0,bat,0.16370127272727275,0.007050363636363637,,
55246.0,bat,0.17225413636363635,0.007647681818181818,,
55246.5,asm,0.03890153178101087,0.009574886511900905,1.974960362655784,1.054251636578716
55247.0,bat,0.16862404545454546,0.007630090909090909,,
55247.5,asm,0.0549123923840904,0.009355337905921237,2.671949474503127,1.2026690041606727
55247.5,maxi,0.05505081081081081,0.004796486486486486,0.942022751712038,0.1492945481989373
55248.0,bat,0.17662486363636362,0.007708136363636363,,
55248.5,maxi,0.060375405405405404,0.0039818918918918915,0.8330157943871815,0.10186987309518976
55248.5,asm,0.03375562775534486,0.008800544876857228,7.883365814707326,10.797439899715723
55249.0,bat,0.1828530909090909,0.007936318181818182,,
55249.5,maxi,0.06541918918918918,0.006035405405405405,0.984906704701487,0.17627848376086627
55250.0,bat,0.18536390909090908,0.0077367727272727276,,
55250.5,asm,0.036055324862172874,0.009651418090503143,1.4783898983324228,0.7292248137456439
55250.5,maxi,0.07235324324324323,0.004665135135135135,0.8924859481313481,0.11831346575228344
55251.0,bat,0.1954736818181818,0.008121863636363637,,
55251.5,maxi,0.06559162162162162,0.0035054054054054055,0.9438918941943177,0.09932900526681433
55251.5,asm,0.07025648070423056,0.007644709628425392,1.8612563126140138,0.519591516059653
55252.0,bat,0.1951512727272727,0.008568818181818181,,
55252.5,maxi,0.0678572972972973,0.0031172972972972972,0.7043535780806657,0.06297390703002037
55252.5,asm,0.04401592009394235,0.009695377702758492,3.8768706625400626,3.251877303848493
55253.0,bat,0.20890540909090907,0.009489318181818182,,
55253.5,asm,0.06777584280601963,0.005879793852031825,1.2904026134570743,0.24130496756637834
55253.5,maxi,0.07179162162162162,0.0032464864864864863,0.9167851166807607,0.07885231254899376
55254.0,bat,0.20662372727272726,0.00801209090909091,,
55254.5,maxi,0.07525972972972973,0.0033132432432432433,0.7538461538461538,0.06439330772373157
55254.5,asm,0.04556688484666946,0.00863362993511163,2.9528767628819366,1.4558148643779303
55255.0,bat,0.218415,0.008798409090909091,,
55255.5,asm,0.034126747856365894,0.012589878589650511,17.645211243854344,57.5341892997357
55255.5,maxi,0.07799189189189189,0.003415135135135135,0.9246379153983604,0.08398623164776213
55256.0,bat,0.2196695909090909,0.008574,,
55256.5,maxi,0.07194945945945945,0.003040810810810811,0.7286782562696866,0.06003312496175598
55256.5,asm,0.08426278818690149,0.012846578556706659,0.740960322859836,0.237905761514026
55257.0,bat,0.2313194090909091,0.008847863636363636,,
55257.5,asm,0.048528809022677664,0.00982398998567208,5.847077366622543,5.734584229611998
55257.5,maxi,0.07486216216216217,0.0032218918918918917,0.8921861708591566,0.0724545034830835
55258.0,bat,0.232443,0.011146227272727273,,
55258.5,maxi,0.09319432432432431,0.003426216216216216,0.9364790016125639,0.06818988101662936
55258.5,asm,0.08663409277434131,0.009427154772786876,2.593232433237927,0.9340167604891656
55259.0,bat,0.2546679090909091,0.00961259090909091,,
55259.5,maxi,0.09590837837837837,0.0033770270270270268,0.9322350518496727,0.06926512128829998
55259.5,asm,0.083677669029258,0.007893684808046064,2.845510794629056,0.9426423578135346
55260.0,bat,0.2529542727272727,0.009851454545454545,,
55260.5,asm,0.07268201635107846,0.006764478557719656,1.9960049341029793,0.5167515194653235
55260.5,maxi,0.08292351351351351,0.003339189189189189,0.8898301089126027,0.071303612701328
55261.0,bat,0.2512912727272727,0.010823,,
55261.5,maxi,0.10084702702702703,0.003467027027027027,0.987291831056107,0.06950350193104228
55261.5,asm,0.07351535427953457,0.00785278838795337,2.4313193454466626,0.729709360572964
55262.0,bat,0.2669775909090909,0.011902772727272727,,
55262.5,maxi,0.10215297297297297,0.0037354054054054052,0.8274827979541524,0.06067094490767472
55262.5,asm,0.09395660007097663,0.0077446967111531395,1.1940571284688695,0.24457952134460662
55263.0,bat,0.2811850454545454,0.011328000000000001,,
55263.5,asm,0.12585027211316036,0.012421518818513834,1.5170513508093917,0.36534243870693356
55263.5,maxi,0.10059837837837837,0.0035597297297297295,0.9249162826166241,0.06573849029707246
55264.0,bat,0.2914697272727273,0.011027,,
55264.5,maxi,0.1160927027027027,0.004366216216216216,0.7946718017595246,0.06236674545916497
55264.5,asm,0.1003535076596371,0.00810978222885288,1.4522037522092441,0.29148151257356103
55265.0,bat,0.2908303181818182,0.010651045454545455,,
55265.5,maxi,0.09655783783783783,0.010220540540540541,0.7336908284023669,0.15219524863784956
55265.5,asm,0.10618470443733857,0.0099474209712472,2.2755227061715053,0.5685109324410332
55266.0,bat,0.27452045454545454,0.010376954545454545,,
55266.5,asm,0.10314989545817653,0.007549815486040625,1.7741539294978448,0.36414906928864105
55267.0,bat,0.31207345454545454,0.011733363636363637,,
55267.5,asm,0.1150366087762582,0.007154505274423404,1.5987380530850797,0.2617862276957534
55267.5,maxi,0.1215491891891892,0.005689459459459459,0.7831703339463366,0.07353099225930632
55268.0,bat,0.3208539090909091,0.011915727272727272,,
55268.5,maxi,0.12611,0.004320810810810811,0.8765452196119526,0.06223788351955321
55268.5,asm,0.11237338997128994,0.011672595391057649,2.2297458153287684,0.664311578533195
55269.0,bat,0.32579759090909094,0.012268545454545454,,
55269.5,asm,0.12603399192074508,0.010430892509166526,2.1708901673577756,0.46124903889130325
55269.5,maxi,0.12750486486486487,0.004084864864864865,0.9197210395244216,0.06115380842620776
55270.0,bat,0.32081977272727275,0.012038727272727274,,
55270.5,maxi,0.12383162162162162,0.004666756756756756,0.9063096588923006,0.07135837023800902
55270.5,asm,0.12703978548403627,0.01326779257292373,1.5602756072248605,0.3853964205883253
55271.0,bat,0.3257648181818182,0.0127945,,
55271.5,asm,0.13844093817809064,0.010936589887271699,1.7268925811914222,0.36506157405121487
55271.5,maxi,0.11109675675675675,0.005411891891891891,0.9848683881299104,0.09798140431491761
55272.0,bat,0.347417,0.013629818181818182,,
55272.5,asm,0.15691988881666272,0.006590872283999082,1.7427409706116033,0.17424611282720695
55272.5,maxi,0.1196508108108108,0.005326486486486487,0.9008494654724067,0.08432762662515077
55273.0,bat,0.3541478181818182,0.013009,,
55273.5,maxi,0.14573567567567566,0.005217297297297297,0.919727617771824,0.06826407232286628
55273.5,asm,0.1492073236494462,0.007059064209877193,1.7215732086125743,0.19586864615775862
55274.0,bat,0.38220268181818184,0.014978636363636364,,
55274.5,maxi,0.16147378378378377,0.005094324324324324,0.9098355223403468,0.05899682674842171
55274.5,asm,0.1344125677181563,0.00949464162986389,1.8620789978154366,0.33988892252839237
55275.0,bat,0.362445,0.014437272727272727,,
55275.5,asm,0.16586154053290295,0.010493155241495135,1.901091536122126,0.3248991417612325
55275.5,maxi,0.16241540540540542,0.004380540540540541,0.8162919109694314,0.04492883785297363
55276.0,bat,0.4162346363636364,0.015855499999999998,,
55276.5,asm,0.16657032546439954,0.007594036840824443,1.365392698171845,0.14938885508524583
55276.5,maxi,0.16953135135135133,0.004495135135135135,0.8128864930124168,0.04299896495366002
55277.0,bat,0.41934068181818185,0.016024136363636362,,
55277.5,asm,0.18013396209763727,0.0073532311761990024,1.7177850820614384,0.1651863977161788
55277.5,maxi,0.19244216216216214,0.0047362162162162165,0.8234335122126367,0.04199534967451714
55278.0,bat,0.4354083181818182,0.01620577272727273,,
55278.5,maxi,0.19798648648648648,0.005160810810810811,0.8883271923841353,0.047979674929110525
55278.5,asm,0.1775850205735982,0.006846180057233327,1.8006329237389074,0.17649613261475583
55279.0,bat,0.4376151818181818,0.016369181818181817,,
55279.5,maxi,0.19657648648648648,0.005236216216216216,0.7954115696005778,0.043483399187497676
55279.5,asm,0.18071270354604058,0.007209085643059334,1.5238950008099525,0.14726145742467406
55280.0,bat,0.4383021818181818,0.015743272727272727,,
55280.5,maxi,0.2026335135135135,0.0073502702702702705,0.7367687819322724,0.055638514082916424
55280.5,asm,0.20373671935462986,0.00786460199722511,1.5650540186799629,0.13969296787471153
55281.0,bat,0.4680941363636364,0.017698636363636364,,
55281.5,maxi,0.2042818918918919,0.0070551351351351346,0.857008413032858,0.06047216552586875
55281.5,asm,0.215519076681693,0.007961066029469376,1.8429558271252013,0.17831139180190667
55282.0,bat,0.48433845454545454,0.01800377272727273,,
55282.5,maxi,0.21089027027027027,0.008325675675675675,0.8404572036150983,0.06920466813564365
55282.5,asm,0.23469375165244657,0.009329060930229633,1.9704451869978228,0.20475605556771323
55283.0,bat,0.5215514090909091,0.019673863636363635,,
55283.5,maxi,0.2133962162162162,0.007351891891891892,0.8149342983047568,0.05812702045226241
55283.5,asm,0.2376532825721922,0.006998607738246274,1.7503032539714518,0.1279500818155751
55284.0,bat,0.4899634090909091,0.018118136363636364,,
55284.5,asm,0.23006616494107618,0.009490241122209885,1.3924091539264054,0.13523710180568058
55284.5,maxi,0.22930756756756757,0.008427027027027027,0.7266323395355654,0.05482980967598376
55285.0,bat,0.504773,0.01828077272727273,,
55285.5,asm,0.21086664441812697,0.013023229267466728,1.855124590163652,0.2714511984280453
55285.5,maxi,0.24099189189189188,0.008497027027027027,0.761321700085756,0.05540866936966197
55286.0,bat,0.5051305454545455,0.018381272727272725,,
55286.5,maxi,0.24328027027027024,0.00879108108108108,0.7746257703015972,0.05629457382156369
55286.5,asm,0.24535287200483077,0.006868398333304601,1.8353551158509709,0.12585243084546
55287.0,bat,0.5109129090909091,0.018588727272727274,,
55287.5,asm,0.26031221450379005,0.014334516739888498,1.7346093110620555,0.26638436612378247
55287.5,maxi,0.26545675675675673,0.009181351351351352,0.7673582866126263,0.055244519720926775
55288.0,bat,0.4832469545454545,0.01987259090909091,,
55288.5,asm,0.26803852653244026,0.01255907472555024,1.918141715808093,0.24970553717580274
55288.5,maxi,0.2664354054054054,0.009056486486486486,0.8464717536861285,0.05809736948106771
55289.0,bat,0.5052681818181818,0.03401890909090909,,
55289.5,asm,0.288000005086263,0.017733333905537923,1.2242702780304795,0.18600499690242742
55289.5,maxi,0.25153567567567564,0.008479459459459458,0.8788433854791887,0.060191696963092865
55290.0,bat,0.5275743636363636,0.019210318181818183,,
55290.5,maxi,0.2777927027027027,0.009490810810810811,0.8369263872222452,0.059323200718907
55290.5,asm,0.25428448397129527,0.00902698572426362,1.8230189657981866,0.18462277834221896
55291.0,bat,0.5315175454545454,0.019678,,
55291.5,asm,0.24979310424281545,0.017331564642081052,1.4903882337328331,0.27513883404095885
55291.5,maxi,0.27485783783783785,0.011458648648648647,0.8025570740150147,0.06991617900181389
55292.0,bat,0.5489099090909091,0.02167322727272727,,
55292.5,asm,0.3003702865241709,0.012400648943864593,1.5538808698558741,0.1695381196466488
55292.5,maxi,0.28765513513513513,0.017059189189189188,0.9801900595046111,0.12503336480975322
55293.0,bat,0.5637957727272727,0.020250818181818182,,
55293.5,asm,0.2841059626941241,0.011247376178845627,1.5976475128519438,0.1577943068982416
55293.5,maxi,0.0909254054054054,0.010334324324324323,0.7608512560115226,0.16857060145591354
55294.0,bat,0.5399699090909091,0.02072640909090909,,
55294.5,maxi,0.25249729729729725,0.010682972972972972,1.3881785789142738,0.1271391436586768
55294.5,asm,0.29127757805802995,0.01130639241524105,1.4603678881836994,0.14627563275645164
55295.0,bat,0.545652090909091,0.020451636363636363,,
55295.5,maxi,0.26411999999999997,0.009133513513513512,1.139153636358258,0.08271728235758585
55295.5,asm,0.28865401073764274,0.0110884959143431,1.8150138936337559,0.1753872705352822
55296.0,bat,0.5017534090909092,0.018008727272727273,,
55296.5,asm,0.35474170012449757,0.013749115544612313,1.2092242825126793,0.11809107959908956
55296.5,maxi,0.2739021621621622,0.009633513513513513,1.0253950248861703,0.0743781473542948
55297.0,bat,0.4460853636363636,0.016172136363636364,,
55297.5,maxi,0.2819627027027027,0.009436216216216216,0.9073992661237318,0.058213604591411935
55297.5,asm,0.3318837757625399,0.01222358658301975,1.1671729043573995,0.10210172271178455
55298.0,bat,0.3891644090909091,0.014116863636363636,,
55298.5,asm,0.35038055234809534,0.01787822463650267,0.826277947769908,0.10130862824754087
55298.5,maxi,0.2748891891891892,0.00962,0.7751169306175925,0.048429463152035925
55299.0,bat,0.3178669090909091,0.01249909090909091,,
55299.5,maxi,0.36561135135135137,0.010252972972972972,0.6574391456213637,0.034392608564479676
55299.5,asm,0.4367759149395121,0.01244420644661402,0.8540097023530941,0.05746231472929187
55300.0,bat,0.30525663636363637,0.012715590909090909,,
55300.5,asm,0.44270665933608255,0.014748412209178908,0.6814895770021142,0.05947000337656216
55300.5,maxi,0.35468594594594594,0.010536216216216214,0.6179290641239523,0.031880502336549585
55301.0,bat,0.2440816363636364,0.009735545454545455,,
55301.5,maxi,0.40570837837837836,0.01065054054054054,0.47736517608961804,0.02256999977931962
55301.5,asm,0.47656586789860655,0.014506892987675215,0.6413364028997299,0.05219407876365875
55302.0,bat,0.17737236363636363,0.0072696363636363635,,
55302.5,asm,0.5681823414985594,0.022395891372808924,0.4469024972247254,0.05172353627039874
55302.5,maxi,0.46264972972972973,0.02121054054054054,0.3777085200487914,0.03230872262937659
55303.0,bat,0.13972668181818182,0.006656818181818182,,
55303.5,asm,0.6263869535607817,0.016913786974129028,0.4266729813260443,0.03533046294606449
55304.0,bat,0.11429718181818181,0.0062974090909090905,,
55304.5,asm,0.5012000020345052,0.07173333485921224,0.25687245029655015,0.13397057077876995
55305.0,bat,0.04611795454545455,0.004815272727272728,,
55305.5,asm,0.6122956484293459,0.014885333512843213,0.26451610387160945,0.023988185802947377
55306.0,bat,0.04416336363636363,0.005965227272727273,,
55306.5,asm,0.5966944464476218,0.016903877072898147,0.19606010577940486,0.025602645189088793
55307.0,bat,0.06600600000000001,0.004659545454545454,,
55307.5,asm,0.6494666544596354,0.03479999860127767,0.26625046352845355,0.0495764992040051
55308.0,bat,0.06994554545454545,0.00949040909090909,,
55308.5,asm,0.6105333455403645,0.03920000076293945,0.19673673723936216,0.04135407552245455
55309.0,bat,0.05234681818181818,0.004942045454545454,,
55309.5,maxi,0.5011721621621621,0.014955405405405405,0.22070719952972734,0.014120877526379869
55310.0,bat,0.05325718181818182,0.006340500000000001,,
55310.5,asm,0.6000228901992691,0.013632831564741472,0.26825958389342286,0.024636771118219995
55310.5,maxi,0.48534702702702703,0.007086756756756757,0.20914893701248283,0.006668965209962494
55311.0,bat,0.05400831818181818,0.007372454545454546,,
55311.5,asm,0.5666180330856905,0.013411435228406878,0.27128801163568156,0.02582426453414867
55311.5,maxi,0.47323945945945944,0.0064862162162162154,0.2264073775770306,0.006630151470997537
55312.0,bat,0.05032936363636363,0.005633227272727272,,
55312.5,maxi,0.5077905405405405,0.0066075675675675676,0.24461737382314744,0.006793314773864268
55312.5,asm,0.6243527305390933,0.01166114606021544,0.29230184837762024,0.01895673682976986
55313.0,bat,0.05306890909090909,0.004062227272727273,,
55313.5,asm,0.5696934722769822,0.01468691370032107,0.2702239857608673,0.02702269383822521
55313.5,maxi,0.46252,0.006754324324324323,0.22508076655305803,0.007129614376849192
55314.0,bat,0.05503977272727273,0.004984545454545455,,
55314.5,maxi,0.4689589189189189,0.007679999999999999,0.2195561630598795,0.007879268091685484
55314.5,asm,0.6065167881265666,0.016637547792772732,0.3049872236241657,0.029342069901076826
55315.0,bat,0.10224459090909091,0.010734636363636365,,
55315.5,asm,0.6519924182544016,0.017889967085402275,0.35030365633957666,0.03341784506244781
55315.5,maxi,0.507754054054054,0.0089,0.2689384723188695,0.009925716008842688
55316.0,bat,0.06756786363636363,0.00431,,
55316.5,maxi,0.4958762162162162,0.008320270270270269,0.26078591211889696,0.009239586535185097
55316.5,asm,0.6069541714163181,0.01621472079125594,0.31886467652591666,0.030666980400770705
55317.0,bat,0.0569735,0.006500909090909091,,
55317.5,maxi,0.48095567567567565,0.008302702702702702,0.2618754176350729,0.009578985926275582
55317.5,asm,0.6407424278480893,0.012005534383071401,0.4411333257029448,0.025289534858351403
55318.0,bat,0.11448636363636364,0.0065668181818181815,,
55318.5,asm,0.5151231853087495,0.010794945276413533,0.40739217264464306,0.027879107767676818
55318.5,maxi,0.4398456756756757,0.008267297297297298,0.315706087805723,0.01215560818132681
55319.0,bat,0.11602140909090909,0.04845527272727273,,
55319.5,maxi,0.4367148648648648,0.007967297297297298,0.33125953091524857,0.012428598026734803
55320.0,bat,0.09041345454545455,0.005546136363636363,,
55320.5,maxi,0.46270972972972974,0.008992432432432433,0.2990181981055858,0.012110874373730766
55320.5,asm,0.48403108748937335,0.01591805585142787,0.3835906860272802,0.03875589583399298
55321.0,bat,0.07592381818181819,0.004256681818181818,,
55321.5,asm,0.5745572253720685,0.015092907887921747,0.395769944988811,0.03316779295235101
55321.5,maxi,0.5069805405405405,0.010513783783783783,0.29232033280810593,0.012529248586318185
55322.0,bat,0.08323413636363636,0.007115681818181818,,
55322.5,maxi,0.45475405405405406,0.006738918918918919,0.2989928858454403,0.009048761378109985
55322.5,asm,0.5570725982682269,0.011151386423697734,0.3918079957345957,0.02571868202248035
55323.0,bat,0.08901590909090909,0.005546227272727273,,
55323.5,asm,0.5659053112020983,0.01112817729061408,0.3697800644968478,0.023789088111393058
55323.5,maxi,0.43565054054054053,0.006385675675675675,0.2775945603660613,0.008422799410085285
55324.0,bat,0.07252886363636364,0.004307818181818182,,
55324.5,maxi,0.42077648648648647,0.006158918918918919,0.2835589561912359,0.008502322020940728
55324.5,asm,0.5098720979470791,0.013491013876765112,0.28315899297542924,0.029981768336766967
55325.0,bat,0.052943863636363636,0.0047135,,
55325.5,maxi,0.4037132432432432,0.005707027027027026,0.2539849827015649,0.007553403101602263
55325.5,asm,0.4735028247644552,0.014720944415977735,0.24129237369586964,0.0330056504542686
55326.0,bat,0.0640405,0.004342545454545455,,
55326.5,maxi,0.3897267567567567,0.00580081081081081,0.25564991639870394,0.00802889547106838
55326.5,asm,0.4954310311828333,0.008508078863779698,0.27093783037767916,0.018274230530517185
55327.0,bat,0.03872727272727273,0.004472409090909091,,
55327.5,asm,0.4413467556803378,0.017995505671282382,0.36291986349172994,0.051623534837667705
55327.5,maxi,0.35191459459459457,0.005833513513513513,0.21547969704185893,0.007817050400503144
55328.0,bat,0.04768768181818182,0.005435318181818182,,
55328.5,asm,0.4407238604853377,0.014567324331773076,0.32281235396325925,0.03668395858085917
55328.5,maxi,0.35781027027027024,0.005378648648648648,0.23502461310768638,0.007503353148295247
55329.0,bat,0.0403095,0.006986272727272727,,
55329.5,asm,0.4497937795045896,0.014050496036994068,0.23834695757803606,0.030353180505952457
55329.5,maxi,0.3312567567567567,0.0053102702702702695,0.20250374812593705,0.0071250773629207564
55330.0,bat,0.04342477272727273,0.007255863636363637,,
55330.5,maxi,0.3609883783783784,0.005251891891891892,0.24225990536341666,0.0074964165508010355
55330.5,asm,0.45567909041803517,0.010453799555460571,0.2425512645724737,0.021254816240321734
55331.0,bat,0.026656772727272727,0.006018909090909091,,
55331.5,maxi,0.3119962162162162,0.0051600000000000005,0.18998403640910053,0.007068947374960398
55331.5,asm,0.4333923666778467,0.008819938991501873,0.2075022264344789,0.02041097882666407
55332.0,bat,0.020498545454545457,0.004097909090909091,,
55332.5,asm,0.39062388839733364,0.015880762063235982,0.1997407090197637,0.039016866961018595
55332.5,maxi,0.29899675675675674,0.0067140540540540534,0.1636701281902341,0.008650202358549873
55333.0,bat,0.014602500000000001,0.006395454545454545,,
55333.5,asm,0.3880921699899917,0.010356310120083895,0.13427258801629477,0.02583600289254204
55333.5,maxi,0.34013243243243246,0.014862702702702702,0.15883495566890254,0.016995741956353727
55334.0,bat,0.01593959090909091,0.004456590909090908,,
55334.5,maxi,0.3149605405405405,0.011325405405405404,0.1677889244706164,0.014388522534064311
55334.5,asm,0.42855811357752116,0.008835565032803116,0.20044642058994314,0.020455195058588855
55335.0,bat,0.03398313636363636,0.014506,,
55335.5,maxi,0.30202270270270265,0.010269729729729728,0.18020918117474002,0.013728174826121186
55335.5,asm,0.4048750520924752,0.011336370032091096,0.1548543446781005,0.027031919943178676
55336.0,bat,0.01796927272727273,0.005699636363636363,,
55336.5,asm,0.40020463011535345,0.012094054876953177,0.13777507309797446,0.026837072152623265
55336.5,maxi,0.27964972972972973,0.009463243243243243,0.15595709142064693,0.012649640858549548
55337.5,maxi,0.2903716216216216,0.008686756756756757,0.15839864203771978,0.011156025622158113
55337.5,asm,0.39931695631394487,0.011436140373160448,0.1856306749736802,0.025394712512453812
55338.0,bat,0.0129175,0.005091363636363636,,
55338.5,maxi,0.2752151351351351,0.008769729729729728,0.179592542597601,0.012979143734249965
55338.5,asm,0.38236100221477626,0.009223788884698492,0.13061962179524417,0.02175938802102803
55339.5,asm,0.3750231849749329,0.019622466521708768,0.1710777959244624,0.050828243681586976
55339.5,maxi,0.27349351351351353,0.007694324324324324,0.18498566759252277,0.011546147227423496
55340.5,maxi,0.22694513513513512,0.00719027027027027,0.16122073725015718,0.012020766008250737
55340.5,asm,0.41364966261336883,0.01813237476628124,0.16727524681081443,0.048171274368462476
55341.5,maxi,0.21779756756756755,0.008144594594594594,0.16432551618353725,0.014513521348957106
55341.5,asm,0.37363862193454256,0.01781535856196322,0.14979693638905167,0.04499303874298018
55342.5,maxi,0.22677621621621621,0.007883783783783785,0.16711751838775427,0.013641343193344991
55342.5,asm,0.38662196758564177,0.01651746673950184,0.18010484790719664,0.03478346064635306
55343.0,bat,0.017591318181818184,0.0060051818181818175,,
55343.5,maxi,0.24168351351351353,0.00798027027027027,0.16151737904890712,0.012627137427391332
55343.5,asm,0.3469199210998193,0.01852798511087231,0.09500581436868032,0.05077157860549094
55344.0,bat,0.011517681818181818,0.0042225,,
55344.5,asm,0.28839998881022133,0.028533334732055663,-0.07028265897364537,0.08582853440006434
55344.5,maxi,0.25580243243243245,0.006518108108108107,0.17733961388727573,0.010075120080339903
55345.5,maxi,0.27605864864864865,0.005921891891891891,0.16685847525294367,0.008243575669469929
55345.5,asm,0.15307782536877151,0.033335509866943565,0.8496787510706978,0.7078903755600381
55346.5,maxi,0.2749335135135135,0.005077297297297298,0.17409146374570988,0.007321117595577633
55346.5,asm,0.376265199947344,0.030003473848158067,0.1434619323353668,0.07348492179098688
55347.5,maxi,0.27622378378378376,0.005368108108108108,0.16472127150827512,0.007449041131839158
55348.5,maxi,0.28870054054054056,0.005743513513513513,0.1710627199511641,0.00783218766583239
55348.5,asm,0.43464682815259836,0.01897920629136767,0.19039025192900488,0.0381282003686861
55349.0,bat,0.010514454545454546,0.004010954545454546,,
55349.5,asm,0.37585201851423017,0.022791367299877456,0.1534856066183982,0.05723562951898438
55349.5,maxi,0.2955856756756757,0.00598972972972973,0.16527165938906854,0.0077863737249763785
55350.5,asm,0.3610666656494141,0.024400000572204594,0.028985506799257016,0.05870091720525591
55350.5,maxi,0.2845632432432432,0.007420540540540541,0.14939788269921564,0.009385493062968911
55351.5,maxi,0.2881535135135135,0.008494054054054054,0.15102206574313595,0.010928938891749812
55351.5,asm,0.36792483702121387,0.009828029582621058,0.14009918578397923,0.023981596015090974
55352.5,maxi,0.2581535135135135,0.01007972972972973,0.17875574037785524,0.015410549359090366
55352.5,asm,0.3504989523570817,0.022055223060248857,0.13003489704552001,0.05850485745984506
55353.5,asm,0.34113843792829407,0.02180744988446334,0.34762727842732793,0.07172699897599281
55353.5,maxi,0.25279621621621623,0.01209081081081081,0.16159177990304188,0.01824637568880461
55354.5,maxi,0.23187540540540538,0.007928378378378379,0.16372392359873045,0.012893166504708653
55354.5,asm,0.3777181832048518,0.010221415789240563,0.14901749402269013,0.023892816418475966
55355.5,maxi,0.2466272972972973,0.00934081081081081,0.1864423359092243,0.01575271346081118
55355.5,asm,0.35490543620870035,0.012196453851603733,0.15948797184875377,0.03241372472432591
55356.0,bat,0.03582581818181818,0.015144045454545455,,
55356.5,asm,0.3824687865773125,0.01636303612067694,0.15521301423422518,0.04113940068266634
55356.5,maxi,0.2661262162162162,0.007997837837837838,0.15469136294566516,0.011313456073208841
55357.5,asm,0.3581333414713542,0.02946666717529297,0.0999999968421381,0.07539847573996525
55357.5,maxi,0.29766648648648647,0.010437027027027026,0.16299100886176934,0.01342486276083195
55358.5,maxi,0.29459324324324326,0.00899972972972973,0.1604188849591299,0.011905517666251808
55359.5,asm,0.38633274151394553,0.016773196225586463,0.13203480635482712,0.04237956245735695
55359.5,maxi,0.2687816216216216,0.010942162162162162,0.1505145026160751,0.015084398017224526
55360.5,asm,0.36249771267167114,0.02692737164534499,0.1636624912092172,0.08465874461681948
55360.5,maxi,0.30203783783783783,0.011204054054054053,0.155352458823724,0.014227019722348614
55361.5,maxi,0.2979635135135135,0.013704324324324325,0.12100682946933887,0.01501908073536329
55361.5,asm,0.3218995609194203,0.018507750353690545,0.13231810190192228,0.044366265474481345
55362.5,asm,0.3562257490311232,0.012415293397075415,0.20403937529611632,0.032155897025264835
55362.5,maxi,0.30969513513513514,0.013197567567567566,0.17338676314457838,0.017804171159176096
55363.5,maxi,0.29604378378378376,0.06172837837837837,0.06736355764043882,0.04750449119149159
55363.5,asm,0.23783635818218818,0.029386643722261182,0.10729693494042485,0.10522759000745507
55364.5,asm,0.31768949488894227,0.01830160361670413,0.1055202424433864,0.047652308366826907
55364.5,maxi,0.2943578378378378,0.01350027027027027,0.15464697612414818,0.017189129827515196
55365.5,asm,0.3811214498827143,0.014746670312810245,0.17631505840293885,0.03241998085562023
55365.5,maxi,0.3234889189189189,0.014725675675675674,0.16409913582259905,0.018069222489772635
55366.5,maxi,0.3046083783783784,0.014156486486486486,0.15828566797613106,0.017813304624259573
55366.5,asm,0.3478422438162182,0.013724288020435986,0.1302093077217563,0.03514213378745752
55367.5,asm,0.33600001017252606,0.024133332570393882,0.059531772377904336,0.0590407389395908
55367.5,maxi,0.3153443243243243,0.012624324324324324,0.13852640625424317,0.013965250146023228
55368.5,asm,0.3535097634479609,0.018033323704339032,0.10666523115717348,0.04430223901354827
55368.5,maxi,0.31819,0.016290540540540542,0.1718710429334573,0.02116280657646025
55369.5,maxi,0.3137186486486487,0.01294081081081081,0.13495053570272414,0.014719840209467335
55369.5,asm,0.3581371795844123,0.014842440073543356,0.11025237105925724,0.037079629646327765
55370.5,maxi,0.3097624324324324,0.01524972972972973,0.170022377114346,0.019760273672166498
55370.5,asm,0.35250665048351676,0.022991908569714264,-0.06745655307433403,0.05765836760095964
55371.0,bat,0.007456772727272728,0.002663863636363636,,
55371.5,asm,0.3611201629523712,0.018828891321637828,0.15425137254704582,0.05491617363159695
55371.5,maxi,0.32786135135135136,0.024673243243243242,0.15798324439538872,0.028967133081074018
55372.5,maxi,0.25145864864864864,0.017204324324324324,0.20635913991930982,0.028896740214928617
55372.5,asm,0.410386876511832,0.02293646780848862,0.22385647437236544,0.05559641134559473
55373.5,asm,0.3790028210355936,0.008273715139237227,0.11615980354503758,0.020001443778112686
55374.5,asm,0.36105976327718065,0.014586928055053872,0.13077793217671504,0.036480018805140034
55375.0,bat,0.010094545454545455,0.003998045454545455,,
55375.5,maxi,0.25462864864864865,0.028464864864864863,0.13846779916724977,0.04039651437774194
55375.5,asm,0.374326400945012,0.010021640405187054,0.19801595306560582,0.027629314012034344
55376.5,asm,0.3969798313396151,0.015513460425273117,0.21390140711373695,0.03866366357843904
55377.0,bat,0.008997363636363637,0.004206181818181818,,
55377.5,asm,0.4157827954974996,0.011893181740900797,0.18370235008231947,0.026135884738573305
55378.5,asm,0.38259550803804543,0.02999640005782154,0.1754498320918788,0.07237732067376929
55379.5,asm,0.2870041561520239,0.017089748728189993,0.19066027003404468,0.05557103019756133
55379.5,maxi,0.29544648648648647,0.013023243243243242,0.14499097050596363,0.016367245221297677
55380.5,asm,0.371476024061475,0.008548385068991181,0.112870335972505,0.02052465211978461
55380.5,maxi,0.288202972972973,0.008388648648648649,0.16251895264753907,0.01151060809025931
55381.5,maxi,0.2692143243243243,0.00781945945945946,0.16089507506005563,0.011133721643970678
55381.5,asm,0.3640031368952063,0.00501536049474428,0.15227632592047838,0.01292271611481243
55382.5,maxi,0.23638567567567567,0.008528648648648648,0.15217646057792347,0.0131638211008458
55382.5,asm,0.36796503978889716,0.008785159303130254,0.14716332383289385,0.021548151761616927
55383.5,asm,0.3554938600360336,0.009957617815238684,0.10912471804945756,0.023884476564684596
55383.5,maxi,0.269544054054054,0.007345135135135135,0.1325243142189989,0.009561660298488227
55384.5,maxi,0.3175805405405405,0.007542432432432433,0.1587010878552065,0.009301485961622002
55384.5,asm,0.3575659578622592,0.012467939694200866,0.17170784620312066,0.03340328191497599
55385.5,maxi,0.29441081081081083,0.007241081081081081,0.15400766200176705,0.009574556247786465
55385.5,asm,0.33666319841109477,0.009285650709355714,0.15275935166010007,0.02625586490856195
55386.5,asm,0.3441145768641936,0.01334149587691649,0.25406682794430424,0.03828784222073858
55386.5,maxi,0.3099259459459459,0.007915945945945945,0.13838051338563453,0.009282831227686538
55387.5,maxi,0.3032497297297297,0.007936756756756756,0.13427101697369206,0.009325716555043431
55387.5,asm,0.3374425889282349,0.005720571905514422,0.12249974517665764,0.015576832739906983
55388.5,asm,0.34503175412012516,0.0055893153191402456,0.1545572852378203,0.01542836204900814
55388.5,maxi,0.2665537837837838,0.007658108108108108,0.1328210031777008,0.01004714981987589
55389.5,maxi,0.2633302702702703,0.006485405405405405,0.15254357410526292,0.009366216962799191
55389.5,asm,0.32175499533120355,0.014187276058304166,0.12893938131190605,0.04481608098422574
55390.5,asm,0.3263413406677643,0.014943761409166045,0.18686339774136868,0.043568771802797134
55390.5,maxi,0.2293872972972973,0.00780027027027027,0.19794310871790613,0.015219794226229535
55391.5,maxi,0.2894997297297297,0.010081891891891893,0.1675535889064053,0.01420069180048886
55391.5,asm,0.3046806580137343,0.019135363183683984,0.13525039811423742,0.05818510233956796
55392.0,bat,0.009382045454545454,0.004388772727272727,,
55392.5,asm,0.3154151310025522,0.01432593845367692,0.12413254421152219,0.03650184567733359
55392.5,maxi,0.24061864864864863,0.005788918918918919,0.17335243553008595,0.009711514537500467
55393.5,maxi,0.24821297297297296,0.004935675675675676,0.1580927885142218,0.00753835580449543
55393.5,asm,0.3238270342358457,0.008590196805184342,0.1445429899376207,0.026999108672942057
55394.5,maxi,0.23384945945945945,0.005123243243243243,0.1455030337057146,0.007960689321281363
55394.5,asm,0.335288464380122,0.015645927882117012,0.2627388364940054,0.045190610774516124
55395.5,asm,0.31874465077188496,0.01614894532571136,0.1634588647575782,0.04216301751899612
55395.5,maxi,0.2470581081081081,0.004865675675675676,0.17465964842168363,0.007894405985973834
55396.5,maxi,0.25282405405405406,0.005032972972972972,0.1568280416560833,0.007604158049144751
55396.5,asm,0.3128965626157164,0.016721560149818866,0.09378851798042077,0.0530419006999587
55397.5,maxi,0.24812945945945944,0.004808378378378378,0.16117933074219173,0.007479329529982985
55398.5,maxi,0.2424081081081081,0.004841081081081081,0.14944505204108866,0.007372190945854164
55398.5,asm,0.3104650488347216,0.02368812514543328,0.11548699560701102,0.060535267911166826
55399.5,asm,0.30994985422087173,0.01259084044064463,0.13718677246820232,0.03458377040829016
55399.5,maxi,0.2311243243243243,0.004719459459459459,0.15588122872021937,0.007750916694491093
55400.5,maxi,0.23475189189189188,0.004821621621621622,0.14250151583729728,0.0074498781939918
55400.5,asm,0.25959764624476694,0.026472637996029388,0.20130611821480096,0.10063062820348577
55401.5,maxi,0.23087162162162161,0.0047470270270270265,0.1555683122847302,0.00781775365128333
55402.5,maxi,0.23257135135135135,0.004623243243243243,0.16409354750570346,0.007744177011216674
55402.5,asm,0.27427674386017764,0.020699597730991656,0.01718090594199967,0.07765256775123391
55403.5,maxi,0.2251337837837838,0.004721891891891892,0.1613656460392737,0.008092559526358338
55404.5,asm,0.30720001220703125,0.027199999491373698,0.055879902375245635,0.09190502718577731
55404.5,maxi,0.21975243243243242,0.004429189189189189,0.1726112819739922,0.008048293424601295
55405.5,maxi,0.2232427027027027,0.0045000000000000005,0.16201960085940462,0.007852517610861766
55405.5,asm,0.3393213983893733,0.01664586707400208,0.17701340123538883,0.051196328054037295
55406.5,asm,0.3058526276298396,0.01257361292733962,0.2113927437061653,0.0469188233402809
55406.5,maxi,0.21732324324324323,0.004539729729729729,0.17651405667569323,0.008342084737087859
55407.5,maxi,0.22528189189189188,0.004718108108108108,0.16766956593235569,0.008452685016192783
55407.5,asm,0.2913307851744136,0.015215106847763882,0.08174329635031531,0.05173050928464192
55408.5,maxi,0.23885351351351353,0.005577027027027027,0.15987229165529662,0.008926324379691755
55409.5,asm,0.31254731922685736,0.016187231563957117,0.22493476166425364,0.056617515259370726
55409.5,maxi,0.2307108108108108,0.006164594594594594,0.1757561715881051,0.010878938681649268
55410.5,maxi,0.18163756756756755,0.0075605405405405396,0.14782509190256182,0.01554016764182667
55411.5,asm,0.3037333424886068,0.018133333524068197,0.22388058411636128,0.08059189085299887
55412.5,asm,0.30063732292907647,0.021662921907854803,0.19913429739523433,0.07659280288472967
55413.5,maxi,0.16351972972972972,0.009578108108108108,0.17619583577030387,0.024037771875507617
55413.5,asm,0.30996566368111245,0.014070391015066751,0.16789257603084043,0.05256886203643145
55414.5,maxi,0.19073567567567565,0.007134594594594594,0.16183177289924305,0.01455082672199496
55415.5,maxi,0.22722405405405402,0.005945135135135135,0.15204522865131487,0.009950685640990517
55415.5,asm,0.3217090974596404,0.01327420551045841,0.20546657363048182,0.049170402004947274
55416.5,asm,0.34458264949644096,0.014723344266908717,0.21297087197706155,0.04348842200941648
55416.5,maxi,0.22222189189189187,0.005310810810810811,0.16367074147507188,0.009478178388979403
55417.5,asm,0.26506147562376386,0.012870823950022805,0.06831247300184848,0.03642836608094099
55417.5,maxi,0.21291324324324323,0.005312972972972972,0.1513197468214366,0.00930540807387884
55418.5,asm,0.24904877317077628,0.01339598272976524,0.08798157041890298,0.03943252963481098
55418.5,maxi,0.2123481081081081,0.0052027027027027025,0.16063684713778428,0.009541054490091816
55419.5,maxi,0.2273635135135135,0.005618648648648648,0.16541125126112186,0.00963066345131034
55419.5,asm,0.26208801389665765,0.017135322453631724,0.12284938822963465,0.06171641761551171
55420.5,maxi,0.2205327027027027,0.005675135135135134,0.17058311471642124,0.010189000133308276
55421.5,maxi,0.22119756756756756,0.007831621621621621,0.15591220792809962,0.013440204304534114
55421.5,asm,0.3017382924668073,0.0219633204517229,0.18737468559761547,0.06392317493405901
55422.5,asm,0.35542424141440027,0.019246411345009463,0.25204991553845596,0.06296360664624036
55422.5,maxi,0.21403135135135132,0.00778081081081081,0.17522093058183894,0.014681169074059558
55423.5,asm,0.27927466353751546,0.013712494585421503,0.13958214181122236,0.04139963350162988
55423.5,maxi,0.21390216216216215,0.008653783783783783,0.1552965600301797,0.015340737093414252
55424.5,maxi,0.20808783783783782,0.008326756756756756,0.19145238974643725,0.016495557909778562
55424.5,asm,0.29013087661373316,0.017816097907631636,0.11175956272631382,0.06232437078236624
55425.5,maxi,0.2255627027027027,0.00872027027027027,0.14730892029206805,0.013877877710748172
55425.5,asm,0.2780935465973588,0.013664231319864814,0.13201701503817095,0.04590679504584754
55426.5,asm,0.2702666727701823,0.03346666653951009,0.23625730244023502,0.15490533994014802
55426.5,maxi,0.2232489189189189,0.008762432432432432,0.16459578275261344,0.01520164856625124
55427.5,maxi,0.19381675675675675,0.01006945945945946,0.16407400594939842,0.01928634564760016
55427.5,asm,0.2630142282508405,0.02187696084178942,0.1850991159700412,0.08043589631071493
55428.5,asm,0.31102415904197345,0.01985228446761094,0.17448014299226375,0.05914542977432435
55428.5,maxi,0.2224862162162162,0.009724594594594594,0.17878873140365067,0.017677114652130173
55429.5,maxi,0.22781648648648647,0.009751891891891892,0.14897900197822936,0.016163286297046123
55429.5,asm,0.3436977649911126,0.016077038245788686,0.24340481590361282,0.05931676316135865
55430.5,asm,0.2759868330481873,0.014614970518476152,0.15829418867961662,0.055633689417555615
55430.5,maxi,0.21914216216216217,0.01021081081081081,0.16718286494128415,0.01851832194138446
55431.5,maxi,0.2760591891891892,0.012114864864864863,0.1666187854513009,0.018078950728144597
55431.5,asm,0.2858666737874349,0.05306666692097982,0.27081426857282864,0.229514463175802
55432.5,asm,0.299312075492723,0.012722006973697474,0.17661320697910757,0.04451217642613137
55432.5,maxi,0.2630935135135135,0.01415027027027027,0.18074357340992342,0.022640878393047077
55433.5,maxi,0.23037351351351348,0.01552108108108108,0.14076012395516924,0.024464070740379616
55433.5,asm,0.23408641384952333,0.023712857135834316,0.07566860870626743,0.07722997799164787
55434.5,asm,0.29700755722636063,0.015501241519047419,0.19689532926409747,0.05494614845394952
55434.5,maxi,0.2798648648648649,0.019737837837837835,0.120380192912027,0.023617044979489105
55435.5,maxi,0.2631513513513513,0.013148378378378378,0.11798969197891865,0.017134832471751387
55435.5,asm,0.26849999400959507,0.012044333351810616,0.172928079928228,0.0462823682865304
55436.5,asm,0.2925333404541016,0.021200000445048016,0.19191050267090365,0.0713441544744841
55436.5,maxi,0.24762243243243243,0.01366189189189189,0.1190275212402676,0.019024595629506494
55437.5,maxi,0.2583045945945946,0.012796216216216216,0.1421397603173954,0.018557002560331395
55437.5,asm,0.2945979168129167,0.0298282146107323,-0.00175545975233001,0.08063031877213628
55438.5,asm,0.34373334248860676,0.02146666685740153,0.17452006922710186,0.07514038616148305
55438.5,maxi,0.22755567567567567,0.013923243243243242,0.13571125218551958,0.021793135346571752
55439.5,maxi,0.2556745945945946,0.014301621621621621,0.16533995879797952,0.02290378899226314
55439.5,asm,0.3071509738177898,0.017132394947757146,0.1577874327611938,0.06270209164510529
55440.5,maxi,0.22878648648648647,0.016262702702702702,0.1483916082264045,0.02835620453846823
55441.5,maxi,0.24710405405405406,0.01578945945945946,0.15249921952125012,0.024818076053850995
55442.5,maxi,0.22041486486486486,0.015502972972972973,0.14832638396756598,0.026903103132139967
55443.5,maxi,0.2581905405405405,0.010148378378378377,0.19304439050525496,0.017866292599377123
55445.5,asm,0.27613332112630207,0.031333332061767576,0.26824817946967183,0.1139290588272882
55446.5,asm,0.31204633359740747,0.016401600104779764,0.1511205759885938,0.06673905049935708
55447.5,asm,0.3152805795173398,0.022148169008628957,0.15987731072978392,0.07829500792088188
55448.5,asm,0.3075999959309896,0.026133333841959632,0.11912751241576744,0.08550744676434216
55449.5,asm,0.32933334350585936,0.02066666603088379,0.2525458346379184,0.0855314268955092
55450.5,maxi,0.21985459459459458,0.014647567567567568,0.19495547023594112,0.030762239900908445
55450.5,asm,0.3036905362846639,0.01582578311016283,0.2883334870025077,0.06791915994046249
55451.5,asm,0.2997333272298177,0.022266666094462078,0.08484848509869455,0.07218549979773907
55451.5,maxi,0.24232756756756754,0.0052370270270270265,0.16796501058289345,0.008647609870410874
55452.5,maxi,0.2327327027027027,0.0052345945945945944,0.14970827178332388,0.008330273917138633
55452.5,asm,0.3270666758219401,0.02493333339691162,0.2660818672682437,0.10082214031455106
55453.5,asm,0.35813334147135417,0.028400001525878907,0.23578594684350151,0.09811468055927841
55453.5,maxi,0.24791081081081082,0.0063194594594594596,0.13985952050982442,0.009198545517440843
55454.5,asm,0.26426666259765624,0.01986666679382324,0.267653755820482,0.09180960582597845
55454.5,maxi,0.25477189189189187,0.007087567567567567,0.14227097474436393,0.010592283075632198
55455.5,asm,0.2890666707356771,0.030933332443237305,0.2947719869672286,0.14563886316128208
55455.5,maxi,0.251157027027027,0.007301621621621621,0.13825102265399816,0.010708300618921822
55456.5,maxi,0.27296054054054053,0.007824594594594595,0.13917662707187692,0.010237923683431661
55457.5,maxi,0.2601424324324324,0.007867027027027027,0.1354271052861907,0.010886741942009172
55458.5,maxi,0.2617178378378378,0.008207837837837838,0.14527049319642876,0.01199724446043568
55458.5,asm,0.42120000203450514,0.037466665903727214,0.2479941711092053,0.1070419608043661
55459.5,asm,0.2954666646321615,0.02053333282470703,0.24496646085150747,0.096632740633228
55459.5,maxi,0.2325445945945946,0.006672432432432433,0.13548080354399428,0.010196860636118644
55460.5,maxi,0.21014756756756756,0.007691351351351352,0.15953231873827922,0.014278572348273155
55460.5,asm,0.3125333404541016,0.04640000025431316,0.31627516416079143,0.16583148433288153
55461.5,maxi,0.2374943243243243,0.0067340540540540535,0.18328072058659997,0.011861916446009244
55462.5,asm,0.3877333323160807,0.03493333180745443,0.37438017082592134,0.12057542825941535
55462.5,maxi,0.24897945945945946,0.008728648648648647,0.1486772205860767,0.013304290896791946
55463.5,maxi,0.22951837837837838,0.004984864864864864,0.16692663135354446,0.008469531788584665
55464.5,asm,0.2702666727701823,0.022800000508626305,0.0394618845443344,0.07899090565388532
55464.5,maxi,0.22210513513513513,0.00492,0.16727271023307685,0.008734861409685577
55465.5,maxi,0.19969675675675674,0.004590810810810811,0.1651428179036758,0.008955767307431924
55466.5,maxi,0.2095089189189189,0.00481,0.16464896325936704,0.008871622033007271
55466.5,asm,0.2954666646321615,0.03679999987284342,0.29662698731821285,0.1653172142404512
55467.5,asm,0.2430223293920514,0.028214587197480465,0.16067053501226766,0.08866990772588317
55467.5,maxi,0.2235008108108108,0.004821081081081081,0.1449898017239247,0.007918225261497174
55468.5,asm,0.3456000010172526,0.021066667238871257,0.28076924840374173,0.08207725861167832
55468.5,maxi,0.21252270270270268,0.00462027027027027,0.15330582589479416,0.008179837874404938
55469.5,asm,0.31666666666666665,0.024400000572204594,0.26691382063233293,0.09400449853393443
55469.5,maxi,0.20987864864864864,0.004650810810810811,0.1430381093170582,0.008079568185870283
55470.5,asm,0.33226666768391927,0.030133333206176758,0.25357874098019584,0.12568343707020901
55470.5,maxi,0.20962378378378377,0.00431027027027027,0.1593068490205764,0.007829599925775015
55471.5,asm,0.2946666717529297,0.021200000445048016,0.16151545841452164,0.08387613421630331
55471.5,maxi,0.21581675675675674,0.004649459459459459,0.155729067842827,0.008181020278643343
55472.5,maxi,0.2067372972972973,0.004747837837837838,0.1486588111171769,0.008555682510299919
55473.5,maxi,0.20784378378378376,0.004549729729729729,0.17296961477704495,0.008889540116891593
55473.5,asm,0.13146666208902993,0.03880000114440918,-0.2984293208421968,0.20740819042437564
55474.5,maxi,0.19509108108108106,0.0043632432432432425,0.16950281927206676,0.008945257159783717
55474.5,asm,0.25600001017252605,0.02253333409627279,0.11342592362636411,0.11635564615867847
55475.5,asm,0.32053334554036456,0.026133333841959632,0.2714041090297932,0.09194500848371552
55475.5,maxi,0.19990243243243244,0.004345405405405405,0.15702428310590894,0.008277704917618282
55476.5,maxi,0.20145270270270269,0.004494594594594594,0.15945293483149445,0.008548927096327697
55477.5,maxi,0.20375486486486485,0.004406486486486486,0.16003097183738507,0.008527762862625429
55477.5,asm,0.33866666158040365,0.03626666704813639,0.4266528909335525,0.1567274038314672
55478.5,asm,0.16826666514078775,0.03706666628519694,-0.12534818909130707,0.20629439887272366
55478.5,maxi,0.20741783783783782,0.005135405405405405,0.16750799441631536,0.009987968372920155
55479.5,asm,0.24866666158040365,0.02946666717529297,0.12098765097782224,0.15146286569304473
55479.5,maxi,0.20245648648648648,0.005452432432432433,0.1551068477879766,0.010248506122739962
55480.5,maxi,0.17804594594594592,0.006751081081081081,0.16110431691678193,0.014521639115065682
55480.5,asm,0.2882328524221894,0.019316500711335623,0.24574644364147633,0.09147855214818887
55481.5,maxi,0.15157135135135136,0.007793783783783784,0.13037418722464336,0.019084148251258683
55482.5,asm,0.3136000061035156,0.018933332761128744,0.23991726111050293,0.08211548602965589
55482.5,maxi,0.15589054054054052,0.00872972972972973,0.1383801783872558,0.019205493691387094
55483.5,maxi,0.15136810810810808,0.007991351351351351,0.16735822721851534,0.020615788886494398
55484.5,maxi,0.18474189189189189,0.0062545945945945945,0.1477872438536909,0.01252558348522314
55485.5,maxi,0.19410486486486486,0.0054613513513513505,0.15600790652775262,0.010708107033054687
55486.5,maxi,0.1929654054054054,0.00502054054054054,0.1539994624114126,0.009774176419680347
55487.5,maxi,0.18718594594594593,0.005058108108108108,0.15137863877246688,0.010298781674692887
55487.5,asm,0.34720001220703123,0.02293333371480306,0.5088131383370117,0.12095777668255495
55488.5,maxi,0.18854648648648648,0.004671081081081081,0.14670445630584222,0.009208662734071987
55489.5,maxi,0.18045081081081082,0.0051791891891891885,0.14970323809940977,0.010568687050285231
55489.5,asm,0.26800000508626304,0.022800000508626305,0.13128204834766877,0.09110254178891627
55490.5,maxi,0.19490540540540538,0.005995945945945946,0.15134855959299617,0.011672721503642326
55491.5,maxi,0.19569810810810812,0.007545675675675675,0.149941260704684,0.014951913716977978
55491.5,asm,0.29079999287923175,0.025733332633972168,0.03533569140266512,0.12725205742450987
55492.5,maxi,0.18310513513513513,0.007373243243243243,0.15951808421564947,0.0152146434082544
55493.0,bat,0.007755954545454545,0.003868090909090909,,
55493.5,maxi,0.19722567567567567,0.008293243243243244,0.14721728027577385,0.016122324682883233
55494.5,maxi,0.19935486486486484,0.008488378378378377,0.17348016410498007,0.017066506275653627
55494.5,asm,0.20773333231608074,0.030799999237060546,0.14970759565325295,0.1378382689001731
55495.5,maxi,0.18027567567567565,0.00834972972972973,0.1748310746960554,0.01929440053125447
55496.5,maxi,0.17730594594594593,0.011484864864864863,0.17255756574161898,0.026296032570830734
55497.5,maxi,0.18148486486486487,0.011269189189189188,0.15528515765981427,0.0246535511889877
55498.5,maxi,0.21585054054054054,0.011358108108108108,0.18742148322725996,0.023320303991658364
55498.5,asm,0.20906667073567708,0.026933333079020183,0.07476635774323726,0.1339539759446623
55499.5,maxi,0.20275783783783782,0.010649459459459458,0.14158173997351556,0.01968870722065912
55500.5,maxi,0.1974356756756757,0.010295135135135134,0.16067546143895745,0.020546884583531353
55501.5,maxi,0.19156027027027026,0.009772702702702701,0.1612140159821992,0.019994527746199045
55502.5,maxi,0.22284216216216216,0.012381891891891891,0.15949049706437782,0.022964699686044563
55503.5,asm,0.210616922209571,0.025356869244096095,-0.15978634839334235,0.12999248201027033
55503.5,maxi,0.12275216216216216,0.02279243243243243,0.14603961847142344,0.06704477198159825
55504.5,asm,0.16026667277018228,0.03759999910990397,-0.017571884246336808,0.2524241897364614
55504.5,maxi,0.21282027027027026,0.013937027027027028,0.12655824024054266,0.023611410320639063
55505.5,maxi,0.21479243243243243,0.013667567567567566,0.10122343240318772,0.01979906298434167
55505.5,asm,0.23874801763530396,0.028024270705778617,0.3016692056119596,0.16602399277787666
55506.5,maxi,0.2275045945945946,0.013205945945945947,0.16876340180688443,0.025134084733888767
55507.5,maxi,0.21044513513513513,0.012553783783783782,0.16846284815637957,0.02469850139838828
55508.0,bat,0.07069322727272727,0.025009227272727273,,
55508.5,maxi,0.2319445945945946,0.013086486486486486,0.1180632942057392,0.019201713219490813
55509.0,bat,0.04792363636363637,0.020545863636363636,,
55509.5,maxi,0.22923972972972972,0.013587567567567566,0.164460615806965,0.024194493179341862
55510.5,asm,0.27986666361490886,0.022266666094462078,0.2820512934513696,0.1027562347403956
55510.5,maxi,0.23508486486486485,0.014335675675675674,0.18138329220229107,0.02573802192670928
55511.5,maxi,0.1810172972972973,0.013928918918918919,0.10756877118053339,0.02443466165890514
55512.5,maxi,0.2163416216216216,0.013835675675675676,0.1900403635004082,0.027418737199850943
55513.5,maxi,0.1546316216216216,0.012011081081081081,0.1347696853090619,0.025353187762763723
55514.5,asm,0.24453333536783853,0.028133331934611004,0.15108834266238885,0.14470486531112572
55515.5,asm,0.1871999994913737,0.04426666577657064,0.2578534113923265,0.23756812471385091
55517.5,asm,0.2405333455403646,0.03759999910990397,0.17160492842380248,0.18203097261168438
55519.5,asm,0.1697333272298177,0.018799999554951985,-0.07210031349426711,0.11934852210547875
55520.5,maxi,0.20131945945945945,0.006971351351351351,0.15171290247808497,0.013648809914072304
55521.5,maxi,0.1969197297297297,0.00407,0.16548529769944423,0.008422331992738194
55521.5,asm,0.1809614016714155,0.019766700163432734,0.19546148086285647,0.14911712190548274
55522.5,asm,0.2653333282470703,0.035200001398722335,0.4615384405271306,0.2376238052141314
55522.5,maxi,0.1818783783783784,0.004345945945945946,0.15385633243711203,0.009131651489625569
55523.5,maxi,0.1745389189189189,0.004962702702702703,0.1163791597108532,0.009283405931690586
55524.5,maxi,0.13098486486486485,0.013354594594594593,0.06809397151504828,0.026043787274722188
55525.5,maxi,0.18707027027027026,0.010562972972972972,0.13972840832951886,0.0207297381431195
55526.5,asm,0.2396950717175243,0.04304330478216544,0.5983994259592299,0.3642189322783214
55526.5,maxi,0.15348324324324322,0.0077105405405405395,0.08366709129755066,0.01414269443538821
55527.0,bat,0.08028586363636364,0.029974181818181816,,
55527.5,asm,0.07533333460489909,0.030133333206176758,0.8595317475069112,0.5502673228834641
55527.5,maxi,0.16197567567567567,0.006746486486486487,0.1395048172008552,0.014953053038974548
55528.5,maxi,0.16800459459459458,0.005819189189189189,0.12967531313271452,0.011596893095912114
55529.5,maxi,0.17437216216216214,0.00529027027027027,0.12757592094463593,0.010352993387617984
55529.5,asm,0.21775904267734542,0.018961352946885245,0.23741319364502775,0.12065864740018893
55530.5,maxi,0.17032243243243242,0.004989729729729729,0.16415203180087046,0.011607685438065419
55530.5,asm,0.21826667785644532,0.027333332697550457,0.27272726796017244,0.17758165942401388
55531.5,asm,0.17412610961104893,0.02976085667891104,0.3574240843800792,0.23866392270582656
55531.5,maxi,0.14500324324324323,0.005856216216216216,0.15764510582794808,0.015332569176627302
55532.5,maxi,0.1698016216216216,0.006737837837837837,0.1381460180464134,0.014683137933122179
55533.5,maxi,0.14981999999999998,0.004937567567567567,0.14171469867625544,0.012308914421865371
55534.5,maxi,0.13845189189189186,0.004002702702702703,0.1471915322729046,0.01060807213910085
55535.5,asm,0.13693333943684896,0.034533332188924154,0.17247706981893662,0.25814424268310565
55535.5,maxi,0.13490405405405406,0.003811891891891892,0.15653074078937104,0.010540718379081465
55536.5,maxi,0.11722513513513512,0.003667297297297297,0.15404910792232232,0.01165778081789003
55537.5,maxi,0.12764864864864864,0.003811351351351351,0.13955367223650644,0.010762951800462862
55538.5,maxi,0.10913135135135134,0.003471081081081081,0.14348543782290096,0.011346049027181006
55539.5,maxi,0.10937621621621621,0.0033521621621621623,0.1568510155344856,0.011693206344847452
55540.5,maxi,0.1071708108108108,0.0036378378378378374,0.1507259629740221,0.012319899125624176
55541.5,maxi,0.1042635135135135,0.0034054054054054052,0.15861124181468847,0.01234533014012518
55542.5,maxi,0.09942513513513514,0.0033310810810810807,0.15322444728971352,0.01216529719906386
55543.5,maxi,0.09209216216216216,0.0033118918918918915,0.1369016475713538,0.012559648536359281
55544.5,maxi,0.09049675675675675,0.003923243243243243,0.17394435502150454,0.016875596052780703
55545.5,maxi,0.0978108108108108,0.005017027027027027,0.14183304167992364,0.018382417400557412
55546.5,maxi,0.09631675675675676,0.005176216216216216,0.14355289584366074,0.019442412601381836
55547.5,maxi,0.09709648648648649,0.0060527027027027025,0.11958310477235327,0.020972327160325255
55548.5,maxi,0.10924027027027026,0.007941621621621622,0.12986537733697273,0.02987732307993217
55549.5,maxi,0.0923335135135135,0.004702702702702702,0.22486839134801942,0.02508456307229526
55550.5,maxi,0.07304567567567567,0.004575405405405405,0.13770777699057168,0.023559496733805384
55551.5,maxi,0.04982162162162162,0.005682702702702702,0.1569018683112643,0.0416420470241002
55552.5,maxi,0.046417027027027026,0.006808648648648648,0.24999168044016018,0.061005572332524814
55553.5,maxi,0.05750162162162162,0.006876756756756757,0.09643588591867935,0.03895142877639212
55554.5,asm,0.14173333485921225,0.033999999364217125,0.6993670816834856,0.5093597520465873
55554.5,maxi,0.06421945945945945,0.004857567567567567,0.20057751810918953,0.03364409058076962
55555.5,maxi,0.06988594594594594,0.004361891891891892,0.18404011984407387,0.02386490333330095
55556.5,maxi,0.0824727027027027,0.003825405405405405,0.20839454354669465,0.0208017656204294
55557.5,maxi,0.07815162162162162,0.0037008108108108105,0.16531111103577106,0.019309962986943936
55558.5,maxi,0.08269297297297297,0.003825405405405405,0.15184135237174545,0.018429194811884642
55559.0,bat,0.04872027272727273,0.01954881818181818,,
55559.5,maxi,0.07612918918918918,0.004128918918918919,0.16843732548795273,0.021551064680052592
55560.0,bat,0.03344004545454545,0.014807409090909092,,
55560.5,maxi,0.07764486486486485,0.004431621621621621,0.19801067494203373,0.024918137886168718
55561.5,maxi,0.07368675675675676,0.005271351351351351,0.13246271806177812,0.025803743216647884
55561.5,asm,0.08408291366243692,0.02567585129941869,0.3390285610698238,0.6802548362014655
55562.5,maxi,0.06324729729729729,0.00630081081081081,0.1303776189264426,0.035397843483700675
55563.5,maxi,0.07041864864864864,0.005691081081081081,0.19905005713193696,0.035071200912610345
55564.5,maxi,0.06487162162162162,0.0062710810810810815,0.1743050464706725,0.039838975918194346
55565.5,maxi,0.05652513513513513,0.006062162162162162,0.1263019441818406,0.03663705165201233
55566.5,maxi,0.08410459459459459,0.00695,0.2708691608465237,0.05204232211998567
55567.0,bat,0.018245181818181817,0.007387636363636364,,
55567.5,maxi,0.08836216216216217,0.007588378378378379,0.18455741490211997,0.03782038602819262
55568.0,bat,0.03370736363636364,0.011514,,
55568.5,maxi,0.08389621621621622,0.00718027027027027,0.33439758600063246,0.05287667811217906
55569.5,maxi,0.07497864864864864,0.007452432432432432,0.17167370124827874,0.040680655236567706
55570.0,bat,0.02913854545454545,0.012397863636363637,,
55570.5,maxi,0.07617945945945946,0.00682054054054054,0.19256409141631525,0.03884305104858764
55571.5,maxi,0.07721837837837837,0.008219189189189189,0.190703086914815,0.0420415888996679
55572.5,maxi,0.08205324324324324,0.008293783783783783,0.16606417866507828,0.044125529858064866
55573.5,maxi,0.08762567567567567,0.011864054054054054,0.4571300887403971,0.12567868310588629
55574.5,maxi,0.0734545945945946,0.012778918918918917,0.16663894562462161,0.0641676498713522
55575.5,maxi,0.08656594594594595,0.00992108108108108,0.07333210962540418,0.03576905122203888
55576.5,maxi,0.08856702702702703,0.010748648648648648,0.22869127638438724,0.06546147116730722
55577.5,maxi,0.08479999999999999,0.009532162162162162,0.2060994560994561,0.049865004368608384
55578.0,bat,0.017855363636363634,0.0070336363636363634,,
55578.5,maxi,0.07597432432432431,0.010004864864864864,0.31869292019639267,0.07777207151424709
55579.0,bat,0.014370863636363636,0.0069313636363636365,,
55579.5,maxi,0.06717432432432431,0.008682432432432432,0.2090198426125962,0.060783692462918815
55580.5,maxi,0.07547513513513514,0.010325945945945944,0.17051801432805588,0.0629611629104154
55581.0,bat,0.01645831818181818,0.007750818181818182,,
55581.5,maxi,0.0794416216216216,0.009354054054054053,0.17531305903398925,0.05136661684506178
55582.0,bat,0.011536136363636365,0.005226181818181819,,
55582.5,maxi,0.05543756756756756,0.008769729729729728,0.1905568287921229,0.060792742142065224
55583.5,maxi,0.05991567567567567,0.007112432432432432,0.20238334206442074,0.052539852613128366
55584.5,maxi,0.07373945945945946,0.008977837837837836,0.18491462892253271,0.06345178958578795
55585.0,bat,0.023564727272727272,0.006570363636363636,,
55585.5,maxi,0.09061837837837837,0.016015675675675675,0.1781657283542517,0.0836782867333088
55586.0,bat,0.02214990909090909,0.007895954545454546,,
55591.5,maxi,0.05594621621621621,0.004752162162162162,0.22765590427833887,0.046623336037236326
55592.5,maxi,0.05117027027027027,0.0038132432432432433,0.248827356171019,0.03825700773923071
55593.0,bat,0.026415636363636363,0.006624636363636364,,
55593.5,maxi,0.05228486486486486,0.0035508108108108106,0.2861912536131035,0.04096320345379411
55594.0,bat,0.024990954545454545,0.0039229545454545454,,
55594.5,maxi,0.04369621621621621,0.003464864864864865,0.3497707673834734,0.05723441383430024
55595.0,bat,0.02407372727272727,0.004283863636363636,,
55595.5,maxi,0.029417027027027025,0.004497297297297297,0.34404311836608725,0.08869107880065995
55596.0,bat,0.032507772727272725,0.0053305,,
55596.5,maxi,0.02364054054054054,0.005383513513513513,0.4125169447810074,0.12421599228241145
55597.0,bat,0.028499636363636362,0.005343227272727273,,
55597.5,maxi,0.04080162162162162,0.004101621621621621,0.4209712882126199,0.07525596906184676
55598.0,bat,0.029295045454545456,0.005072090909090909,,
55598.5,maxi,0.034484594594594596,0.0032797297297297297,0.36150420583869375,0.0743039850634869
55599.0,bat,0.025629454545454546,0.004576045454545454,,
55599.5,maxi,0.04120891891891892,0.0032483783783783782,0.666459981018665,0.09325122314015606
55600.0,bat,0.035980954545454545,0.0040687272727272725,,
55600.5,maxi,0.03423621621621622,0.003618918918918919,0.44280799355830464,0.10057369331410336
55601.0,bat,0.04302372727272727,0.005745272727272727,,
55601.5,maxi,0.03850189189189189,0.004572702702702702,0.7029531153329612,0.1576065335346765
55602.0,bat,0.03950581818181818,0.004641681818181818,,
55602.5,maxi,0.02887378378378378,0.004114324324324324,0.8372659427090315,0.21522723226356466
55603.0,bat,0.043255136363636364,0.003992954545454545,,
55603.5,maxi,0.030704324324324322,0.003765135135135135,0.9082325169666566,0.22626640382063637
55604.0,bat,0.03750663636363637,0.0049085454545454545,,
55604.5,maxi,0.021064864864864863,0.0030081081081081078,0.6519713638995631,0.1633754016857585
55605.0,bat,0.034553181818181816,0.00544790909090909,,
55605.5,maxi,0.019488378378378378,0.003046216216216216,0.5216365848208744,0.145609763555803
55606.0,bat,0.03620504545454545,0.005328363636363636,,
55606.5,maxi,0.016008108108108106,0.0028594594594594596,0.9951916227382818,0.2599943897664201
55607.0,bat,0.041509954545454544,0.0044269999999999995,,
55607.5,maxi,0.014082972972972972,0.002829459459459459,0.606815683400513,0.20907773280495212
55608.0,bat,0.03611304545454545,0.005397636363636364,,
55608.5,maxi,0.017293513513513513,0.0028935135135135133,1.602285430381319,0.6022893988095953
55609.0,bat,0.023695227272727274,0.008601045454545455,,
55609.5,maxi,0.017507027027027028,0.0029494594594594594,1.0609805103475989,0.3669364195204924
55610.0,bat,0.031437,0.0046254090909090915,,
55610.5,maxi,0.010195405405405405,0.002861351351351351,1.489311163895487,0.8912001519917722
55611.0,bat,0.03123718181818182,0.0053233636363636365,,
55611.5,maxi,0.008709999999999999,0.0029467567567567567,1.1175762439807384,0.7370139359885277
55612.0,bat,0.01654418181818182,0.004782045454545454,,
55612.5,maxi,0.008463243243243244,0.0031054054054054053,0.6137095878235752,0.34110846609111745
55613.0,bat,0.018444000000000002,0.004569818181818182,,
55613.5,maxi,0.010134324324324324,0.0030056756756756758,0.9333547971667739,0.45653343328161405
55614.0,bat,0.016456863636363638,0.004346136363636364,,
55615.0,bat,0.014084045454545455,0.005312090909090909,,
55616.0,bat,0.033123818181818185,0.007235636363636363,,
55617.0,bat,0.013145818181818182,0.004500909090909091,,
55619.0,bat,0.014980272727272727,0.006816454545454545,,
55620.0,bat,0.010723227272727273,0.0044945,,
55620.5,maxi,0.019735675675675676,0.005707297297297297,1.6536179582849104,1.0651065425784239
55621.0,bat,0.011624363636363636,0.004973136363636364,,
55622.0,bat,0.0091035,0.00389,,
55624.0,bat,0.016006272727272727,0.005882409090909092,,
55624.5,maxi,0.007112432432432432,0.0033964864864864863,7.864831804281346,28.345275917116343
55625.5,maxi,0.009016756756756757,0.0033270270270270266,0.5550627209092799,0.4316142216123834
55629.5,maxi,0.015618648648648648,0.003924054054054054,1.017393811262733,0.837708538980161
55630.5,maxi,0.012675945945945944,0.0040124324324324325,0.9743306651945901,0.8102926658671329
55632.0,bat,0.01143859090909091,0.003927681818181818,,
55643.0,bat,0.012711090909090908,0.004269863636363637,,
55648.5,maxi,0.01916324324324324,0.007505945945945946,2.6504330362746327,5.1463196868630385
55661.5,maxi,0.020915945945945945,0.0035627027027027025,0.9581917650446301,0.4573046759750539
55662.5,maxi,0.007661351351351351,0.0029532432432432427,-64.76470588235294,-1598.8774057856692
55663.5,maxi,0.00962,0.0025459459459459457,0.6036376115305422,0.4024848518247218
55684.5,asm,0.05272445167567328,0.017213378199584427,0.07220510040483488,0.46137302178026723
55694.0,bat,0.01335090909090909,0.0056766818181818186,,
55694.5,asm,0.04864963930468703,0.024322822214243724,-0.24271446010265055,0.5838462572673981
55698.5,maxi,0.009628648648648647,0.0034486486486486486,1.3742846241892408,1.7549006082280938
55701.5,asm,0.042578222021496095,0.017470205237363385,2.42363767356288,4.145033573135998
55702.5,asm,0.03733767907242633,0.016608718178493548,8.876742463038847,29.283139369262113
55704.5,asm,0.10216652302853949,0.0173608723171744,4.715625266722943,3.9233766471849005
55720.5,asm,0.059333330790201824,0.021066667238871257,0.17063492476474612,0.3329088665334902
55725.5,asm,0.05657546785588008,0.025494778370916016,18.15807506910188,90.44811491818254
55731.5,maxi,0.032258378378378375,0.004545675675675676,1.70021847690387,0.7882083617495637
55733.5,asm,0.022188456025702352,0.008707290036195858,1.2280339059611205,1.021800284025188
55736.5,maxi,0.007639459459459459,0.003453513513513513,0.42820945945945943,0.636230861528698
55745.5,maxi,0.0061343243243243235,0.00303027027027027,2.5141129032258065,2.9243912548879067
55757.5,maxi,0.019379459459459458,0.00798054054054054,3.2033237587197374,7.851437764187546
55768.5,asm,0.060152140324041,0.028043794117940307,0.7106241023084058,0.5462544614732785
55772.5,maxi,0.014725405405405404,0.0033272972972972974,1.387648087007186,0.8156502074623051
55781.5,maxi,0.01867216216216216,0.006036216216216216,50.73913043478261,1819.8213215469268
55784.5,maxi,0.04279378378378378,0.008972972972972972,2.6134735696799343,2.0441810872589343
55791.0,bat,0.006490045454545455,0.002958363636363636,,
55793.5,asm,0.049337688442005694,0.019750529422400673,-0.23631845005595198,0.49993149851116636
55794.5,maxi,0.03167054054054054,0.014516216216216215,-8.425655300394341,-19.679493042387488
55795.5,asm,0.08816384732640416,0.01976618820509409,0.567132113610729,0.37583887508240094
55803.5,maxi,0.027937837837837837,0.0037686486486486486,-33.06929347826087,-227.80324519950383
55804.5,maxi,0.0077340540540540535,0.0027397297297297295,23.025252525252526,236.31868005175843
55818.5,asm,0.06585731124256179,0.02866664426730741,1.1790761164742851,1.9531146589838562
55827.0,bat,0.01153140909090909,0.005017363636363636,,
55828.0,bat,0.010220727272727274,0.0033460454545454544,,
55829.5,maxi,0.005752432432432433,0.0025564864864864867,0.24871256913980544,0.7886744483123403
55830.5,maxi,0.0053324324324324325,0.0026156756756756756,0.19225910187205697,0.4781462344726538
55831.5,maxi,0.006661351351351351,0.002721621621621622,-80.5576923076923,-5802.292587971527
55842.5,maxi,0.009143783783783783,0.0029375675675675675,10.537065052950075,32.51941267165211
55845.5,maxi,0.012814324324324323,0.0047491891891891895,0.6778535323850946,0.5229923173752368
55851.5,maxi,0.02288189189189189,0.005698648648648648,11.433232628398793,51.99771686795231
55854.0,bat,0.007270772727272727,0.0032069090909090906,,
55863.5,maxi,0.020667837837837835,0.007909189189189189,1.6147050950298922,2.084961512172538
55865.5,maxi,0.030495135135135135,0.012784594594594594,2.1057104727119476,4.066917020142835
55867.5,maxi,0.02910108108108108,0.006691351351351351,10.215268225584595,61.315974777466984
55873.5,maxi,0.0681454054054054,0.017604594594594593,1.2262065577796883,1.2119917696535003
55874.5,maxi,0.028957297297297298,0.003825405405405405,1.4023647253201157,0.5300144973842296
55875.5,maxi,0.008692162162162162,0.0026205405405405405,0.684114626470101,0.8100816202594437
55878.5,maxi,0.007695945945945946,0.0031851351351351352,0.5717825009779632,0.3968129050069091
55885.5,maxi,0.009049999999999999,0.0038281081081081077,-4.648666447151794,-7.8688955394123585
55886.5,maxi,0.009012702702702702,0.0043867567567567566,0.998057749579179,1.3361195145042888
55887.5,maxi,0.005858108108108107,0.002527027027027027,3.465336134453781,5.076164567345616
55902.5,maxi,0.00679027027027027,0.0021735135135135136,4.00763358778626,11.750470860117805
55914.5,maxi,0.008401351351351352,0.0027264864864864863,1.7848857045377005,1.4323701369194248
55930.0,bat,0.024944863636363637,0.01164109090909091,,
55935.5,maxi,0.017469189189189188,0.007566486486486486,-2.7591003640145604,-4.608485758835535
55939.5,maxi,0.04135756756756756,0.006344594594594594,7.938010104935873,13.06363653738269
55946.5,maxi,0.011365675675675676,0.005487567567567567,0.5186184096050113,0.8556977558185538
55947.5,maxi,0.010855945945945945,0.00349,5.831099195710455,20.6382358978501
55948.5,maxi,0.012083783783783783,0.0034724324324324324,1.548382029531888,1.578604850283314
55956.5,maxi,0.010222162162162162,0.003213783783783784,-11.216783216783215,-38.50627073011446
55958.5,maxi,0.009531351351351351,0.0034927027027027028,5.1620181761203385,9.265386661076207
55963.5,maxi,0.005732972972972973,0.0026816216216216217,1.3580946035976016,2.3545167001648526
55965.5,maxi,0.010381351351351351,0.0028478378378378375,4.6855583543240975,8.98635429392397
55974.5,maxi,0.008389189189189189,0.003435945945945946,-7.0799011532125204,-29.58601076220435
55985.5,maxi,0.011451351351351351,0.003787297297297297,2.6551116333725027,3.120799654812828
55986.5,maxi,0.01368,0.004432702702702703,-1.7374727668845318,-2.2821823415636397
55991.0,bat,0.008330954545454546,0.004089045454545455,,
55993.5,maxi,0.013166486486486486,0.005822432432432432,1.101269128322975,0.7481698706278712
55996.5,maxi,0.01430027027027027,0.006869189189189189,-4.6997333333333335,-11.76116512302213
55997.5,maxi,0.012535945945945946,0.005792432432432432,0.4038469011074412,0.40256574957627994
56001.5,maxi,0.03211783783783784,0.01229027027027027,-0.5593918587542913,-1.1475752766292768
56002.5,maxi,0.019659459459459457,0.008668378378378376,1.0228226652675763,0.7303420000375381
56017.5,maxi,0.01534027027027027,0.0071035135135135135,-5.486738703339882,-14.74769943113265
56018.5,maxi,0.01772,0.003661891891891892,1.8720688350983359,1.1624537211087833
56019.5,maxi,0.011352432432432431,0.0025848648648648647,1.6698478204797524,1.9395184253360571
56020.5,maxi,0.005896216216216215,0.0026483783783783784,4.638115631691649,13.89872863104897
56027.5,maxi,0.008493783783783782,0.0031294594594594594,-1.7283648951333743,-1.873097364404996
56029.5,maxi,0.012292432432432433,0.0037456756756756755,130.16477272727272,4286.70934449499
56030.5,maxi,0.018270540540540538,0.0057445945945945945,-2.492474674384949,-3.2247067616127265
56031.5,maxi,0.00790108108108108,0.0037756756756756756,-0.7511286681715575,-2.1194332741106177
56033.5,maxi,0.008876756756756756,0.0035329729729729727,0.7647943831494484,1.1754923071599963
56034.0,bat,0.007908454545454545,0.0038944545454545456,,
56037.5,maxi,0.0075875675675675675,0.003527297297297297,3.017543859649123,4.592035108360203
56052.5,maxi,0.009130270270270269,0.004446216216216216,1.2501783590963138,2.5653863302712803
56056.0,bat,0.010183318181818182,0.004069136363636363,,
56060.5,maxi,0.01579216216216216,0.006884594594594594,1.6351084812623276,3.0866253228791796
56068.0,bat,0.00994381818181818,0.004790909090909091,,
56079.5,maxi,0.03569297297297297,0.015746486486486487,7.115938550168027,46.00564290347342
56089.5,maxi,0.01324054054054054,0.004481621621621621,0.7537988632409233,0.5376250510362983
56090.5,maxi,0.013404594594594595,0.004762972972972973,2.019715224534502,2.4325948220494054
56096.5,maxi,0.007694864864864865,0.003692972972972973,1.3083140877598154,1.0847171061266343
56103.5,maxi,0.011644864864864863,0.0036656756756756757,2.893972012917115,4.707375953419422
56106.0,bat,0.006852045454545454,0.0034101363636363635,,
56107.5,maxi,0.007465945945945946,0.0036197297297297297,0.9158908000631214,1.2223001722949867
56108.5,maxi,0.015371891891891892,0.007514594594594594,7.823112012164217,44.5974210905932
56109.5,maxi,0.01471891891891892,0.006315945945945946,2.0465489566613164,5.115141098639464
56123.5,maxi,0.012774594594594594,0.003544054054054054,25.309751434034418,230.8636510657687
56124.5,maxi,0.00819945945945946,0.003633513513513513,0.517726505346089,3.3779591329251484
56140.5,maxi,0.008195135135135135,0.0035724324324324323,-9.777679362267493,-49.622587626551166
56143.5,maxi,0.06573945945945946,0.012632162162162163,1.0613342508420558,0.5800012151195207
56152.5,maxi,0.04119054054054054,0.013728918918918918,2.2191868279569893,1.8490780962220652
56163.5,maxi,0.008038648648648648,0.0032027027027027024,0.7766896913526276,0.5537738713675918
56164.5,maxi,0.007967027027027026,0.0033732432432432434,1.9317463269481125,2.316884851153915
56180.5,maxi,0.008091351351351351,0.0036270270270270266,0.8995653817082389,0.7468637887104712
56184.5,maxi,0.013098378378378378,0.0036845945945945943,-183.6923076923077,-13899.577729793382
56193.5,maxi,0.010818108108108107,0.0043443243243243244,2.340172558922559,1.707131873621848
56197.5,maxi,0.013072432432432432,0.004498648648648649,7.7271557271557265,20.427088522412404
56216.0,bat,0.01320209090909091,0.005952954545454546,,
56224.5,maxi,0.03181243243243243,0.009374054054054053,6.358664212463844,14.637528934864358
56227.5,maxi,0.042206216216216216,0.0184572972972973,6.977863046044864,59.57982619308745
56234.5,maxi,0.02686135135135135,0.004301351351351351,1.1122824696717182,0.4179504531848171
56235.5,maxi,0.014854324324324325,0.0032845945945945945,2.4214109807330146,1.9369385796268708
56236.5,maxi,0.007328648648648649,0.0035289189189189186,2.111535866876546,3.0038633563955948
56238.5,maxi,0.011807837837837837,0.0035586486486486484,1.6487248928007223,1.2752405702145557
56247.5,maxi,0.011031891891891892,0.004286216216216217,-5.121234119782214,-11.784402831520968
56249.5,maxi,0.008427567567567568,0.004088378378378378,0.6843094578551642,0.7796174590607375
56270.5,maxi,0.010224324324324324,0.003882162162162162,-0.43431384038438997,-0.7138689504640929
56287.5,maxi,0.021997297297297297,0.007534594594594594,0.9273562135750869,1.018921901841697
56294.5,maxi,0.016571351351351352,0.008244864864864865,1.2152864474961853,1.0314248692813053
56307.5,maxi,0.02638081081081081,0.008032432432432433,-2.6786238532110094,-2.9573270219730516
56308.5,maxi,0.015622702702702702,0.005434324324324324,4.257498171177762,6.359138168262246
56318.5,maxi,0.021615405405405404,0.004854594594594594,1.428720083246618,0.8641380990237694
56333.5,maxi,0.03411216216216216,0.014249189189189188,0.10894800043666535,0.6207866420556977
56346.5,maxi,0.009654594594594593,0.004635675675675676,13.65702891326022,96.53104286155192
56347.5,maxi,0.011534054054054053,0.005359999999999999,-0.11237533361427166,-0.37118998109627954
56352.5,maxi,0.028215135135135135,0.0075875675675675675,-1348.5862068965516,-527622.8816641434
56357.0,bat,0.01374318181818182,0.004866636363636364,,
56359.5,maxi,0.01579405405405405,0.006962162162162162,2.089550622631294,2.5919869551897987
56379.5,maxi,0.05682189189189189,0.015246756756756755,1.8793383688689167,2.379257747121891
56382.5,maxi,0.009680810810810809,0.00333,-1.293993455082867,-0.8708529454621526
56384.0,bat,0.008325363636363636,0.004088090909090909,,
56389.5,maxi,0.010193513513513512,0.00407,1.9241001564945226,1.842459643392244
56408.0,bat,0.009251863636363636,0.003472681818181818,,
56443.5,maxi,0.03629351351351351,0.009984864864864863,0.6199388290125255,0.6463560546907277
56444.0,bat,0.019067545454545455,0.00942909090909091,,
56444.5,maxi,0.08088432432432431,0.018047837837837838,2.125493605767489,2.4469328915331654
56451.5,maxi,0.02154162162162162,0.004690810810810811,2.7529227010992843,3.625885618537666
56452.5,maxi,0.016862432432432434,0.004077567567567567,1.395458566794456,1.1089876904056608
56453.5,maxi,0.03705189189189189,0.00955027027027027,1.2371202700302006,1.074689428342099
56457.5,maxi,0.009451891891891892,0.0037724324324324324,0.7536950021358394,0.6723209111455203
56463.5,maxi,0.01390108108108108,0.004302432432432432,1.3960414184917072,1.055059733067709
56471.5,maxi,0.008175405405405406,0.0036656756756756757,-2.1378205128205128,-2.4730242907161717
56484.5,maxi,0.017264054054054054,0.004292432432432432,4.248221906116643,4.068066537183485
56488.5,maxi,0.009105135135135134,0.004524324324324325,-0.28151004668155066,-1.4476590119736228
56493.5,maxi,0.010293243243243244,0.004814594594594594,-0.6661828737300435,-12.301510206441487
56498.5,maxi,0.01795135135135135,0.006799189189189188,0.34465306753206615,0.4186151633295503
56499.5,maxi,0.027974864864864862,0.00799027027027027,-35.16680923866553,-333.14433291167364
56506.0,bat,0.009515636363636363,0.004487454545454545,,
56506.5,maxi,0.041646486486486486,0.010814594594594594,1.6735690235690237,1.3811666062590067
56508.5,maxi,0.1024981081081081,0.026337837837837837,4.242289252142399,8.280492546608604
56509.0,bat,0.021103045454545454,0.004671181818181817,,
56509.5,maxi,0.03562675675675675,0.00984081081081081,0.8369426438813592,0.5924117387144939
56510.0,bat,0.025717772727272728,0.00501909090909091,,
56511.0,bat,0.03165472727272727,0.004084636363636364,,
56512.0,bat,0.03708772727272727,0.004149454545454546,,
56512.5,maxi,0.04502432432432432,0.010397297297297296,2.443171501448273,2.122491879061201
56513.0,bat,0.03879122727272727,0.004408545454545455,,
56514.0,bat,0.03813654545454545,0.00423390909090909,,
56515.0,bat,0.04158613636363636,0.004530318181818182,,
56515.5,maxi,0.04016189189189189,0.018287297297297295,1.1505557255021923,0.8999398207522705
56516.0,bat,0.05696881818181818,0.006789181818181818,,
56517.0,bat,0.05300727272727272,0.005502045454545455,,
56518.0,bat,0.06203790909090909,0.0047799999999999995,,
56519.0,bat,0.06484709090909091,0.003970090909090909,,
56520.0,bat,0.08268968181818181,0.006449863636363636,,
56521.0,bat,0.08368277272727273,0.006552318181818182,,
56522.0,bat,0.09486231818181819,0.004908,,
56523.0,bat,0.09496763636363637,0.005451454545454546,,
56524.0,bat,0.09468327272727273,0.005591863636363636,,
56525.0,bat,0.09678445454545453,0.006958681818181818,,
56525.5,maxi,0.05887945945945945,0.005418108108108107,1.4401289245466773,0.36900104880762086
56526.0,bat,0.11269527272727273,0.007934818181818182,,
56526.5,maxi,0.044526756756756755,0.0036127027027027026,1.0353938013391315,0.16271468216905252
56527.0,bat,0.11800077272727273,0.008396545454545455,,
56527.5,maxi,0.044237027027027025,0.003983243243243243,1.1614624143507326,0.1874199137137611
56528.0,bat,0.1338415,0.007439500000000001,,
56528.5,maxi,0.047098378378378374,0.003904324324324324,0.9561293186357919,0.1502984762502611
56529.0,bat,0.13465254545454544,0.0076461818181818185,,
56529.5,maxi,0.049209459459459454,0.004296756756756756,0.7482426083577661,0.11944537896415541
56530.5,maxi,0.048289459459459456,0.0043713513513513515,1.2508415122417886,0.2354498250965979
56531.0,bat,0.1462035909090909,0.00820390909090909,,
56531.5,maxi,0.04272756756756757,0.004424864864864865,0.9603167721610452,0.16957398587820757
56532.0,bat,0.14582681818181817,0.010014136363636362,,
56532.5,maxi,0.05927324324324324,0.004784054054054054,0.7942066674679574,0.1296117813482479
56533.0,bat,0.14649122727272726,0.007537772727272728,,
56533.5,maxi,0.05740837837837837,0.004885405405405404,0.8990931494543115,0.15069311038851094
56534.0,bat,0.15976286363636363,0.007550772727272727,,
56534.5,maxi,0.06407567567567568,0.005238378378378378,1.027544788789499,0.18315454353556399
56535.0,bat,0.17342522727272727,0.007651636363636364,,
56535.5,maxi,0.026305675675675676,0.008599189189189189,1.1849736927411914,0.6530115995159815
56536.0,bat,0.16853309090909088,0.006719818181818182,,
56536.5,maxi,0.060601621621621624,0.0050610810810810805,1.194210503428182,0.21658843697657923
56537.0,bat,0.1669273181818182,0.007111,,
56537.5,maxi,0.06242297297297297,0.007241351351351351,0.9436476620277391,0.22484251631785343
56538.0,bat,0.16312827272727273,0.006664681818181818,,
56538.5,maxi,0.06604513513513513,0.004879459459459459,0.9897087018368483,0.15917319590429627
56539.0,bat,0.16267795454545453,0.007024227272727272,,
56539.5,maxi,0.05947513513513513,0.0048956756756756755,0.7752476127465018,0.11504060222422725
56540.0,bat,0.16944504545454545,0.007331772727272727,,
56540.5,maxi,0.05485243243243243,0.004755675675675676,1.2605666715349788,0.2115017175497351
56541.0,bat,0.1778998181818182,0.007743727272727273,,
56541.5,maxi,0.052560810810810814,0.004494864864864865,1.049381586172633,0.16423216891085918
56542.0,bat,0.1780715,0.008959727272727274,,
56542.5,maxi,0.05257972972972973,0.004588378378378378,0.7930225371135554,0.12665333638611678
56543.0,bat,0.17840281818181816,0.008099227272727274,,
56543.5,maxi,0.054899189189189186,0.004683783783783784,1.193108184777091,0.21321047932532625
56544.0,bat,0.1702033181818182,0.007160363636363637,,
56544.5,maxi,0.060894324324324324,0.0047491891891891895,0.9934060502578043,0.1474162514361024
56545.0,bat,0.1752345,0.007287090909090909,,
56545.5,maxi,0.06132486486486486,0.004872432432432432,1.5120946827405184,0.27133895761262966
56546.0,bat,0.17204736363636364,0.007159181818181818,,
56546.5,maxi,0.05841297297297297,0.004305675675675675,1.1847406946380008,0.17786922006883607
56547.0,bat,0.17630290909090907,0.010679272727272726,,
56547.5,maxi,0.06047054054054054,0.004663513513513513,0.7840858965669345,0.12124685411140977
56548.0,bat,0.1783045,0.00940318181818182,,
56548.5,maxi,0.056048108108108105,0.004825405405405405,0.8175349599335594,0.13314525233588476
56549.0,bat,0.17507704545454547,0.007508636363636363,,
56549.5,maxi,0.06871594594594595,0.00462108108108108,0.9652815580959294,0.12911236761583647
56550.0,bat,0.16802622727272729,0.007123363636363637,,
56550.5,maxi,0.06605567567567568,0.004679729729729729,0.955681579500105,0.12690913653591127
56551.0,bat,0.17137222727272727,0.008196818181818182,,
56551.5,maxi,0.05833405405405405,0.004498648648648649,1.0692488262910798,0.1760333052717159
56552.0,bat,0.16224518181818182,0.006775772727272727,,
56552.5,maxi,0.05542513513513513,0.0046310810810810815,1.1737067668095231,0.1950446306099783
56553.0,bat,0.15830363636363634,0.007263681818181818,,
56553.5,maxi,0.06025216216216216,0.004735675675675675,0.8292737099281855,0.12277505356745193
56554.0,bat,0.16572813636363637,0.0070437727272727275,,
56554.5,maxi,0.04665297297297297,0.005152162162162162,1.1119035012244358,0.2324940668371616
56555.0,bat,0.1598266818181818,0.007922090909090908,,
56555.5,maxi,0.06390972972972973,0.004898378378378378,1.082069276244829,0.17972919623624933
56556.0,bat,0.17114613636363638,0.007697045454545454,,
56556.5,maxi,0.06946702702702702,0.005072162162162162,1.1895097291825487,0.18697742931720454
56557.0,bat,0.16441645454545456,0.0075503181818181815,,
56557.5,maxi,0.057830540540540536,0.004796486486486486,0.9181869770474386,0.14349410788515168
56558.0,bat,0.15610863636363634,0.007293954545454546,,
56558.5,maxi,0.05338945945945946,0.005088918918918918,0.9682225859247136,0.1656893349464499
56559.0,bat,0.1481324090909091,0.007515681818181819,,
56559.5,maxi,0.0481927027027027,0.004943783783783784,1.5352895301228309,0.30959175445966153
56560.0,bat,0.14558995454545456,0.007106818181818182,,
56560.5,maxi,0.04805054054054054,0.004923243243243243,1.1145969777323408,0.21967233910497408
56561.0,bat,0.1406763181818182,0.006681909090909091,,
56561.5,maxi,0.042953513513513515,0.004844324324324324,0.8920236910045053,0.19634341668793262
56562.0,bat,0.1423659090909091,0.006893045454545455,,
56562.5,maxi,0.050569189189189186,0.005467567567567568,1.052840769486479,0.20824676730793587
56563.0,bat,0.12802863636363634,0.0068892272727272726,,
56563.5,maxi,0.04551837837837838,0.005025675675675675,1.0238975623116953,0.2184449395507066
56564.0,bat,0.1193655,0.006330636363636364,,
56564.5,maxi,0.039446756756756754,0.005389459459459459,0.9464437367303609,0.23157588560354295
56565.0,bat,0.1210550909090909,0.006577727272727272,,
56565.5,maxi,0.03436108108108108,0.005847837837837837,0.7625042244001351,0.21629374442810576
56566.0,bat,0.11306477272727274,0.006810090909090909,,
56566.5,maxi,0.04770945945945945,0.006642432432432433,0.6264085762070573,0.18086623017399064
56567.0,bat,0.11986663636363637,0.009018272727272727,,
56567.5,maxi,0.04662324324324324,0.008566756756756758,0.6570459880031296,0.21744039665333598
56568.0,bat,0.09907840909090909,0.006489909090909091,,
56568.5,maxi,0.052934864864864865,0.009375135135135134,1.3629441175950956,0.5080476432995099
56569.0,bat,0.10052354545454546,0.008203318181818181,,
56569.5,maxi,0.027907297297297295,0.008994324324324324,1.3685456802611613,0.6497558747816469
56570.0,bat,0.09631677272727272,0.01098831818181818,,
56570.5,maxi,0.035447297297297294,0.011168648648648648,0.48727247245142863,0.3308180095628813
56571.0,bat,0.0904645,0.006240681818181818,,
56571.5,maxi,0.024647837837837836,0.008987027027027026,0.6398722320956818,0.43713897058541945
56572.0,bat,0.08325009090909091,0.005826863636363636,,
56572.5,maxi,0.053901081081081076,0.01647027027027027,1.4591874449151336,0.7366662128149839
56573.0,bat,0.08105672727272728,0.004748545454545455,,
56573.5,maxi,0.03252324324324324,0.01114864864864865,0.6182908974038496,0.4185867536817407
56574.0,bat,0.07249609090909091,0.010628636363636364,,
56574.5,maxi,0.03215918918918919,0.012079729729729729,0.8592995749754793,0.5649707062011616
56575.0,bat,0.05024304545454545,0.0076975,,
56575.5,maxi,0.028424864864864865,0.011824324324324323,1.076322516114692,0.8912155539343304
56576.0,bat,0.06140145454545455,0.00552909090909091,,
56576.5,maxi,0.033136216216216215,0.014328108108108107,0.24717488572910257,0.31090253325021855
56577.0,bat,0.04776054545454546,0.0053328636363636365,,
56577.5,maxi,0.027124054054054055,0.010893243243243244,5.9098079561042525,12.18716766826418
56578.0,bat,0.05501936363636364,0.005542772727272727,,
56578.5,maxi,0.04497864864864865,0.011318918918918919,0.921179574441513,0.44139833125315986
56579.0,bat,0.040777045454545455,0.005061772727272727,,
56580.0,bat,0.03616595454545454,0.005930545454545455,,
56580.5,maxi,0.0599854054054054,0.014296216216216216,1.24717778738531,0.9846264358939361
56581.0,bat,0.03928472727272727,0.0063367272727272725,,
56581.5,maxi,0.03141594594594594,0.01094027027027027,3.359589281946691,5.273007699284686
56582.0,bat,0.035138363636363634,0.003652681818181818,,
56582.5,maxi,0.041084864864864866,0.012815135135135134,2.1627153443906195,1.7609023745981327
56583.0,bat,0.02951163636363636,0.004908818181818182,,
56584.0,bat,0.02678309090909091,0.006268,,
56585.0,bat,0.0291605,0.006368363636363636,,
56587.5,maxi,0.049494054054054056,0.014355945945945945,0.3617277138774529,0.3635473304866044
56588.0,bat,0.018092499999999997,0.006391954545454546,,
56589.0,bat,0.011983090909090909,0.0041533636363636365,,
56589.5,maxi,0.0651927027027027,0.023062162162162163,-0.1077099972031449,-0.8415096741628755
56591.0,bat,0.010673363636363635,0.005220045454545455,,
56594.0,bat,0.02524540909090909,0.006065772727272727,,
56595.0,bat,0.01870868181818182,0.008135,,
56596.5,maxi,0.030948648648648647,0.006937027027027027,0.7194385883847865,0.3948943967963288
56597.5,maxi,0.02268135135135135,0.0040124324324324325,0.9380964339527875,0.541374697755308
56598.5,maxi,0.019893243243243243,0.002768108108108108,2.6076444444444444,2.000249388119478
56600.5,maxi,0.010082702702702702,0.0029505405405405405,1.6624203821656052,1.2520771598090894
56602.5,maxi,0.00761054054054054,0.0031743243243243244,0.3071672354948805,0.3909699998674186
56604.5,maxi,0.008616486486486486,0.003901081081081081,2.1073467133124657,2.8547159924532752
56608.5,maxi,0.024668108108108107,0.008142702702702702,40.512,857.8442222224769
56616.5,maxi,0.008387027027027026,0.0034956756756756753,-2.965042979942693,-3.3877492621901135
56626.5,maxi,0.00837027027027027,0.0035737837837837836,2.178311057108141,4.331767452182291
56638.5,maxi,0.01515972972972973,0.00502,0.4657712530584622,0.44005202755573347
56641.0,bat,0.05655313636363636,0.027896545454545455,,
56645.0,bat,0.08358768181818181,0.028719363636363637,,
56645.5,maxi,0.01896135135135135,0.008655945945945945,-6.06893106893107,-25.815489244791944
56670.5,maxi,0.022928648648648645,0.0066962162162162156,0.32006584362139917,0.3321300782983339
56671.5,maxi,0.012226756756756756,0.005963243243243243,0.7315889566528953,0.763340697047512
56672.0,bat,0.018064272727272727,0.0087255,,
56673.5,maxi,0.009717027027027026,0.0033040540540540536,3.549321824907522,6.0728254834371995
56675.0,bat,0.01907372727272727,0.007303181818181818,,
56680.5,maxi,0.018251621621621618,0.007036486486486486,0.8421634963189922,0.6378723194233149
56682.5,maxi,0.015013513513513514,0.0045991891891891895,1.9613957597173144,1.4060737567308155
56687.0,bat,0.022664454545454543,0.008940772727272728,,
56690.5,maxi,0.009380810810810809,0.00409081081081081,-2.2201737010513485,-2.3289648625604715
56698.5,maxi,0.010265135135135136,0.004066486486486487,1.3263962624761096,2.2059124954948612
56706.0,bat,0.015150136363636362,0.0062317272727272725,,
56721.5,maxi,0.017277027027027023,0.007835945945945945,-2.841142223454394,-9.210418470479498
56726.5,maxi,0.019470540540540537,0.009302702702702703,2.433628318584071,4.6156168241275735
56733.5,maxi,0.028132432432432432,0.010157837837837837,-0.4190306181846405,-0.6216449195935311
56742.5,maxi,0.03726567567567567,0.008154864864864863,2.228867420871997,2.0094157738674467
56745.5,maxi,0.0067351351351351355,0.0033367567567567564,6.9967679379444085,23.082089239906708
56746.5,maxi,0.009088918918918918,0.003426216216216216,3.074980268350434,4.649485614111361
56748.0,bat,0.018621227272727272,0.008384863636363636,,
56752.5,maxi,0.008189189189189188,0.0038924324324324322,-3.1511657699205737,-4.694255513107793
56753.0,bat,0.023949727272727272,0.010263545454545456,,
56755.5,maxi,0.026345675675675674,0.01241297297297297,1.9862353750860289,4.064392926123935
56756.0,bat,0.019751045454545455,0.0076675909090909095,,
56760.5,maxi,0.008634054054054055,0.0034513513513513513,5.016036655211913,16.130905470821567
56795.0,bat,0.011807181818181817,0.005840727272727273,,
56797.5,maxi,0.031725945945945945,0.011398108108108108,-5.248116180298671,-12.1309375575172
56800.5,maxi,0.02374054054054054,0.009031621621621622,0.7418002158930499,0.8875575170220198
56814.5,maxi,0.03623054054054054,0.00581972972972973,1.165275702467291,0.5265044987470751
56815.5,maxi,0.025618108108108106,0.004224324324324324,12.496688741721856,39.54579641515714
56816.5,maxi,0.027352972972972973,0.00927,3.5790976058931863,5.185261655271665
56821.5,maxi,0.011522162162162163,0.0036275675675675675,0.824788334901223,0.8817291238699397
56879.5,maxi,0.031206756756756753,0.014111621621621622,0.6485030084817437,0.6376885792643164
56891.5,maxi,0.008595675675675676,0.0035867567567567566,-1.6766355140186915,-3.3041461367464287
56895.5,maxi,0.010206756756756757,0.0036678378378378375,2.3470821325648417,2.7032997669157686
56899.5,maxi,0.009838378378378377,0.0037686486486486486,1.2733840304182509,0.9288680343790489
56901.5,maxi,0.01979918918918919,0.004005945945945946,1.8109942314217848,2.0747191340083626
56908.0,bat,0.023764045454545454,0.011548545454545455,,
56919.5,maxi,0.00899108108108108,0.004471351351351351,0.2735208535402522,0.8855006061624954
56920.5,maxi,0.01894189189189189,0.0041294594594594594,0.8300799783109665,0.5549746730603304
56926.0,bat,0.015375681818181818,0.007609045454545454,,
56946.5,maxi,0.02082081081081081,0.010316486486486484,19.974942301351795,112.95227589141577
56951.5,maxi,0.08208513513513513,0.034775675675675674,15.457758925415341,151.55576938928553
56953.0,bat,0.026368863636363635,0.005007090909090909,,
56954.0,bat,0.02444977272727273,0.006651772727272727,,
56955.0,bat,0.0285435,0.007067909090909092,,
56956.0,bat,0.034745590909090907,0.0063673181818181815,,
56957.0,bat,0.03463436363636364,0.006087045454545455,,
56957.5,maxi,0.03908648648648649,0.006702432432432432,1.3981894214420294,0.5416262274159864
56958.0,bat,0.024343454545454543,0.007430136363636364,,
56959.0,bat,0.04300459090909091,0.00797590909090909,,
56959.5,maxi,0.0740091891891892,0.008585675675675674,3.1755459222946967,1.7971935729356712
56960.0,bat,0.058275181818181816,0.005927454545454546,,
56960.5,maxi,0.024847567567567567,0.003612972972972973,0.6605502157968597,0.19228614887000312
56961.0,bat,0.06056581818181818,0.0052176818181818175,,
56961.5,maxi,0.03182378378378378,0.0037378378378378377,1.5492271999477174,0.3913630462954032
56962.0,bat,0.0727470909090909,0.008554772727272727,,
56962.5,maxi,0.018825945945945943,0.0034705405405405405,0.5810033227976334,0.18473688656922993
56963.0,bat,0.06264018181818182,0.006882818181818182,,
56963.5,maxi,0.022527837837837836,0.0037,0.7733384654862715,0.21735195022376474
56964.0,bat,0.06040990909090909,0.008169818181818183,,
56964.5,maxi,0.02659324324324324,0.0037867567567567563,0.9988934831984161,0.279198358104453
56965.0,bat,0.08192986363636363,0.0065235909090909094,,
56965.5,maxi,0.02463135135135135,0.0039521621621621626,0.8456853687957869,0.2724888206820024
56966.0,bat,0.08851690909090909,0.009702,,
56966.5,maxi,0.02844189189189189,0.0036989189189189186,0.7895324971493728,0.19390111477658237
56967.0,bat,0.0934305,0.0064702272727272725,,
56967.5,maxi,0.03129081081081081,0.003998918918918919,1.1088380134115674,0.2890489281110429
56968.0,bat,0.10211704545454545,0.013673772727272729,,
56968.5,maxi,0.024993243243243243,0.004127027027027027,0.9984952645088956,0.3110221566633052
56969.0,bat,0.10445009090909091,0.011134090909090908,,
56969.5,maxi,0.023636756756756756,0.004171621621621622,1.7323025182511687,0.6361537746898752
56970.0,bat,0.11203127272727273,0.008433954545454545,,
56970.5,maxi,0.04080297297297297,0.004677837837837838,0.6382425973504041,0.14355224317741172
56971.0,bat,0.11876481818181818,0.015062727272727273,,
56971.5,maxi,0.04070756756756757,0.008542432432432433,0.6422366901538101,0.313133172652907
56972.0,bat,0.11193504545454545,0.020641681818181816,,
56972.5,maxi,0.04811351351351351,0.003967027027027027,1.033202739184829,0.18364253534570865
56973.0,bat,0.06161827272727273,0.02776104545454545,,
56973.5,maxi,0.03891810810810811,0.00514972972972973,1.086822938316676,0.2735373312902667
56974.0,bat,0.13444313636363636,0.023202454545454547,,
56974.5,maxi,0.04622648648648648,0.004021081081081081,0.7983390149123915,0.13343387668243017
56975.0,bat,0.1650266818181818,0.03731745454545454,,
56975.5,maxi,0.04636081081081081,0.0041883783783783785,1.0331875208845955,0.17689291119622874
56976.0,bat,0.14077786363636363,0.009525727272727273,,
56976.5,maxi,0.055428918918918914,0.004033243243243243,0.8650320633723122,0.12916119111278188
56977.0,bat,0.16935754545454546,0.012514136363636364,,
56977.5,maxi,0.04821810810810811,0.003861351351351351,0.9503739866529315,0.15330429798550912
56978.0,bat,0.18031313636363636,0.010620454545454546,,
56978.5,maxi,0.058437567567567565,0.004288648648648649,0.7462307822984795,0.10830225434764076
56979.0,bat,0.16175,0.014728818181818181,,
56979.5,maxi,0.057515945945945945,0.004228378378378378,1.0316922305896628,0.15695898014421522
56980.0,bat,0.16624872727272727,0.020265363636363633,,
56980.5,maxi,0.06034864864864864,0.004302972972972973,0.7925261049120883,0.11859537903733211
56981.0,bat,0.23190918181818182,0.04393422727272727,,
56981.5,maxi,0.06240135135135135,0.00421972972972973,1.0624112109026993,0.15007960314103544
56982.0,bat,0.1803145,0.021726863636363638,,
56982.5,maxi,0.06421351351351351,0.004401351351351351,0.9627132664667563,0.1271210451520713
56983.0,bat,0.24743404545454548,0.029480500000000003,,
56983.5,maxi,0.06590594594594594,0.004330810810810811,1.3125996601751406,0.19775325293264406
56984.0,bat,0.18482854545454547,0.025454272727272728,,
56984.5,maxi,0.07355513513513513,0.005667027027027027,0.8390999315537303,0.13077564562310562
56985.0,bat,0.17031918181818181,0.026813772727272728,,
56985.5,maxi,0.07068108108108107,0.006013243243243243,1.073020044492087,0.19826809917222427
56986.0,bat,0.33327904545454545,0.08450804545454546,,
56986.5,maxi,0.07297135135135135,0.004850540540540541,1.1549749747477613,0.1667265919266478
56987.0,bat,0.26041095454545454,0.03877131818181818,,
56987.5,maxi,0.08131675675675674,0.0048378378378378375,0.8905560964435026,0.10604452552149672
56988.0,bat,0.27188004545454547,0.04770931818181818,,
56988.5,maxi,0.07710513513513513,0.004965675675675675,1.2522811081694403,0.1829529899831174
56989.0,bat,0.1969335,0.023355454545454544,,
56989.5,maxi,0.0835535135135135,0.004944324324324324,0.9030630953642061,0.1067008888812611
56990.0,bat,0.25140359090909087,0.04230936363636364,,
56990.5,maxi,0.07477972972972972,0.0050632432432432435,0.9032614952867525,0.11925769122896197
56991.0,bat,0.2666206818181818,0.04637590909090909,,
56991.5,maxi,0.09418621621621621,0.0051908108108108105,0.9240988156078919,0.10402571175588063
56992.5,maxi,0.10425459459459459,0.0056913513513513515,1.0596410232251376,0.12562124432705885
56993.0,bat,0.24557722727272727,0.058633,,
56993.5,maxi,0.10647189189189189,0.010071891891891891,0.9907643005487781,0.18257682178038995
56994.0,bat,0.26980922727272727,0.03282177272727273,,
56994.5,maxi,0.10772837837837837,0.011284864864864864,1.2204807644287594,0.27887383202799126
56995.0,bat,0.25153545454545456,0.04991045454545454,,
56995.5,maxi,0.0961654054054054,0.010686756756756757,1.0223291340919565,0.2230405115248842
56996.0,bat,0.23967704545454543,0.03393845454545455,,
56996.5,maxi,0.08370324324324323,0.010932702702702702,1.139859861057122,0.30370717254178553
56997.5,maxi,0.10371243243243243,0.00879891891891892,0.9848013767997905,0.17181135195785405
56998.0,bat,0.164349,0.06225036363636364,,
56998.5,maxi,0.08789459459459459,0.005842972972972972,0.9006194554909759,0.11894337041791835
56999.0,bat,0.25727604545454547,0.034627227272727275,,
56999.5,maxi,0.09769378378378378,0.005712162162162162,1.1301637772226008,0.1428463522226619
57000.0,bat,0.3349442272727273,0.044865,,
57000.5,maxi,0.10416486486486486,0.006533513513513513,1.1016314428643694,0.13652182185260148
57001.0,bat,0.24512413636363636,0.016622454545454544,,
57001.5,maxi,0.10914621621621622,0.006853513513513512,0.9385672914743978,0.11838887769021246
57002.0,bat,0.27606104545454546,0.026677227272727273,,
57002.5,maxi,0.10701918918918919,0.008394324324324324,1.016628681754177,0.17078821260305033
57003.5,maxi,0.10134702702702701,0.009047297297297295,0.8197290284613737,0.15272213951941832
57004.5,maxi,0.1046327027027027,0.010157837837837837,0.8443367446786466,0.15143350420833118
57005.0,bat,0.2424236818181818,0.04765863636363636,,
57005.5,maxi,0.11287135135135135,0.010037567567567567,0.8532526945214506,0.1595457204228808
57006.0,bat,0.2723516818181818,0.047455954545454544,,
57006.5,maxi,0.09722351351351352,0.013178108108108107,1.0232225959544763,0.2580910201625574
57007.0,bat,0.2196135,0.02384472727272727,,
57007.5,maxi,0.08170756756756756,0.013393243243243242,1.0106194327418843,0.3765726938296384
57008.0,bat,0.24922718181818182,0.01766240909090909,,
57008.5,maxi,0.12487513513513512,0.013718918918918918,1.059620920587232,0.24736461003914972
57009.0,bat,0.2683559545454545,0.03793277272727273,,
57009.5,maxi,0.11795783783783784,0.013851891891891892,1.1900908867273463,0.29585823996998145
57010.0,bat,0.2259865,0.05785477272727273,,
57010.5,maxi,0.11147972972972972,0.011626486486486487,0.8822608081650993,0.19777348070519846
57011.5,maxi,0.09792972972972973,0.017544054054054053,0.7618483949676635,0.22246552807152392
57012.0,bat,0.24955154545454544,0.048402181818181816,,
57012.5,maxi,0.11545864864864865,0.012512972972972972,0.5640536352847945,0.11404678618607163
57013.0,bat,0.2894132272727273,0.04086440909090909,,
57013.5,maxi,0.0918464864864865,0.014138378378378377,0.46596167802376975,0.1388581302163539
57014.0,bat,0.2722493181818182,0.01915509090909091,,
57014.5,maxi,0.10349702702702701,0.015173513513513513,0.7354967993320345,0.21683033947130997
57015.0,bat,0.28260345454545455,0.04174868181818182,,
57015.5,maxi,0.1180008108108108,0.02936405405405405,0.724424835189699,0.3684715792938765
57016.0,bat,0.2739267727272727,0.029737045454545454,,
57016.5,maxi,0.09216378378378377,0.02017108108108108,2.5734255899642786,1.5640003921149899
57017.0,bat,0.30290822727272726,0.029258954545454546,,
57017.5,maxi,0.13918567567567566,0.017216756756756754,1.376060120445781,0.41899380023893384
57018.0,bat,0.30659763636363635,0.032028045454545455,,
57018.5,maxi,0.1466789189189189,0.01869135135135135,0.8781263736024615,0.2245187817400837
57019.0,bat,0.2817864090909091,0.021227272727272727,,
57019.5,maxi,0.12007108108108108,0.017473783783783784,0.8242149860051085,0.23397857186169302
57020.0,bat,0.2764728181818182,0.01798918181818182,,
57021.0,bat,0.3046539090909091,0.043938681818181814,,
57021.5,maxi,0.1368227027027027,0.02096054054054054,1.1482218590840014,0.43066146133710564
57022.0,bat,0.3195954090909091,0.05646177272727273,,
57022.5,maxi,0.14093324324324324,0.023577837837837835,0.6480996338314274,0.2149822018873332
57023.0,bat,0.3424601363636363,0.034428045454545454,,
57024.0,bat,0.23136404545454547,0.03414777272727273,,
57025.0,bat,0.30868663636363636,0.025273272727272728,,
57026.0,bat,0.33039218181818186,0.031125636363636366,,
57027.0,bat,0.3318964545454545,0.0289815,,
57028.0,bat,0.3211278181818182,0.015490045454545454,,
57029.0,bat,0.34062313636363634,0.038312,,
57030.0,bat,0.32116004545454546,0.013409045454545455,,
57031.0,bat,0.3378945909090909,0.014017681818181818,,
57032.0,bat,0.3408980909090909,0.01360509090909091,,
57033.0,bat,0.32442477272727277,0.013597454545454546,,
57034.0,bat,0.35112218181818183,0.014722863636363636,,
57034.5,maxi,0.20377675675675674,0.006834054054054054,0.7892091678231936,0.05354905813408329
57035.0,bat,0.3724503181818182,0.016074863636363637,,
57035.5,maxi,0.18212513513513512,0.00972054054054054,0.8558795716512893,0.08629549724089666
57036.0,bat,0.3286879090909091,0.014256636363636364,,
57036.5,maxi,0.1889951351351351,0.00754054054054054,0.6274395128985739,0.04936131418840261
57037.0,bat,0.3437439545454546,0.02289809090909091,,
57038.0,bat,0.23051681818181818,0.010906363636363636,,
57039.0,bat,0.2191055909090909,0.020137,,
57040.0,bat,0.18657377272727274,0.010057863636363636,,
57041.0,bat,0.18360786363636364,0.013886727272727273,,
57042.0,bat,0.10748777272727274,0.016639636363636363,,
57043.0,bat,0.07939136363636363,0.006323681818181818,,
57043.5,maxi,0.4680991891891892,0.020771621621621623,0.21734232621013796,0.022200963735096575
57044.5,maxi,0.38995162162162156,0.010014324324324324,0.2163086109172406,0.01235361977239372
57045.0,bat,0.024028454545454547,0.008371318181818181,,
57045.5,maxi,0.37000783783783786,0.010042972972972972,0.1864886665290122,0.011641450969125406
57046.5,maxi,0.32229594594594596,0.00889135135135135,0.18290481271937772,0.011598667377349358
57047.0,bat,0.05268113636363637,0.005053818181818182,,
57047.5,maxi,0.365167027027027,0.007736486486486486,0.23632495417120652,0.010718314981956436
57048.0,bat,0.05458904545454546,0.010001000000000001,,
57048.5,maxi,0.3196778378378378,0.008236756756756756,0.22136902131089833,0.011983306123722346
57049.0,bat,0.032131045454545454,0.010523045454545453,,
57049.5,maxi,0.3277381081081081,0.008308918918918919,0.23838926667763286,0.012618169203829955
57050.0,bat,0.040260863636363636,0.00545609090909091,,
57050.5,maxi,0.34235324324324323,0.010351891891891892,0.24927344387177766,0.015622716492960919
57051.0,bat,0.027702954545454544,0.0069187272727272734,,
57051.5,maxi,0.31210567567567565,0.008265135135135136,0.2125996458000459,0.011759650912006458
57052.0,bat,0.022386045454545454,0.005177,,
57052.5,maxi,0.3266343243243243,0.00827972972972973,0.18668269459730646,0.010565561512757853
57053.0,bat,0.02840059090909091,0.004955272727272727,,
57053.5,maxi,0.3231767567567567,0.008526216216216215,0.19164419012422945,0.011157814622146088
57054.0,bat,0.023282863636363636,0.005755181818181818,,
57054.5,maxi,0.32350972972972974,0.007902162162162161,0.20447069001941592,0.010817844580933149
57055.0,bat,0.03512190909090909,0.009142772727272727,,
57055.5,maxi,0.33630270270270274,0.008134324324324324,0.22157481925897218,0.011287604154982952
57056.0,bat,0.028039863636363634,0.0057792727272727275,,
57056.5,maxi,0.3427183783783783,0.007897027027027026,0.21141046211812792,0.010454291125590705
57057.0,bat,0.023650636363636363,0.004748181818181818,,
57057.5,maxi,0.3569435135135135,0.008283783783783784,0.22505034842052513,0.01104687843336469
57058.0,bat,0.02089931818181818,0.0052825,,
57058.5,maxi,0.35979297297297297,0.007784324324324324,0.20865957776017718,0.009772740276159776
57059.0,bat,0.024633318181818183,0.0048976363636363636,,
57059.5,maxi,0.34382135135135133,0.007749999999999999,0.22424966034007165,0.010744544598552092
57060.0,bat,0.04710227272727273,0.005705090909090909,,
57060.5,maxi,0.36644054054054054,0.008238648648648648,0.2624876508128157,0.012059300892454125
57061.0,bat,0.04171731818181818,0.0050037272727272725,,
57061.5,maxi,0.36302648648648644,0.008021621621621622,0.22813905773618914,0.010508532386490512
57062.0,bat,0.04273418181818182,0.006840136363636363,,
57062.5,maxi,0.35428405405405405,0.008322162162162161,0.24147509293201408,0.011725188203228624
57063.0,bat,0.03620940909090909,0.005709727272727273,,
57063.5,maxi,0.3539013513513513,0.008185135135135135,0.21095753970953038,0.010494125476715674
57064.0,bat,0.026111454545454545,0.005855363636363637,,
57064.5,maxi,0.39235243243243245,0.008572702702702701,0.24200640983384358,0.01104630443975761
57065.0,bat,0.023492363636363634,0.0073297272727272725,,
57065.5,maxi,0.3804645945945946,0.008228378378378379,0.2322310135738062,0.010683415519984885
57066.5,maxi,0.3935983783783784,0.008917567567567565,0.21814867848320793,0.010623512814659841
57067.5,maxi,0.35576648648648646,0.009435675675675674,0.20160768817605143,0.011643463865386772
57068.5,maxi,0.3437097297297297,0.010702162162162162,0.23014227615350988,0.015128041080311516
57069.0,bat,0.028081136363636364,0.0063445,,
57069.5,maxi,0.36691648648648645,0.010015945945945947,0.21645181967096358,0.012548245053349739
57070.0,bat,0.016755045454545453,0.005047318181818182,,
57070.5,maxi,0.36852891891891887,0.008835945945945946,0.21591344566550327,0.010874295713378473
57071.0,bat,0.030137681818181817,0.005227863636363636,,
57071.5,maxi,0.38440621621621623,0.009307837837837837,0.19934037208588676,0.010595134488679788
57072.0,bat,0.0284185,0.006030818181818182,,
57072.5,maxi,0.3928221621621621,0.010027837837837837,0.21723800237771448,0.011918506136320384
57073.0,bat,0.04668140909090909,0.004679409090909091,,
57073.5,maxi,0.3958829729729729,0.01095081081081081,0.23103919852793176,0.013305311147270873
57074.0,bat,0.07000254545454546,0.006304363636363637,,
57074.5,maxi,0.4170235135135135,0.013083783783783784,0.276812105427017,0.017786257283446787
57075.0,bat,0.061128272727272726,0.005256181818181818,,
57075.5,maxi,0.42854540540540537,0.015168648648648649,0.2413139549317356,0.017726374340989552
57076.0,bat,0.023970409090909087,0.0048305,,
57076.5,maxi,0.3709643243243243,0.015575945945945946,0.20075226951727088,0.018065178049363976
57077.0,bat,0.0392635,0.005595545454545455,,
57077.5,maxi,0.3747516216216216,0.018548918918918918,0.17423055988726788,0.019072410301258995
57078.0,bat,0.05007336363636364,0.005281772727272727,,
57078.5,maxi,0.38688189189189187,0.01800945945945946,0.22594356416396494,0.022430203303024816
57079.0,bat,0.06383013636363637,0.004408318181818182,,
57079.5,maxi,0.3567391891891892,0.021564054054054052,0.23089244746330573,0.02826560793550629
57080.0,bat,0.07885954545454545,0.004863227272727273,,
57080.5,maxi,0.4226105405405405,0.022565675675675675,0.2770387421310683,0.03000172367897413
57081.0,bat,0.10092727272727274,0.006112045454545454,,
57081.5,maxi,0.49941108108108107,0.021895675675675675,0.3259425799303855,0.0291785997589173
57082.0,bat,0.0008490454545454545,0.0002935909090909091,,
57082.5,maxi,0.45039270270270265,0.02362891891891892,0.30485829008852466,0.031959473751416105
57083.0,bat,0.07681450000000001,0.005606545454545454,,
57083.5,maxi,0.5525051351351351,0.022512972972972972,0.24479515916550354,0.021926642772472676
57084.0,bat,0.07203340909090909,0.005430590909090909,,
57084.5,maxi,0.517647027027027,0.03114081081081081,0.2400058606161484,0.031324908446531366
57085.0,bat,0.0905915,0.005165727272727272,,
57085.5,maxi,0.5791475675675676,0.02481,0.31167653837945913,0.027860834766470884
57086.0,bat,0.06471272727272728,0.004318363636363636,,
57086.5,maxi,0.5098132432432432,0.023457567567567564,0.2511183346906383,0.024589228452646814
57087.0,bat,0.05250859090909091,0.004329818181818182,,
57088.0,bat,0.08218181818181818,0.007034227272727273,,
57088.5,maxi,0.5036764864864864,0.026579729729729728,0.25085160155209457,0.02881020874220177
57089.0,bat,0.09802386363636365,0.006856818181818182,,
57089.5,maxi,0.5632681081081081,0.0249372972972973,0.278821933623575,0.026340947728556947
57090.0,bat,0.1565644090909091,0.007734954545454546,,
57090.5,maxi,0.49488459459459455,0.024743783783783783,0.32109633656679,0.03360973451119591
57091.0,bat,0.12646004545454545,0.0074048636363636365,,
57091.5,maxi,0.410304054054054,0.020924864864864865,0.37335196049081865,0.03854898932331738
57092.0,bat,0.11980468181818182,0.007367136363636363,,
57092.5,maxi,0.45620567567567566,0.020965405405405407,0.2678609783788157,0.026988113258666003
57093.0,bat,0.0934469090909091,0.005679363636363636,,
57093.5,maxi,0.5793262162162162,0.024103513513513513,0.29857377575691757,0.026447629873556103
57094.0,bat,0.06712936363636364,0.0054585,,
57094.5,maxi,0.45232054054054055,0.025064864864864863,0.26714765865843554,0.02999824898836243
57095.0,bat,0.021382954545454545,0.006644227272727273,,
57095.5,maxi,0.42519486486486485,0.03020297297297297,0.18988107735905407,0.031610716117237994
57096.0,bat,0.03328827272727273,0.004753772727272727,,
57096.5,maxi,0.4305932432432432,0.02259108108108108,0.18416826410237233,0.02329373135833664
57097.0,bat,0.017282636363636365,0.004597090909090909,,
57097.5,maxi,0.447437027027027,0.03169243243243243,0.16866827037662535,0.026589488534379188
57098.0,bat,0.023389136363636365,0.008447636363636364,,
57101.0,bat,0.009727227272727273,0.0042453636363636365,,
57103.0,bat,0.011088136363636364,0.004281681818181818,,
57105.0,bat,0.017622636363636365,0.007131590909090909,,
57105.5,maxi,0.36220567567567563,0.010233513513513514,0.17216490059144293,0.011056484172756014
57106.5,maxi,0.37140891891891886,0.0061662162162162155,0.16953982941212078,0.006597106008525918
57107.5,maxi,0.36019378378378375,0.007402162162162162,0.17518941938013483,0.008320770399151254
57108.5,maxi,0.34421216216216216,0.009754324324324323,0.151894200875085,0.010625652221410892
57109.5,maxi,0.3662281081081081,0.011411351351351351,0.13404235401658313,0.01120005831973701
57110.5,maxi,0.3634289189189189,0.008077027027027027,0.16895178469986744,0.009163708640000205
57111.5,maxi,0.36468972972972974,0.008409189189189188,0.14307967806104566,0.008442006657260501
57112.5,maxi,0.34639513513513515,0.008740540540540541,0.16068474069027605,0.009870425657646146
57113.5,maxi,0.3389205405405405,0.008747027027027026,0.16458878593048235,0.010283579598456102
57114.0,bat,0.012209090909090909,0.005982181818181819,,
57114.5,maxi,0.3510981081081081,0.009026486486486485,0.15322891176246692,0.00963091293715005
57115.5,maxi,0.33613,0.014177297297297298,0.19670526238456987,0.018531581833802692
57116.5,maxi,0.3554389189189189,0.013502162162162162,0.1585401949933571,0.014667612715286781
57117.0,bat,0.01354890909090909,0.004440727272727272,,
57117.5,maxi,0.28769675675675677,0.008865135135135134,0.172268576148223,0.012261667059351973
57118.0,bat,0.00888290909090909,0.004387090909090909,,
57118.5,maxi,0.2811451351351351,0.007056756756756757,0.18178695531374764,0.010356890451689716
57119.0,bat,0.016695681818181818,0.0061832272727272725,,
57119.5,maxi,0.2809862162162162,0.007536756756756757,0.1766758087384313,0.010658739095464652
57120.5,maxi,0.2724645945945946,0.007352432432432432,0.16966764638529247,0.010607151147964972
57121.5,maxi,0.2686562162162162,0.007528648648648648,0.19554448064662977,0.011874580525165285
57122.0,bat,0.04014477272727273,0.007706272727272727,,
57122.5,maxi,0.272014054054054,0.0074389189189189185,0.17257981752179877,0.010653200307449451
57123.0,bat,0.01673790909090909,0.006157863636363636,,
57123.5,maxi,0.2690154054054054,0.007271081081081081,0.21379821280871167,0.012166272049428203
57124.0,bat,0.015316,0.003961727272727272,,
57124.5,maxi,0.2565027027027027,0.007565675675675675,0.18370803184387927,0.012075790034851546
57125.5,maxi,0.24389378378378376,0.0072345945945945945,0.19323844618020572,0.012561984651999527
57126.0,bat,0.015458,0.004626772727272728,,
57126.5,maxi,0.2370335135135135,0.007583243243243243,0.1880790292525139,0.013102860307052488
57127.0,bat,0.01278981818181818,0.0057634545454545456,,
57127.5,maxi,0.2396443243243243,0.006999729729729729,0.1915658774944329,0.012617266739449417
57128.0,bat,0.014404636363636363,0.004606272727272727,,
57128.5,maxi,0.23457999999999998,0.007275135135135135,0.2093426550668038,0.013752068796024131
57129.0,bat,0.012513545454545454,0.004427863636363636,,
57129.5,maxi,0.23391324324324322,0.006805405405405405,0.18926333174958712,0.01213453721032987
57130.0,bat,0.016475045454545454,0.004335727272727272,,
57130.5,maxi,0.2199681081081081,0.006848108108108108,0.19299604762251157,0.01314598097708716
57131.0,bat,0.036743454545454544,0.005704727272727273,,
57131.5,maxi,0.23997351351351348,0.0068675675675675665,0.24014106777193003,0.014266550268367307
57132.0,bat,0.02314068181818182,0.0040676363636363636,,
57132.5,maxi,0.2173978378378378,0.00677972972972973,0.17833683058115135,0.01275780371098759
57133.0,bat,0.03906768181818182,0.004596181818181819,,
57133.5,maxi,0.2310627027027027,0.007328108108108107,0.21424872712857548,0.014825050198164632
57134.0,bat,0.03692854545454545,0.005766954545454546,,
57134.5,maxi,0.1967524324324324,0.007823243243243242,0.23931252611925716,0.01978488205819895
57135.0,bat,0.03318540909090909,0.0072185,,
57135.5,maxi,0.1563197297297297,0.008717027027027025,0.21929429554640117,0.02640527721199098
57136.0,bat,0.019398136363636364,0.004376318181818182,,
57136.5,maxi,0.11653567567567567,0.009992432432432431,0.25487312201290213,0.04548903078871239
57137.0,bat,0.022652727272727276,0.004642363636363636,,
57137.5,maxi,0.10616351351351351,0.01113135135135135,0.19170797109481805,0.045848749077941904
57138.0,bat,0.012762272727272728,0.0040240909090909095,,
57138.5,maxi,0.09606702702702702,0.012048378378378377,0.23894887666615708,0.06759160561385798
57139.0,bat,0.020658363636363634,0.004922545454545455,,
57139.5,maxi,0.12439432432432432,0.009686216216216216,0.2400078672679507,0.037352489736251715
57140.0,bat,0.02761609090909091,0.005978681818181819,,
57140.5,maxi,0.1859,0.008544864864864865,0.20599912592255185,0.021095266567223946
57141.0,bat,0.012721863636363637,0.004889,,
57141.5,maxi,0.17860810810810812,0.008282432432432431,0.19379277727706737,0.019400795815857467
57142.0,bat,0.016940227272727273,0.0044663181818181815,,
57142.5,maxi,0.20516783783783785,0.008142972972972973,0.20720644568331087,0.017780127508845413
57143.5,maxi,0.18747324324324324,0.007947297297297297,0.16293599711105447,0.01590274938124434
57144.0,bat,0.014772772727272726,0.005100227272727273,,
57144.5,maxi,0.1919462162162162,0.008197567567567567,0.15530881707532102,0.015753827137224303
57145.0,bat,0.02710727272727273,0.004249909090909091,,
57145.5,maxi,0.18982243243243244,0.008544864864864865,0.18285224534225092,0.018720036638747328
57146.0,bat,0.02442513636363636,0.005122,,
57146.5,maxi,0.20397945945945944,0.010346756756756755,0.21211286010288755,0.023210399984763208
57147.0,bat,0.01864168181818182,0.004172818181818182,,
57147.5,maxi,0.19386513513513512,0.011302162162162161,0.24040819414589426,0.028740633647248794
57148.0,bat,0.02050740909090909,0.005092045454545454,,
57148.5,maxi,0.16938675675675677,0.010592972972972972,0.1731509020498654,0.025777634030235187
57149.0,bat,0.023254772727272725,0.010962318181818182,,
57149.5,maxi,0.22796972972972973,0.01483918918918919,0.19536328552561938,0.02919378229238665
57150.0,bat,0.016610045454545454,0.005396954545454545,,
57150.5,maxi,0.18383540540540538,0.011882972972972972,0.1800696426928709,0.02775782365733103
57151.0,bat,0.013670272727272727,0.0038185000000000003,,
57151.5,maxi,0.1916772972972973,0.014118108108108107,0.1688742310929257,0.028530565659409642
57152.0,bat,0.017289454545454545,0.004509318181818182,,
57152.5,maxi,0.19003297297297297,0.01358135135135135,0.09816247196213192,0.024191911751083785
57153.5,maxi,0.2007481081081081,0.015232162162162161,0.21279874440119426,0.03394007733052305
57154.0,bat,0.010068454545454545,0.003644181818181818,,
57154.5,maxi,0.1891772972972973,0.015927837837837838,0.0902562368610617,0.025326596911347372
57155.0,bat,0.022365318181818184,0.005007318181818182,,
57155.5,maxi,0.22147621621621622,0.015327567567567566,0.10735768021093013,0.023644885074820356
57156.0,bat,0.014770772727272726,0.004838590909090909,,
57156.5,maxi,0.17717324324324324,0.015997567567567567,0.27661647647395315,0.047871605219099674
57157.0,bat,0.02003059090909091,0.0065615,,
57157.5,maxi,0.1839162162162162,0.014484864864864866,0.15168298700879235,0.031194543149951518
57158.0,bat,0.016230136363636363,0.0071063181818181815,,
57158.5,maxi,0.20113864864864864,0.015071081081081081,0.1413132372346457,0.0282405365461661
57159.5,maxi,0.19547729729729726,0.016672972972972974,0.18391311334828467,0.0368988027849626
57160.5,maxi,0.1898891891891892,0.023114054054054055,0.08228893961677104,0.03434357812969855
57161.0,bat,0.018552772727272727,0.0065601363636363635,,
57161.5,maxi,0.20221810810810809,0.018191351351351352,0.13023200584120118,0.0364595930524433
57162.0,bat,0.024090499999999997,0.008479772727272728,,
57162.5,maxi,0.17037459459459459,0.016693513513513513,0.10478137770701838,0.033147591520744375
57163.5,maxi,0.18782621621621623,0.016678378378378378,0.14767532604492567,0.035280519591370754
57164.5,maxi,0.1652708108108108,0.013262432432432431,0.1670546944717255,0.034453078539119636
57165.5,maxi,0.17616783783783782,0.01422945945945946,0.09747972913670763,0.02667177220905792
57166.5,maxi,0.1561937837837838,0.015743243243243242,0.12463834628573812,0.03945407378345666
57167.5,maxi,0.17865837837837836,0.015766216216216215,0.23325457036978525,0.04469607653711184
57168.5,maxi,0.18194702702702703,0.014138378378378377,0.1449891748992013,0.031246210719384878
57169.5,maxi,0.16580216216216215,0.04628297297297297,0.10099225260021585,0.06780182954122078
57176.5,maxi,0.17079567567567566,0.00818108108108108,0.1552503111395059,0.019215728185036328
57177.5,maxi,0.14968783783783784,0.00514054054054054,0.13006794531419452,0.012032219856378028
57178.5,maxi,0.1520972972972973,0.008692702702702702,0.15770518275258322,0.023381446683492495
57180.5,maxi,0.09836378378378377,0.01750837837837838,0.19515786169802973,0.07780060712448539
57181.5,maxi,0.07264837837837838,0.01057027027027027,0.04912265497414954,0.03851817871860446
57182.5,maxi,0.11532324324324324,0.006181621621621621,0.09750127880886342,0.01706902169644325
57183.5,maxi,0.12279324324324323,0.005942972972972973,0.1172414065571115,0.016534158927332513
57184.5,maxi,0.13741027027027028,0.005533783783783784,0.11375736371301226,0.013500252320320106
57185.0,bat,0.020740545454545452,0.004236636363636363,,
57185.5,maxi,0.12025837837837838,0.005567297297297297,0.13018242676334374,0.01677489585068117
57186.5,maxi,0.10411972972972973,0.005889189189189189,0.1346595032707754,0.020542493381082393
57187.5,maxi,0.07344837837837837,0.008922972972972973,0.09872263482220607,0.03399001415964713
57188.5,maxi,0.12770594594594595,0.007523513513513514,0.1432074660099187,0.021617949928623943
57189.5,maxi,0.08798054054054054,0.005801081081081081,0.1420957950496906,0.02332985246041408
57190.5,maxi,0.09001783783783783,0.004977027027027027,0.1056350150426358,0.016815476690142193
57191.5,maxi,0.09269918918918918,0.00518054054054054,0.09840465465465464,0.018351387699152663
57192.5,maxi,0.09244297297297296,0.004893513513513513,0.1433568837540599,0.01936138904160405
57193.5,maxi,0.07718324324324324,0.0046418918918918915,0.1487383489455526,0.02237136302268107
57194.5,maxi,0.07113945945945946,0.004993243243243243,0.14194846804157019,0.02393327154474331
57195.5,maxi,0.07206216216216216,0.004829459459459459,0.11813766891891893,0.02086706575720028
57196.0,bat,0.010088636363636364,0.0042025,,
57196.5,maxi,0.07295837837837837,0.0048697297297297295,0.14745692031495172,0.02472985714317518
57197.0,bat,0.014696227272727272,0.0058080909090909094,,
57197.5,maxi,0.07167864864864863,0.004568918918918918,0.16105097286927925,0.023110793764286156
57198.0,bat,0.009162545454545454,0.0038570454545454546,,
57198.5,maxi,0.07673864864864864,0.004484054054054054,0.15790911450152295,0.022545983754345928
57199.0,bat,0.014017,0.005646181818181818,,
57199.5,maxi,0.07344486486486486,0.004574054054054054,0.21926015722577324,0.027175286752076686
57200.0,bat,0.01804340909090909,0.0062985,,
57200.5,maxi,0.06231972972972973,0.004205135135135135,0.20923948122584923,0.02845158948564211
57201.0,bat,0.009995727272727272,0.0048281363636363634,,
57201.5,maxi,0.0669981081081081,0.004296756756756756,0.13591825625439452,0.022975139330487265
57202.0,bat,0.02297772727272727,0.005607636363636364,,
57202.5,maxi,0.05898513513513513,0.004218648648648648,0.15140367539410327,0.025133096521594626
57203.5,maxi,0.06147945945945946,0.004194594594594594,0.13252017714819306,0.022862091580299605
57204.0,bat,0.012557727272727272,0.004184227272727273,,
57204.5,maxi,0.059248108108108107,0.004412162162162162,0.10855770879780484,0.022823754425684736
57205.5,maxi,0.06413027027027027,0.004467567567567567,0.14215470869005226,0.0240674587097782
57206.0,bat,0.01841340909090909,0.004526227272727273,,
57206.5,maxi,0.05821216216216216,0.005054054054054054,0.2159345813450793,0.03995930555670787
57207.0,bat,0.018586181818181818,0.0060515,,
57207.5,maxi,0.04515162162162162,0.005759459459459459,0.26973391531969493,0.06181607226661127
57208.0,bat,0.01970009090909091,0.005004863636363636,,
57208.5,maxi,0.03794702702702703,0.007692702702702702,0.2428550802829852,0.09216972871163964
57209.0,bat,0.015879227272727274,0.005935363636363637,,
57210.0,bat,0.014533454545454544,0.005439090909090909,,
57211.0,bat,0.015731863636363638,0.005168409090909091,,
57211.5,maxi,0.03281972972972973,0.007598378378378378,0.1999618141228998,0.08158084886744062
57212.0,bat,0.021845999999999997,0.004375954545454546,,
57212.5,maxi,0.05256486486486486,0.006093243243243242,0.24613584412757158,0.05406830054172506
57213.0,bat,0.011343454545454545,0.005094090909090909,,
57213.5,maxi,0.04887864864864865,0.005431891891891892,0.12045520201394908,0.03911103608232407
57214.0,bat,0.0139745,0.0041325909090909095,,
57214.5,maxi,0.06898486486486487,0.005118108108108107,0.20253364215210154,0.032488117049700324
57215.0,bat,0.017419454545454544,0.0045952272727272725,,
57215.5,maxi,0.08410378378378379,0.005488378378378378,0.23220693412058274,0.031020451895365005
57216.0,bat,0.012936136363636363,0.004700636363636363,,
57216.5,maxi,0.06349864864864864,0.005199729729729729,0.1379472330775305,0.030061959254214784
57217.0,bat,0.017777,0.006496590909090909,,
57217.5,maxi,0.06927135135135135,0.005638108108108108,0.20173393242414042,0.034163843245470914
57218.5,maxi,0.06872864864864865,0.006978648648648648,0.22984501241519126,0.04663173041280572
57219.0,bat,0.019995181818181815,0.004185454545454546,,
57219.5,maxi,0.07306972972972972,0.007305675675675675,0.10794250679970549,0.03664909388838717
57220.0,bat,0.02232318181818182,0.004627181818181818,,
57220.5,maxi,0.06922243243243242,0.008698378378378377,0.17515987579117495,0.051489157509889916
57221.5,maxi,0.06544405405405405,0.010918648648648648,0.147972972972973,0.06853581844177989
57222.0,bat,0.014103409090909092,0.0044595,,
57222.5,maxi,0.05826648648648648,0.014584594594594593,0.12185871726100472,0.09867539177973218
57223.0,bat,0.01790381818181818,0.005889590909090909,,
57223.5,maxi,0.06848324324324324,0.02814216216216216,0.20148194770269498,0.23430710572029934
57224.0,bat,0.016243727272727274,0.004061545454545454,,
57225.0,bat,0.0127245,0.005537045454545455,,
57225.5,maxi,0.058173513513513506,0.00659918918918919,0.11678446056634682,0.046264191307802384
57226.0,bat,0.02270359090909091,0.0047905,,
57226.5,maxi,0.08094783783783784,0.009154324324324323,0.15374978683212867,0.04896958151168904
57227.0,bat,0.0114875,0.004712181818181818,,
57228.0,bat,0.01678681818181818,0.0053644545454545455,,
57229.0,bat,0.015393909090909092,0.0053742727272727275,,
57230.0,bat,0.024487045454545456,0.00860509090909091,,
57232.0,bat,0.02062227272727273,0.009118409090909092,,
57232.5,maxi,0.09185567567567567,0.02761972972972973,0.21578925516897782,0.15253691316072227
57233.0,bat,0.024930545454545455,0.005580545454545455,,
57233.5,maxi,0.10848783783783783,0.02311324324324324,0.17613390605575066,0.10065162328401363
57234.0,bat,0.018039863636363635,0.004240727272727273,,
57234.5,maxi,0.12234108108108108,0.012529459459459458,0.2707421059508868,0.06615427167036891
57235.0,bat,0.028813863636363634,0.006864772727272728,,
57235.5,maxi,0.15236216216216217,0.017166486486486488,0.32181538533515797,0.0910435402570865
57236.0,bat,0.014460590909090909,0.00509809090909091,,
57236.5,maxi,0.12853945945945947,0.013339459459459458,0.3225493752976123,0.07147363644476341
57237.0,bat,0.0322105,0.010649681818181819,,
57237.5,maxi,0.12188540540540539,0.02071135135135135,0.18614478248015173,0.07699267445482151
57238.0,bat,0.011472272727272727,0.005542818181818182,,
57239.0,bat,0.017325454545454547,0.004825545454545455,,
57240.0,bat,0.01805890909090909,0.0045316363636363636,,
57241.0,bat,0.014752181818181817,0.004021681818181818,,
57242.0,bat,0.009860636363636363,0.004794227272727273,,
57243.0,bat,0.026502454545454548,0.006158863636363636,,
57244.0,bat,0.014030318181818182,0.005669181818181818,,
57246.0,bat,0.012619727272727272,0.0037080454545454543,,
57248.0,bat,0.014780909090909091,0.003998636363636363,,
57249.0,bat,0.016715863636363636,0.005187090909090909,,
57249.5,maxi,0.08562540540540539,0.007842702702702702,0.20903212810957802,0.047770831168338024
57250.0,bat,0.02293759090909091,0.004980454545454546,,
57250.5,maxi,0.07009729729729729,0.004498108108108108,0.2392851349833844,0.030820162754589063
57251.0,bat,0.031107409090909092,0.006837045454545455,,
57251.5,maxi,0.06267378378378377,0.004362432432432432,0.319518232311036,0.04618299451499416
57252.0,bat,0.03380522727272727,0.005505045454545455,,
57252.5,maxi,0.04796054054054054,0.0043797297297297295,0.5161084271229747,0.08245484281240673
57253.0,bat,0.03565931818181818,0.004768590909090909,,
57253.5,maxi,0.04836972972972972,0.004395945945945946,0.3612698313845771,0.06490726206329604
57254.0,bat,0.04000990909090909,0.005354318181818182,,
57254.5,maxi,0.03703756756756756,0.004365675675675675,0.3436782565296956,0.06811146624473324
57255.0,bat,0.03312236363636364,0.0042222272727272725,,
57255.5,maxi,0.047534594594594595,0.004687297297297297,0.41997429866886504,0.0742798317247075
57256.0,bat,0.04962668181818182,0.0077275,,
57256.5,maxi,0.044005945945945944,0.004855675675675675,0.4572078422526739,0.09180984844229922
57257.0,bat,0.05307740909090909,0.00576759090909091,,
57257.5,maxi,0.043335405405405404,0.004908108108108108,0.5390330510789402,0.11394631232741406
57258.0,bat,0.0285905,0.012953863636363637,,
57258.5,maxi,0.04005972972972972,0.005656756756756757,1.0623895168745237,0.26241891165352044
57259.0,bat,0.06320854545454546,0.004982227272727273,,
57259.5,maxi,0.03733378378378378,0.007408378378378378,0.38728346573540035,0.1404002362564372
57260.0,bat,0.057470909090909086,0.004529318181818182,,
57260.5,maxi,0.024728108108108108,0.006041351351351351,0.5613899354144241,0.20345054788543768
57261.0,bat,0.05338659090909091,0.006352454545454546,,
57261.5,maxi,0.044778918918918914,0.006177297297297297,0.553813307199608,0.14340502750274384
57262.0,bat,0.07099377272727272,0.0055355,,
57262.5,maxi,0.02539324324324324,0.0045535135135135124,0.8703667953667955,0.25109017647557186
57263.0,bat,0.07059109090909091,0.006091363636363637,,
57263.5,maxi,0.040576486486486485,0.0043124324324324325,0.7897744467982839,0.1724868301567583
57264.0,bat,0.05587559090909091,0.004877500000000001,,
57264.5,maxi,0.03379486486486487,0.004352972972972972,1.3707739511943335,0.3936809527654629
57265.0,bat,0.042927545454545454,0.004812818181818182,,
57265.5,maxi,0.028944594594594593,0.00424945945945946,1.0398915797536976,0.3165984859861426
57266.0,bat,0.07193713636363637,0.014769227272727272,,
57266.5,maxi,0.027277027027027025,0.004301081081081081,1.0921340477473764,0.36322793726657
57267.0,bat,0.06519831818181818,0.0046440454545454545,,
57267.5,maxi,0.03876891891891891,0.0046832432432432425,1.6721535553293587,0.48395471862956146
57268.0,bat,0.06610190909090909,0.0054865,,
57268.5,maxi,0.028078378378378375,0.004228918918918919,1.043751645073553,0.3169358757738126
57269.0,bat,0.06499186363636364,0.0049425909090909095,,
57269.5,maxi,0.036001351351351345,0.013144594594594593,0.06853108472208362,0.24326914656668525
57270.0,bat,0.0744045,0.005624272727272727,,
57270.5,maxi,0.023638378378378375,0.004006216216216216,0.9668004626165044,0.34255659648556563
57271.0,bat,0.06405613636363636,0.005322590909090909,,
57271.5,maxi,0.021178108108108107,0.003938648648648648,0.6160124368441507,0.2317522587348627
57272.0,bat,0.06332963636363637,0.005366954545454545,,
57272.5,maxi,0.013594864864864864,0.003749729729729729,0.8343718889421482,0.3225130802922243
57273.0,bat,0.059058000000000006,0.004696454545454545,,
57273.5,maxi,0.02177243243243243,0.004043783783783783,0.6975784410189133,0.23341232798453512
57274.0,bat,0.050088318181818185,0.004344727272727273,,
57274.5,maxi,0.024677567567567567,0.003991351351351351,0.9242906390877751,0.3095965513647159
57275.0,bat,0.06697490909090908,0.009713136363636363,,
57275.5,maxi,0.021443243243243242,0.004181891891891892,0.5695390997494814,0.21625771087762374
57276.0,bat,0.0533715,0.006241181818181818,,
57276.5,maxi,0.017921621621621617,0.004106216216216216,1.5603217158176943,0.6534774212618296
57277.0,bat,0.04879086363636364,0.0041793636363636364,,
57277.5,maxi,0.022617837837837836,0.004288648648648649,1.2307456483973158,0.41601471911448007
57278.0,bat,0.040368499999999995,0.005453318181818182,,
57278.5,maxi,0.015744594594594593,0.004076756756756757,1.5315476857559116,0.7186801315564276
57279.0,bat,0.043564090909090906,0.0066395,,
57280.0,bat,0.039468590909090905,0.005587954545454545,,
57281.0,bat,0.03503422727272727,0.004903318181818181,,
57282.0,bat,0.03267272727272727,0.006131409090909091,,
57283.0,bat,0.03551336363636364,0.004161045454545455,,
57284.0,bat,0.03627463636363636,0.004867909090909091,,
57285.0,bat,0.030296954545454544,0.006792227272727272,,
57285.5,maxi,0.012262162162162162,0.004739189189189188,0.23818628789948101,0.34809142354765016
57286.0,bat,0.028477727272727273,0.0048491818181818185,,
57286.5,maxi,0.01578945945945946,0.005046216216216216,37.430284857571216,414.8857808285023
57287.0,bat,0.02202027272727273,0.005681954545454546,,
57288.0,bat,0.023012545454545456,0.003864090909090909,,
57288.5,maxi,0.017648648648648648,0.005354594594594594,1.4619667799169498,0.7373947309057415
57289.0,bat,0.027880181818181818,0.00630340909090909,,
57289.5,maxi,0.011577027027027027,0.005228648648648648,1.5866960907944516,1.2269509068379902
57290.0,bat,0.020604227272727274,0.003966454545454546,,
57290.5,maxi,0.01754189189189189,0.00735054054054054,33.66482910694597,428.9990998289837
57291.0,bat,0.017093818181818182,0.004789954545454545,,
57292.0,bat,0.02749268181818182,0.0041925,,
57293.0,bat,0.02363481818181818,0.0052765,,
57294.0,bat,0.021830954545454546,0.005999772727272728,,
57295.0,bat,0.02206540909090909,0.003689909090909091,,
57298.0,bat,0.0187555,0.005527,,
57299.0,bat,0.012995000000000001,0.003708636363636364,,
57304.0,bat,0.014589909090909091,0.006276818181818182,,
57305.5,maxi,0.04251648648648649,0.010605135135135136,4.569093251731357,6.862554047979275
57306.5,maxi,0.0291954054054054,0.010884864864864863,0.31163722725248627,0.45453560391546693
57307.0,bat,0.025693954545454548,0.012562272727272727,,
57307.5,maxi,0.07773459459459459,0.014845405405405404,1.4000322173597872,0.6637700881937476
57308.5,maxi,0.04915108108108108,0.014594054054054053,0.9136640236031717,1.2398476182277178
57309.5,maxi,0.08611918918918919,0.02393864864864865,1.641845880233075,1.0540497988881143
57311.0,bat,0.021134181818181816,0.010196045454545454,,
57321.0,bat,0.01598631818181818,0.004977318181818182,,
57321.5,maxi,0.026414324324324324,0.0042616216216216215,1.340463359075504,0.6492965575543668
57322.5,maxi,0.010996486486486486,0.0032716216216216215,1.8890982503364737,1.5153990781223396
57323.5,maxi,0.009304324324324324,0.003539459459459459,0.3512365725705721,0.4968754609843723
57332.5,maxi,0.019997837837837838,0.006239729729729729,16.827167630057804,100.5817092278826
57333.5,maxi,0.011250270270270271,0.005553783783783784,-20.789781021897813,-253.60731759333004
57336.5,maxi,0.009195945945945945,0.0034545945945945945,0.37054204900198656,0.535312888587008
57338.5,maxi,0.010455945945945946,0.0036537837837837834,0.48127433628318583,0.4481931842848748
57346.5,maxi,0.009487027027027027,0.0035508108108108106,27.021543985637344,294.10465643367417
57360.5,maxi,0.018796216216216216,0.005384594594594594,1.6044511438198263,1.3395109104698517
57361.5,maxi,0.011421081081081079,0.004604054054054054,4.926998267755506,8.751026523225558
57364.5,maxi,0.020975405405405403,0.006733513513513513,3.512098230408089,13.743230027551013
57376.5,maxi,0.038469459459459454,0.010947567567567568,2.1082793836053617,2.1358586516711813
57378.5,maxi,0.04712216216216216,0.010598918918918919,1.7144255701963276,0.9306513380886041
57379.5,maxi,0.04147972972972973,0.007783243243243243,0.6963560631860216,0.41785366577700905
57383.5,maxi,0.011416216216216215,0.005296486486486486,0.6036872844979242,0.7219997088999672
57392.5,maxi,0.04785027027027027,0.017326216216216214,-0.02351440293422636,-0.3310158943776018
57394.5,maxi,0.01963783783783784,0.0051778378378378375,0.2337070777855641,0.2925581282199456
57396.5,maxi,0.016175135135135132,0.004642432432432433,1.29277785786363,1.6638517669840867
57397.5,maxi,0.010084054054054053,0.0035705405405405404,1.4907222665602553,1.0542940145104225
57398.5,maxi,0.007512972972972973,0.0033878378378378376,6.54247572815534,20.918887077154775
57409.5,maxi,0.011197027027027026,0.003626216216216216,3.638422818791946,4.075137657834735
57414.0,bat,0.027482636363636362,0.009354545454545454,,
57422.5,maxi,0.00814135135135135,0.004042162162162162,1.7763558805606336,3.801989517954487
57439.5,maxi,0.024465675675675678,0.01212243243243243,1.2704677134939961,2.596383353948045
57459.0,bat,0.011808863636363636,0.005721727272727272,,
57467.5,maxi,0.015165405405405405,0.003195945945945946,10.338541666666666,66.16169981941454
57469.5,maxi,0.007528378378378379,0.003464324324324324,-71.40677966101694,-3311.0737093019134
57477.5,maxi,0.013065135135135134,0.0053100000000000005,2.0094674556213015,3.6665170855979947
57478.5,maxi,0.009686486486486486,0.004024054054054054,2.430745287912848,2.8415901113510116
57487.0,bat,0.010371,0.004646409090909091,,
57491.5,maxi,0.008674594594594595,0.0036818918918918916,-2.326132404181185,-3.4270326951583923
57494.5,maxi,0.016016486486486486,0.004149729729729729,-4.933019101959812,-7.863266664313019
57502.5,maxi,0.013283783783783783,0.004818648648648649,8.389547413793103,31.232610197496104
57506.5,maxi,0.011115945945945945,0.004971891891891891,-0.4832968236582695,-2.324905119269756
57512.5,maxi,0.022031351351351352,0.009747027027027027,0.5487015223531033,0.6060552247048886
57523.0,bat,0.018431045454545453,0.007638227272727273,,
57523.5,maxi,0.035688648648648645,0.009574594594594595,2.955821044116732,3.2260403037213568
57526.5,maxi,0.028253513513513514,0.014089999999999998,-0.4242770396200325,-1.5874249963687566
57538.5,maxi,0.011915675675675676,0.003814594594594594,-1.9338795457812277,-1.79354461432943
57539.5,maxi,0.009583513513513513,0.0035513513513513516,2.832273449920509,3.290082699136145
57547.5,maxi,0.011943243243243242,0.0038778378378378376,0.9483750583113046,1.3479644709112029
57548.5,maxi,0.03303432432432432,0.015224594594594593,0.5548364304387763,0.44744845241183745
57550.5,maxi,0.00747027027027027,0.0037135135135135133,-1.056946354883081,-1.1511246653680347
57551.0,bat,0.012068272727272728,0.0050149545454545455,,
57553.5,maxi,0.00992162162162162,0.0036624324324324325,-2.6336363636363633,-3.617962029139819
57578.5,maxi,0.011632162162162162,0.004944594594594594,1.499088498508452,1.1556309597676548
57582.5,maxi,0.01975891891891892,0.008763243243243244,-2.2635372714486635,-2.2734939349856935
57583.5,maxi,0.023833243243243242,0.010692162162162162,2.0102213211691162,3.0232622586743854
57593.5,maxi,0.08878405405405404,0.028177567567567566,0.6193473175112049,0.4898365501098364
57596.5,maxi,0.044077027027027024,0.015505405405405404,1.1675886190558877,1.085815018892104
57597.5,maxi,0.05157756756756757,0.011648648648648648,0.8226601891722792,0.4890395053907155
57598.5,maxi,0.03559135135135135,0.013427837837837837,1.641306801689941,1.5727408930172404
57599.5,maxi,0.0625154054054054,0.025135675675675675,1.6788834763782572,1.921187916572918
57610.5,maxi,0.024164864864864865,0.0052616216216216215,0.7643025349771436,0.6735189961355728
57619.5,maxi,0.013252432432432432,0.004052432432432433,0.7638514214567337,0.8534493449821723
57628.5,maxi,0.009681621621621622,0.0038597297297297294,48.10736196319018,817.8965242748733
57638.5,maxi,0.010934324324324323,0.00415,-2.217302084458365,-1.4528160623728346
57639.5,maxi,0.007909459459459459,0.003918378378378378,-1.5846708746618576,-1.9501354883566255
57642.0,bat,0.014623136363636364,0.0072835,,
57669.0,bat,0.01144859090909091,0.005232227272727273,,
57682.5,maxi,0.03222108108108108,0.003907027027027027,2.4180355346966143,1.3451788553873736
57683.5,maxi,0.007478918918918919,0.0036137837837837833,5.513333333333333,43.8397441103643
57696.5,maxi,0.013316216216216216,0.003428648648648648,1.933181299885975,2.6359633500939386
57698.5,maxi,0.010804324324324323,0.0034827027027027023,-28.074792243767313,-428.20682642444814
57721.5,maxi,0.022696486486486485,0.009033783783783784,-0.8195323488045008,-0.49824436003623607
57723.5,maxi,0.018205405405405405,0.00626972972972973,-37.51659751037344,-701.517249031063
57735.5,maxi,0.03923594594594594,0.009524864864864865,1.0831159903762562,0.567304644810631
57737.5,maxi,0.02807972972972973,0.010105135135135133,9.540793024704172,30.18662087998631
57739.5,maxi,0.031226756756756756,0.007984594594594593,0.7933682764806458,0.5116988869335304
57744.5,maxi,0.013098378378378378,0.004364324324324324,6.964399574920298,26.585171590534763
57745.5,maxi,0.010730540540540541,0.004775405405405405,1.5420190274841437,2.0078516166934146
57746.5,maxi,0.012460270270270269,0.0050337837837837835,1.6232339089481946,1.4934749419030018
57750.5,maxi,0.007547297297297297,0.0030545945945945944,1.9401391360621258,1.7435512251787095
57754.5,maxi,0.032404054054054054,0.004327297297297297,4.70578620464204,4.966164272636658
57755.5,maxi,0.016867297297297298,0.003899189189189189,1.7478802992518703,1.5116476264373957
57758.5,maxi,0.010494864864864863,0.003883243243243243,10.323639774859286,57.326904470179564
57759.5,maxi,0.009537297297297296,0.003846486486486486,0.5632611637347767,0.6030393048619596
57761.5,maxi,0.009755675675675675,0.0038067567567567568,-2.665948275862069,-3.8567455539081545
57762.5,maxi,0.010814054054054053,0.0044754054054054054,1.1880093463270074,0.6562072379741405
57764.0,bat,0.01526759090909091,0.0072535,,
57770.5,maxi,0.008522972972972973,0.003781891891891892,2.0024167561761548,3.6443946016079143
57771.5,maxi,0.014163513513513512,0.003993243243243243,1.071055475504323,0.809355762352025
57779.0,bat,0.009974136363636364,0.003968681818181818,,
57791.5,maxi,0.01834081081081081,0.004808918918918919,8.026968247063943,22.60002022347753
57792.5,maxi,0.009892702702702701,0.004756216216216216,-0.612725844461901,-3.163005622797771
57807.5,maxi,0.04223702702702702,0.013242432432432432,0.3544054780009836,0.8641060078309969
57808.5,maxi,0.06183891891891892,0.025475945945945943,0.36064915580161866,0.847065069684671
57811.5,maxi,0.01966027027027027,0.00962162162162162,-7.235621521335807,-19.636440993780703
57812.5,maxi,0.040438108108108106,0.00961081081081081,-52.42327150084317,-1278.3117887572023
57813.5,maxi,0.02597378378378378,0.00913162162162162,0.7162003685709499,0.7891811322779302
57814.5,maxi,0.046806216216216216,0.01022,-11.0375,-40.23948667860335
57815.5,maxi,0.021296486486486486,0.009835405405405406,-0.9689983752689588,-1.0036038741599815
57827.5,maxi,0.009683243243243243,0.003957297297297297,2.7873210633946828,7.343518121860842
57828.5,maxi,0.013304324324324324,0.0031116216216216215,76.57746478873239,1752.7951711395635
57831.5,maxi,0.009791081081081081,0.003906486486486486,1.1123012009087958,1.5116791795439997
57834.5,maxi,0.00764027027027027,0.0037981081081081077,0.5509096712416215,0.754908234680087
57838.5,maxi,0.017645945945945946,0.005477297297297297,1.188356528205673,1.3862249296562965
57839.0,bat,0.02466009090909091,0.009910363636363637,,
57839.5,maxi,0.00865189189189189,0.004302702702702703,2.7974515529599153,5.444835780324822
57865.5,maxi,0.014542432432432431,0.005275405405405406,2.1005876253024542,2.931488409201944
57867.5,maxi,0.024057297297297296,0.005119189189189189,0.5938342763470996,0.4797319091657656
57874.0,bat,0.009143,0.0045681818181818185,,
57884.5,maxi,0.03575621621621621,0.010189189189189188,0.8200808377732869,0.4639991718949145
57885.5,maxi,0.03959405405405405,0.009883783783783783,2.257398101619207,1.9455575615495826
57886.5,maxi,0.02875243243243243,0.01171027027027027,5.521382440216443,18.158959266654225
57898.5,maxi,0.017643783783783784,0.005629189189189188,-30.76196032672112,-306.32930050753555
57899.5,maxi,0.012148108108108109,0.003829459459459459,3.3620969612618885,4.81297356997403
57900.5,maxi,0.018278378378378375,0.0035397297297297295,2.6864229156963204,1.7598472976987858
57901.5,maxi,0.026129459459459457,0.008188918918918918,15.436017650303365,50.40084723592972
57906.0,bat,0.010683272727272727,0.00513,,
57908.5,maxi,0.009341351351351352,0.0035416216216216214,0.9606789491641079,0.7065908707572137
57924.0,bat,0.02185931818181818,0.010522636363636362,,
57927.5,maxi,0.010724864864864864,0.0025516216216216214,1.904533726502027,3.0772618063407142
57943.5,maxi,0.014667297297297295,0.005788918918918919,1.9879013051348005,1.9389080508442245
57955.5,maxi,0.018044594594594596,0.007905945945945946,-5.107065868263473,-12.360073571106525
57958.5,maxi,0.0665254054054054,0.014416486486486486,0.9229740409751354,0.47348477838576697
57959.5,maxi,0.013482432432432431,0.00665,-167.05844155844156,-12133.645075524628
57963.5,maxi,0.021246756756756757,0.009398108108108108,1.513028546898476,1.349741299344987
57971.5,maxi,0.030644054054054053,0.005547027027027027,1.6857307249712314,0.9506383852011926
57973.5,maxi,0.01357108108108108,0.003605945945945946,-3.5165926313038933,-5.144971475821459
57999.5,maxi,0.009096216216216216,0.0029943243243243244,-14.796610169491522,-53.06869723393327
58007.0,bat,0.05911877272727272,0.006200318181818182,,
58007.5,maxi,0.013387567567567567,0.003585675675675675,5.331654676258993,9.919767164406672
58008.0,bat,0.019334636363636363,0.007594318181818181,,
58009.5,maxi,0.007168918918918918,0.0029783783783783784,-0.8680073126142596,-1.1517673005659184
58012.5,maxi,0.01462918918918919,0.006296486486486486,0.7558951965065501,0.5364681265859502
58013.0,bat,0.023424909090909093,0.006344045454545455,,
58013.5,maxi,0.017531081081081083,0.0062202702702702705,0.9829895041621426,0.49170562840603693
58015.0,bat,0.021685636363636365,0.0065239090909090915,,
58015.5,maxi,0.04718567567567567,0.010130540540540542,0.6337499999999999,0.3679517456514463
58020.0,bat,0.01906513636363636,0.007171590909090909,,
58023.0,bat,0.010123,0.005059,,
58024.0,bat,0.015493136363636363,0.0057055454545454545,,
58024.5,maxi,0.030276486486486485,0.01273027027027027,0.6659863276447154,0.6324991926275703
58026.5,maxi,0.03770405405405405,0.009284864864864866,1.171624026439252,0.638511311285276
58027.5,maxi,0.03622054054054054,0.00967972972972973,1.893542303440203,2.408780851082182
58029.5,maxi,0.041152972972972976,0.008365945945945944,0.4361913818303485,0.2698710961674461
58030.5,maxi,0.03238567567567568,0.009302432432432431,86.3163064833006,2932.5661544093905
58031.0,bat,0.02647781818181818,0.004666909090909091,,
58031.5,maxi,0.0449054054054054,0.01803108108108108,2.304424997936102,3.365979799696004
58032.0,bat,0.027698045454545458,0.005329454545454546,,
58033.0,bat,0.030762545454545456,0.004964863636363636,,
58034.0,bat,0.03266845454545455,0.005390772727272727,,
58035.0,bat,0.04468345454545455,0.006855090909090909,,
58036.0,bat,0.050954954545454546,0.0066707727272727274,,
58037.0,bat,0.05044554545454546,0.005592181818181818,,
58038.0,bat,0.06852695454545454,0.006264090909090908,,
58039.0,bat,0.06620963636363636,0.006001,,
58040.0,bat,0.07754654545454545,0.006474681818181818,,
58041.0,bat,0.08728663636363637,0.007867318181818182,,
58042.0,bat,0.06965672727272727,0.006177090909090909,,
58043.0,bat,0.08421936363636365,0.006077409090909091,,
58043.5,maxi,0.054871621621621625,0.0042416216216216215,1.2035140215598266,0.2209518017461396
58044.0,bat,0.08984313636363636,0.007328636363636364,,
58044.5,maxi,0.03979594594594594,0.003744324324324324,1.164420305918865,0.2192770800645356
58045.0,bat,0.09156018181818182,0.005815681818181818,,
58045.5,maxi,0.04272108108108107,0.004067567567567567,0.9515835599287936,0.19576003809937156
58046.0,bat,0.09766368181818182,0.006261681818181818,,
58046.5,maxi,0.03640189189189189,0.004014594594594594,0.9827057317456099,0.24388841475022605
58047.0,bat,0.09342877272727272,0.007177681818181818,,
58047.5,maxi,0.02985054054054054,0.0042854054054054045,1.0504166564243749,0.2760386727072474
58048.0,bat,0.09006281818181817,0.006893636363636363,,
58048.5,maxi,0.039650270270270266,0.004406756756756757,0.8431529203780512,0.1838283586126006
58049.0,bat,0.10142809090909091,0.006234363636363636,,
58049.5,maxi,0.04100324324324325,0.004468918918918919,1.2125948989166595,0.27804583937926663
58050.0,bat,0.108109,0.008190045454545455,,
58050.5,maxi,0.03308108108108108,0.004667567567567568,0.776252247171208,0.1912671814118658
58051.0,bat,0.09477281818181818,0.00901640909090909,,
58051.5,maxi,0.04169243243243243,0.004633783783783783,0.9430363419431814,0.19717399046639839
58052.0,bat,0.116216,0.006731727272727273,,
58052.5,maxi,0.05102135135135135,0.005092162162162162,1.05514237645246,0.21872149590297849
58053.0,bat,0.1400325909090909,0.007029272727272728,,
58053.5,maxi,0.050075675675675675,0.00569,1.1391284846812033,0.2800838286312625
58054.5,maxi,0.05649297297297297,0.007991351351351351,0.7146802634374336,0.2570932314951664
58055.0,bat,0.05590604545454546,0.0068169090909090905,,
58055.5,maxi,0.01775405405405405,0.0052216216216216214,0.6729253027716817,0.4341061989409522
58056.0,bat,0.07060554545454546,0.007221409090909091,,
58056.5,maxi,0.02806972972972973,0.004275945945945946,0.9795613862222348,0.29295369326709764
58057.0,bat,0.08084381818181817,0.006352727272727272,,
58057.5,maxi,0.0278627027027027,0.00405081081081081,1.0336025271953735,0.25332207060805695
58058.0,bat,0.077562,0.0072925,,
58058.5,maxi,0.025198108108108106,0.0037935135135135135,0.727621070126033,0.18141883060824576
58059.0,bat,0.08818940909090908,0.007338636363636364,,
58059.5,maxi,0.027746216216216216,0.0037964864864864865,0.6730199156611414,0.16194666276438258
58060.0,bat,0.11755890909090909,0.014645454545454545,,
58060.5,maxi,0.03332,0.00363,1.053652538332204,0.23366380390035088
58061.0,bat,0.11266922727272727,0.013618454545454546,,
58061.5,maxi,0.03166081081081081,0.004061891891891892,1.0735387346266008,0.25742999542839007
58062.5,maxi,0.022336486486486486,0.00357027027027027,1.215777584708949,0.35945537981198056
58063.0,bat,0.09297368181818182,0.015236772727272727,,
58063.5,maxi,0.029740270270270267,0.003608648648648648,1.4360206987354176,0.3417241929814789
58064.0,bat,0.09640504545454545,0.016116318181818183,,
58064.5,maxi,0.025645945945945946,0.0033867567567567565,1.128384076303469,0.2685934847283476
58065.5,maxi,0.027478108108108107,0.0033075675675675676,1.4476542344810013,0.3449236671495097
58066.5,maxi,0.03722216216216216,0.0035629729729729728,0.9172480412149833,0.1863777417899301
58067.0,bat,0.2276469090909091,0.06099863636363636,,
58067.5,maxi,0.03194513513513513,0.0032218918918918917,1.0704572925060436,0.2172158957537014
58068.0,bat,0.08872277272727272,0.011736636363636364,,
58068.5,maxi,0.02528135135135135,0.0032359459459459458,2.225389169041877,0.7622151262849822
58069.5,maxi,0.028835135135135134,0.0032078378378378376,1.1689950275682441,0.30186933402512306
58070.0,bat,0.09876140909090908,0.016045636363636363,,
58070.5,maxi,0.025865135135135133,0.00329,1.6994700984102953,0.462103416508813
58071.0,bat,0.11632659090909091,0.02452440909090909,,
58071.5,maxi,0.02530891891891892,0.003222702702702703,1.1232233584153322,0.27310796481465766
58072.0,bat,0.15535204545454545,0.03257318181818182,,
58072.5,maxi,0.030975135135135133,0.0033421621621621623,1.1829817114040408,0.2906287481881133
58073.0,bat,0.11662122727272727,0.034224954545454545,,
58073.5,maxi,0.0335827027027027,0.0035418918918918916,1.05453714517849,0.23296458966123762
58074.0,bat,0.10271945454545454,0.017219363636363637,,
58074.5,maxi,0.028823513513513515,0.004831621621621622,1.6032721816157607,0.7254266662517685
58075.0,bat,0.12356613636363635,0.019485863636363634,,
58076.0,bat,0.08594186363636364,0.022914454545454547,,
58076.5,maxi,0.025235405405405403,0.006800810810810811,3.056446270041076,2.4412395104350972
58077.0,bat,0.09698018181818181,0.0188605,,
58078.0,bat,0.12101818181818182,0.04369036363636364,,
58078.5,maxi,0.03207027027027027,0.004593243243243243,1.6442552514322089,0.6266096615937653
58079.5,maxi,0.047512702702702705,0.0052864864864864865,1.0048652694610778,0.24583979576669496
58080.5,maxi,0.04557837837837838,0.008282162162162161,0.816342412451362,0.22780282071687621
58081.5,maxi,0.031153783783783782,0.010908378378378379,0.7710228563031833,0.3113133131950297
58082.0,bat,0.15850936363636364,0.020525454545454545,,
58082.5,maxi,0.05143,0.01090972972972973,1.3317880525395471,0.6334466769177357
58083.0,bat,0.11994263636363636,0.026098954545454547,,
58083.5,maxi,0.05485621621621622,0.011052702702702703,1.0857326458003542,0.45540060288712697
58084.5,maxi,0.05298,0.010708108108108108,0.6942677751885131,0.2349381201001201
58085.5,maxi,0.053660540540540536,0.006142972972972972,1.1667008582076794,0.2885799589608176
58086.0,bat,0.14701304545454547,0.019279136363636363,,
58086.5,maxi,0.03900216216216216,0.006859999999999999,1.2075389317421044,0.39764214518857005
58087.0,bat,0.12011104545454544,0.02243340909090909,,
58087.5,maxi,0.03768783783783784,0.006909729729729729,1.3619542560178182,0.5621426044694245
58088.0,bat,0.1186734090909091,0.0140145,,
58088.5,maxi,0.04322432432432432,0.00802135135135135,0.923813140903912,0.29158999358394033
58089.0,bat,0.10539477272727273,0.012860818181818182,,
58089.5,maxi,0.061423783783783784,0.010237837837837837,1.1868162692847124,0.4307772426713301
58090.0,bat,0.11167786363636364,0.015824318181818182,,
58090.5,maxi,0.0374727027027027,0.012845405405405404,1.474363119099961,1.2387444468875954
58091.0,bat,0.08181290909090909,0.027501818181818183,,
58092.0,bat,0.11225881818181818,0.019302636363636362,,
58093.0,bat,0.17475286363636364,0.06305868181818182,,
58094.0,bat,0.113305,0.028541545454545455,,
58095.0,bat,0.1037685,0.019929045454545456,,
58096.0,bat,0.12552795454545454,0.011561227272727272,,
58097.0,bat,0.11033477272727273,0.043378,,
58098.0,bat,0.0982204090909091,0.026684545454545454,,
58098.5,maxi,0.055038648648648644,0.02004162162162162,0.9524765936408862,0.8606344136611508
58099.5,maxi,0.06419,0.01187054054054054,1.639317918043032,0.8074622216639209
58100.0,bat,0.12163545454545455,0.02445559090909091,,
58100.5,maxi,0.06676675675675675,0.012069999999999999,1.0560166613659447,0.3643262972234784
58101.5,maxi,0.07180108108108108,0.012057567567567568,0.721896693131759,0.2546756761348851
58102.0,bat,0.1302575,0.03378031818181818,,
58102.5,maxi,0.06060405405405405,0.009114864864864864,1.2185075272805959,0.4653939460643937
58103.0,bat,0.08858018181818182,0.012920863636363637,,
58103.5,maxi,0.09547,0.014017027027027026,1.0090375619342873,0.30039640789941285
58104.0,bat,0.1593407727272727,0.0754215,,
58104.5,maxi,0.047591621621621616,0.005568108108108107,0.7803697061663678,0.1925272181982596
58105.5,maxi,0.05042567567567567,0.004800810810810811,0.8944712089928883,0.18090614793004958
58106.5,maxi,0.0508681081081081,0.006984324324324324,0.8207529063391095,0.22469695466324258
58107.0,bat,0.12277259090909091,0.035267454545454546,,
58107.5,maxi,0.04723675675675675,0.006723243243243243,0.7221121800918066,0.23055344967936917
58108.0,bat,0.1405317727272727,0.02489768181818182,,
58108.5,maxi,0.051827837837837835,0.007270540540540541,1.197469227424699,0.3155256197584441
58109.0,bat,0.14542086363636364,0.030083,,
58109.5,maxi,0.06377756756756756,0.006508918918918919,0.9614902109865044,0.21199400052429138
58110.0,bat,0.08790999999999999,0.025284363636363636,,
58110.5,maxi,0.031349189189189185,0.005321351351351352,0.7649120864928692,0.20950289670012665
58111.0,bat,0.14376013636363635,0.04654109090909091,,
58111.5,maxi,0.039511351351351344,0.0035054054054054055,0.9783688562314518,0.14401744230583685
58112.0,bat,0.08583668181818181,0.011435090909090909,,
58112.5,maxi,0.043514054054054056,0.0033205405405405406,0.7430315901247677,0.103328327366508
58113.5,maxi,0.04294351351351351,0.007542432432432433,0.7615602228889841,0.2826520698719055
58115.5,maxi,0.0589372972972973,0.00828,1.1937378034844677,0.40505254303775723
58116.5,maxi,0.06966459459459459,0.008122972972972972,1.01851051347763,0.30429153650634344
58117.5,maxi,0.04383675675675676,0.007215405405405405,0.5503202367129855,0.17273538617552026
58119.0,bat,0.09955386363636363,0.036761363636363634,,
58119.5,maxi,0.042956486486486485,0.005028918918918919,1.1035510401548139,0.2649304047809349
58120.0,bat,0.07086881818181819,0.023261999999999998,,
58120.5,maxi,0.040292432432432426,0.004028108108108108,0.8160735343029057,0.1458550889444828
58121.0,bat,0.09595290909090909,0.010907409090909091,,
58121.5,maxi,0.032555675675675674,0.004242972972972973,0.6230461528118592,0.15145128269758512
58122.0,bat,0.08205004545454544,0.007932636363636364,,
58122.5,maxi,0.02693162162162162,0.0043608108108108105,0.8670370201721233,0.24511250916735083
58123.0,bat,0.08583004545454546,0.011735045454545455,,
58123.5,maxi,0.038508918918918916,0.004361891891891892,1.022563638509659,0.23318443768997066
58124.0,bat,0.08476945454545455,0.01832540909090909,,
58124.5,maxi,0.03519756756756757,0.005784054054054054,1.0221898721014868,0.3163621254877445
58125.0,bat,0.082371,0.01596677272727273,,
58125.5,maxi,0.03148054054054054,0.008434594594594594,0.46545974273463553,0.2419767415522878
58126.0,bat,0.04811840909090909,0.023860409090909092,,
58126.5,maxi,0.01573189189189189,0.007732162162162161,49.83116883116883,1198.220465907851
58128.0,bat,0.06965368181818182,0.014213090909090908,,
58128.5,maxi,0.03091945945945946,0.008277027027027026,0.4986388384754991,0.3246051767298722
58129.5,maxi,0.030445405405405402,0.006137027027027027,0.9458100699795366,0.3737077109620576
58130.0,bat,0.06133131818181818,0.012012818181818182,,
58130.5,maxi,0.02621243243243243,0.005145675675675676,1.3775042314202184,0.5099177971892435
58131.0,bat,0.04275422727272727,0.012317681818181818,,
58131.5,maxi,0.02839972972972973,0.004584324324324324,3.1314760118144807,2.142674181892432
58132.0,bat,0.051426318181818184,0.0066165,,
58132.5,maxi,0.029236216216216217,0.003916756756756757,1.2766666666666666,0.38697703145718904
58133.0,bat,0.06412754545454545,0.006743227272727272,,
58133.5,maxi,0.023926756756756755,0.0036467567567567563,0.9128844175145764,0.31303492792749527
58134.0,bat,0.04629972727272727,0.006126454545454545,,
58134.5,maxi,0.010433513513513513,0.0034386486486486486,1.1554518540819911,0.4611140581109134
58135.0,bat,0.03896268181818181,0.018282272727272727,,
58135.5,maxi,0.013033513513513513,0.0034345945945945945,0.8341850391784689,0.3650118543476656
58136.0,bat,0.03217359090909091,0.005427409090909091,,
58136.5,maxi,0.008805945945945946,0.003192702702702703,0.8770009244392547,0.3563612927918083
58137.0,bat,0.04853822727272727,0.005017272727272728,,
58137.5,maxi,0.009464594594594594,0.0032570270270270265,289.09677419354836,25809.013851325504
58138.0,bat,0.03371140909090909,0.004500318181818182,,
58138.5,maxi,0.007603783783783783,0.002922162162162162,1.5613803714693923,1.0255861940432263
58139.0,bat,0.031221090909090907,0.004746409090909091,,
58139.5,maxi,0.007898918918918918,0.0031154054054054053,4.2224097198785016,7.683019165448742
58140.0,bat,0.028011363636363633,0.004450727272727273,,
58140.5,maxi,0.009586216216216217,0.002961891891891892,1.2070991021230175,0.6413649728227021
58141.0,bat,0.025510181818181817,0.00447259090909091,,
58141.5,maxi,0.009322972972972972,0.0029786486486486482,0.6401279342052658,0.33598459579574286
58142.0,bat,0.026487818181818185,0.005230454545454545,,
58142.5,maxi,0.00709081081081081,0.0029124324324324327,0.779450566506286,0.48135239573828875
58143.0,bat,0.027690136363636365,0.004430727272727273,,
58143.5,maxi,0.011006216216216216,0.0029729729729729725,1.0567265778945483,0.434489874472265
58144.0,bat,0.02918631818181818,0.0050374545454545455,,
58145.0,bat,0.01986859090909091,0.006418727272727273,,
58146.0,bat,0.020528863636363633,0.005679227272727272,,
58148.0,bat,0.01707518181818182,0.006643227272727273,,
58149.0,bat,0.012727272727272728,0.00580190909090909,,
58150.0,bat,0.015339363636363635,0.0043254999999999995,,
58151.0,bat,0.021497045454545456,0.006419090909090909,,
58152.5,maxi,0.00914108108108108,0.0034672972972972973,2.115485564304462,1.9799950965234192
58154.0,bat,0.009547772727272726,0.004581727272727272,,
58156.5,maxi,0.017657837837837836,0.004331621621621621,0.8707546004693096,0.562475693639786
58162.5,maxi,0.026475135135135136,0.008684594594594594,0.22796308052937445,0.5929133032634164
58172.5,maxi,0.03108216216216216,0.010521891891891892,0.3853326857697912,0.5775408542171712
58173.5,maxi,0.02069108108108108,0.009695675675675676,2.124793303017776,2.1188397670219885
58174.5,maxi,0.028023513513513513,0.010448108108108107,1.917855365732294,1.8288407923997956
58175.5,maxi,0.03940108108108108,0.010906216216216215,4.551594229532298,7.569406856050898
58176.5,maxi,0.1252789189189189,0.04795783783783783,0.6666195190947667,1.101955435325824
58188.5,maxi,0.014193783783783784,0.0047127027027027025,1.0031474254060178,1.3159974352658477
58189.5,maxi,0.007212702702702702,0.0031272972972972973,2.139307228915663,2.2202016667322977
58191.5,maxi,0.008650540540540541,0.0036616216216216213,1.8936285097192227,3.1708936381295976
58192.5,maxi,0.013086756756756756,0.0036640540540540537,1.6234761844916425,1.4487898523304659
58193.5,maxi,0.01069891891891892,0.003731891891891892,0.30010800802345317,0.3211382152996242
58197.5,maxi,0.009577297297297298,0.004054594594594594,1.0688248337028823,0.9014410544254392
58202.5,maxi,0.007895675675675675,0.0034537837837837837,1.762380538662033,4.620434933268142
58208.0,bat,0.03181827272727273,0.012530954545454547,,
58237.0,bat,0.016468954545454547,0.008187272727272727,,
58241.5,maxi,0.023422972972972973,0.006957027027027027,2.2580724270416086,2.3260316625924826
58242.5,maxi,0.03506594594594594,0.017434324324324322,-0.24764663287472846,-3.1656135296490673
58244.5,maxi,0.03674081081081081,0.008954864864864865,3.600260841212912,3.8923634849916646
58246.5,maxi,0.01917108108108108,0.008332432432432433,-10.660204516403919,-33.574127487649214
58247.5,maxi,0.025961621621621623,0.00887945945945946,-6.589958158995816,-15.253050386033848
58248.5,maxi,0.03451027027027027,0.011039189189189188,1.2931264312814028,1.0311997250513967
58259.5,maxi,0.023757567567567566,0.0051494594594594595,0.7613608298345271,0.3252461811843715
58260.5,maxi,0.012759999999999999,0.0037527027027027026,1.0410760775238646,0.8138838646803894
58261.5,maxi,0.01033864864864865,0.0031762162162162163,2.672824791418355,4.2564455655721325
58268.5,maxi,0.01244135135135135,0.003930540540540541,0.9550860997692172,0.7386706128313171
58276.5,maxi,0.006979189189189189,0.0027916216216216216,0.9758677685950414,1.9304869951482486
58286.5,maxi,0.005839459459459459,0.0029164864864864863,0.5640339134315038,1.1482524952412023
58300.5,maxi,0.015209459459459458,0.0040975675675675675,1.6298103998498217,2.274254807780351
58310.5,maxi,0.02223,0.010347027027027026,4.92021627324278,11.136810119154312
58314.5,maxi,0.04274972972972973,0.014808108108108106,61.983870967741936,1050.2582318144537
58318.5,maxi,0.018636486486486487,0.008428648648648647,0.5155838589186211,0.9333880644224294
58331.5,maxi,0.029007837837837835,0.00618945945945946,1.2350450231199805,0.7366193534411277
58332.5,maxi,0.04252972972972973,0.006399729729729729,2.1206767230602552,2.0510948512599336
58333.0,bat,0.055331454545454545,0.024767636363636363,,
58334.5,maxi,0.01200108108108108,0.004001621621621622,0.5543214862681745,0.371185580847358
58348.5,maxi,0.0067035135135135124,0.0032897297297297297,7.915458937198068,94.22859044512305
58370.5,maxi,0.007263513513513513,0.003435675675675675,2.3855721393034823,4.136933093599356
58373.5,maxi,0.011261351351351352,0.00406027027027027,-3.0175695461200585,-9.284021758916914
58387.5,maxi,0.02098027027027027,0.009581081081081081,1.7466005992164093,3.507430072764391
58390.5,maxi,0.026667567567567566,0.008387837837837838,0.05132212688590476,0.4023905657702974
58391.5,maxi,0.03405054054054053,0.008633513513513514,0.9298497569597879,0.7761360740125843
58392.5,maxi,0.023588918918918917,0.010668378378378378,10.795746311553938,35.0041548209287
58404.5,maxi,0.04384918918918919,0.0058816216216216214,1.4296341712650724,0.6713817162562085
58405.5,maxi,0.010878378378378378,0.0034005405405405404,0.9147940074906367,0.6220372907180695
58406.0,bat,0.022861636363636362,0.00884459090909091,,
58406.5,maxi,0.008474054054054053,0.00367054054054054,4.1266859344894025,11.922953645478914
58407.5,maxi,0.008817297297297296,0.0036994594594594596,0.9481743227326266,0.6920696311587864
58425.5,maxi,0.008265675675675675,0.0029889189189189185,0.29242069406003834,0.49171209931851106
58428.0,bat,0.023935500000000002,0.009362863636363636,,
58445.5,maxi,0.023156486486486487,0.008440810810810809,5.458661101300368,10.474665211234381
58447.5,maxi,0.02438135135135135,0.007492702702702703,0.3187537173445578,0.5134603877267943
58448.5,maxi,0.010935405405405404,0.005322432432432432,0.4772365888358859,0.3748262695697718
58450.5,maxi,0.02010135135135135,0.007541351351351352,-1.9626907857546636,-3.348152297072819
58451.5,maxi,0.0275227027027027,0.008917297297297297,0.5488134862670913,0.3717436995018517
58461.5,maxi,0.03193216216216216,0.009084324324324324,1.1747584917419758,0.7824161158627702
58462.5,maxi,0.023691621621621622,0.008261081081081081,3.0813736903376014,4.828747776121516
58463.5,maxi,0.03272675675675676,0.008351621621621622,2.098777281642532,1.5277794390572927
58464.5,maxi,0.031904054054054054,0.00955972972972973,-12.460042060988433,-68.08287305951171
58465.5,maxi,0.04486945945945946,0.016296216216216217,0.37120438957476,0.33390896389677704
58470.5,maxi,0.04682027027027027,0.010936756756756757,2.574914116177389,1.9425206908231867
58472.0,bat,0.15893518181818184,0.03983027272727273,,
58473.5,maxi,0.018720540540540537,0.0029975675675675676,0.9982216668268767,0.35110337030648575
58474.5,maxi,0.020231351351351352,0.003668378378378378,1.2919960913209558,0.48159109912461817
58475.0,bat,0.046191363636363635,0.008785272727272727,,
58476.0,bat,0.06291495454545454,0.01576927272727273,,
58478.5,maxi,0.028454324324324324,0.005403783783783784,0.9644642898672062,0.31481954426016784
58479.0,bat,0.04282363636363636,0.012240818181818183,,
58480.0,bat,0.08082968181818183,0.015880681818181818,,
58480.5,maxi,0.03499027027027027,0.009362972972972972,1.2859496987870438,0.7399346954304935
58481.0,bat,0.09222263636363637,0.01923963636363636,,
58481.5,maxi,0.032262702702702706,0.004561891891891892,0.6284205360689833,0.2196468086784388
58482.0,bat,0.04538804545454546,0.011676772727272727,,
58482.5,maxi,0.017198648648648646,0.003469459459459459,0.8984016406784076,0.27739545030510077
58483.0,bat,0.10864477272727271,0.03409413636363636,,
58483.5,maxi,0.015225945945945944,0.0035537837837837836,1.37968467304213,0.47782294025414157
58484.0,bat,0.06437,0.013106636363636364,,
58484.5,maxi,0.031775135135135135,0.003999189189189189,0.9645913859745996,0.24541905549614731
58485.0,bat,0.09128068181818182,0.015569,,
58485.5,maxi,0.02446162162162162,0.003754054054054054,1.7628325020781381,0.7170185433731172
58486.0,bat,0.05946145454545454,0.00968759090909091,,
58486.5,maxi,0.02553054054054054,0.00535054054054054,0.9108169213587208,0.3630194083898417
58487.0,bat,0.0391475,0.016507227272727274,,
58487.5,maxi,0.012592432432432433,0.005195945945945945,0.9531933999326523,0.686230396367562
58488.0,bat,0.08371081818181818,0.012143363636363636,,
58488.5,maxi,0.01976135135135135,0.00788972972972973,1.6466743119266054,1.6598741735081686
58489.0,bat,0.07392072727272726,0.011327818181818182,,
58490.0,bat,0.07683254545454546,0.009517181818181819,,
58491.0,bat,0.07068304545454546,0.009401090909090908,,
58491.5,maxi,0.025219999999999996,0.005455945945945946,1.2417498730749705,0.4904531081813063
58492.0,bat,0.08330318181818182,0.010679,,
58492.5,maxi,0.01646054054054054,0.0043408108108108105,2.9811076604554865,3.1910681144597826
58493.0,bat,0.060417318181818176,0.007811363636363636,,
58493.5,maxi,0.027564594594594594,0.004784864864864865,1.978297810360732,0.9764944593878641
58494.0,bat,0.06380981818181818,0.009306363636363637,,
58494.5,maxi,0.020104864864864864,0.003991351351351351,1.7887170675830468,0.8966845221923204
58495.0,bat,0.06997677272727272,0.0089195,,
58495.5,maxi,0.02533243243243243,0.0032259459459459457,2.1214307183648935,0.809971471271298
58496.0,bat,0.07709222727272727,0.007464363636363636,,
58496.5,maxi,0.018095135135135134,0.0029837837837837834,1.532887794583187,0.48040421777826725
58497.0,bat,0.0828405909090909,0.011400954545454544,,
58497.5,maxi,0.019537567567567568,0.0030775675675675674,1.1957324164433432,0.4269981311760606
58498.0,bat,0.08589127272727272,0.009359409090909092,,
58498.5,maxi,0.02056864864864865,0.0029267567567567566,1.5642764157083966,0.5399224925981894
58499.0,bat,0.0710605909090909,0.0062275,,
58499.5,maxi,0.019967567567567568,0.002794324324324324,1.6552273792780121,0.47675201035969605
58500.0,bat,0.07796231818181819,0.0070378181818181815,,
58500.5,maxi,0.023203783783783783,0.0029613513513513513,1.0887571758741519,0.30146809386749823
58501.0,bat,0.06389027272727273,0.006694181818181819,,
58501.5,maxi,0.019549189189189187,0.002658378378378378,2.3651681148469965,0.9265600667545648
58502.0,bat,0.0739116818181818,0.006611954545454545,,
58502.5,maxi,0.01716405405405405,0.002765945945945946,0.8632412398921833,0.22064018426634846
58503.0,bat,0.07702263636363636,0.007470045454545455,,
58503.5,maxi,0.023416216216216215,0.002737297297297297,1.2280207195461432,0.2764300582361629
58504.0,bat,0.07424818181818182,0.006634681818181818,,
58504.5,maxi,0.02212216216216216,0.0028691891891891893,1.097651764146834,0.2977785381902774
58505.0,bat,0.07552868181818181,0.0084385,,
58505.5,maxi,0.025754864864864866,0.002895945945945946,1.1737041351193944,0.28193866374268545
58506.0,bat,0.09167895454545454,0.00777959090909091,,
58506.5,maxi,0.02273027027027027,0.0030237837837837835,1.6997010057080728,0.5490784935357075
58507.0,bat,0.06718336363636364,0.0071523181818181816,,
58507.5,maxi,0.015147297297297297,0.003633513513513513,1.0121961441743503,0.3674926375731607
58508.0,bat,0.08469677272727273,0.009807954545454545,,
58508.5,maxi,0.018815945945945944,0.0051897297297297295,4.5297728667894415,7.527808211719198
58509.0,bat,0.08680054545454546,0.0076314545454545454,,
58510.0,bat,0.07037086363636363,0.010374227272727273,,
58510.5,maxi,0.01712,0.005492702702702703,3.1529411764705877,3.438982480843365
58511.0,bat,0.08572972727272726,0.008809636363636363,,
58511.5,maxi,0.010428108108108108,0.003817297297297297,0.9214341692789968,0.4396555153144864
58512.0,bat,0.09010599999999999,0.011716272727272726,,
58512.5,maxi,0.015594864864864865,0.0033729729729729727,1.207004160887656,0.45460806943237564
58513.0,bat,0.07762627272727272,0.016128272727272727,,
58513.5,maxi,0.021585945945945942,0.003221081081081081,1.0584424829157175,0.27458599460499244
58514.0,bat,0.06829072727272727,0.012724454545454546,,
58514.5,maxi,0.02206297297297297,0.0034189189189189188,1.2401256053268765,0.34566329602642437
58515.0,bat,0.09845627272727273,0.013105409090909091,,
58515.5,maxi,0.024226216216216213,0.003565405405405405,2.082327239277912,0.7914918494062568
58516.0,bat,0.05631159090909091,0.01774559090909091,,
58516.5,maxi,0.02538810810810811,0.0038062162162162162,1.0520801700576983,0.34574007438065346
58517.0,bat,0.06619690909090908,0.0125965,,
58517.5,maxi,0.01931027027027027,0.005166486486486486,0.6696765994448346,0.33493172552010997
58518.0,bat,0.07017868181818182,0.0117125,,
58518.5,maxi,0.0248227027027027,0.005388648648648649,0.41006523765144454,0.20136673749702605
58519.0,bat,0.08614240909090909,0.01000090909090909,,
58519.5,maxi,0.024926756756756756,0.005813783783783783,0.9540190808065784,0.3099326429954337
58520.0,bat,0.09689622727272727,0.012092045454545454,,
58520.5,maxi,0.02893351351351351,0.006905675675675675,0.8010343597669719,0.4345272953206177
58521.0,bat,0.06694745454545455,0.020254227272727274,,
58521.5,maxi,0.021096216216216216,0.006673513513513513,1.687366003062787,0.9173525149852412
58522.0,bat,0.06505372727272726,0.015072772727272726,,
58522.5,maxi,0.026427837837837836,0.008425405405405406,3.1885559045759404,4.495171238563109
58523.0,bat,0.09069045454545455,0.013731863636363638,,
58524.0,bat,0.08410736363636363,0.0075000454545454545,,
58525.0,bat,0.10236268181818182,0.019779863636363637,,
58526.0,bat,0.07084731818181818,0.010456227272727272,,
58527.0,bat,0.07156499999999999,0.008178545454545456,,
58528.0,bat,0.057192272727272724,0.009110454545454547,,
58529.0,bat,0.03895990909090909,0.011461727272727273,,
58529.5,maxi,0.025131621621621622,0.010733243243243241,0.8866112253352565,0.9206932847637305
58530.0,bat,0.06801831818181818,0.008076136363636363,,
58530.5,maxi,0.022167027027027025,0.006888378378378378,0.5708573580969489,0.4265184487514866
58531.0,bat,0.05687831818181818,0.008675272727272726,,
58532.0,bat,0.06394,0.0083875,,
58532.5,maxi,0.034582162162162165,0.008032162162162161,0.41996515572943727,0.22981773258542104
58533.0,bat,0.05860604545454545,0.007320272727272727,,
58533.5,maxi,0.032436216216216215,0.00950135135135135,2.8893037336024214,2.550196573721054
58534.0,bat,0.06582463636363636,0.007449636363636364,,
58534.5,maxi,0.03602405405405405,0.007094864864864865,0.624556659416456,0.29563646948455885
58535.0,bat,0.05580190909090909,0.0059461363636363635,,
58535.5,maxi,0.04464135135135135,0.008917837837837837,1.332434462700079,0.5967311129708486
58536.0,bat,0.06175313636363636,0.010354090909090908,,
58536.5,maxi,0.03979189189189189,0.008986756756756756,0.5886577815730886,0.29022851483930945
58537.0,bat,0.05600586363636364,0.006961363636363637,,
58537.5,maxi,0.03211135135135135,0.007855945945945946,0.761959362167351,0.46280805545680564
58538.0,bat,0.053915727272727275,0.0058165,,
58538.5,maxi,0.029868918918918918,0.013983243243243243,0.47097209031586035,0.43140426072234417
58539.0,bat,0.05104636363636363,0.009037636363636362,,
58540.0,bat,0.05015027272727273,0.006214909090909091,,
58541.0,bat,0.04578240909090909,0.00812740909090909,,
58542.0,bat,0.035719772727272725,0.007970772727272727,,
58543.0,bat,0.041811545454545455,0.008055454545454546,,
58544.0,bat,0.042928909090909094,0.006151136363636364,,
58545.0,bat,0.05363204545454545,0.008936363636363636,,
58546.0,bat,0.044461999999999995,0.010006772727272727,,
58547.0,bat,0.04786368181818181,0.007469363636363636,,
58548.0,bat,0.038012727272727274,0.0077287727272727265,,
58549.0,bat,0.061905136363636364,0.01344431818181818,,
58550.0,bat,0.04031836363636363,0.010311590909090907,,
58550.5,maxi,0.025942972972972975,0.003413243243243243,0.9785501749337867,0.25922563269384513
58551.0,bat,0.0390815,0.013666045454545453,,
58551.5,maxi,0.018785135135135134,0.002797837837837838,0.720957741882852,0.23429594273148957
58552.0,bat,0.05679554545454546,0.019521409090909093,,
58552.5,maxi,0.010458378378378378,0.003354324324324324,2.1888671874999996,2.857523742021529
58553.0,bat,0.03372304545454546,0.01601240909090909,,
58553.5,maxi,0.021063783783783784,0.0033310810810810807,0.8708195992741009,0.28922844690919874
58554.0,bat,0.03905909090909091,0.00892818181818182,,
58554.5,maxi,0.020518108108108106,0.00363027027027027,0.9362301440709272,0.3967230623724387
58555.0,bat,0.0489,0.010776181818181818,,
58555.5,maxi,0.021544594594594593,0.0034929729729729726,0.9161627614008566,0.2750837135762843
58556.0,bat,0.044306454545454545,0.012327090909090907,,
58556.5,maxi,0.029038378378378377,0.006045945945945946,1.477465526269855,0.6461905413937867
58557.0,bat,0.03843640909090909,0.0084715,,
58557.5,maxi,0.012135135135135136,0.005134594594594594,0.5310260975292023,0.4283315094110388
58558.0,bat,0.03789381818181818,0.006716318181818182,,
58558.5,maxi,0.02160027027027027,0.004271621621621621,1.5211779541577035,1.020739039347316
58559.0,bat,0.032795,0.014498363636363637,,
58559.5,maxi,0.015107837837837836,0.006194864864864865,9.640993788819877,41.031643730871245
58560.0,bat,0.036376181818181814,0.011140454545454547,,
58560.5,maxi,0.013227027027027025,0.004594054054054054,0.697760950453685,0.5921188513174374
58561.0,bat,0.048339681818181816,0.008657454545454545,,
58561.5,maxi,0.016836486486486488,0.005267297297297297,1.2320023316817255,0.7015361728921203
58562.0,bat,0.042425727272727275,0.008117318181818182,,
58562.5,maxi,0.011152432432432432,0.003820810810810811,1.4077550392368057,0.844687369763144
58563.0,bat,0.037441863636363634,0.015483272727272727,,
58563.5,maxi,0.013555675675675675,0.003774864864864865,5.362778505897772,8.483398978775613
58564.5,maxi,0.01311108108108108,0.0035264864864864866,1.2209021830900977,0.554984588270989
58565.0,bat,0.035742,0.007449045454545455,,
58565.5,maxi,0.014664594594594594,0.003662162162162162,1.7206537890044575,0.8439824130164709
58566.0,bat,0.040307272727272726,0.008324954545454545,,
58566.5,maxi,0.017575945945945946,0.0034727027027027023,0.7105345982644665,0.3097659903686487
58567.0,bat,0.030067727272727274,0.009159954545454546,,
58567.5,maxi,0.013494594594594594,0.0036324324324324324,2.751426993187258,3.163983865125523
58568.0,bat,0.05118336363636364,0.019368954545454543,,
58568.5,maxi,0.01564189189189189,0.0033432432432432433,1.332017543859649,0.6937639101840036
58569.0,bat,0.03438686363636364,0.011787045454545453,,
58569.5,maxi,0.006633243243243243,0.0032467567567567566,0.5930440135426286,0.38238176351670466
58570.0,bat,0.03808831818181818,0.010219818181818182,,
58570.5,maxi,0.01028,0.0030224324324324326,0.9800264633608469,0.4535088991478445
58571.5,maxi,0.017512432432432435,0.0031702702702702703,3.497230282247428,2.620031937162076
58573.5,maxi,0.014855945945945945,0.00307027027027027,1.7073612228479487,1.0367151742792964
58574.5,maxi,0.009834054054054055,0.0028718918918918916,2.5781151170145478,2.2247800243571385
58575.5,maxi,0.007105405405405405,0.002890810810810811,0.23900709219858154,0.29828139395726594
58576.5,maxi,0.008621081081081082,0.0030467567567567565,0.9117012231015763,0.44863701453894855
58577.5,maxi,0.009573513513513513,0.0036067567567567562,1.1741552622017681,0.5443510267483893
58578.5,maxi,0.006144054054054053,0.0029767567567567563,0.766396808635457,0.6982741131045551
58583.0,bat,0.024220590909090907,0.0063286363636363635,,
58584.5,maxi,0.018326486486486483,0.006281621621621621,3.9413440589911177,6.412225521939948
58585.0,bat,0.015331136363636364,0.00744640909090909,,
58585.5,maxi,0.014282702702702701,0.004293783783783783,-8.561117578579745,-28.658911878002133
58586.0,bat,0.020943863636363635,0.0057579090909090904,,
58586.5,maxi,0.01269,0.0036616216216216213,2.1071261500077965,2.0820689872917835
58587.0,bat,0.01791468181818182,0.006134318181818182,,
58587.5,maxi,0.00895972972972973,0.0037556756756756756,1.169462116830538,1.0721101436397804
58588.0,bat,0.02883440909090909,0.0058075,,
58588.5,maxi,0.007119459459459459,0.0034986486486486483,0.7121371541746612,0.41842412649212596
58590.0,bat,0.021242818181818182,0.006340318181818182,,
58592.5,maxi,0.011538108108108108,0.004664864864864865,1.1694743409764468,0.8669025732027864
58593.0,bat,0.0235475,0.0060079545454545455,,
58594.5,maxi,0.015565675675675674,0.005038378378378378,0.5206921339084001,0.43373483756634523
58601.0,bat,0.019209181818181816,0.009446181818181817,,
58608.5,maxi,0.020525405405405404,0.0061543243243243236,1.3953344922334996,0.9858423286267217
58613.0,bat,0.033218136363636366,0.014010636363636362,,
58614.5,maxi,0.036815675675675674,0.014634864864864865,-2.769705621358849,-2.581639929196343
58620.5,maxi,0.020852702702702702,0.005213513513513513,2.1097791798107255,1.448125163540685
58621.5,maxi,0.02172756756756757,0.0037454054054054053,-4.793574846206425,-6.236912371305532
58630.5,maxi,0.006484054054054053,0.003193513513513513,1.4640601907832864,1.2424725483898114
58634.0,bat,0.05279740909090909,0.017853590909090906,,
58634.5,maxi,0.011251891891891892,0.0029613513513513513,0.22057022914115795,0.7827231731954621
58635.0,bat,0.10765590909090908,0.036460090909090914,,
58640.0,bat,0.025983590909090908,0.009501227272727272,,
58644.0,bat,0.020626545454545453,0.010236727272727272,,
58665.5,maxi,0.009346216216216216,0.003743243243243243,1.9488996643043641,4.590011154104252
58666.5,maxi,0.013423513513513514,0.004379459459459459,2.5867113684852177,2.697244157035821
58672.5,maxi,0.014391081081081081,0.0057775675675675675,0.303363074811256,0.8550424376777714
58687.5,maxi,0.033715945945945944,0.015515945945945946,-12.089957693164104,-63.814298658276584
58694.5,maxi,0.01999162162162162,0.005878648648648648,-5.842812360053738,-22.85275024320873
58696.5,maxi,0.010307297297297296,0.003551081081081081,5.636886333480761,13.881290495487002
58697.5,maxi,0.019041891891891892,0.007985945945945946,-2.221858885674758,-3.7673135329820897
58698.5,maxi,0.011467297297297297,0.004264594594594595,8.7008547008547,40.76876253813988
58699.5,maxi,0.009607027027027027,0.004673243243243243,1.6632140615191462,4.632615053275843
58700.5,maxi,0.011546216216216217,0.0031805405405405406,38.546460176991154,436.9487912780638
58701.0,bat,0.02035859090909091,0.009728454545454545,,
58703.5,maxi,0.006894324324324324,0.0032278378378378376,2.796952135651427,3.4061492293604614
58708.5,maxi,0.014644324324324325,0.0029183783783783782,2.989509306260575,2.3494370706462373
58709.5,maxi,0.009554594594594595,0.003112972972972973,1.2318473037907098,1.0057644640071797
58710.5,maxi,0.011511891891891892,0.004368108108108107,5.191508581752483,11.105706127640632
58717.5,maxi,0.008679999999999998,0.002847297297297297,1.2302195887068665,0.6548598516697157
58718.5,maxi,0.00907189189189189,0.004015405405405405,0.8639173436948074,0.7250315526110945
58721.5,maxi,0.015046486486486486,0.0033986486486486485,1.2652231845436375,0.610262901060857
58722.5,maxi,0.012998378378378377,0.003107297297297297,2.0244377811094454,1.6585008594178985
58723.5,maxi,0.010955675675675677,0.0030359459459459457,1.0821623504819418,0.4333292648497358
58727.0,bat,0.030496954545454546,0.007189045454545454,,
58728.0,bat,0.0330485,0.009973227272727272,,
58728.5,maxi,0.013878648648648649,0.005156756756756756,-1.624860178970917,-2.0699876985646255
58729.0,bat,0.027145363636363638,0.007894318181818181,,
58730.0,bat,0.0254415,0.007263045454545454,,
58730.5,maxi,0.011791621621621621,0.0034983783783783784,0.8970441160128902,0.4038195545937249
58731.0,bat,0.03691245454545454,0.006669090909090909,,
58731.5,maxi,0.017972972972972973,0.0038583783783783785,1.8612960195625592,0.8892859902970596
58732.5,maxi,0.012832702702702703,0.0036324324324324324,1.5314224402207235,0.8138007745777083
58733.0,bat,0.07305722727272727,0.025223954545454546,,
58733.5,maxi,0.017494864864864863,0.0038735135135135133,0.8576982097186701,0.4105272202518594
58734.0,bat,0.05347954545454545,0.010551863636363635,,
58734.5,maxi,0.010567567567567568,0.003835945945945946,0.5379057798891528,0.33774746868706357
58735.0,bat,0.03837768181818182,0.008550636363636363,,
58735.5,maxi,0.0207927027027027,0.003958648648648648,0.8881684906049968,0.3408795933732692
58736.0,bat,0.03811718181818182,0.01894390909090909,,
58736.5,maxi,0.02026864864864865,0.004054054054054053,1.0449010654490107,0.5390419552213431
58737.5,maxi,0.026054594594594593,0.004354864864864865,0.9545131965800412,0.32269060703665337
58738.5,maxi,0.025195135135135133,0.004579189189189189,0.7113449222323879,0.25720374118366135
58739.5,maxi,0.03425,0.005532162162162162,1.3091615409517643,0.48613291757172744
58740.5,maxi,0.023456486486486485,0.0051602702702702695,1.0208467907686887,0.36149794732801
58741.5,maxi,0.030809459459459457,0.005506486486486486,0.9013730480409715,0.37953083353002914
58742.5,maxi,0.015913513513513514,0.005306216216216217,0.31082369309252056,0.22599425123047168
58743.5,maxi,0.023725945945945945,0.006537567567567567,0.6772852598091198,0.2726715198609152
58744.5,maxi,0.033149459459459456,0.005772432432432432,3.0814834721848965,1.6770311092004253
58745.5,maxi,0.01979108108108108,0.006926216216216216,1.1753244722439407,0.5693280252555989
58746.0,bat,0.07148204545454545,0.01209,,
58746.5,maxi,0.03762702702702703,0.006204594594594595,4.3577301305819764,3.389521170316934
58747.0,bat,0.07167877272727273,0.006614,,
58747.5,maxi,0.03033567567567567,0.007424594594594594,1.403482630671692,0.681455792837666
58748.0,bat,0.08570386363636363,0.007600681818181818,,
58748.5,maxi,0.040197837837837834,0.010125135135135136,2.565245516024699,2.466147987653752
58749.0,bat,0.08048595454545454,0.007242409090909091,,
58749.5,maxi,0.02914162162162162,0.007664594594594594,9.134920634920634,25.138682444056236
58750.0,bat,0.08087195454545455,0.008200272727272726,,
58750.5,maxi,0.04388216216216216,0.006087567567567567,0.959839102023944,0.24545494675502116
58751.0,bat,0.08476113636363636,0.007074954545454546,,
58751.5,maxi,0.058877837837837836,0.013933513513513513,1.62667344011475,1.2889455859081185
58752.0,bat,0.07812972727272727,0.008610181818181817,,
58752.5,maxi,0.03096081081081081,0.006955405405405405,1.5242220594324298,0.7294975493436929
58753.0,bat,0.09114631818181819,0.010295409090909091,,
58753.5,maxi,0.03410162162162162,0.007414594594594594,0.42059340862803185,0.1634416658526803
58754.5,maxi,0.03433783783783784,0.006266756756756756,0.9748847693705212,0.2705659318541741
58755.0,bat,0.10825854545454545,0.012317909090909091,,
58755.5,maxi,0.033891891891891894,0.006714324324324324,0.5124590951394519,0.19553667014146897
58756.0,bat,0.08294813636363636,0.012708,,
58757.0,bat,0.09603136363636364,0.02152518181818182,,
58757.5,maxi,0.02166945945945946,0.008304864864864864,0.6943081782138296,0.2961541062100216
58758.0,bat,0.09767631818181818,0.011170000000000001,,
58758.5,maxi,0.04509405405405405,0.00909108108108108,0.8448443579766536,0.29617899829798583
58759.0,bat,0.10982654545454545,0.018131681818181818,,
58759.5,maxi,0.054371081081081074,0.007381891891891892,0.9375584430084716,0.2552991520413127
58760.0,bat,0.12635068181818182,0.02150140909090909,,
58760.5,maxi,0.17744243243243243,0.04998621621621621,0.6482624830614238,0.4114073485241878
58761.0,bat,0.09631909090909091,0.010468727272727274,,
58762.0,bat,0.1063955909090909,0.009840863636363635,,
58763.0,bat,0.11680027272727272,0.00967890909090909,,
58764.0,bat,0.10875236363636363,0.010414272727272727,,
58765.0,bat,0.10986795454545455,0.009999000000000001,,
58766.0,bat,0.1071210909090909,0.009084090909090908,,
58766.5,maxi,0.036067297297297296,0.003665135135135135,1.0922124121378365,0.20819567001731823
58767.0,bat,0.10005531818181819,0.009788454545454545,,
58767.5,maxi,0.04109189189189189,0.0032794594594594594,0.9414829659318638,0.14364957480783247
58768.0,bat,0.11777663636363636,0.010880227272727274,,
58768.5,maxi,0.03666621621621622,0.0032564864864864864,0.8565152491773247,0.12926428671278395
58769.0,bat,0.10398681818181818,0.008111227272727273,,
58769.5,maxi,0.033146756756756754,0.0031575675675675676,1.0035354259232716,0.1878857355967666
58770.0,bat,0.09867327272727273,0.007297954545454546,,
58770.5,maxi,0.03542648648648648,0.003323243243243243,0.9216401550360406,0.14969734025905165
58771.0,bat,0.10079,0.007363545454545455,,
58771.5,maxi,0.03543405405405405,0.0032851351351351346,1.031530282015719,0.16255046035051957
58772.0,bat,0.11484399999999999,0.012411454545454547,,
58772.5,maxi,0.0353227027027027,0.003258108108108108,0.833964200936678,0.15872827653651886
58773.0,bat,0.12104636363636363,0.007527681818181818,,
58773.5,maxi,0.03737486486486486,0.0033040540540540536,0.8310453735263766,0.12508146369410586
58774.0,bat,0.11902090909090908,0.0076925909090909085,,
58774.5,maxi,0.038753513513513506,0.0068651351351351345,1.1575188668096097,0.34773165600150147
58775.0,bat,0.10827650000000001,0.006863727272727272,,
58776.0,bat,0.12164386363636365,0.007697590909090909,,
58777.0,bat,0.1152104090909091,0.009768454545454545,,
58777.5,maxi,0.03491135135135135,0.005556756756756756,1.5125177737152142,0.4572881623292362
58778.0,bat,0.10667654545454545,0.0067599545454545456,,
58778.5,maxi,0.04213972972972973,0.00419054054054054,1.5016255206745912,0.3336052855090698
58779.0,bat,0.11342181818181818,0.009162727272727272,,
58779.5,maxi,0.053058378378378374,0.0033627027027027024,1.044239252737047,0.15388547989005136
58780.0,bat,0.11601777272727273,0.007644318181818182,,
58780.5,maxi,0.03646351351351351,0.003431081081081081,1.104059895717278,0.19374913360089302
58781.0,bat,0.11134690909090908,0.008503318181818181,,
58781.5,maxi,0.03788810810810811,0.0032608108108108107,1.488800410994092,0.26773433983866496
58782.0,bat,0.12144250000000001,0.010111,,
58782.5,maxi,0.03981918918918918,0.003235135135135135,0.9659698868847447,0.15135008008454848
58783.0,bat,0.15027768181818182,0.013014681818181818,,
58783.5,maxi,0.04193135135135135,0.003056756756756757,1.4121480945052955,0.22163485120630846
58784.0,bat,0.09619422727272728,0.011088818181818182,,
58784.5,maxi,0.033110540540540544,0.0030281081081081082,1.1463797866139536,0.20726242309949866
58785.0,bat,0.12113368181818181,0.009504272727272728,,
58785.5,maxi,0.03174810810810811,0.002975135135135135,1.2887610893336083,0.22964698776885045
58786.0,bat,0.11872577272727274,0.01421018181818182,,
58786.5,maxi,0.035174054054054056,0.002954054054054054,0.9359590666199015,0.15474705867362987
58787.5,maxi,0.03859783783783784,0.002970810810810811,1.0757746299403232,0.1744972540894017
58788.5,maxi,0.0475027027027027,0.00307027027027027,1.1869654969035681,0.17807833442516136
58789.0,bat,0.13398827272727273,0.018181727272727273,,
58789.5,maxi,0.0382945945945946,0.002873243243243243,1.0921981536233634,0.15806550959501436
58790.5,maxi,0.037330810810810806,0.0029208108108108107,0.9565241399620829,0.14065370407453193
58791.0,bat,0.16388336363636363,0.01457190909090909,,
58791.5,maxi,0.052052702702702694,0.0032186486486486484,1.0975164164698987,0.1547467652435525
58792.0,bat,0.15277072727272725,0.01454409090909091,,
58792.5,maxi,0.040108648648648645,0.002978918918918919,1.1512877366535903,0.1679687715299079
58793.0,bat,0.14916495454545453,0.01723959090909091,,
58793.5,maxi,0.047693513513513516,0.0032264864864864867,1.106244944183789,0.14941383626901136
58794.5,maxi,0.055531891891891894,0.0032489189189189188,1.3535494736842104,0.17817341534746167
58795.5,maxi,0.06108351351351351,0.0035675675675675674,1.5489077450803392,0.22779091372606658
58796.5,maxi,0.051229189189189187,0.003522162162162162,1.1745403389386901,0.17590975635463732
58797.5,maxi,0.06346972972972972,0.004829729729729729,1.4905624699167983,0.28553402189950194
58798.5,maxi,0.039390540540540545,0.005607567567567567,1.1487042042383084,0.33710035271687266
58799.5,maxi,0.047914594594594594,0.006935675675675676,1.5831877558470004,0.5763358781651778
58800.0,bat,0.2551652272727273,0.021170136363636363,,
58800.5,maxi,0.05960621621621621,0.0059937837837837835,2.0934832271251653,0.7167543575686894
58801.0,bat,0.20648845454545456,0.016630954545454546,,
58801.5,maxi,0.06669702702702703,0.00507108108108108,1.0086248367809774,0.15887030596877294
58802.5,maxi,0.07786783783783784,0.004382972972972973,1.174202265876728,0.14038653896739478
58803.0,bat,0.26914540909090906,0.017737136363636365,,
58803.5,maxi,0.09022891891891892,0.004525945945945946,1.0797359021910846,0.11335182471094879
58804.0,bat,0.3032523181818182,0.03781277272727272,,
58804.5,maxi,0.09115216216216215,0.004463243243243244,1.1284920053441367,0.11674800480504596
58805.0,bat,0.26117445454545457,0.014725181818181818,,
58805.5,maxi,0.11681189189189188,0.006908918918918918,0.9416044453198206,0.1122813292431275
58806.5,maxi,0.11216486486486486,0.010023513513513514,1.288766770705442,0.2445294400077882
58807.0,bat,0.28298049999999997,0.029552954545454545,,
58807.5,maxi,0.10780189189189189,0.010842702702702703,0.9232210423085649,0.19562804568272502
58808.0,bat,0.31652209090909095,0.07828663636363635,,
58808.5,maxi,0.12451054054054053,0.00919054054054054,0.7892918638524599,0.11797700620991122
58809.0,bat,0.3127862727272727,0.023520999999999997,,
58809.5,maxi,0.08955729729729729,0.02270351351351351,2.1036023179917356,1.2470174665612783
58810.0,bat,0.3690044090909091,0.06714445454545455,,
58810.5,maxi,0.10185243243243243,0.008122432432432432,1.0686978957151378,0.16773936193336705
58811.5,maxi,0.12256405405405404,0.006133513513513513,0.9755228642325418,0.10073815874810775
58812.5,maxi,0.11614594594594595,0.007068648648648648,0.789036614962541,0.09400077108303696
58813.0,bat,0.2297201818181818,0.038209772727272724,,
58813.5,maxi,0.12383162162162162,0.006568378378378379,0.871214989135677,0.09025407346780659
58814.0,bat,0.35259690909090907,0.04192472727272727,,
58814.5,maxi,0.12944945945945946,0.007401891891891892,0.7609783418734579,0.0844547752138284
58815.0,bat,0.3552187272727273,0.029371227272727275,,
58815.5,maxi,0.14848594594594594,0.007474594594594594,0.9021176751138044,0.0891881418498868
58816.0,bat,0.3648753181818182,0.018866363636363636,,
58816.5,maxi,0.15060783783783782,0.0071591891891891885,0.7228099129351808,0.06816114560333462
58817.0,bat,0.3701594090909091,0.01755240909090909,,
58817.5,maxi,0.16872972972972972,0.008145135135135135,1.0332241595620903,0.1005874183990867
58818.0,bat,0.3511723636363636,0.02610877272727273,,
58818.5,maxi,0.17156648648648648,0.008345135135135136,0.7778952374110073,0.07378789528502462
58819.0,bat,0.41098895454545453,0.016908954545454546,,
58819.5,maxi,0.2020864864864865,0.008613513513513514,0.8650900900900901,0.07754794998736288
58820.0,bat,0.43450086363636364,0.026583,,
58820.5,maxi,0.20748054054054052,0.012618108108108107,0.7214087447448075,0.09005832105156064
58821.0,bat,0.43951077272727274,0.02656318181818182,,
58821.5,maxi,0.1843562162162162,0.020409189189189186,0.9104665911511146,0.20208160763707855
58822.0,bat,0.4587582272727273,0.022903727272727274,,
58822.5,maxi,0.20697513513513513,0.009539459459459458,0.7012027825116462,0.06780503315674036
58823.0,bat,0.4634375,0.01922181818181818,,
58823.5,maxi,0.21867405405405405,0.009718378378378377,0.8213309177528391,0.07722693700497375
58824.0,bat,0.4590145,0.026389545454545454,,
58824.5,maxi,0.23954567567567567,0.009946216216216216,0.9187073304995771,0.08378325516458696
58825.5,maxi,0.21981945945945947,0.009436756756756757,0.8409585113863796,0.0738988685817546
58826.0,bat,0.4584373636363636,0.04309140909090909,,
58826.5,maxi,0.24570243243243242,0.01424864864864865,0.8452857850830099,0.10312970307926128
58827.0,bat,0.511782590909091,0.03735609090909091,,
58827.5,maxi,0.23342324324324323,0.014534864864864864,0.7092229442942439,0.09098163287649585
58828.0,bat,0.5049349545454546,0.026011409090909092,,
58828.5,maxi,0.23669027027027026,0.010287297297297297,0.8309596640398175,0.074702452317015
58829.0,bat,0.49090572727272724,0.037850863636363634,,
58829.5,maxi,0.24987891891891892,0.011127567567567567,0.7292405117763369,0.06602460481353664
58830.0,bat,0.5200825,0.0830105,,
58830.5,maxi,0.2833908108108108,0.007604324324324324,0.7190700686539433,0.039168795947849236
58831.0,bat,0.5138474545454546,0.021027318181818182,,
58831.5,maxi,0.29420270270270266,0.00654081081081081,0.73190910277203,0.03324521735289908
58832.0,bat,0.5008211818181818,0.03757759090909091,,
58832.5,maxi,0.2998762162162162,0.007452162162162162,0.740308221029031,0.03763456792871262
58833.0,bat,0.4762585454545455,0.029607681818181818,,
58834.0,bat,0.4418789090909091,0.019796636363636363,,
58834.5,maxi,0.33333513513513513,0.009127567567567567,0.6595930746401957,0.036676066273968286
58835.0,bat,0.39334199999999997,0.023232590909090908,,
58835.5,maxi,0.35697135135135133,0.005603783783783783,0.5998117447331488,0.01877891021411786
58836.5,maxi,0.3739964864864865,0.005809729729729729,0.5594861655376869,0.01744876764971336
58837.0,bat,0.26387740909090907,0.038126272727272724,,
58837.5,maxi,0.3903289189189189,0.013519459459459458,0.44377169815286105,0.030517290160633353
58838.0,bat,0.20875795454545457,0.017120090909090908,,
58838.5,maxi,0.46899486486486486,0.009964324324324323,0.41793300454332677,0.018373785796937717
58840.0,bat,0.28870395454545456,0.01711540909090909,,
58840.5,maxi,0.3969232432432432,0.015689729729729728,0.5936801294358552,0.04638933701722156
58841.0,bat,0.22983513636363637,0.0187295,,
58841.5,maxi,0.43321189189189185,0.010286756756756756,0.45793063982850707,0.021312107349292134
58842.0,bat,0.18946204545454545,0.0325395,,
58842.5,maxi,0.4167937837837838,0.011026486486486487,0.4454783921896513,0.023286022716618417
58843.0,bat,0.14041313636363636,0.012611318181818182,,
58843.5,maxi,0.4716302702702702,0.007197567567567567,0.3139078947827513,0.009802956726247298
58844.0,bat,0.11254172727272727,0.017450818181818182,,
58844.5,maxi,0.4784651351351351,0.007826216216216215,0.2851343096357323,0.009579690576821781
58845.0,bat,0.08571668181818182,0.029951045454545452,,
58845.5,maxi,0.5329462162162162,0.008694324324324324,0.24708692631809867,0.008521929471064517
58846.5,maxi,0.5323543243243243,0.00821,0.2672745100377049,0.008573281652080869
58847.5,maxi,0.4835435135135135,0.00960891891891892,0.23709031336952002,0.010015669527648657
58848.5,maxi,0.4397808108108108,0.014212702702702702,0.19228579357482065,0.013793919614803356
58849.5,maxi,0.4140383783783783,0.008557567567567566,0.21353102120710724,0.0094906336118912
58850.5,maxi,0.4187067567567567,0.00948081081081081,0.19551988529586023,0.009695920101812463
58851.5,maxi,0.4311813513513514,0.013247567567567566,0.17223337792947405,0.012036630213565597
58852.5,maxi,0.32706594594594596,0.014757567567567567,0.2263451211548027,0.02081081313261789
58853.5,maxi,0.4343332432432432,0.014375405405405405,0.16877657463215573,0.013556261266178924
58854.5,maxi,0.37701027027027023,0.012357297297297296,0.17054564162685124,0.012793528001976553
58855.0,bat,0.026008090909090908,0.009691863636363636,,
58855.5,maxi,0.3510224324324324,0.0089,0.19490618572889418,0.010808438026303005
58856.5,maxi,0.3218632432432432,0.009470810810810809,0.18691910726632738,0.012126344848864866
58857.5,maxi,0.32911729729729733,0.008623513513513512,0.204986037842715,0.01153975099207435
58858.0,bat,0.07091072727272728,0.014373136363636364,,
58858.5,maxi,0.2885627027027027,0.006275675675675676,0.24444643424040896,0.011038264940872558
58859.5,maxi,0.2505581081081081,0.005226216216216216,0.23509658483387544,0.010012939778225356
58860.5,maxi,0.24310837837837837,0.005264054054054054,0.21719899814318888,0.009887727423293486
58861.0,bat,0.04558913636363636,0.008692590909090908,,
58861.5,maxi,0.2342551351351351,0.0050008108108108105,0.2365264802278923,0.010444750371318819
58862.0,bat,0.037971454545454544,0.009952636363636363,,
58862.5,maxi,0.22518324324324324,0.004953243243243243,0.22840255449224078,0.010510896956907049
58863.5,maxi,0.20124756756756754,0.004720810810810811,0.22653165350778875,0.01089997319860936
58864.0,bat,0.0223455,0.006820681818181819,,
58864.5,maxi,0.20258513513513512,0.004844054054054054,0.2003794677605415,0.010284803095222924
58865.0,bat,0.01798031818181818,0.006845272727272727,,
58865.5,maxi,0.1797551351351351,0.004694054054054054,0.20189011246829042,0.010956531982336006
58866.5,maxi,0.16958486486486488,0.0047516216216216215,0.252246338091482,0.014091725414133893
58867.0,bat,0.019484045454545452,0.007683454545454545,,
58867.5,maxi,0.15851486486486488,0.0045297297297297295,0.202876526458616,0.0120188856278785
58868.5,maxi,0.15506810810810812,0.006304594594594594,0.19177379474499587,0.01673343189436401
58869.0,bat,0.021752999999999998,0.007798272727272727,,
58869.5,maxi,0.14788243243243243,0.004601081081081081,0.20724283921011233,0.013167876599435135
58870.5,maxi,0.09345513513513512,0.006428918918918918,0.2412082421242981,0.031182457756519087
58871.5,maxi,0.08383621621621622,0.006563513513513514,0.17006386798418738,0.028957602064526872
58872.5,maxi,0.06495783783783783,0.007432162162162161,0.18122761655451522,0.0433287010674335
58873.5,maxi,0.0891035135135135,0.005385945945945946,0.1481953579541914,0.021660234372757322
58874.5,maxi,0.09770648648648649,0.005445135135135135,0.18304501452867045,0.0221017031799181
58875.0,bat,0.031248136363636363,0.01055168181818182,,
58875.5,maxi,0.09751918918918918,0.004719189189189189,0.20978279431287974,0.020712019643835643
58876.0,bat,0.015289363636363637,0.004155590909090909,,
58876.5,maxi,0.09746999999999999,0.004638108108108108,0.17583206147749483,0.01858613012521062
58877.5,maxi,0.09500513513513514,0.00429027027027027,0.15638994505048176,0.015868774547506168
58878.0,bat,0.016278454545454547,0.0070841818181818185,,
58878.5,maxi,0.0903845945945946,0.0045686486486486485,0.13979560546461955,0.01690733419897343
58879.5,maxi,0.09906351351351352,0.0044599999999999996,0.1446386098513577,0.016090047980724106
58880.5,maxi,0.09017486486486487,0.004399729729729729,0.1257460078498844,0.016002276410360124
58881.5,maxi,0.08328513513513514,0.004427567567567568,0.15027754366590135,0.01862326118266995
58882.5,maxi,0.09666378378378378,0.004757837837837838,0.1630017691347697,0.018779746359518443
58883.5,maxi,0.08268918918918919,0.00607972972972973,0.11225615873369747,0.02335525402903712
58884.0,bat,0.023050409090909094,0.007875909090909091,,
58884.5,maxi,0.08850162162162162,0.005812162162162162,0.13612406627990747,0.02343848117651701
58885.5,maxi,0.08721837837837837,0.006556486486486486,0.14238738840803009,0.026586852320387783
58886.5,maxi,0.09284864864864864,0.006037297297297297,0.10662576985019787,0.021550621362244473
58887.5,maxi,0.10429891891891892,0.006453783783783784,0.1294282707821817,0.022897563590294226
58888.5,maxi,0.09157432432432432,0.006589189189189188,0.1479064490993262,0.026392354775414635
58889.5,maxi,0.10261513513513514,0.0070740540540540535,0.12832183125972008,0.0240789079985779
58890.5,maxi,0.09841567567567568,0.00702135135135135,0.1333240420317447,0.026087696658752057
58891.5,maxi,0.09317135135135134,0.007171621621621621,0.14347728688354408,0.028095785223957115
58892.5,maxi,0.10937297297297296,0.007505405405405405,0.0951010102119973,0.0222522454117122
58893.5,maxi,0.13359621621621623,0.010815945945945945,0.07543377511515527,0.02131199492755066
58894.5,maxi,0.07542945945945945,0.012781891891891892,0.13718415270530077,0.057942548699458016
58895.5,maxi,0.10558432432432432,0.00799081081081081,0.11319920975415873,0.02538922884916572
58896.5,maxi,0.09440648648648649,0.008975675675675676,0.11651379283397804,0.030389030985237153
58897.5,maxi,0.10645999999999999,0.008695675675675675,0.10022655993581561,0.026246405164029898
58898.5,maxi,0.10159459459459459,0.008348108108108107,0.09448933655045098,0.025234106772329883
58899.5,maxi,0.10669567567567567,0.00778054054054054,0.1150617188369471,0.025001025830921904
58900.5,maxi,0.10796324324324323,0.007818108108108108,0.1282104803043065,0.026399577983188868
58901.5,maxi,0.08644135135135134,0.007289189189189189,0.09618138997724891,0.026882518977715673
58902.5,maxi,0.10177405405405406,0.00823972972972973,0.10456129467359403,0.026552429960022234
58903.5,maxi,0.08993648648648647,0.008143243243243243,0.11794398244458162,0.029754362815352316
58904.5,maxi,0.1011772972972973,0.009741621621621621,0.1476806667120968,0.036248807842120964
58905.5,maxi,0.11754486486486486,0.012973243243243244,0.1279697560677242,0.04267042893898673
58906.5,maxi,0.11928459459459459,0.015644594594594594,0.14771122952363894,0.05247975823266716
58912.0,bat,0.017197227272727274,0.006568909090909091,,
58912.5,maxi,0.08620270270270271,0.005295675675675676,0.12583727682143428,0.02064182396371422
58913.5,maxi,0.07984675675675676,0.0035186486486486483,0.1068655135898341,0.01431271100274171
58914.0,bat,0.02125027272727273,0.007855318181818182,,
58914.5,maxi,0.07138918918918918,0.00358,0.11683405052379144,0.017430291533560183
58915.5,maxi,0.07234270270270271,0.0035986486486486485,0.12030518685016037,0.017478269836074114
58916.5,maxi,0.07440243243243243,0.003745945945945946,0.12159642301972937,0.01757638689711128
58917.5,maxi,0.07571864864864865,0.0037956756756756752,0.10348881889867217,0.0164981590679702
58918.5,maxi,0.07169918918918919,0.003851891891891892,0.11282516941599825,0.01791776597415586
58919.5,maxi,0.06725972972972973,0.004482702702702702,0.11322002065921682,0.023137405481388918
58920.0,bat,0.024631499999999997,0.00890759090909091,,
58920.5,maxi,0.06466675675675676,0.0037210810810810813,0.17202364814282767,0.0225617691402945
58921.5,maxi,0.06807486486486487,0.003943513513513513,0.11601492589689902,0.020757388229659227
58922.5,maxi,0.06207216216216216,0.004954594594594595,0.14584936054097936,0.029138032958586618
58923.5,maxi,0.06601594594594594,0.004827027027027027,0.07801955005514215,0.024145692780905753
58924.5,maxi,0.06403972972972972,0.0040397297297297295,0.10123531871222777,0.02102293829490144
58925.5,maxi,0.05801675675675675,0.0033118918918918915,0.18766243318785858,0.02406731817314735
58926.5,maxi,0.05718432432432432,0.0032537837837837836,0.1772890054962943,0.02289377519423867
58927.5,maxi,0.05087756756756757,0.003596216216216216,0.13821019467106224,0.02646390520548341
58928.5,maxi,0.035947027027027026,0.003347297297297297,0.0817194428000145,0.027316970705795796
58929.5,maxi,0.03431567567567567,0.0031627027027027028,0.09638279180127145,0.030459325256500802
58930.5,maxi,0.0362581081081081,0.0030351351351351353,0.147477880394899,0.030317917496996055
58931.0,bat,0.025193409090909093,0.012341409090909092,,
58931.5,maxi,0.03431783783783784,0.0031124324324324324,0.1305970957562804,0.0324374716087794
58932.5,maxi,0.032888918918918916,0.0029556756756756756,0.18721247129678922,0.035478100683036744
58933.5,maxi,0.031125945945945945,0.0029656756756756756,0.16111168616085292,0.03769449701655313
58934.5,maxi,0.030343513513513512,0.002832972972972973,0.2475723135640223,0.042108956053946524
58935.0,bat,0.025274363636363636,0.010150136363636363,,
58935.5,maxi,0.034082432432432426,0.0029494594594594594,0.22242906826201375,0.03953296993012787
58936.5,maxi,0.033074594594594595,0.0028737837837837835,0.28551230087661417,0.04552789902993451
58937.0,bat,0.020154454545454545,0.009888681818181817,,
58937.5,maxi,0.037812702702702705,0.0030170270270270267,0.3511465073226167,0.04986603127129908
58938.0,bat,0.025338954545454546,0.008128045454545454,,
58938.5,maxi,0.02937972972972973,0.0028672972972972974,0.21629483347566184,0.04049108540525942
58939.5,maxi,0.02854054054054054,0.0029956756756756757,0.22300998344989587,0.04959679726489134
58940.0,bat,0.014015863636363635,0.005912318181818182,,
58940.5,maxi,0.03125135135135135,0.0029494594594594594,0.23764948535390595,0.046238610298870275
58941.5,maxi,0.027768918918918917,0.0032124324324324326,0.19927714649397466,0.04614968895320727
58942.5,maxi,0.02568027027027027,0.003436216216216216,0.35154762431917813,0.08737750437625234
58943.0,bat,0.020033954545454546,0.006794,,
58943.5,maxi,0.02150162162162162,0.004638108108108108,0.18491742760057614,0.0962039293697377
58944.0,bat,0.022913772727272727,0.006523136363636364,,
58944.5,maxi,0.013763243243243241,0.006004864864864865,0.35551055291319855,0.18624507349631328
58945.5,maxi,0.016679459459459457,0.005889999999999999,0.4612442805436044,0.2347317230808773
58946.0,bat,0.013540181818181818,0.006021545454545455,,
58946.5,maxi,0.0214927027027027,0.004945675675675675,0.17370325693606753,0.09949636138423446
58947.0,bat,0.029741727272727274,0.006620636363636364,,
58947.5,maxi,0.03148945945945946,0.0036805405405405402,0.4990187332738626,0.10376022554497873
58948.0,bat,0.034613227272727275,0.007253454545454546,,
58948.5,maxi,0.026894594594594593,0.0031094594594594594,0.4994771393714053,0.09015253439343497
58949.0,bat,0.044549681818181815,0.009216409090909091,,
58949.5,maxi,0.02895324324324324,0.0033572972972972974,0.6336262404363306,0.12741320737651554
58950.0,bat,0.04422281818181818,0.006773045454545454,,
58950.5,maxi,0.022910270270270268,0.0036113513513513513,0.6910203390650319,0.17910134018526142
58951.0,bat,0.05620818181818182,0.005651499999999999,,
58951.5,maxi,0.028298108108108108,0.003675945945945946,0.8391282576037971,0.1847747242203854
58952.0,bat,0.040840636363636364,0.010378636363636362,,
58952.5,maxi,0.02473243243243243,0.0034708108108108104,0.6721083387440867,0.1621073533254205
58953.0,bat,0.043996,0.006383000000000001,,
58953.5,maxi,0.02386054054054054,0.0042037837837837835,1.1345925098222975,0.3775767517098564
58954.0,bat,0.0511085,0.0073609545454545455,,
58954.5,maxi,0.015702432432432432,0.004255945945945946,0.694947080914988,0.34886274952487417
58955.0,bat,0.04626495454545455,0.007835545454545454,,
58955.5,maxi,0.03527459459459459,0.004356756756756756,0.8405240776922193,0.21553721925934877
58956.0,bat,0.05842631818181818,0.007494090909090909,,
58956.5,maxi,0.01755756756756757,0.005104864864864864,21.221176470588233,133.5522594630187
58957.0,bat,0.039035409090909086,0.005495409090909092,,
58957.5,maxi,0.014654324324324322,0.004039189189189189,2.1450444858266087,1.8539662766905973
58958.0,bat,0.03593127272727273,0.006446818181818181,,
58958.5,maxi,0.014178108108108108,0.0046878378378378376,0.793590484843479,0.4535646126130468
58959.0,bat,0.04797859090909091,0.006901136363636364,,
58960.0,bat,0.04069077272727273,0.007100318181818182,,
58960.5,maxi,0.028973243243243244,0.007434324324324324,0.7183265930952545,0.34256280430749253
58961.0,bat,0.030797181818181817,0.006059136363636363,,
58962.0,bat,0.02933690909090909,0.008741045454545454,,
58963.0,bat,0.035230590909090906,0.0063188181818181815,,
58963.5,maxi,0.015520540540540539,0.005997837837837838,0.8081113485898974,0.613289650723904
58964.0,bat,0.016754318181818183,0.0067631818181818175,,
58965.0,bat,0.026884772727272726,0.009267681818181817,,
58965.5,maxi,0.014334864864864865,0.006244594594594594,2.336802440337341,4.571600243312798
58966.0,bat,0.029108681818181815,0.00950359090909091,,
58966.5,maxi,0.025976486486486487,0.005896216216216215,0.7827021972884525,0.4087388210939092
58969.5,maxi,0.01939162162162162,0.0060527027027027025,0.39073121440382147,0.47213956083663156
58973.5,maxi,0.015154594594594593,0.005713783783783784,3.543605788032851,4.30955847155231
58974.5,maxi,0.01603,0.005137567567567568,0.2593902126569305,0.3919283770569387
58984.5,maxi,0.013659189189189189,0.003604054054054054,1.481683274786723,0.7415769188451067
58985.5,maxi,0.007828648648648647,0.0030064864864864866,0.46761330480451274,0.32967413285323643
58986.5,maxi,0.011745675675675674,0.0027189189189189187,1.0393295499538076,0.7843263273828721
58987.5,maxi,0.009457297297297298,0.0027808108108108107,0.5271103109202964,0.3357965811960965
58989.0,bat,0.01505409090909091,0.005496681818181818,,
58996.0,bat,0.013846590909090909,0.0062706818181818185,,
58996.5,maxi,0.024977567567567565,0.003842972972972973,1.4721375854831067,0.6910655594019507
58997.5,maxi,0.010240270270270269,0.002999189189189189,2.946382092660073,3.5992125341827257
59011.0,bat,0.03024409090909091,0.009938681818181819,,
59018.0,bat,0.014265818181818182,0.007056318181818182,,
59022.0,bat,0.02963859090909091,0.012896181818181819,,
59027.5,maxi,0.010433513513513513,0.004206216216216216,-0.5376759865159627,-0.654175762162779
59034.5,maxi,0.023288918918918915,0.00830054054054054,-5.196203594826138,-10.048744885319671
59035.5,maxi,0.012242162162162163,0.005455405405405405,0.5929309769923308,0.7016719732973198
59038.5,maxi,0.012925135135135133,0.004595675675675675,-8.219722355193872,-28.041423449450686
59041.5,maxi,0.01415945945945946,0.0057340540540540535,6.4409820585457975,21.14297769801045
59044.5,maxi,0.016278378378378377,0.005741351351351351,1.7977164605137965,3.6192089818649467
59046.5,maxi,0.022432702702702704,0.00598054054054054,1.498851329176239,1.4980268952210067
59047.5,maxi,0.018819459459459457,0.008009189189189189,0.7146486028789162,1.1429260015829061
59059.5,maxi,0.01297081081081081,0.0060456756756756755,0.4135399166199988,0.6154400157037913
59070.5,maxi,0.009094594594594593,0.002827027027027027,0.9362234813545922,0.7763894154445525
59075.5,maxi,0.0070008108108108105,0.0025935135135135134,7.506510416666667,39.488719432158696
59101.5,maxi,0.01896405405405405,0.004218378378378378,0.4091215457200629,0.467704435474909
59109.5,maxi,0.022213513513513514,0.006243243243243242,3.7681177976952624,5.215103941312808
59116.5,maxi,0.01426,0.005145405405405405,1.3481541092445428,1.4319976872931146
59118.5,maxi,0.010765675675675676,0.005117297297297297,1.0164559980920582,1.4336168417073976
59119.5,maxi,0.02870135135135135,0.005671621621621621,13.567488508148767,44.346936088606704
59130.5,maxi,0.009012972972972974,0.0034124324324324323,4.592474827768945,12.564157757900116
59142.5,maxi,0.007804594594594594,0.0036764864864864866,2.5455958549222797,8.103275547015457
59143.5,maxi,0.011504054054054053,0.0032037837837837835,1.0408371040723983,0.7796006674684444
59145.0,bat,0.019469454545454547,0.0074031363636363635,,
59147.5,maxi,0.007191891891891892,0.0028994594594594593,-1.9125287734297929,-3.0334935736856226
59158.5,maxi,0.005984594594594594,0.0029667567567567567,-0.8209898843930636,-1.0546573825251648
59175.5,maxi,0.01175189189189189,0.0057081081081081075,1.3011912789390874,1.4852804701533777
59182.5,maxi,0.022552702702702702,0.009118378378378377,0.9178885630498533,1.1431643608301785
59183.5,maxi,0.022773783783783783,0.006232432432432432,0.9380521380954963,0.7781705080179667
59191.5,maxi,0.02035081081081081,0.006311891891891891,2.3083875632682576,2.4198091800901915
59194.0,bat,0.06347668181818182,0.02232031818181818,,
59194.5,maxi,0.018286756756756756,0.004774594594594595,-2.608695652173913,-2.366060837313335
59195.5,maxi,0.027622972972972972,0.013554054054054054,-0.2938095877534578,-1.1226994702314437
59214.5,maxi,0.011831351351351351,0.003988378378378378,3.6181727904667325,10.548054669682013
59216.5,maxi,0.01857108108108108,0.006392972972972973,2.5398153491055973,7.140074414945605
59218.5,maxi,0.014277297297297296,0.004957297297297297,3.494492753623189,8.095018493468656
59222.5,maxi,0.014520540540540541,0.0031370270270270266,2.5320342485975793,1.9920042197948344
59229.5,maxi,0.006073243243243243,0.0027986486486486486,-4.333481943825233,-9.07389654728639
59231.0,bat,0.029084545454545453,0.012220454545454545,,
59231.5,maxi,0.009405675675675676,0.0028964864864864867,1.1375654617447952,0.8727651052356367
59233.5,maxi,0.008148378378378379,0.003363783783783784,0.9667901312072322,0.502813313630496
59237.0,bat,0.03934404545454546,0.008115045454545455,,
59238.5,maxi,0.01129108108108108,0.003823783783783784,9.48976109215017,34.14227814010007
59239.0,bat,0.07211,0.009793545454545456,,
59239.5,maxi,0.015028108108108108,0.003397027027027027,1.3419344988167037,0.7337752938557228
59240.0,bat,0.05381590909090909,0.0136225,,
59240.5,maxi,0.02801027027027027,0.004043243243243243,1.8428633594429937,0.6022189212644515
59241.0,bat,0.08116795454545454,0.009528,,
59241.5,maxi,0.02404837837837838,0.0037808108108108108,1.0550688360450562,0.34805030865853426
59242.5,maxi,0.025394864864864863,0.003935675675675676,1.8900600926017141,0.7052272028937795
59243.5,maxi,0.03671324324324324,0.003927297297297298,0.9367792029840519,0.17646858079000846
59244.5,maxi,0.038561081081081076,0.004380810810810811,1.7370071178397923,0.4372148496627567
59245.5,maxi,0.038523243243243244,0.004428918918918918,1.179074754901961,0.2564776207773695
59246.5,maxi,0.05239972972972973,0.0050327027027027025,0.75925878397454,0.13957305495683153
59247.5,maxi,0.056317027027027025,0.006048918918918919,1.05679009010226,0.20870604214852548
59248.0,bat,0.1482170909090909,0.014989227272727274,,
59248.5,maxi,0.06358054054054055,0.006918918918918919,0.9749979874184903,0.20369315178840103
59249.0,bat,0.1772815909090909,0.010616772727272728,,
59249.5,maxi,0.06256162162162161,0.006961621621621621,0.957359551176194,0.1910408680517327
59250.0,bat,0.16911686363636366,0.010662909090909091,,
59250.5,maxi,0.06244054054054054,0.007995945945945946,1.1613718689788053,0.3318227647941314
59251.0,bat,0.19711350000000002,0.010254545454545455,,
59251.5,maxi,0.06548756756756756,0.008113243243243242,1.5424971745607725,0.350971367744512
59252.0,bat,0.17590163636363637,0.061037,,
59252.5,maxi,0.08317297297297298,0.00806972972972973,0.9560978194632117,0.18281962894804776
59253.0,bat,0.23362263636363637,0.0137035,,
59254.0,bat,0.24716904545454546,0.013643636363636365,,
59254.5,maxi,0.09877945945945944,0.017938648648648647,1.5158743597341573,0.662922669436372
59255.0,bat,0.25173277272727274,0.014467863636363636,,
59256.0,bat,0.26689172727272725,0.011739454545454546,,
59257.0,bat,0.2775308181818182,0.013403954545454545,,
59258.0,bat,0.29845131818181814,0.01231481818181818,,
59259.0,bat,0.29176395454545456,0.0123415,,
59260.0,bat,0.3214657727272727,0.013655090909090908,,
59261.0,bat,0.3141728181818182,0.014273045454545455,,
59261.5,maxi,0.12672945945945946,0.009247297297297298,0.9149574303405573,0.13578247878283933
59262.0,bat,0.3056703181818182,0.012885636363636363,,
59262.5,maxi,0.13505567567567567,0.010917837837837837,0.7998215004323036,0.11935452056875286
59263.0,bat,0.3161595,0.01329390909090909,,
59263.5,maxi,0.15460189189189188,0.011308378378378378,0.823933542882802,0.1271925756733019
59264.0,bat,0.3204977272727273,0.013414727272727273,,
59264.5,maxi,0.14852459459459458,0.0099527027027027,0.6716476779697308,0.0936721247137068
59265.0,bat,0.32061854545454543,0.012561500000000001,,
59265.5,maxi,0.14303405405405403,0.014991081081081081,0.7056917391226724,0.161681368992162
59266.0,bat,0.32509709090909095,0.013783727272727274,,
59267.0,bat,0.30757259090909095,0.013874363636363636,,
59268.0,bat,0.31096354545454546,0.012892136363636364,,
59269.0,bat,0.3334115909090909,0.013311681818181818,,
59270.0,bat,0.33618040909090907,0.013367045454545454,,
59271.0,bat,0.34804886363636367,0.014555590909090909,,
59272.0,bat,0.31881040909090913,0.012219136363636363,,
59273.0,bat,0.32299795454545455,0.013616272727272727,,
59274.0,bat,0.3259223636363637,0.014076590909090908,,
59275.0,bat,0.3120558636363637,0.013953272727272727,,
59276.0,bat,0.32159781818181815,0.0130575,,
59276.5,maxi,0.13959864864864863,0.00927243243243243,0.7709968445846852,0.10623401621448078
59277.0,bat,0.32951845454545453,0.012767727272727273,,
59277.5,maxi,0.14520864864864863,0.005435945945945945,0.9065717429181775,0.06527353637798797
59278.0,bat,0.31640331818181816,0.01338990909090909,,
59278.5,maxi,0.13495918918918917,0.00564,0.7341955238613243,0.058530411342206344
59279.0,bat,0.32181722727272727,0.015788727272727274,,
59279.5,maxi,0.13984648648648648,0.005557837837837838,0.8301335144447389,0.06324614790775421
59280.0,bat,0.32310795454545455,0.017044727272727274,,
59280.5,maxi,0.14843864864864864,0.005960810810810811,0.8289711353996868,0.06510852768899165
59281.0,bat,0.31223995454545456,0.013765181818181819,,
59281.5,maxi,0.1324754054054054,0.005768378378378378,0.7386353443673251,0.0629435557156602
59282.0,bat,0.312783,0.014333227272727272,,
59282.5,maxi,0.15427216216216214,0.006265675675675675,0.7493518732552145,0.059469272148173304
59283.0,bat,0.33126836363636364,0.014125363636363636,,
59283.5,maxi,0.1511527027027027,0.005445675675675676,0.7340420703896163,0.05352056552463717
59284.0,bat,0.3410620909090909,0.016735272727272727,,
59284.5,maxi,0.14406135135135134,0.0051378378378378374,0.83612906637057,0.06138068640358971
59285.0,bat,0.31039127272727274,0.017902863636363637,,
59285.5,maxi,0.14614459459459458,0.004907027027027026,0.7926644522521875,0.0533509707943359
59286.0,bat,0.33280354545454544,0.01339468181818182,,
59286.5,maxi,0.14124810810810812,0.0070397297297297295,0.8312170610180102,0.08153145155157501
59287.0,bat,0.3368484090909091,0.01448890909090909,,
59287.5,maxi,0.15269135135135134,0.005742702702702702,0.7095959875144184,0.05299479152412905
59288.0,bat,0.34716477272727275,0.01558540909090909,,
59288.5,maxi,0.15832702702702703,0.004931621621621621,0.7674900495708818,0.048483675946389776
59289.0,bat,0.34432209090909094,0.014985818181818182,,
59289.5,maxi,0.16036513513513512,0.004380540540540541,1.0017611187046578,0.05675509482927406
59290.0,bat,0.36027963636363636,0.017786727272727273,,
59290.5,maxi,0.1536316216216216,0.004453243243243242,0.8339611210095622,0.04765213311681584
59291.0,bat,0.3478180454545455,0.015592181818181818,,
59291.5,maxi,0.15849567567567568,0.004595945945945945,0.8486601976319772,0.04920282671249524
59292.0,bat,0.35391804545454547,0.016142818181818182,,
59292.5,maxi,0.15225783783783783,0.00903135135135135,0.8139785838798042,0.0934480378077262
59293.0,bat,0.3535563181818182,0.015296727272727273,,
59293.5,maxi,0.14947540540540538,0.004954324324324324,0.9682979111557055,0.06757317732064111
59294.0,bat,0.362985,0.015774909090909093,,
59294.5,maxi,0.16225,0.00468108108108108,0.8689628821390728,0.052580808655795466
59295.0,bat,0.35087540909090914,0.015841363636363636,,
59295.5,maxi,0.17157054054054052,0.004798648648648649,0.9676051736091741,0.05828000789343256
59296.0,bat,0.31354986363636367,0.025096045454545454,,
59296.5,maxi,0.17057459459459456,0.004969459459459459,1.0252136171369357,0.06649741133591867
59297.0,bat,0.3329350909090909,0.015101272727272727,,
59297.5,maxi,0.1734743243243243,0.0047151351351351345,0.9969189478920436,0.05811994077176203
59298.0,bat,0.26826636363636364,0.016775454545454545,,
59298.5,maxi,0.18161432432432434,0.00477,0.7582293287961253,0.04183539803870218
59299.0,bat,0.1927275,0.010057136363636364,,
59299.5,maxi,0.19433216216216215,0.004727027027027026,0.6639728856921173,0.03275314819215636
59300.0,bat,0.1496045909090909,0.009147545454545455,,
59300.5,maxi,0.20838594594594595,0.0050645945945945944,0.5542601840335146,0.02594653026454531
59301.0,bat,0.0977160909090909,0.01543809090909091,,
59301.5,maxi,0.23662189189189187,0.005245405405405405,0.4033496235876016,0.017165793960222896
59302.0,bat,0.08788477272727271,0.009984772727272728,,
59302.5,maxi,0.24609243243243242,0.005494864864864864,0.3812291819108992,0.01645329481541913
59303.0,bat,0.07881404545454546,0.007818772727272728,,
59303.5,maxi,0.2797348648648648,0.005584324324324324,0.3350619751682415,0.012974688602002144
59304.0,bat,0.05082713636363636,0.012957,,
59304.5,maxi,0.26376486486486483,0.00584,0.3292680827200819,0.014206775398442648
59305.0,bat,0.07484395454545455,0.021118545454545456,,
59305.5,maxi,0.24256729729729729,0.006028108108108108,0.33025531783933215,0.016021693022272198
59306.0,bat,0.02992640909090909,0.010466909090909091,,
59306.5,maxi,0.18265918918918916,0.006829189189189189,0.2854160772845289,0.02095575170124213
59307.0,bat,0.03494554545454546,0.008632227272727272,,
59307.5,maxi,0.17808297297297296,0.007821351351351351,0.30719578314934864,0.02675498741667162
59308.5,maxi,0.12364297297297297,0.009078918918918918,0.2441950333595463,0.033758497127917994
59309.5,maxi,0.1711859459459459,0.008338918918918919,0.2798598458800927,0.026183518315809312
59310.0,bat,0.023788454545454543,0.010974,,
59310.5,maxi,0.1784243243243243,0.007639189189189188,0.21173360055499885,0.018971271873204878
59311.5,maxi,0.20737567567567566,0.00673081081081081,0.24106471495452775,0.015817945906272703
59312.0,bat,0.015253272727272726,0.0049565,,
59312.5,maxi,0.22836054054054053,0.00695054054054054,0.19588615493980033,0.012661916253446854
59313.5,maxi,0.24495756756756756,0.006133243243243243,0.2327557484615995,0.011791376807114501
59314.5,maxi,0.25448054054054053,0.006344594594594594,0.2057561521276272,0.01071259850735878
59315.5,maxi,0.25182513513513516,0.006563243243243243,0.2124466565004103,0.011427925850249543
59316.5,maxi,0.2592016216216216,0.006655135135135135,0.21918223517954405,0.011525774916431005
59317.5,maxi,0.24555675675675676,0.006689459459459458,0.20982711169201015,0.011504485691939218
59318.0,bat,0.027882045454545454,0.013713863636363635,,
59318.5,maxi,0.24553567567567566,0.007267297297297297,0.25251199266597985,0.014447084485310737
59319.5,maxi,0.2645478378378378,0.007665135135135135,0.2284178960035145,0.013493840675529294
59320.0,bat,0.02100090909090909,0.00984590909090909,,
59320.5,maxi,0.26871675675675677,0.008978378378378378,0.23464041812281836,0.015855175094225918
59321.0,bat,0.03981545454545455,0.009959681818181817,,
59321.5,maxi,0.2725881081081081,0.010046216216216217,0.20902063050299574,0.01633673012397671
59322.0,bat,0.038490090909090904,0.012658999999999998,,
59322.5,maxi,0.29231189189189183,0.010626216216216216,0.26604833965935654,0.019123382732747562
59323.5,maxi,0.2855883783783784,0.009634324324324324,0.23645186203412719,0.01572670895220772
59324.0,bat,0.15655081818181818,0.07666681818181817,,
59324.5,maxi,0.27672108108108107,0.01181162162162162,0.23145905602859243,0.020308423936374956
59325.5,maxi,0.31189594594594594,0.012207297297297297,0.22389820157484092,0.017390473047187494
59326.0,bat,0.017006409090909093,0.0081105,,
59326.5,maxi,0.29922405405405406,0.014882972972972973,0.26625432866012533,0.025992997701760275
59327.5,maxi,0.2859072972972973,0.031108378378378376,0.27374384430047977,0.0555184314442467
59328.0,bat,0.02791090909090909,0.0073177727272727274,,
59328.5,maxi,0.4438127027027027,0.0297872972972973,0.1477496576707159,0.024145748429010613
59329.5,maxi,0.40666648648648646,0.02068,0.13372945355512525,0.020660646852672
59330.0,bat,0.020719863636363637,0.007008363636363636,,
59330.5,maxi,0.4903237837837838,0.022556486486486487,0.18788325682350887,0.020547837990490453
59331.5,maxi,0.5275962162162162,0.0644108108108108,0.17623989534693976,0.0518826516473139
59332.5,maxi,0.5163759459459459,0.01794405405405405,0.18290804682985617,0.015459159295534668
59333.5,maxi,0.4898205405405405,0.017535135135135133,0.15383141279406942,0.014427874820081081
59334.5,maxi,0.45418162162162157,0.01884756756756757,0.1795527978107825,0.018009490054285707
59335.5,maxi,0.4356716216216216,0.016978108108108108,0.17035721995431244,0.016245175800359463
59336.5,maxi,0.43082783783783785,0.015132702702702701,0.1760693081303768,0.014603202452243518
59337.5,maxi,0.4489943243243243,0.015972432432432432,0.17876162408044846,0.015292914534739067
59338.5,maxi,0.3901489189189189,0.022056216216216215,0.20320563544085768,0.02681576338605888
59349.5,maxi,0.40907594594594593,0.019389189189189186,0.12445106403547995,0.016139594729684806
59350.5,maxi,0.42371567567567564,0.008214324324324325,0.16119530335682306,0.007540117690593429
59351.5,maxi,0.4163664864864865,0.008053243243243243,0.15051987985654586,0.007251161008395341
59352.5,maxi,0.40534027027027025,0.010219729729729728,0.14735684268912935,0.00927259258433018
59354.5,maxi,0.44625027027027026,0.03176702702702703,0.16495516766263962,0.028898447523527923
59356.5,maxi,0.41877540540540537,0.008507837837837838,0.15308327549790665,0.007756500601139142
59357.5,maxi,0.400494054054054,0.00818027027027027,0.15968498854963314,0.00783117428662819
59358.5,maxi,0.40083702702702706,0.00840054054054054,0.16376528654836084,0.00815511518896325
59359.5,maxi,0.3467067567567568,0.009486486486486485,0.16400778081442816,0.010281135780433251
59360.5,maxi,0.4289794594594594,0.008535675675675675,0.160395791629298,0.007743657287306984
59361.5,maxi,0.3636932432432432,0.006215135135135135,0.1708738224617628,0.006668371189181826
59362.5,maxi,0.3484781081081081,0.006158378378378378,0.18128444375802824,0.0071758191885812304
59363.5,maxi,0.3229581081081081,0.0060564864864864855,0.1775838205350322,0.0074147533024362085
59364.5,maxi,0.3171410810810811,0.0061754054054054056,0.18859156892211335,0.008090860423187386
59365.5,maxi,0.29834783783783786,0.005951891891891892,0.18986931218642658,0.008208919403281383
59366.5,maxi,0.30009675675675673,0.005978108108108108,0.19213981438555672,0.008278483361153808
59367.5,maxi,0.2810789189189189,0.005733513513513513,0.19443851069012685,0.008525026305939152
59368.5,maxi,0.2721859459459459,0.005903243243243243,0.18721072155079574,0.008800507684521872
59369.5,maxi,0.2463172972972973,0.0059062162162162165,0.2113611110212994,0.010394112693159667
59370.5,maxi,0.25932135135135137,0.006002432432432432,0.20626472231430393,0.010060227771859713
59371.5,maxi,0.24835918918918917,0.005587297297297297,0.1952115136887928,0.009398115325409946
59372.5,maxi,0.24879675675675675,0.005737027027027027,0.20608747942913028,0.009924519819537245
59373.5,maxi,0.23855405405405405,0.005477297297297297,0.20998743456875132,0.009869679380270866
59374.5,maxi,0.23349324324324325,0.00556972972972973,0.21984855677384246,0.010853587816990399
59375.5,maxi,0.23308189189189188,0.005425135135135135,0.22269174797786886,0.01053125747959781
59376.5,maxi,0.23180675675675674,0.0057081081081081075,0.20173518324450737,0.010589902565104057
59377.5,maxi,0.22767594594594592,0.005647027027027026,0.20445721403838674,0.010888506212798858
59378.5,maxi,0.20258864864864862,0.0060670270270270265,0.23418691663706515,0.014297019131605807
59379.5,maxi,0.17482243243243242,0.006705405405405405,0.204387265829004,0.016362274722419086
59380.5,maxi,0.13979351351351352,0.008213783783783783,0.2593312919857602,0.02992204719652482
59381.5,maxi,0.12150648648648647,0.015733243243243242,0.2605035279025016,0.061290780816554744
59382.5,maxi,0.13422513513513512,0.009164594594594594,0.23872360743153884,0.0323306881071085
59383.5,maxi,0.15296351351351353,0.0070705405405405404,0.19272024732088422,0.01842024866459593
59384.5,maxi,0.18628162162162162,0.006722972972972973,0.20521717165266726,0.015483898934829507
59385.5,maxi,0.19794054054054053,0.006217297297297297,0.2137724517017888,0.014241745913205378
59386.5,maxi,0.22776459459459458,0.006283783783783784,0.18839342192172426,0.011345528493138442
59387.5,maxi,0.20783405405405403,0.005887837837837837,0.1868510404919922,0.011345287726926436
59388.5,maxi,0.2060262162162162,0.006121621621621621,0.19306058320764205,0.011974479414266598
59389.5,maxi,0.20449027027027025,0.006254054054054054,0.15896148631316648,0.011264606327441517
59390.5,maxi,0.20161486486486488,0.006377027027027027,0.17558719529367586,0.012134222573823607
59391.5,maxi,0.2068262162162162,0.006120810810810811,0.19100878341802435,0.011835907890377997
59392.5,maxi,0.18731189189189187,0.007433783783783784,0.19122006544033548,0.015937235760403932
59393.5,maxi,0.1997243243243243,0.007238918918918918,0.19357307110240504,0.014795278175512277
59394.5,maxi,0.18836270270270267,0.00928972972972973,0.14942598933025938,0.017191138311394745
59395.5,maxi,0.18397756756756756,0.008386486486486485,0.19380855153351115,0.017683718672806836
59396.5,maxi,0.17466378378378378,0.008502162162162161,0.1845024706206257,0.0192208530258369
59397.5,maxi,0.19576945945945945,0.007319189189189189,0.21316647463666802,0.01718828077431686
59398.5,maxi,0.17950675675675673,0.053324324324324324,0.06826260965823316,0.09356767786350167
59400.5,maxi,0.29950729729729725,0.06271837837837838,0.1688306500265776,0.08310086067933528
59401.5,maxi,0.28671756756756756,0.013242432432432432,0.14736155714889165,0.017665854021208502
59402.5,maxi,0.29591459459459457,0.013557837837837837,0.1736720941017129,0.01921542719581906
59403.5,maxi,0.2936091891891892,0.01474,0.16183808544237246,0.020685204356124528
59404.5,maxi,0.26411108108108106,0.04877108108108108,0.07179773142761386,0.056509780642566065
59413.5,maxi,0.1866162162162162,0.014585675675675674,0.05257241751741123,0.019103861015403043
59425.5,maxi,0.17172459459459458,0.006214864864864865,0.1223757222334131,0.012885522666430749
59426.5,maxi,0.1717018918918919,0.006341621621621621,0.11130893533002643,0.012274643821409303
59427.5,maxi,0.1586118918918919,0.005952972972972973,0.06995369958151544,0.010814226110502038
59428.5,maxi,0.16959324324324324,0.006455135135135135,0.10541205285321707,0.012801795438900927
59429.5,maxi,0.15985054054054051,0.005707567567567568,0.11741239369049587,0.011835010560680516
59430.5,maxi,0.14657054054054053,0.0060456756756756755,0.09236700656010106,0.01302816878079029
59431.5,maxi,0.15094405405405406,0.007552972972972972,0.12393753993300934,0.01691655897264907
59432.5,maxi,0.1227916216216216,0.006388378378378377,0.09984579192925312,0.016666052241504678
59433.5,maxi,0.13751027027027027,0.00795054054054054,0.10159676591123919,0.017991774345696387
59434.5,maxi,0.11894324324324324,0.00441,0.12862393413701853,0.013007212879267616
59435.5,maxi,0.10888837837837838,0.0041164864864864864,0.0826440529266122,0.0115032912858844
59436.5,maxi,0.10400378378378378,0.004032432432432432,0.12235362318840579,0.013169999612224412
59437.5,maxi,0.09917810810810809,0.004123783783783784,0.12719813151097983,0.014355863467382718
59438.5,maxi,0.09020567567567567,0.004196216216216216,0.11633685651007436,0.015131205530013883
59439.0,bat,0.027264999999999998,0.009265954545454544,,
59439.5,maxi,0.09064324324324324,0.004186756756756756,0.12216932761279423,0.015297429670720269
59440.5,maxi,0.08727,0.0040137837837837835,0.12384622028312006,0.015712952621949768
59441.5,maxi,0.07903729729729729,0.0039878378378378375,0.11025226127143407,0.01615515386361235
59442.0,bat,0.04192909090909091,0.01689731818181818,,
59442.5,maxi,0.0799954054054054,0.003906486486486486,0.14827553325463713,0.018573841483951664
59443.5,maxi,0.06349729729729729,0.003947027027027027,0.20757020757020755,0.025657469298541225
59444.5,maxi,0.06095324324324324,0.0039535135135135135,0.12124566119280493,0.02090079986891489
59445.5,maxi,0.06037459459459459,0.0037316216216216214,0.14882581998521693,0.022282315921194017
59446.5,maxi,0.06578864864864864,0.003825135135135135,0.128484575878126,0.0204199487084503
59447.5,maxi,0.05584324324324324,0.003649459459459459,0.1105909775542365,0.020467987064303913
59448.5,maxi,0.06025621621621621,0.003775945945945946,0.14968910880579406,0.02247231341727614
59449.5,maxi,0.06280324324324324,0.0037045945945945943,0.1341667204856626,0.021740522422613876
59450.5,maxi,0.054967567567567564,0.003808378378378378,0.20180403429647617,0.029383458230577697
59451.5,maxi,0.047668378378378375,0.003924324324324324,0.1356044023484647,0.02847231092282197
59452.5,maxi,0.04355486486486486,0.005279459459459459,0.1419259587778063,0.04474727244706681
59453.5,maxi,0.023654594594594593,0.007823243243243242,0.16628026195468443,0.10598606747029936
59454.5,maxi,0.027353513513513512,0.007511891891891892,0.25198882378051146,0.11246246856811648
59455.5,maxi,0.03979945945945946,0.00618,0.08765388867145928,0.0603623949830344
59456.5,maxi,0.04021405405405405,0.005278918918918919,0.13637926769672581,0.04583440507690381
59457.5,maxi,0.047908108108108104,0.004107567567567567,0.1423013152407206,0.030163799517627078
59458.5,maxi,0.05878567567567568,0.004442972972972972,0.170144391032043,0.029326984049701778
59459.5,maxi,0.04765243243243243,0.004362972972972973,0.06980062608939995,0.02689892974099442
59460.5,maxi,0.05223891891891892,0.004172702702702703,0.1266314783721858,0.02763380953773482
59461.5,maxi,0.04577,0.004291081081081081,0.13555680163603037,0.02976946610201362
59462.0,bat,0.014438,0.006182318181818182,,
59462.5,maxi,0.05527459459459459,0.00421972972972973,0.19806384851210337,0.0312729977895849
59463.5,maxi,0.04904972972972973,0.004357837837837837,0.14072043650280572,0.03258483446114937
59464.5,maxi,0.0465554054054054,0.004632432432432432,0.0913542162190733,0.030911544283660445
59465.5,maxi,0.05576567567567567,0.005048108108108108,0.10500826064402509,0.03012814622534545
59466.5,maxi,0.059710270270270274,0.005194594594594594,0.11483896044239501,0.03234545148541701
59467.5,maxi,0.05012918918918919,0.006251891891891892,0.12847603835426405,0.04383520635638386
59468.5,maxi,0.027847297297297298,0.007308918918918919,0.03993460478300171,0.05671424884048267
59469.5,maxi,0.04663567567567568,0.0070610810810810805,0.149702604088569,0.05017700136187944
59470.5,maxi,0.04046027027027027,0.007627567567567568,0.1456669433428633,0.06611797458887761
59471.5,maxi,0.0763145945945946,0.010181351351351352,0.361651322098059,0.10544113662488824
59475.5,maxi,0.0633472972972973,0.01131108108108108,0.3127724695925265,0.10713539306322731
59476.5,maxi,0.08107702702702703,0.013509999999999998,0.12517126404021742,0.06708185597864565
59477.5,maxi,0.06019405405405405,0.008795135135135135,0.2402128967200301,0.08857754094730437
59478.5,maxi,0.08325405405405405,0.009017837837837838,0.3231604664531494,0.08093948451849713
59479.5,maxi,0.06112459459459459,0.007745675675675676,0.2653144901914844,0.07241657603420779
59480.5,maxi,0.06618378378378378,0.007431891891891892,0.11687209740178235,0.05450083726920884
59484.0,bat,0.026111,0.009849181818181818,,
59486.0,bat,0.035320000000000004,0.012472863636363638,,
59486.5,maxi,0.04702351351351351,0.017596756756756756,-0.19632645012254557,-0.29919626898422846
59487.0,bat,0.024047772727272727,0.006939681818181818,,
59489.0,bat,0.039531500000000004,0.008391045454545455,,
59490.0,bat,0.04502654545454546,0.010903636363636364,,
59491.0,bat,0.0345145,0.0068491818181818185,,
59492.0,bat,0.037320727272727276,0.007288363636363636,,
59493.0,bat,0.033140636363636365,0.008924136363636363,,
59494.0,bat,0.03735959090909091,0.00638390909090909,,
59495.0,bat,0.037126409090909085,0.010796318181818183,,
59495.5,maxi,0.01734081081081081,0.0040313513513513515,0.5947886276528803,0.22942263289764336
59496.0,bat,0.04517477272727272,0.0063235,,
59496.5,maxi,0.011957567567567566,0.003846486486486486,1.2320410192015905,0.5552031552611811
59497.0,bat,0.027370545454545453,0.008486318181818182,,
59497.5,maxi,0.00754054054054054,0.0037164864864864863,0.2953071672354949,0.27882901268101135
59498.5,maxi,0.012732702702702702,0.00390972972972973,1.0693617552770724,0.4150715000464107
59499.0,bat,0.02649140909090909,0.01162509090909091,,
59499.5,maxi,0.014247567567567567,0.003930810810810811,0.6836064972683608,0.30244445466518305
59500.0,bat,0.02167640909090909,0.007792818181818181,,
59501.0,bat,0.018393045454545454,0.00817540909090909,,
59501.5,maxi,0.012148108108108109,0.003808108108108108,0.48189576201726053,0.3431981389540792
59504.0,bat,0.016566181818181817,0.008188681818181819,,
59504.5,maxi,0.010514324324324325,0.004971621621621622,1.3774536165635922,0.9392240479804882
59505.5,maxi,0.010755945945945946,0.004464054054054054,0.3420568927789935,0.6288623968838487
59510.5,maxi,0.007445405405405405,0.0028764864864864862,1.889853499728703,2.5486595540343853
59511.5,maxi,0.009223513513513512,0.0029024324324324322,0.19568415890142224,0.36227749847475404
59519.5,maxi,0.00742027027027027,0.002993243243243243,1.5741426104120404,2.3309976745852343
59526.0,bat,0.04073359090909091,0.017873999999999998,,
59534.0,bat,0.04521563636363636,0.020298,,
59534.5,maxi,0.017084864864864865,0.006417837837837837,-0.1282896263634254,-0.4360909703653045
59539.5,maxi,0.017981081081081082,0.004583783783783784,0.5178094983991463,0.498933585295971
59552.5,maxi,0.05384513513513513,0.010516216216216215,0.4601737761496776,0.2843636693270685
59553.5,maxi,0.0293,0.011651351351351352,0.3800914056403969,0.47307067149869136
59565.0,bat,0.056303454545454545,0.022061045454545455,,
59580.5,maxi,0.011200810810810811,0.005553783783783784,0.27640918580375784,0.6892474894966818
59583.5,maxi,0.010447837837837837,0.0042297297297297295,-4.834448160535117,-18.02270901820316
59605.5,maxi,0.007284054054054054,0.0034859459459459455,1.450090470446321,1.4247479813696227
59611.5,maxi,0.01517189189189189,0.004494054054054054,1.4926597144882048,1.2278060439204368
59623.5,maxi,0.021584594594594594,0.008689459459459458,1.286877429766009,1.7552364949349906
59624.5,maxi,0.02681081081081081,0.0073124324324324325,1.5768245370031477,1.7191132776642895
59625.5,maxi,0.029227567567567565,0.006881351351351352,1.5716438030291016,0.9122972628709599
59626.5,maxi,0.029546756756756755,0.00814,1.5372885511154695,1.3230726625061273
59627.5,maxi,0.05370513513513513,0.008331621621621621,2.3860922781544365,2.0812652653939634
59628.5,maxi,0.019566486486486488,0.007776756756756756,-14.247944339025935,-106.28295048737664
59640.5,maxi,0.015205405405405404,0.006311351351351351,21.647530040053404,275.9710174806812
59647.5,maxi,0.008912162162162162,0.0034283783783783783,0.17739826140472342,0.43955591400092
59652.5,maxi,0.009579999999999998,0.00316054054054054,0.8552319514277583,0.6070390872064542
59654.5,maxi,0.010644864864864864,0.0029786486486486482,2.7199546485260773,3.016300041363876
59656.5,maxi,0.009523243243243244,0.004584594594594594,0.5963683156991707,1.2190698880555435
59665.5,maxi,0.007536756756756757,0.0030594594594594592,0.5906095551894563,0.923847624286355
59673.0,bat,0.02539259090909091,0.012559090909090909,,
59682.5,maxi,0.007268108108108107,0.0034229729729729724,0.7923907937999061,0.3625647284885774
59685.5,maxi,0.008366756756756756,0.004092702702702703,0.5766363636363636,0.5962722389199743
59691.5,maxi,0.019274054054054055,0.008240270270270269,-0.024728041901692185,-0.5692807021409202
59715.5,maxi,0.008827297297297297,0.0031083783783783783,1.0194641630409893,0.8327596299202008
59726.5,maxi,0.006829729729729729,0.0028440540540540537,2.762708787218591,2.3142021546276
59729.5,maxi,0.005816216216216216,0.0027364864864864863,-0.32621156852527355,-0.7374342558812718
59755.0,bat,0.07286018181818182,0.02240963636363636,,
59764.5,maxi,0.022726756756756755,0.008976486486486485,1.1380656130453264,0.7426343479631846
59777.0,bat,0.017175863636363635,0.00845790909090909,,
59801.5,maxi,0.005921351351351352,0.00276027027027027,0.7125086385625432,3.5505594992456797
59806.5,maxi,0.006158918918918919,0.002656486486486486,0.5875057418465778,1.0659834249701714
59810.5,maxi,0.009746486486486485,0.0026024324324324323,0.9697043932712722,0.46485079210580943
59812.5,maxi,0.007809999999999999,0.00257,3.6604361370716507,5.0871455282517735
59813.5,maxi,0.005512432432432432,0.002703783783783784,0.8877941346934045,0.6533803292576853
59814.0,bat,0.021862909090909093,0.0104835,,
59815.0,bat,0.02087718181818182,0.010033636363636364,,
59816.0,bat,0.03571654545454546,0.008865,,
59817.0,bat,0.03346422727272727,0.01182609090909091,,
59818.0,bat,0.033965045454545456,0.013967727272727272,,
59819.0,bat,0.035689909090909085,0.012611363636363636,,
59819.5,maxi,0.015166486486486486,0.0044918918918918915,2.1440536013400338,3.250789522031082
59820.0,bat,0.038376999999999994,0.012602636363636364,,
59820.5,maxi,0.0068981081081081076,0.0032448648648648647,-29.49616858237548,-306.6944450913943
59821.0,bat,0.07609909090909091,0.013627318181818183,,
59821.5,maxi,0.010302702702702702,0.0031843243243243244,1.282933225741376,0.8751461186927054
59822.0,bat,0.06308254545454546,0.013901318181818181,,
59822.5,maxi,0.017024594594594596,0.002986216216216216,0.9746363636363636,0.3118077353309644
59823.0,bat,0.049206681818181816,0.008005863636363636,,
59823.5,maxi,0.020626486486486486,0.0032808108108108107,1.7865012944788972,0.6796070055432275
59824.0,bat,0.07901627272727273,0.014894227272727273,,
59824.5,maxi,0.022446216216216217,0.003153783783783784,1.5930310663308145,0.4552125529820045
59825.0,bat,0.05891163636363636,0.013921454545454546,,
59825.5,maxi,0.01967918918918919,0.003462162162162162,1.475234885620915,0.5470382564785496
59826.0,bat,0.05357027272727272,0.022822545454545453,,
59826.5,maxi,0.016121891891891893,0.003462432432432432,0.6045869323874252,0.18419888331822873
59827.0,bat,0.06707236363636364,0.01297609090909091,,
59827.5,maxi,0.03135891891891892,0.0036391891891891888,0.8870341702003546,0.19126092358168012
59828.0,bat,0.042402863636363634,0.010233181818181818,,
59828.5,maxi,0.037608378378378375,0.003608648648648648,0.8746714410879585,0.16315703745714977
59829.0,bat,0.060295272727272725,0.01175059090909091,,
59829.5,maxi,0.030957567567567568,0.004185675675675676,0.6412923470277181,0.16043692675965535
59830.0,bat,0.08567959090909091,0.010520318181818181,,
59830.5,maxi,0.03113783783783784,0.004154594594594594,0.5400144960842894,0.13763884959465833
59831.0,bat,0.09016431818181818,0.01374940909090909,,
59831.5,maxi,0.04680162162162162,0.005131891891891892,1.0800899748235584,0.2759979725608293
59832.0,bat,0.09989945454545456,0.011790545454545455,,
59832.5,maxi,0.02122189189189189,0.005580810810810811,1.601231470923603,0.8350916138305254
59833.0,bat,0.08489186363636363,0.009425772727272727,,
59833.5,maxi,0.029796216216216215,0.007382432432432431,0.8303637207017927,0.44614734409431706
59834.0,bat,0.0951205909090909,0.010756590909090908,,
59834.5,maxi,0.03952567567567568,0.0073432432432432426,1.0974340098853719,0.4906848929057834
59835.0,bat,0.07793954545454546,0.01130740909090909,,
59835.5,maxi,0.02027891891891892,0.008129189189189189,1.292579263067695,0.8179422006333962
59836.0,bat,0.08486231818181818,0.011913181818181818,,
59836.5,maxi,0.03687756756756757,0.00821054054054054,1.2146053651341284,0.5552897989391461
59837.0,bat,0.0777205,0.011528,,
59837.5,maxi,0.05730108108108108,0.00977,2.340438179347826,1.1793145119909125
59838.0,bat,0.08773045454545454,0.009617772727272727,,
59839.0,bat,0.08812468181818182,0.011012272727272726,,
59840.0,bat,0.10828059090909091,0.009492954545454546,,
59841.0,bat,0.09860195454545453,0.0109835,,
59842.0,bat,0.09051718181818182,0.011839272727272728,,
59843.0,bat,0.13552727272727272,0.013760863636363637,,
59844.0,bat,0.09066413636363636,0.013763772727272729,,
59844.5,maxi,0.015555675675675677,0.0039059459459459458,16.867676767676766,61.53577017703793
59845.0,bat,0.08567809090909091,0.0104595,,
59846.0,bat,0.10520940909090909,0.015428681818181819,,
59847.0,bat,0.06466795454545454,0.010615590909090908,,
59848.0,bat,0.08030227272727274,0.014847863636363636,,
59849.0,bat,0.10716509090909092,0.013294727272727274,,
59850.0,bat,0.09257595454545454,0.008481454545454545,,
59851.0,bat,0.07888227272727273,0.009882863636363638,,
59852.0,bat,0.10163904545454545,0.013542272727272726,,
59853.0,bat,0.04861081818181818,0.018512227272727274,,
59854.0,bat,0.08906159090909091,0.011995090909090908,,
59855.0,bat,0.08958586363636363,0.007472181818181818,,
59856.0,bat,0.08220954545454545,0.0120785,,
59857.0,bat,0.07014863636363637,0.010321772727272726,,
59858.0,bat,0.09184040909090908,0.01152990909090909,,
59858.5,maxi,0.028596486486486484,0.007327567567567568,0.8714369323477771,0.36109811406389597
59859.0,bat,0.051660136363636366,0.018452409090909092,,
59859.5,maxi,0.028427567567567567,0.00533081081081081,0.8219690380935815,0.2675739126557071
59860.0,bat,0.06332004545454546,0.014350181818181817,,
59860.5,maxi,0.024106756756756755,0.005518648648648648,2.756725881076141,1.611375219833759
59861.0,bat,0.07171786363636364,0.011677499999999999,,
59861.5,maxi,0.024808108108108105,0.004032972972972972,0.7070771999742882,0.18597960134448627
59862.0,bat,0.04772381818181818,0.01723340909090909,,
59862.5,maxi,0.02374945945945946,0.003930540540540541,0.9955012670482049,0.28279475390627606
59863.0,bat,0.06711772727272727,0.014635954545454544,,
59863.5,maxi,0.027338378378378377,0.007807027027027026,1.5170822091473526,0.814829280707119
59864.5,maxi,0.023027567567567568,0.004164324324324324,0.800383680777593,0.23968113493561635
59865.0,bat,0.05864222727272727,0.023027181818181818,,
59865.5,maxi,0.023093513513513513,0.004484864864864865,1.1166360856269113,0.37704015363577864
59866.0,bat,0.07323522727272727,0.014494363636363637,,
59866.5,maxi,0.019833513513513513,0.0038967567567567566,1.103859372762423,0.38052959534035913
59867.0,bat,0.05319709090909091,0.02378490909090909,,
59867.5,maxi,0.019984594594594594,0.00399054054054054,0.5079504868144235,0.1877628010798991
59868.0,bat,0.0587085,0.012013045454545453,,
59869.0,bat,0.049385318181818176,0.011331272727272726,,
59869.5,maxi,0.027094324324324324,0.003722162162162162,0.9462023301712613,0.27684968812595473
59870.5,maxi,0.018783243243243243,0.003681351351351351,0.6803489986119373,0.21742260841661348
59871.0,bat,0.04915986363636364,0.018856863636363637,,
59871.5,maxi,0.021317027027027025,0.0031905405405405402,1.6296700143472023,0.5745686840259981
59872.0,bat,0.051426681818181816,0.017172409090909092,,
59872.5,maxi,0.021048378378378377,0.0031478378378378374,1.2467911318553093,0.34573352849554567
59873.5,maxi,0.02781783783783784,0.0030578378378378376,0.67153477852898,0.14644401984757277
59874.5,maxi,0.012671621621621621,0.0031229729729729725,1.5919469855218613,0.703016635322474
59875.5,maxi,0.01415,0.0032613513513513512,1.0720253371921586,0.43237249938554406
59876.5,maxi,0.015587567567567568,0.0031137837837837837,0.3739351851851852,0.2342307454201281
59877.0,bat,0.041811045454545455,0.015192136363636364,,
59877.5,maxi,0.012703513513513514,0.003141351351351351,0.9892339814693986,0.48099320923036437
59878.0,bat,0.056566454545454545,0.01056140909090909,,
59878.5,maxi,0.012334864864864865,0.0030589189189189187,1.7397330221022684,0.7776360727276508
59879.0,bat,0.028123818181818184,0.011495272727272726,,
59879.5,maxi,0.010772972972972972,0.0036332432432432432,1.314884597268017,0.7822926186273322
59880.5,maxi,0.011552972972972973,0.003732972972972973,0.7093510900534622,0.24924197225801695
59881.5,maxi,0.021437027027027027,0.003109189189189189,0.9320945945945945,0.2553910575283446
59882.5,maxi,0.02134918918918919,0.003112972972972973,0.7662367810162497,0.17847055337529916
59883.5,maxi,0.022219999999999997,0.003195135135135135,0.5488551051051052,0.11847362724020198
59884.5,maxi,0.021857567567567567,0.0031178378378378373,0.5173125174240313,0.11196365828233447
59885.5,maxi,0.015229729729729729,0.0036183783783783783,1.0984848484848486,0.41636995638567775
59886.0,bat,0.03348213636363636,0.014679863636363637,,
59886.5,maxi,0.01382054054054054,0.0029337837837837837,1.3135273714371891,0.6089095218877293
59889.5,maxi,0.01720054054054054,0.005618378378378378,0.37351262883177777,0.2034299982186902
59891.5,maxi,0.020616216216216215,0.006391081081081081,0.6402181933171709,0.32616303386849277
59895.0,bat,0.054754363636363636,0.023154181818181817,,
59895.5,maxi,0.020590810810810812,0.0039451351351351355,0.44151160805735745,0.1478527404417553
59896.5,maxi,0.03912972972972972,0.0037797297297297292,0.4624578864034095,0.08221360709961958
59897.5,maxi,0.03255297297297297,0.0047481081081081076,0.6665425810927428,0.16851964589794763
59899.5,maxi,0.02595297297297297,0.010575405405405405,1.276892803598201,1.3583917194093538
59901.5,maxi,0.023828378378378375,0.008585405405405406,1.4738834907166642,1.2098521453527031
59903.5,maxi,0.022173783783783783,0.005951891891891892,1.0218747732714213,0.5320808972841821
59904.5,maxi,0.01783027027027027,0.00675054054054054,0.797028257823447,0.42304732151503494
59905.5,maxi,0.01751162162162162,0.006255405405405405,0.5919201781954658,0.37277520436731115
59907.5,maxi,0.032033783783783784,0.008212702702702702,1.647071666393756,1.4006917915596178
59913.5,maxi,0.028108108108108106,0.008654324324324324,1.696797503695188,1.1265359234813448
59914.5,maxi,0.07274729729729729,0.009673243243243243,2.25716213177423,0.9764119714907391
59915.5,maxi,0.040965675675675675,0.007502972972972973,1.9371063269718902,1.3819878157891692
59916.5,maxi,0.017786486486486484,0.006644864864864865,23.19161243673174,193.27193187605968
59917.5,maxi,0.02836054054054054,0.00745108108108108,0.7325990642209432,0.6080354055748546
59918.5,maxi,0.03869675675675675,0.010407567567567567,0.8447549126313497,0.47823601230783064
59946.5,maxi,0.013697567567567567,0.0052132432432432435,-3.413988095238095,-7.1981736421577285
59950.5,maxi,0.01748054054054054,0.0034156756756756755,1.208081102764204,0.6597856475226058
59952.5,maxi,0.007076756756756756,0.0031116216216216215,3.328358208955224,6.806390444945641
59954.5,maxi,0.011208378378378379,0.003141891891891892,0.34316010254020046,0.16340720445291673
59955.5,maxi,0.015325945945945945,0.0030086486486486483,0.45302882606879263,0.15258280733213572
59956.5,maxi,0.010386216216216215,0.003034324324324324,0.4589032461393003,0.17202876745687132
59957.5,maxi,0.010811081081081081,0.002987567567567567,0.5150401900394995,0.15708586150237136
59958.5,maxi,0.015246756756756755,0.003135945945945946,0.7410881801125704,0.31239455394131366
59968.0,bat,0.04937768181818182,0.019317136363636363,,
59968.5,maxi,0.018994864864864864,0.003692972972972973,0.5816816190277487,0.16474688077964397
59969.5,maxi,0.022522972972972975,0.003615945945945946,0.47507231580738474,0.12717495735931186
59970.5,maxi,0.017904594594594595,0.0036145945945945945,0.39493248012045357,0.14504234450037956
59971.5,maxi,0.01905081081081081,0.003649459459459459,0.4831611242374017,0.22638074156289756
59973.5,maxi,0.011005405405405405,0.0037648648648648648,0.035130029342015354,0.21316150475878615
59974.5,maxi,0.014986486486486485,0.004745135135135135,0.6669830859509838,0.3913369479840955
59984.0,bat,0.022020590909090906,0.009957363636363636,,
59984.5,maxi,0.060366756756756755,0.016021621621621622,0.9208981979432022,0.6824735206719298
59986.5,maxi,0.02753135135135135,0.007345135135135135,-34.38135593220339,-429.9788283274819
59987.5,maxi,0.030121891891891888,0.00696081081081081,2.327479400974319,1.7267434509345496
59988.5,maxi,0.02890648648648648,0.00767108108108108,1.1194382408520873,0.8961627313439311
59989.5,maxi,0.03515567567567567,0.007478108108108107,6.950778024769769,13.508956407666062
59990.5,maxi,0.020868378378378377,0.008868378378378379,-2.2136785539814365,-3.386513252868503
59991.0,bat,0.09266704545454545,0.038416909090909085,,
60006.0,bat,0.03780218181818182,0.017327954545454546,,
60010.5,maxi,0.007010810810810811,0.0034216216216216215,0.5714508094645081,0.9919045626543829
60031.5,maxi,0.007968378378378377,0.0028867567567567565,-9.774444444444445,-47.58193343319675
60033.0,bat,0.05955686363636364,0.027408818181818183,,
60038.0,bat,0.2629470909090909,0.09629900000000001,,
60123.0,bat,0.02390409090909091,0.0099535,,
60125.0,bat,0.03723563636363637,0.015438272727272726,,
60126.5,maxi,0.015449729729729729,0.0074070270270270265,3.787093942054433,19.56167959011405
60128.0,bat,0.043123863636363634,0.02106381818181818,,
60133.5,maxi,0.12963648648648649,0.022514324324324323,1.7148395646534709,1.1398586893030158
60161.5,maxi,0.008490540540540539,0.002811081081081081,-1.623917295333892,-2.2487144560960513
60162.0,bat,0.10923972727272728,0.0543585,,
60177.5,maxi,0.009595405405405405,0.0045686486486486485,0.5977715877437326,1.4395547526726875
60195.5,maxi,0.011503243243243243,0.004181891891891892,-20.60844250363901,-184.24066130370494
60199.0,bat,0.04585968181818182,0.01980231818181818,,
60222.5,maxi,0.008755675675675676,0.003586216216216216,1.5419000207425846,1.1351850939628132
60223.5,maxi,0.007343783783783784,0.003511081081081081,1.3820611459809677,2.013400773007146
60225.5,maxi,0.007655405405405405,0.003474864864864865,1.5039568345323742,1.287805960747218
60227.5,maxi,0.008092972972972972,0.0035845945945945945,1.8705293276108728,1.8564165486015318
60228.5,maxi,0.008638918918918919,0.0036235135135135135,0.7787809015996121,0.4752352182871361
60232.5,maxi,0.010886756756756755,0.004020540540540541,1.8076365393910103,1.3432161366987645
60233.5,maxi,0.01155135135135135,0.0037264864864864863,0.9919833354374449,0.5611086308686277
60234.5,maxi,0.019402162162162163,0.003005135135135135,1.492063492063492,0.689819253542484
60235.5,maxi,0.00831108108108108,0.0031397297297297297,3.063685636856369,2.9233878563016313
60236.5,maxi,0.011945135135135135,0.002912972972972973,1.6328881639310837,0.908524217873273
60237.5,maxi,0.013811621621621622,0.0030727027027027025,0.7195146612740142,0.30163082691569293
60238.5,maxi,0.015847027027027026,0.0030429729729729727,0.6925588355325806,0.2684659347260651
60239.5,maxi,0.013237567567567568,0.0032435135135135133,2.2608264930653834,1.7951562192899864
60240.5,maxi,0.016859459459459457,0.002999189189189189,1.2207042524533385,0.37962103631432126
60241.5,maxi,0.018147297297297294,0.002975405405405405,0.997080522349785,0.2813467707067899
60242.5,maxi,0.02130513513513513,0.0034424324324324324,1.2854650583192104,0.48842102773462576
60243.5,maxi,0.02151783783783784,0.003202162162162162,1.303743217982036,0.41508365038993894
60244.0,bat,0.059897681818181815,0.019663045454545454,,
60244.5,maxi,0.018206756756756756,0.003121621621621621,1.513821601595896,0.5596300984986997
60245.0,bat,0.14731149999999998,0.06893436363636364,,
60245.5,maxi,0.0234227027027027,0.0031186486486486486,0.8396040266211832,0.23356768723844462
60246.5,maxi,0.02589081081081081,0.0030637837837837836,1.1964225899376968,0.28115307935605655
60247.5,maxi,0.025175675675675673,0.003234054054054054,1.145688971627538,0.29239578210927286
60248.5,maxi,0.02554378378378378,0.0031018918918918914,0.8182934643314822,0.18581293698104012
60249.5,maxi,0.029183783783783786,0.003264324324324324,1.4766849594163844,0.35018258620298237
60250.5,maxi,0.02495945945945946,0.003167567567567567,1.3946527037672027,0.44460560348160116
60251.0,bat,0.14272736363636365,0.02614868181818182,,
60251.5,maxi,0.024827567567567568,0.0037664864864864864,1.1474491300501328,0.3233504039245942
60252.0,bat,0.1598424090909091,0.022506045454545456,,
60252.5,maxi,0.02137,0.004927027027027027,2.6359533339010475,1.9852952690325154
60253.0,bat,0.11622890909090909,0.025479772727272726,,
60254.0,bat,0.14280195454545455,0.018134045454545455,,
60255.0,bat,0.11602868181818182,0.01764090909090909,,
60255.5,maxi,0.04246621621621621,0.005541351351351352,2.38163011998345,1.0272478005928976
60256.0,bat,0.15732972727272726,0.01522040909090909,,
60256.5,maxi,0.03159864864864865,0.003950810810810811,1.138395636689662,0.2779652367988404
60257.0,bat,0.14074422727272726,0.011639136363636364,,
60257.5,maxi,0.03807972972972973,0.0038381081081081078,1.4613906727023895,0.3253740072538848
60258.0,bat,0.15173677272727273,0.015888136363636365,,
60258.5,maxi,0.05287324324324324,0.003968378378378378,1.5094215928673111,0.24476120563422557
60259.0,bat,0.1305503181818182,0.01828218181818182,,
60259.5,maxi,0.046329189189189185,0.003957297297297297,1.342574331113013,0.2267594612204216
60260.0,bat,0.11437795454545453,0.019642363636363635,,
60260.5,maxi,0.05326621621621622,0.003763243243243243,1.6249774589753352,0.27222999279465704
60261.0,bat,0.20706304545454546,0.04246518181818181,,
60261.5,maxi,0.05220999999999999,0.004654054054054053,1.1580070784835992,0.23651471828796042
60262.0,bat,0.11183372727272728,0.021167000000000002,,
60262.5,maxi,0.055772432432432434,0.007305675675675675,1.013817476620013,0.24624371754348057
60263.0,bat,0.14832722727272726,0.037261272727272726,,
60263.5,maxi,0.0559054054054054,0.008822432432432432,1.2531881240320297,0.4199671464720219
60264.5,maxi,0.04950405405405405,0.00876081081081081,0.9735471103751867,0.2974529135035898
60265.5,maxi,0.061752432432432426,0.00911945945945946,1.4227048075483002,0.4343590006185741
60266.0,bat,0.3051730909090909,0.11968881818181819,,
60266.5,maxi,0.06532837837837838,0.008824594594594594,1.0480465032536845,0.2989544319342874
60267.0,bat,0.1931289090909091,0.04684659090909091,,
60267.5,maxi,0.06564837837837838,0.00594,1.088883242281794,0.21048000623390029
60268.5,maxi,0.04258648648648648,0.00663054054054054,0.9650218405886164,0.2709084156770852
60269.5,maxi,0.06437216216216216,0.006817567567567568,1.4873757472101332,0.373872148761148
60270.5,maxi,0.04423189189189189,0.008049459459459458,0.8365100298466023,0.2578173149706746
60271.5,maxi,0.05775486486486486,0.00901027027027027,0.9634388822009712,0.30483803742772786
60272.5,maxi,0.048122972972972966,0.010981351351351351,0.8883466350301983,0.34084577574216274
60273.5,maxi,0.04712108108108108,0.018172432432432432,1.4845662464192158,0.8224528198563008
60276.5,maxi,0.08196189189189189,0.017330540540540538,1.481321154928358,1.1878464177864962
60277.5,maxi,0.07560135135135135,0.015788108108108108,0.8036623695312368,0.3447519477387969
60278.5,maxi,0.07514027027027027,0.01436189189189189,2.8844867169563795,1.712200074568701
60279.5,maxi,0.08834594594594594,0.019478918918918918,1.0418974826449756,0.6572446557027802
60280.0,bat,0.11479013636363637,0.03754927272727273,,
60280.5,maxi,0.05846243243243243,0.014644594594594593,0.48172141119221407,0.283072948852025
60281.5,maxi,0.07464135135135135,0.010653783783783784,0.9644112831799029,0.2815290576872114
60282.5,maxi,0.1343289189189189,0.027846756756756755,0.5366866827595439,0.2764514646062062
60290.0,bat,0.18813668181818183,0.04019481818181818,,
60291.0,bat,0.19605245454545456,0.05240768181818182,,
60292.0,bat,0.19252063636363637,0.023469636363636363,,
60293.0,bat,0.19327045454545455,0.03826690909090909,,
60297.0,bat,0.2306754090909091,0.024004136363636363,,
60298.0,bat,0.24892218181818182,0.023633136363636363,,
60298.5,maxi,0.08506108108108108,0.0057529729729729724,1.0331104544064966,0.13330262356714034
60299.0,bat,0.21515672727272728,0.01940759090909091,,
60299.5,maxi,0.08335378378378377,0.005081081081081081,0.7905839301732853,0.09259823561922643
60300.5,maxi,0.08554675675675676,0.005184324324324324,0.8199952473096378,0.09513409545703777
60301.0,bat,0.14741404545454548,0.05533372727272728,,
60301.5,maxi,0.07458513513513514,0.004719189189189189,0.8362817103026458,0.1026061851342893
60302.0,bat,0.3021170909090909,0.03714036363636364,,
60302.5,maxi,0.08662054054054054,0.00479081081081081,0.8404220221321053,0.08912623326255753
60303.0,bat,0.20118427272727274,0.05563681818181818,,
60303.5,maxi,0.07559108108108108,0.004842972972972973,0.6624714193086032,0.07865624702948736
60304.0,bat,0.21267754545454545,0.071656,,
60304.5,maxi,0.05985297297297296,0.008546216216216217,0.7032249714872724,0.1650668669780753
60305.5,maxi,0.09433945945945944,0.005046486486486487,0.7022472592916696,0.07449680513639716
60306.5,maxi,0.08393216216216216,0.004349459459459459,0.8940450943185623,0.0818089129149518
60307.5,maxi,0.08013297297297296,0.00441027027027027,0.9189530802176923,0.0946900395916175
60308.5,maxi,0.07121405405405405,0.006777297297297297,0.8021435433827351,0.13066351715755814
60309.5,maxi,0.06863648648648647,0.00870081081081081,0.5916455440981624,0.14990173725028041
60310.0,bat,0.25755540909090907,0.04914722727272727,,
60310.5,maxi,0.1003781081081081,0.006330810810810811,0.7502658525802636,0.09350545171150168
60311.0,bat,0.24104913636363634,0.022489272727272726,,
60311.5,maxi,0.08976972972972973,0.006262162162162162,0.7478937906756782,0.10096955965182003
60312.5,maxi,0.09967594594594593,0.006705945945945946,0.9031771527070439,0.11968783402493985
60313.0,bat,0.26247536363636365,0.02132813636363636,,
60313.5,maxi,0.09852648648648647,0.006702702702702702,0.9151416993165369,0.12531836763868898
60314.0,bat,0.18755463636363637,0.02383,,
60314.5,maxi,0.11738189189189188,0.004813783783783784,0.8967224319542125,0.0838023001786253
60315.0,bat,0.2779634545454545,0.024412454545454543,,
60315.5,maxi,0.10157378378378379,0.004262432432432432,0.9583786334078649,0.08308925010190485
60316.0,bat,0.2175610909090909,0.0334755,,
60316.5,maxi,0.10236945945945947,0.004192972972972973,1.0192108818889316,0.0917889515582547
60317.0,bat,0.2397315909090909,0.061919772727272726,,
60317.5,maxi,0.10611702702702702,0.004238918918918919,0.9031822256370853,0.07539417083727774
60318.0,bat,0.18145927272727272,0.04225045454545455,,
60318.5,maxi,0.09092594594594594,0.0038727027027027025,0.971392734440125,0.08530306229745638
60319.0,bat,0.29881072727272723,0.018640636363636363,,
60319.5,maxi,0.10883918918918918,0.00412,1.0321151561735729,0.08512824549668756
60320.0,bat,0.2151605,0.017347545454545452,,
60320.5,maxi,0.10827675675675674,0.004008108108108107,0.9772660861434165,0.0748919966412151
60321.0,bat,0.2518262272727273,0.054994772727272725,,
60321.5,maxi,0.10846756756756756,0.004238378378378378,1.0093735168486,0.08151224394474638
60322.0,bat,0.2481249090909091,0.030434363636363634,,
60322.5,maxi,0.10948162162162162,0.00420027027027027,1.0752660191716659,0.08935809672437797
60323.0,bat,0.23923313636363636,0.021637545454545454,,
60323.5,maxi,0.11299324324324322,0.004629189189189189,1.1041436802746107,0.09961041769117303
60324.0,bat,0.25863400000000003,0.018007454545454545,,
60324.5,maxi,0.09515837837837837,0.005136216216216216,0.9960711644146115,0.1138004088750713
60325.0,bat,0.3393258636363637,0.025610136363636363,,
60325.5,maxi,0.08889756756756757,0.006934594594594595,1.3429382346114078,0.2375595279820966
60326.5,maxi,0.06420432432432432,0.007415945945945946,1.038791095003883,0.25250701550422167
60327.0,bat,0.29946722727272723,0.026747227272727273,,
60327.5,maxi,0.08478108108108108,0.007636756756756756,1.2879644939517885,0.2578985844123192
60328.0,bat,0.31970109090909093,0.021396181818181818,,
60328.5,maxi,0.1038218918918919,0.006042432432432431,1.1604599649748506,0.14961727331600946
60329.0,bat,0.2914485909090909,0.014529363636363635,,
60329.5,maxi,0.11916594594594593,0.0054070270270270265,0.9368798460910629,0.09000397537673942
60330.0,bat,0.2906823636363636,0.016565,,
60330.5,maxi,0.13145891891891892,0.005037297297297297,1.0538798732639085,0.08746472407225891
60331.0,bat,0.26786377272727274,0.017041181818181816,,
60331.5,maxi,0.14794837837837838,0.005238918918918918,0.992842097051022,0.07453727799772294
60332.0,bat,0.2936268181818182,0.02124959090909091,,
60332.5,maxi,0.14610270270270267,0.005083513513513513,1.098298928879222,0.08232068562474698
60333.0,bat,0.3067736818181818,0.023430227272727273,,
60333.5,maxi,0.14360054054054053,0.0051035135135135135,0.910637561252752,0.06508073560322496
60334.0,bat,0.39191104545454547,0.0692675,,
60334.5,maxi,0.16346945945945945,0.005319189189189189,0.8463141443084136,0.05538459633155793
60335.0,bat,0.2072326818181818,0.018414045454545457,,
60335.5,maxi,0.16573270270270268,0.005521621621621621,0.6770017630092013,0.04356717916649518
60336.0,bat,0.1557300909090909,0.06138204545454545,,
60336.5,maxi,0.18077567567567565,0.005769189189189189,0.5508955530222287,0.03317799759922562
60337.5,maxi,0.20637945945945943,0.0066335135135135136,0.4236716662979263,0.02553649670589464
60338.5,maxi,0.24297783783783783,0.0074010810810810805,0.323163424454962,0.018945601381575077
60339.5,maxi,0.21518783783783782,0.008343783783783783,0.2312415858268734,0.018317218506364183
60340.0,bat,0.03069559090909091,0.012705136363636363,,
60340.5,maxi,0.241137027027027,0.009151621621621623,0.2861421181595426,0.021178865490973635
60341.0,bat,0.03174368181818182,0.007877863636363636,,
60341.5,maxi,0.22593297297297296,0.009909729729729729,0.30174994488258,0.02446966244426678
60342.0,bat,0.04152513636363636,0.008674818181818183,,
60342.5,maxi,0.2441135135135135,0.00963,0.23495138634493776,0.01932707628346242
60343.0,bat,0.036453954545454546,0.007527090909090909,,
60343.5,maxi,0.21130918918918917,0.010778918918918919,0.26609800715097426,0.026120231565281843
60344.0,bat,0.026623045454545455,0.006950954545454546,,
60344.5,maxi,0.2353572972972973,0.01274972972972973,0.22993062438057482,0.025223612887882125
60345.0,bat,0.028883318181818184,0.008841863636363636,,
60345.5,maxi,0.2239816216216216,0.013669729729729728,0.22669701666259023,0.027534390320379968
60346.0,bat,0.03966895454545454,0.00892990909090909,,
60348.0,bat,0.021734863636363635,0.008519954545454546,,
60349.0,bat,0.019883818181818183,0.007223227272727273,,
60350.0,bat,0.030542545454545454,0.0091475,,
60350.5,maxi,0.2873864864864865,0.02471135135135135,0.22922391306323636,0.04296309225122412
60351.0,bat,0.04901272727272728,0.009772000000000001,,
60351.5,maxi,0.3123262162162162,0.02141324324324324,0.26312683435779866,0.03862334644072168
60352.0,bat,0.06639781818181818,0.013242136363636364,,
60352.5,maxi,0.3003681081081081,0.02063162162162162,0.19324019207632515,0.032026709715462676
60353.0,bat,0.05177231818181818,0.018800772727272725,,
60354.0,bat,0.07909781818181819,0.02539809090909091,,
60359.0,bat,0.07704372727272726,0.03236640909090909,,
60360.0,bat,0.05165118181818182,0.02071359090909091,,
60361.0,bat,0.027258818181818183,0.012129409090909092,,
60362.0,bat,0.0508095,0.011197,,
60363.0,bat,0.05494363636363637,0.008871272727272728,,
60364.0,bat,0.021328181818181816,0.009849863636363636,,
60365.0,bat,0.034222636363636365,0.007611681818181818,,
60366.0,bat,0.04773840909090909,0.007933227272727272,,
60367.5,maxi,0.20261297297297295,0.00928972972972973,0.12859970689594563,0.015646563752810573
60368.5,maxi,0.18056432432432432,0.005817027027027027,0.1516596610669108,0.012311731178145878
60369.0,bat,0.040688772727272726,0.013952863636363635,,
60369.5,maxi,0.1721316216216216,0.005999729729729729,0.16619843607378224,0.014229608892926642
60370.0,bat,0.022477772727272728,0.009148818181818182,,
60370.5,maxi,0.1683589189189189,0.005852432432432432,0.12250538936302159,0.012003738760608024
60371.5,maxi,0.1705072972972973,0.005888108108108108,0.13526672790540875,0.012849305018066835
60372.5,maxi,0.15461594594594594,0.005851351351351351,0.1204731714342172,0.013672232774593809
60373.5,maxi,0.14532945945945944,0.006042972972972973,0.11367300704397239,0.014155686096292799
60374.0,bat,0.04772854545454546,0.014363272727272728,,
60374.5,maxi,0.12475054054054054,0.005271351351351351,0.10198288440904629,0.013930916306364886
60375.0,bat,0.02426259090909091,0.01158659090909091,,
60375.5,maxi,0.11864270270270269,0.005337837837837838,0.11503750686624553,0.016009301284138387
60376.5,maxi,0.12584135135135135,0.006393783783783784,0.11816818695553181,0.01850805865083432
60377.5,maxi,0.0961235135135135,0.007476216216216216,0.12443584784010316,0.027174449467841068
60378.5,maxi,0.10680891891891892,0.004753513513513513,0.1356044974731617,0.016885888200745453
60379.0,bat,0.024796272727272726,0.011513954545454546,,
60379.5,maxi,0.08455918918918919,0.003884054054054054,0.117897608961011,0.015316332461057413
60380.5,maxi,0.08435135135135134,0.0038916216216216214,0.11445812715387126,0.015569061558066293
60381.5,maxi,0.07231756756756756,0.0035994594594594594,0.1062785819894784,0.017158840465489753
60382.5,maxi,0.06759891891891892,0.0036162162162162157,0.12239481609929727,0.019071902455212467
60383.5,maxi,0.05668891891891891,0.003711351351351351,0.15621253430192802,0.024301053026645585
60384.5,maxi,0.05279351351351352,0.0037013513513513515,0.12733147443385207,0.025100776823713165
60385.5,maxi,0.047565135135135134,0.0034278378378378377,0.10357451419701562,0.024063204312472535
60386.5,maxi,0.048429999999999994,0.0035624324324324322,0.17132031569348805,0.02773020417336969
60387.5,maxi,0.041672432432432426,0.0035145945945945943,0.15718856977653375,0.03421733406368152
60388.5,maxi,0.03755081081081081,0.00358,0.1696535007549869,0.035357701459055625
60389.5,maxi,0.03306378378378378,0.0032535135135135134,0.13025760341056328,0.033240140303401514
60390.5,maxi,0.034233783783783785,0.0061259459459459455,0.12300406480346968,0.0854214317657481
60391.5,maxi,0.03377162162162162,0.0036716216216216213,0.15673101821215868,0.04006305182052924
60392.5,maxi,0.03888351351351351,0.0033627027027027024,0.26439933307520286,0.04346285257598787
60393.5,maxi,0.045107567567567564,0.0033648648648648646,0.20458332476188518,0.035968338887385945
60394.5,maxi,0.032287837837837834,0.003733783783783783,0.21960534183775163,0.04814016603026216
60395.5,maxi,0.037003783783783786,0.0034754054054054054,0.2689567168525085,0.04976128932500794
60396.5,maxi,0.031266486486486486,0.0036145945945945945,0.21081615502496417,0.05590421440912409
60397.5,maxi,0.031171081081081083,0.0046951351351351344,0.33499135958152354,0.09353520390747236
60398.5,maxi,0.020216216216216217,0.006529189189189189,0.21043628304104006,0.15256979224596884
60399.5,maxi,0.02231135135135135,0.007041621621621622,0.023437317443626593,0.12116186380182845
60400.5,maxi,0.025339729729729726,0.005967567567567567,0.3561600795946955,0.13507660434049268
60401.5,maxi,0.024064864864864862,0.004147297297297297,0.19969658924461184,0.0678490412124713
60402.5,maxi,0.030318108108108106,0.0037235135135135133,0.16893207006932937,0.045132743280248626
60403.5,maxi,0.03784756756756756,0.00395054054054054,0.13485739956199735,0.036654598964788475
60404.5,maxi,0.05284702702702703,0.0040208108108108105,0.18122009236202793,0.03415224136232292
60405.5,maxi,0.04391837837837838,0.003958378378378378,0.22130407564824883,0.041111139358000884
60406.5,maxi,0.04538918918918919,0.003864054054054054,0.16287637143169134,0.033229693530675106
60407.5,maxi,0.045533243243243246,0.0038905405405405403,0.18269528735906176,0.035334300814133746
60408.5,maxi,0.045914324324324324,0.003954324324324324,0.1501921857126593,0.03111239274102886
60409.5,maxi,0.05040891891891892,0.004027297297297297,0.09298543408903069,0.023937575084126275
60410.5,maxi,0.05293351351351351,0.004206756756756757,0.1506208209487992,0.02802514392819881
60411.5,maxi,0.060231351351351346,0.004742702702702703,0.25042969603160287,0.03589583489426308
60412.5,maxi,0.06435135135135135,0.00483027027027027,0.1938857011255445,0.03474798338428338
60413.5,maxi,0.04655135135135135,0.00574054054054054,0.12368714267448445,0.03761264253527032
60414.5,maxi,0.054469189189189186,0.006297567567567567,0.24064367334102107,0.0527526120630048
60415.5,maxi,0.05633081081081081,0.0061059459459459455,0.17032073751773782,0.042206588533181794
60416.5,maxi,0.058765135135135135,0.0076278378378378375,0.19769736673484345,0.05870591668777701
60417.5,maxi,0.04831945945945946,0.007141891891891892,0.2685088331008833,0.06729055731072764
60418.5,maxi,0.05374540540540541,0.008201351351351352,0.22542764942742097,0.06908624099052041
60419.5,maxi,0.06876378378378378,0.010052432432432432,0.4548762029871206,0.10988187670509128
60423.0,bat,0.027514136363636362,0.013358727272727272,,
60424.0,bat,0.037302136363636364,0.010021,,
60432.0,bat,0.020887863636363635,0.008715227272727272,,
60433.0,bat,0.028029318181818183,0.009915772727272728,,
60434.0,bat,0.038329545454545456,0.01682009090909091,,
60435.0,bat,0.03741418181818182,0.013554636363636364,,
60436.0,bat,0.04478613636363636,0.01562940909090909,,
60437.0,bat,0.04400977272727273,0.0122905,,
60438.0,bat,0.04481536363636363,0.01168459090909091,,
60439.0,bat,0.0359065,0.008167681818181819,,
60440.0,bat,0.05486181818181818,0.014941999999999999,,
60440.5,maxi,0.030484864864864864,0.008365675675675676,0.6394829892333568,0.2677505774622634
60441.0,bat,0.063486,0.012924227272727271,,
60441.5,maxi,0.020547837837837837,0.003379189189189189,0.7395559116401511,0.21783642109993093
60442.0,bat,0.03595913636363636,0.012793318181818182,,
60442.5,maxi,0.02181432432432432,0.003049189189189189,0.6255172563208181,0.14138606234709022
60443.0,bat,0.054963454545454545,0.013563227272727274,,
60443.5,maxi,0.014935945945945946,0.0035427027027027025,0.7487408216517992,0.24569465956060707
60444.5,maxi,0.009766756756756758,0.00436054054054054,0.7500595852864066,0.39674048022846375
60445.0,bat,0.02358459090909091,0.011314090909090909,,
60446.0,bat,0.039557363636363634,0.009028999999999999,,
60447.0,bat,0.055052863636363636,0.025764045454545453,,
60447.5,maxi,0.01352162162162162,0.004097027027027027,0.3249698730031208,0.21989881151055135
60448.0,bat,0.055010863636363636,0.02600818181818182,,
60448.5,maxi,0.02167189189189189,0.003697297297297297,0.8525616530966167,0.26037270970670395
60450.5,maxi,0.01644081081081081,0.003843243243243243,1.266414306226341,0.47369021830523533
60451.0,bat,0.11328995454545455,0.03227554545454545,,
60451.5,maxi,0.009043783783783782,0.003241081081081081,1.2636451877846637,0.6985226140794832
60452.5,maxi,0.007775945945945946,0.002884324324324324,0.9849707765098804,0.45378820407900056
60453.5,maxi,0.006716486486486486,0.0026694594594594595,0.8249101796407186,0.4441241306815267
60454.5,maxi,0.015120540540540541,0.006029729729729729,1.0451139556665627,1.1317577122785414
60456.0,bat,0.03340518181818181,0.013353863636363636,,
60456.5,maxi,0.007341621621621622,0.002717837837837838,0.9441415377767887,0.6720255020778919
60458.0,bat,0.042890363636363636,0.015041727272727273,,
60458.5,maxi,0.007151621621621621,0.002932972972972973,0.22010309278350518,0.23999734638140052
60461.0,bat,0.049905454545454545,0.02399331818181818,,
60461.5,maxi,0.008096216216216217,0.0029864864864864865,1.2477477477477479,1.032088565755995
60462.5,maxi,0.007087837837837837,0.003404324324324324,0.6203356149260322,0.6813034057594808
60463.5,maxi,0.008288378378378378,0.002693513513513513,1.6853002070393375,0.9856181710760544
60464.5,maxi,0.006842432432432432,0.002665135135135135,2.895439657344419,3.3990736473981618
60465.5,maxi,0.00982081081081081,0.0026781081081081078,0.5753269916765754,0.29211339476152937
60467.5,maxi,0.009000000000000001,0.0026524324324324325,1.403431449708799,0.6185581943346897
60469.5,maxi,0.010204054054054053,0.003051621621621622,2.1469494559977966,1.7625415049083113
60470.0,bat,0.040669136363636366,0.015544454545454545,,
60472.0,bat,0.035706318181818186,0.014561636363636363,,
60473.0,bat,0.05211427272727273,0.018802454545454546,,
60474.0,bat,0.028037,0.011184045454545455,,
60475.5,maxi,0.006457567567567568,0.0030102702702702704,0.8673185610478155,0.5935747377936497
60476.0,bat,0.05704904545454545,0.008896318181818182,,
60476.5,maxi,0.014774864864864864,0.0031475675675675676,0.9495209642526011,0.353789819043657
60477.0,bat,0.06352436363636363,0.012037727272727273,,
60477.5,maxi,0.010167567567567566,0.0030724324324324323,0.7710048201705598,0.47166733172555236
60478.0,bat,0.045478000000000005,0.015261227272727272,,
60478.5,maxi,0.017155135135135134,0.003268918918918919,3.075885167464115,1.7043936807947095
60479.5,maxi,0.018054054054054053,0.003218378378378378,2.0401333504295422,0.8376901389420267
60480.0,bat,0.0469605,0.01748709090909091,,
60480.5,maxi,0.017576216216216217,0.0036527027027027023,1.0549256255525234,0.34240047194912065
60481.0,bat,0.062017136363636365,0.014244454545454546,,
60481.5,maxi,0.021303513513513513,0.0034832432432432433,1.6212676212676211,0.645129483789631
60482.0,bat,0.050952363636363636,0.025409272727272728,,
60482.5,maxi,0.025162972972972972,0.003756756756756756,1.0392555319011676,0.29839715008482215
60483.0,bat,0.08057445454545455,0.04028313636363636,,
60483.5,maxi,0.023815135135135133,0.0039005405405405404,0.7520423100533596,0.1946279579352933
60484.0,bat,0.05665636363636364,0.010656863636363638,,
60484.5,maxi,0.023884864864864862,0.0044010810810810805,0.840610713867073,0.27679837082625447
60485.0,bat,0.061796227272727274,0.01296231818181818,,
60485.5,maxi,0.04026945945945946,0.004492702702702702,1.360906331309627,0.28895779640043334
60486.5,maxi,0.029985675675675675,0.00667,0.7968609538618528,0.33177545032687905
60487.0,bat,0.10243631818181817,0.013238772727272727,,
60487.5,maxi,0.04426027027027027,0.005976756756756757,0.8061337307119165,0.20977227109362867
60488.0,bat,0.08747068181818182,0.013253727272727273,,
60488.5,maxi,0.02817162162162162,0.00793027027027027,1.2372493844530426,0.546537894408754
60489.0,bat,0.13379572727272726,0.016396499999999998,,
60489.5,maxi,0.03741378378378378,0.007603513513513513,0.4944653854321513,0.17453781112337638
60490.0,bat,0.07632609090909091,0.022883818181818182,,
60490.5,maxi,0.05976027027027027,0.010221891891891892,1.4807761667748685,0.5721483964626684
60491.0,bat,0.2007882727272727,0.06129081818181818,,
60492.0,bat,0.11887831818181818,0.016321909090909092,,
60493.0,bat,0.14783854545454547,0.03367577272727273,,
60494.0,bat,0.2745202272727273,0.03785981818181818,,
60495.0,bat,0.18859059090909092,0.025398272727272728,,
60496.0,bat,0.21174272727272725,0.024879045454545452,,
60497.0,bat,0.24811313636363636,0.030028454545454546,,
60498.0,bat,0.15153277272727272,0.017010181818181817,,
60499.0,bat,0.16799122727272728,0.018930954545454542,,
60500.0,bat,0.1702707272727273,0.01258290909090909,,
60501.0,bat,0.15294977272727273,0.011140954545454546,,
60504.0,bat,0.15285622727272727,0.019536045454545455,,
60506.0,bat,0.115012,0.019231454545454545,,
60507.0,bat,0.10146922727272727,0.026441772727272727,,
60508.0,bat,0.07257609090909091,0.029596136363636366,,
60512.0,bat,0.023152863636363638,0.011382,,
60513.0,bat,0.0625899090909091,0.015374772727272727,,
60514.0,bat,0.027297454545454545,0.011702454545454545,,
60514.5,maxi,0.13653837837837837,0.0062818918918918915,0.10680843958919699,0.014096108249904506
60515.0,bat,0.016976954545454545,0.007279318181818181,,
60515.5,maxi,0.1559008108108108,0.005467027027027027,0.12341622446835979,0.012208793371880779
60516.0,bat,0.017532909090909092,0.005792272727272727,,
60516.5,maxi,0.14846297297297298,0.005544864864864865,0.10629070711331837,0.011828001719391813
60517.5,maxi,0.15187702702702702,0.005895135135135135,0.12347901704823501,0.013684733844354598
60518.5,maxi,0.14713270270270268,0.0056572972972972965,0.12013906378691859,0.013192326297999296
60519.5,maxi,0.1374656756756757,0.005667027027027027,0.11165342018157998,0.013306039967152494
60520.5,maxi,0.14194216216216216,0.0058508108108108105,0.10449284650938821,0.013138000657597742
60521.5,maxi,0.14540378378378377,0.005881081081081081,0.135210714551031,0.014692651382376845
60522.5,maxi,0.14447918918918917,0.011631081081081079,0.1694065757818765,0.032191781284187884
60523.5,maxi,0.14184027027027027,0.008535675675675675,0.13635681114691106,0.021871616125392915
60524.5,maxi,0.1206208108108108,0.006245135135135135,0.1486597550437452,0.01951413270765843
60525.5,maxi,0.1470445945945946,0.009374594594594594,0.15021036898347367,0.02397402477338009
60528.5,maxi,0.1263008108108108,0.004061621621621621,0.18495490977705625,0.013114171013494042
60529.5,maxi,0.11291864864864863,0.004231621621621622,0.15766019996237388,0.01420687228007159
60530.5,maxi,0.1190472972972973,0.004347297297297297,0.15595713707161699,0.013709476780192383
60531.5,maxi,0.11543729729729729,0.004174594594594594,0.14199235646470068,0.01298933983609903
60532.5,maxi,0.1071662162162162,0.004207567567567567,0.14653827658601237,0.014053868154619295
60533.0,bat,0.020354454545454547,0.010123272727272727,,
60533.5,maxi,0.12462837837837837,0.004372432432432433,0.19377540001331053,0.01458460591348277
60534.0,bat,0.027485227272727272,0.013478863636363636,,
60534.5,maxi,0.11089297297297297,0.004415675675675675,0.16792874879435246,0.015055263321309098
60535.5,maxi,0.11110891891891891,0.004307297297297297,0.16331399409450179,0.014622999193206159
60536.5,maxi,0.11282567567567568,0.004163783783783783,0.18044886207131974,0.014855575052210346
60537.0,bat,0.035974954545454546,0.012793,,
60537.5,maxi,0.10221189189189189,0.004174594594594594,0.18592767795993084,0.016357962998489833
60538.5,maxi,0.10868297297297297,0.00409,0.1905500181074946,0.015174191843862674
60539.0,bat,0.016707045454545454,0.008347090909090908,,
60539.5,maxi,0.11373837837837837,0.004035135135135135,0.20416616193147405,0.014997610232333229
60540.0,bat,0.02336481818181818,0.010106454545454545,,
60540.5,maxi,0.11395216216216217,0.004289189189189188,0.1722397198116295,0.01490628553074444
60541.5,maxi,0.10128513513513514,0.004397837837837837,0.24095889823849595,0.02090274209916764
60542.5,maxi,0.09680675675675675,0.005388918918918918,0.19689472184145168,0.022765701632012875
60543.5,maxi,0.08245567567567567,0.006506486486486486,0.2029417043808254,0.03289641540410359
60544.5,maxi,0.12835540540540538,0.004758108108108108,0.15579659457853834,0.013515408374115748
60545.5,maxi,0.08743837837837837,0.007209999999999999,0.19771606231878164,0.03557722408431997
60546.5,maxi,0.09965891891891891,0.006287837837837837,0.19308127087195903,0.027571896814436007
60547.5,maxi,0.11219297297297297,0.004871081081081081,0.17695393314173913,0.017115689131016968
60548.5,maxi,0.11548513513513513,0.004958918918918919,0.14470681245245304,0.015032808442140205
60549.0,bat,0.025164454545454545,0.011825272727272728,,
60549.5,maxi,0.11948135135135135,0.004562162162162162,0.18169082636758016,0.014676911666287472
60550.5,maxi,0.14065999999999998,0.005059999999999999,0.1651482799525504,0.013725485450082934
60551.5,maxi,0.13418054054054054,0.004857837837837838,0.16069013056223666,0.013290316910264163
60552.5,maxi,0.13866432432432432,0.005056756756756757,0.17071844927586127,0.013920427042105216
60553.5,maxi,0.14200189189189188,0.005181891891891891,0.17275962471692008,0.013920218781224694
60554.5,maxi,0.14556837837837838,0.005399189189189189,0.15145403180511194,0.01284843410665232
60555.5,maxi,0.14718108108108108,0.00520081081081081,0.17360952302812463,0.013642204317846067
60556.5,maxi,0.15082945945945947,0.005813513513513514,0.14863992903838363,0.013387837801671777
60557.0,bat,0.05830422727272727,0.026156227272727272,,
60557.5,maxi,0.16218162162162164,0.006232162162162162,0.16236007788319073,0.014091678367957243
60558.5,maxi,0.1668527027027027,0.006844324324324324,0.17545208190153844,0.016070952612553365
60559.5,maxi,0.14892162162162162,0.008386486486486485,0.20906445314898264,0.023583919796191073
60560.5,maxi,0.16146972972972973,0.008793783783783784,0.1500183135886828,0.019123182705277214
60561.5,maxi,0.17375864864864865,0.008916486486486486,0.21264812931412228,0.02262837308359063
60562.5,maxi,0.15521513513513513,0.01109108108108108,0.17518043182365792,0.026698333334138034
60563.5,maxi,0.14375648648648648,0.012452702702702701,0.1802438774464597,0.03344630624779693
60564.5,maxi,0.1540462162162162,0.007216486486486486,0.16872922787236697,0.0173549673884353
60565.5,maxi,0.2014408108108108,0.01613027027027027,0.17289921836556554,0.031340125763205585
60577.0,bat,0.03349190909090909,0.014565909090909091,,
60585.5,maxi,0.08230621621621621,0.005522972972972972,0.10942034596503182,0.02471536988612631
60586.5,maxi,0.07786405405405405,0.004734864864864865,0.13915308085453326,0.023596583239810218
60587.5,maxi,0.07599918918918917,0.004494054054054054,0.12087697679194905,0.02246430356510885
60588.5,maxi,0.06357972972972972,0.004555945945945946,0.08577279319064587,0.02402903706872828
60589.5,maxi,0.05949513513513513,0.004554054054054054,0.08446752460016022,0.02555733163720507
60590.5,maxi,0.06638432432432433,0.004854054054054054,0.07786356610674862,0.024476327558290413
60591.5,maxi,0.05935675675675676,0.004607837837837838,0.12699933034355404,0.0281937180743473
60592.5,maxi,0.05856567567567567,0.004322702702702703,0.10691455494715395,0.026433524973319213
60593.5,maxi,0.0538381081081081,0.004499459459459459,0.14512810659068223,0.032072613122533476
60594.0,bat,0.027522954545454545,0.011776318181818181,,
60594.5,maxi,0.059376216216216214,0.005106216216216216,0.16567353666902154,0.03977622332853379
60595.5,maxi,0.061675405405405406,0.007053513513513513,0.18238576692358355,0.04932784731977063
60596.5,maxi,0.06273459459459459,0.004822162162162162,0.13497892197152478,0.031839198674140444
60597.5,maxi,0.047359729729729724,0.0035505405405405403,0.11715349284020293,0.0266616747751847
60598.5,maxi,0.04669216216216216,0.003493513513513513,0.17128537900200133,0.03014001172051804
60599.5,maxi,0.03343378378378378,0.0033924324324324327,0.13685360570662705,0.032273965965316294
60600.5,maxi,0.04235756756756757,0.0033554054054054055,0.13366829650665965,0.03135169391187969
60601.5,maxi,0.041889459459459454,0.003467837837837838,0.10318943421002788,0.03056814661630955
60602.5,maxi,0.029748378378378376,0.0035878378378378377,0.09479846568957266,0.03563079517896765
60603.5,maxi,0.034068378378378374,0.0032535135135135134,0.11244565049801104,0.036558396193241395
60604.5,maxi,0.033871351351351345,0.0032570270270270265,0.15919919012863082,0.03471727101652628
60605.5,maxi,0.029105135135135133,0.0031840540540540537,0.08386223862238622,0.037235357682418625
60606.5,maxi,0.029628918918918917,0.003464054054054054,0.14525169045830202,0.03786303840164158
60607.5,maxi,0.035825675675675676,0.0032737837837837837,0.2347697470438081,0.04186585207372392
60608.5,maxi,0.027863513513513512,0.0032475675675675674,0.10890960575745036,0.03866541804612126
60609.5,maxi,0.03513027027027026,0.0031899999999999997,0.18984098212078765,0.04125900406390554
60610.5,maxi,0.031005135135135135,0.003281081081081081,0.10840946248556839,0.036155534534072935
60611.0,bat,0.025861318181818183,0.010841909090909091,,
60611.5,maxi,0.031058108108108107,0.003134054054054054,0.11762147979451804,0.033851924497176916
60612.5,maxi,0.027274864864864867,0.0031372972972972973,0.21448175584406645,0.04269949027976055
60613.5,maxi,0.027639459459459458,0.0031613513513513514,0.13482008411651697,0.040645487710511075
60614.5,maxi,0.02782108108108108,0.0033240540540540537,0.14427436044030373,0.03946164797873685
60615.5,maxi,0.02449864864864865,0.004416756756756756,0.10248437738149671,0.06176016025742018
60616.5,maxi,0.01915189189189189,0.005659729729729729,0.056280381835125806,0.10174405624911267
60617.5,maxi,0.015518108108108108,0.006476216216216216,0.3608715994920126,0.24121092967791624
60619.5,maxi,0.01747189189189189,0.00427027027027027,0.3295363919526912,0.10994500590965056
60620.5,maxi,0.02491081081081081,0.003478378378378378,0.147458252606329,0.0474708212843003
60621.5,maxi,0.03401459459459459,0.0037140540540540543,0.18261416617113507,0.047460516731905135
60622.5,maxi,0.03132702702702703,0.0032124324324324326,0.17291706784774374,0.03929970620403657
60623.5,maxi,0.018812162162162162,0.0035578378378378376,0.03233070948235417,0.052661509080810576
60624.5,maxi,0.0414072972972973,0.003709189189189189,0.24376350120309653,0.04543082205227608
60625.5,maxi,0.04567216216216216,0.004743513513513513,0.12007506969455867,0.042239654578840116
60626.5,maxi,0.03437027027027027,0.006816216216216216,0.17395264807912736,0.07753207082679735
60627.5,maxi,0.060302972972972976,0.009037297297297298,0.1839070082383478,0.06375668586470484
60628.5,maxi,0.05749405405405405,0.008334594594594595,0.1015470086216686,0.05038137783776855
60629.5,maxi,0.04996324324324324,0.009227567567567567,0.11722246282662047,0.07697714610479692
60630.5,maxi,0.03460108108108108,0.010149729729729728,0.31789388147081094,0.1530946550210632
60631.5,maxi,0.06294837837837838,0.006410810810810811,0.3179224307583349,0.062344075107574906
60632.5,maxi,0.059135675675675674,0.00747054054054054,0.34452202260038195,0.08004184190071943
60633.5,maxi,0.04394081081081081,0.006098108108108108,0.19039016758334812,0.0503474710836905
60634.5,maxi,0.040592702702702696,0.00843081081081081,0.3429203385454825,0.09976733206264905
60635.0,bat,0.06499681818181818,0.029944636363636364,,
60635.5,maxi,0.03832648648648648,0.008491621621621622,0.2090281102523767,0.08503624148049653
60636.5,maxi,0.04529918918918919,0.012189189189189188,0.15504963253111656,0.10088549437259853
60637.5,maxi,0.06484783783783783,0.010851351351351351,0.05746876347270405,0.06241416652267622
60640.5,maxi,0.08767432432432432,0.012687567567567566,0.2593520231913149,0.0959053775812809
60641.5,maxi,0.09092756756756756,0.010425945945945946,0.24374450071566722,0.0682153891052292
60642.5,maxi,0.06313162162162161,0.008994864864864864,0.2293829972532994,0.08927959492253437
60643.5,maxi,0.07387972972972973,0.008888378378378378,0.24489369506572378,0.06771172067728319
60644.5,maxi,0.07028405405405404,0.010476216216216215,0.16552390294682895,0.07758552927118981
60659.5,maxi,0.0461527027027027,0.01358135135135135,0.02491157037663233,0.09250177410734714
60660.5,maxi,0.03617081081081081,0.007769189189189189,0.4699004767082044,0.1310067536857858
60661.5,maxi,0.03636540540540541,0.007057837837837837,0.25699240798514056,0.11220018645833935
60662.5,maxi,0.032508378378378375,0.004178378378378378,0.5208624451472139,0.1078487770223439
60663.5,maxi,0.02854972972972973,0.0037813513513513513,0.37949080087262455,0.09043198151552213
60664.5,maxi,0.02692243243243243,0.005648648648648648,0.8745920947420741,0.31330884825513095
60668.5,maxi,0.02853,0.004789999999999999,0.9869033047735618,0.30021838109641463
60669.5,maxi,0.019318108108108106,0.003452162162162162,0.6907101708863824,0.18401009913689384
60670.5,maxi,0.027997027027027027,0.0031486486486486487,0.8127044025157232,0.21800319999058587
60671.5,maxi,0.009418648648648647,0.0033989189189189187,0.6467492126493809,0.2894906593988678
60672.5,maxi,0.01157837837837838,0.004605405405405405,0.6352996072636776,0.3599529917999642
60673.5,maxi,0.02010756756756757,0.005334054054054054,0.5581296718443512,0.28459907416983027
60674.5,maxi,0.01881027027027027,0.00469054054054054,1.1141912827928113,0.5723130963438343
60675.5,maxi,0.015584324324324323,0.004911891891891892,2.8494623655913975,3.107415845230771
60678.5,maxi,0.024835135135135133,0.003836216216216216,2.1010177157934415,0.817750706112563
60679.5,maxi,0.008973783783783783,0.002934054054054054,1.0258684405025869,0.5629229539529135
60680.5,maxi,0.006257837837837838,0.0027329729729729728,1.616551015163197,1.0918459947529797
60683.5,maxi,0.009753243243243243,0.0030224324324324326,1.6503982804400052,1.1649044696289208
60687.5,maxi,0.009600270270270269,0.0033056756756756757,3.841843088418431,5.9402798742483185
60697.5,maxi,0.009641081081081082,0.0033402702702702704,4.380249427335199,6.049597544901809
60700.5,maxi,0.010662162162162162,0.0035210810810810808,0.19239779339529964,0.3948533991264055
60701.5,maxi,0.011305675675675675,0.004106756756756757,2.3089404510790197,2.564235477278985
60708.5,maxi,0.026090270270270267,0.009134054054054054,2.0962870254484773,2.599367323827659
60714.5,maxi,0.052402702702702704,0.023267567567567565,2.840988698698037,6.554187361545429
60731.5,maxi,0.013112972972972972,0.003442972972972973,1.2276830491474424,0.6301189830132866
60746.5,maxi,0.00695054054054054,0.003012702702702703,0.7493640084061497,0.6454639815754815
60750.5,maxi,0.006315675675675676,0.0027564864864864863,-0.2934210526315789,-1.4166255096679539
60752.0,bat,0.09774463636363637,0.04661686363636364,,
60758.0,bat,0.03892868181818182,0.015309181818181819,,
60766.5,maxi,0.007101621621621621,0.003209459459459459,-1.101396478445659,-4.272543195867011
60773.0,bat,0.05713086363636363,0.027264772727272728,,
60775.5,maxi,0.009223243243243242,0.004002972972972973,1.362419945105215,1.127143792512157
60782.5,maxi,0.021755405405405402,0.00890162162162162,-34.77906976744186,-364.76380480886223
60800.0,bat,0.02079181818181818,0.009527045454545455,,
60814.5,maxi,0.006129189189189189,0.0030556756756756755,-10.061182868796736,-35.09285029961939
60818.5,maxi,0.006009459459459459,0.002542972972972973,2.057942451714623,3.356427812371775
60821.5,maxi,0.006456216216216216,0.002732162162162162,1.1638733705772812,1.37775471950466
60849.5,maxi,0.013657567567567567,0.005596486486486486,0.9669063572479163,0.9802173755245946
60900.5,maxi,0.007704324324324324,0.0025156756756756758,7.944990176817289,32.76325143067988
60901.5,maxi,0.006671621621621621,0.002596216216216216,1.6343816322593092,1.551557005350279
60907.0,bat,0.021546909090909092,0.00834809090909091,,
60910.0,bat,0.047173,0.019520954545454546,,
60910.5,maxi,0.008352702702702702,0.0030259459459459456,0.5764119601328903,0.8197551503301224
60911.0,bat,0.04524436363636364,0.009741,,
60912.5,maxi,0.012657297297297296,0.002982432432432432,1.0305831600030815,0.5335086839373958
60913.5,maxi,0.014075675675675676,0.003151621621621621,2.2450685389501834,2.040339593678149
60914.5,maxi,0.012046756756756757,0.0029429729729729725,1.028267656737828,0.5787402585380107
60915.0,bat,0.03193836363636364,0.008096454545454546,,
60915.5,maxi,0.008069999999999999,0.0031532432432432433,0.35137351373513737,0.3451689681125457
60916.0,bat,0.021830954545454546,0.009744409090909092,,
60916.5,maxi,0.011445945945945946,0.003929189189189189,1.023816656680647,0.7162470790203466
60917.0,bat,0.03327895454545454,0.01178309090909091,,
60918.0,bat,0.042801,0.02003090909090909,,
60918.5,maxi,0.01641162162162162,0.00343027027027027,0.8506278616437736,0.32408140104664174
60919.5,maxi,0.017357567567567567,0.003755945945945946,0.9685447054893664,0.4498965590467314
60921.5,maxi,0.009753243243243243,0.0037324324324324322,3.014651162790698,4.61191382093383
60922.0,bat,0.06545509090909091,0.020434681818181817,,
60922.5,maxi,0.011102162162162163,0.0052783783783783775,0.8512441521459082,0.7084163790635681
60923.0,bat,0.04315713636363637,0.015328999999999999,,
60923.5,maxi,0.012918378378378378,0.006228378378378378,-149.10204081632654,-26963.659410533706
60924.0,bat,0.01942859090909091,0.0076609090909090915,,
60924.5,maxi,0.0139,0.006534864864864864,1.1270207852193994,0.8096386433279746
60925.5,maxi,0.016498918918918918,0.007304324324324324,1.723809523809524,1.34911183816239
60926.5,maxi,0.018023783783783782,0.007688378378378378,1.0741911021233568,0.9964234595190095
60930.0,bat,0.027335818181818183,0.01313531818181818,,
60932.0,bat,0.0148535,0.0072021818181818185,,
60932.5,maxi,0.03263945945945946,0.013655135135135135,2.684441896024465,5.774525760379372
60937.0,bat,0.048156727272727275,0.012906818181818182,,
60951.0,bat,0.02183627272727273,0.007916000000000001,,
60951.5,maxi,0.006547567567567567,0.003118108108108108,2.201115011356597,2.7603809610708536
60959.5,maxi,0.006715405405405405,0.0032686486486486485,2.7079646017699113,2.7774181337939723
60960.5,maxi,0.006855135135135135,0.0029286486486486485,1.8619938260395859,1.8232849923110062
60962.0,bat,0.022979863636363635,0.008544727272727273,,
60966.0,bat,0.038112999999999994,0.011271318181818183,,
60967.0,bat,0.030179272727272728,0.013379636363636363,,
60967.5,maxi,0.00980135135135135,0.002696756756756757,0.8908639292090351,0.4468883363108075
60968.0,bat,0.022767409090909088,0.010201454545454547,,
60968.5,maxi,0.008048918918918919,0.002699189189189189,0.2017787398240083,0.19238956257560497
60969.0,bat,0.029678545454545454,0.009114318181818182,,
60971.0,bat,0.042578954545454545,0.010369727272727274,,
60971.5,maxi,0.005857567567567568,0.00261027027027027,0.824081585351721,0.6256908978669445
60972.0,bat,0.027535181818181816,0.010808636363636364,,
60972.5,maxi,0.00794081081081081,0.0026359459459459455,0.9653576437587658,0.4115861358477591
60973.5,maxi,0.007841621621621622,0.0025443243243243245,0.2696282152083567,0.21779098052535656
60974.0,bat,0.04477127272727272,0.017223818181818184,,
60974.5,maxi,0.006662972972972973,0.002614864864864865,1.5846473029045642,1.1087123561987284
60975.5,maxi,0.010486216216216216,0.002574054054054054,4.949095022624435,7.876531413906273
60976.5,maxi,0.007845135135135135,0.002663783783783784,1.5355332940483208,0.9421961789378681
60977.5,maxi,0.008835405405405405,0.0026197297297297297,4.613044599123485,4.90438455111599
60978.0,bat,0.05777118181818181,0.012738181818181819,,
60979.0,bat,0.025111545454545452,0.010342954545454546,,
60980.5,maxi,0.016158648648648646,0.00604054054054054,-0.2577743510665639,-1.1614746823811253
60985.0,bat,0.03928386363636363,0.011781454545454546,,
60985.5,maxi,0.008658648648648648,0.0030289189189189186,0.46611792721437073,0.2685216371511205
60986.0,bat,0.05372181818181818,0.012671318181818181,,
60986.5,maxi,0.0206527027027027,0.002607297297297297,1.1139566937886265,0.30265310227856795
60987.0,bat,0.035625363636363636,0.009485272727272728,,
60987.5,maxi,0.013378648648648649,0.0028648648648648646,1.8252922994221208,0.7730653627358176
60988.0,bat,0.10576859090909091,0.02891309090909091,,
60988.5,maxi,0.021311351351351353,0.003338918918918919,1.0017762533304748,0.2516993658890139
60989.5,maxi,0.03954432432432432,0.004188918918918919,1.316829221120106,0.32994171513275594
60990.0,bat,0.08592272727272728,0.017458500000000002,,
60990.5,maxi,0.033069999999999995,0.0066159459459459455,1.952705997074598,0.9654642950192854
60991.0,bat,0.08963045454545454,0.01744059090909091,,
60991.5,maxi,0.02313027027027027,0.007284864864864864,2.0682767230616905,1.3718160771094807
60992.0,bat,0.0754226818181818,0.014331954545454545,,
60992.5,maxi,0.03963945945945946,0.008550270270270268,1.493685939181154,0.7368603529979477
60993.0,bat,0.08368531818181818,0.017239181818181817,,
60993.5,maxi,0.035481891891891895,0.009075405405405404,0.6886340370606648,0.2982174752345031
60994.0,bat,0.16543986363636365,0.07283381818181818,,
60994.5,maxi,0.02521081081081081,0.00911027027027027,0.8853099835822063,0.4639164937181345
60995.0,bat,0.10310068181818183,0.03997731818181818,,
60995.5,maxi,0.029175405405405405,0.006373243243243243,0.8987124813809709,0.3031548135473282
60996.0,bat,0.14597627272727273,0.021466045454545453,,
60996.5,maxi,0.02703864864864865,0.0069110810810810806,0.4873782986034627,0.18637905601924554
60997.5,maxi,0.046970270270270266,0.008268108108108107,0.5155702902343977,0.18135514464273783
60998.0,bat,0.12059759090909092,0.020994,,
60998.5,maxi,0.05734027027027026,0.009632432432432432,1.4178751267771037,0.5414878847203757
60999.0,bat,0.13871545454545456,0.01833731818181818,,
60999.5,maxi,0.04154135135135135,0.01148027027027027,0.9032018935650002,0.35922849010003544
61001.0,bat,0.09039481818181817,0.044684772727272726,,
61002.0,bat,0.20628304545454546,0.02779236363636364,,
61003.5,maxi,0.06945243243243242,0.016396486486486485,0.4692371947410169,0.24345066551875175
61004.5,maxi,0.10847621621621621,0.011592432432432432,0.9728476285490872,0.2289026223596996
61005.5,maxi,0.07013648648648647,0.008757027027027027,0.9927717338037831,0.293533843783962
61006.0,bat,0.17279086363636362,0.025174136363636364,,
61006.5,maxi,0.06128621621621621,0.011565135135135135,0.6233261456502437,0.24436191469564889
61007.5,maxi,0.0750962162162162,0.01593810810810811,0.5881978913219789,0.2326310003166899
61016.0,bat,0.3721676818181818,0.07602868181818183,,
61017.0,bat,0.4228316818181818,0.1461375,,
61019.0,bat,0.24321081818181817,0.05703213636363637,,
61023.0,bat,0.16239813636363634,0.045036909090909086,,
61024.5,maxi,0.03598729729729729,0.005978918918918918,1.055267908037241,0.373595681965798
61025.5,maxi,0.06782891891891892,0.005091891891891891,0.6403876433149269,0.08695213405976106
61026.0,bat,0.12313527272727273,0.049759681818181814,,
61026.5,maxi,0.06554027027027026,0.004756486486486486,0.6224547511312216,0.07800508050425596
61027.0,bat,0.16332781818181819,0.022812545454545453,,
61027.5,maxi,0.07536351351351352,0.005019189189189189,0.8333894284706863,0.10603273519954597
61028.0,bat,0.13506463636363636,0.020121545454545454,,
61028.5,maxi,0.07240945945945947,0.004362432432432432,0.7187376172236165,0.08701231861400271
61029.0,bat,0.16218731818181817,0.030980363636363636,,
61029.5,maxi,0.07101891891891891,0.004619189189189189,0.6999544531120092,0.08249662646923323
61030.5,maxi,0.060620540540540536,0.004936486486486486,0.8406643213260527,0.1352535504572001
61031.5,maxi,0.0659327027027027,0.0060891891891891895,0.6521473368668725,0.11664524840172609
61032.0,bat,0.139001,0.02444018181818182,,
61032.5,maxi,0.05743324324324324,0.004375135135135135,0.6231587525133083,0.0860633486284938
61033.0,bat,0.14513513636363637,0.024750454545454544,,
61033.5,maxi,0.05768243243243243,0.003761081081081081,1.0106478209658423,0.12158471545673742
61034.0,bat,0.24937745454545454,0.11626636363636364,,
61034.5,maxi,0.05152702702702702,0.0033554054054054055,0.927292281526687,0.10788161629931553
61035.0,bat,0.16620227272727273,0.05199059090909091,,
61035.5,maxi,0.04724351351351352,0.005678648648648648,0.706393408962579,0.15335611108851976
61036.0,bat,0.1362343181818182,0.022349681818181817,,
61036.5,maxi,0.045845135135135134,0.008918108108108107,0.5268815890738954,0.20716172524886772
61037.0,bat,0.197511,0.0518115,,
61037.5,maxi,0.03182108108108108,0.007824864864864865,0.6680891603372224,0.2425051196441285
61038.5,maxi,0.05175459459459459,0.00997027027027027,0.7851829193686528,0.2906268920294249
61039.0,bat,0.12773031818181818,0.014270681818181818,,
61039.5,maxi,0.05131378378378378,0.006275405405405405,1.5677219664112805,0.4374350582684205
61040.0,bat,0.10907254545454545,0.026847727272727273,,
61040.5,maxi,0.04037513513513513,0.005826756756756756,0.5851465121364531,0.16856116861084566
61041.5,maxi,0.03330702702702702,0.006572162162162162,0.6346039783001808,0.20997110542273748
61042.5,maxi,0.04123972972972973,0.006592432432432432,0.7862170426354352,0.22364125077573777
61043.5,maxi,0.03782162162162162,0.006932702702702702,0.941255082065954,0.3228204146146565
61044.5,maxi,0.03048081081081081,0.006702972972972973,0.6153761358088848,0.21832027259204817
61045.5,maxi,0.036834594594594594,0.004131621621621622,1.0474458204334365,0.20607382427013177
61046.5,maxi,0.0382527027027027,0.004083513513513513,1.070861022825773,0.18967356885132491
61047.0,bat,0.0942961818181818,0.018992772727272726,,
61047.5,maxi,0.030937837837837837,0.00440027027027027,2.2136614340263048,0.7738804608697212
61048.0,bat,0.15049713636363635,0.06252318181818181,,
61048.5,maxi,0.036296486486486486,0.004265945945945946,1.1922383962021335,0.31856178466780843
61049.0,bat,0.06982627272727272,0.0234945,,
61049.5,maxi,0.03452702702702703,0.003714324324324324,1.1764197248289718,0.25461908712201153
61050.5,maxi,0.02339243243243243,0.003291081081081081,1.1558974701288298,0.2967827265527008
61051.5,maxi,0.016409459459459458,0.004301081081081081,2.052321630804077,1.252995004015496
61052.5,maxi,0.015225405405405405,0.00545972972972973,0.946706424505286,0.6782261195308964
61053.5,maxi,0.020168648648648646,0.0065829729729729725,2.352645317374419,1.8035661861887577
61054.5,maxi,0.012695405405405405,0.005011351351351351,0.3200091785222579,0.3740469171130524
61055.5,maxi,0.015343513513513513,0.00425972972972973,2.560749134403525,1.5217993314287683
61056.5,maxi,0.017886216216216215,0.003401351351351351,1.7778646146447037,0.7091820509812203
61057.5,maxi,0.025575405405405406,0.0046854054054054056,1.0296823111058864,0.318799945633846
61058.5,maxi,0.027435135135135135,0.004822702702702702,2.004016064257028,0.8320355761509577
61059.5,maxi,0.01960810810810811,0.00497081081081081,0.9354868782920803,0.5082256625485865
61060.5,maxi,0.01032945945945946,0.004942162162162162,0.46705151411379087,0.4370379515264354
61061.5,maxi,0.02868162162162162,0.005236756756756757,0.8682514501016311,0.28474258094290134
61062.5,maxi,0.019588108108108106,0.004883513513513514,0.2995563908131378,0.17816783655243537
61063.5,maxi,0.014436756756756755,0.003085135135135135,0.6456048738033072,0.26889053525214685
61064.5,maxi,0.029307837837837834,0.005108918918918919,1.8824549859424538,1.066544588205615
61065.5,maxi,0.0337872972972973,0.006763783783783783,1.5576296939439984,0.8472536605330593
61066.5,maxi,0.033627567567567566,0.007714594594594594,2.9655978623914496,1.9982813448782437
61069.5,maxi,0.022334864864864867,0.009522162162162161,0.5518382005481522,1.4359543454981325
61073.5,maxi,0.02085432432432432,0.007915135135135134,2.4992203005387013,2.769566814779626
61074.5,maxi,0.03533918918918919,0.006919459459459459,2.148795528148707,1.2518335032524668
61076.5,maxi,0.024415405405405405,0.008385945945945945,1.1831678151601135,1.1695714131024328
61077.5,maxi,0.03251918918918919,0.010142702702702702,3.7893885473956646,8.523034792172263
61078.5,maxi,0.03566837837837838,0.010246216216216216,0.8256980015871871,0.4365275501849617
61079.5,maxi,0.040257297297297295,0.008745135135135133,0.7061274888100015,0.30141478737379596
61080.5,maxi,0.054277027027027025,0.008281621621621622,0.9844938158497482,0.4691718092527532
61081.5,maxi,0.039761081081081076,0.008324594594594593,0.6870962109306793,0.36498897071188213
61082.5,maxi,0.03533027027027027,0.010847297297297297,0.8759411859751172,0.7809958897093163
61094.5,maxi,0.010920540540540539,0.004283513513513513,3.2232438396469285,4.49230501874647
61100.5,maxi,0.008345135135135136,0.00327027027027027,-15.436649214659685,-88.72168485424324
61105.5,maxi,0.0073208108108108105,0.0030818918918918917,1.630704636728733,1.7714228971878094
61109.5,maxi,0.006351351351351351,0.0031667567567567564,1.6730769230769231,2.3802526499715744
61111.5,maxi,0.007893783783783784,0.0036686486486486483,7.941929133858268,40.98649764051054
61121.5,maxi,0.015617567567567568,0.0041235135135135135,0.9534260892285583,0.5606606886613851
61134.5,maxi,0.014802702702702702,0.004424864864864865,2.1463325183374082,1.9781781611631966
61150.5,maxi,0.04005432432432432,0.009829459459459459,0.7432168824259621,0.5876709512959153
61151.5,maxi,0.05192675675675675,0.014852972972972972,0.8541540064241688,1.3953111438893953
61152.5,maxi,0.03134189189189189,0.012593513513513512,20.468464549804263,197.0507126330545
61165.5,maxi,0.02551972972972973,0.0036967567567567565,2.4887438090950025,1.1799654331576082
61177.5,maxi,0.016442432432432433,0.004369459459459459,1.3071701838825127,1.3697707660679446
61180.5,maxi,0.0068427027027027024,0.003056216216216216,-84.83050847457628,-6584.20902291796
61186.5,maxi,0.007915405405405406,0.0033083783783783784,1.5299168975069253,2.528130297830546
61194.5,maxi,0.0178327027027027,0.004004864864864865,2.1223952852031154,1.406863340482063
61223.5,maxi,0.05121837837837838,0.011743513513513512,2.0257069408740356,1.663388388383593
61224.5,maxi,0.02357918918918919,0.00859972972972973,0.2421332243563547,0.32233808675287
61225.5,maxi,0.01941243243243243,0.009295675675675675,-8.714285714285714,-29.521992744304832
