mjd,inst,flux_crab,flux_err,hr,hr_err
50139.5,asm,0.0420554938747951,0.011608773271251023,0.3692331527128943,0.2279606013832299
50140.5,asm,0.014641100988737277,0.005996842999680399,1.8062937250930746,1.5720899140200606
50148.5,asm,0.08553753561143283,0.032707152123504335,-105.6317233965792,6727.586856384473
50172.5,asm,0.009001006692435216,0.0037319856754987222,0.8096254964067611,0.633974199980427
50175.5,asm,0.008505499596101642,0.0029492274614623098,0.7285801550890948,0.7614701659262277
50178.5,asm,0.02421950077553938,0.005510929853773118,1.7617594662699787,0.9144899231705906
50203.5,asm,0.022315373283196407,0.007112509517375082,0.9834697625053955,0.9063169989164487
50204.5,asm,0.01152822828481189,0.004888644234076343,1.473157109669311,1.1943092535672015
50209.5,asm,0.028368802696788643,0.009266170425414893,1.9227602960825099,3.151275299407324
50212.5,asm,0.019035170823279178,0.008440733503864825,0.06003736342946077,0.6384711672021782
50217.5,asm,0.01508599036773354,0.006090362384580512,-20.456219536669554,126.74368709673111
50234.5,asm,0.012861839430084489,0.0053930772186540216,0.08221899120489998,1.4530326714062778
50241.5,asm,0.010466482365254891,0.003980781025817634,1.246907900138273,1.0227143245574861
50251.5,asm,0.007477102419591786,0.003324708924003007,0.14022767443083806,0.26086302056379246
50265.5,asm,0.017044315859916143,0.004876376401067418,0.16973763019883947,0.2163816868038059
50266.5,asm,0.014659812525989534,0.004625381397717294,0.2863019828800918,0.2908515167333794
50272.5,asm,0.011038246659947343,0.004618786361490402,1.1937107650757248,1.2136472672635672
50286.5,asm,0.0119835644189914,0.0037465508673040237,-0.339325925629804,0.48098025832793595
50287.5,asm,0.0201744933273816,0.007972696203823989,-3.7590348249834187,8.32150406972608
50296.5,asm,0.009617548526334563,0.003997980586307639,2.2456196502178654,2.7707488269415084
50300.5,asm,0.007060120968193438,0.003076804893113884,0.09664504666488506,0.413445585538863
50302.5,asm,0.029050687275418915,0.011442073789472712,0.7851541709356266,0.6930872170650626
50326.5,asm,0.012447298048941992,0.0036508499083774183,1.8869648135318338,1.2106087345243208
50336.5,asm,0.030761892945558287,0.008966283126513567,5.2419638839259255,10.751341874134951
50340.5,asm,0.01200573919044351,0.004640447972545588,0.9427323698687062,1.198684930630917
50341.5,asm,0.008164399822638604,0.003839965635478526,-30.5476343221033,489.0382807917407
50343.5,asm,0.0149079081059705,0.004754969465260993,0.8956391361905778,0.6545305448312271
50350.5,asm,0.009444915342283079,0.00445855486329229,1.20750298629432,1.900176176633598
50356.5,asm,0.012486861066603086,0.005491191974589102,0.4997052988531056,0.46322189950994413
50371.5,asm,0.009670149186955308,0.003930582603625186,2.586398843420916,2.0947495573203665
50375.5,asm,0.0069588491389605996,0.0034079689296656066,2.039306211624299,1.9339647903331822
50396.5,asm,0.012456021558158304,0.004527096926398966,0.56817153971702,0.640728515431842
50401.5,asm,0.015959613591714522,0.005811608139319463,12.755939346286247,41.59876380081053
50404.5,asm,0.016709389789152203,0.006610593332584709,16.201293878912562,77.13102863615502
50440.5,asm,0.06533333460489908,0.031599998474121094,-5.615384968074834,28.402335216430522
50493.5,asm,0.019405254839223916,0.006343367805132218,1.1206668992476247,1.1612151720417734
50499.5,asm,0.020034538823233885,0.009007223977497817,93.7914279781939,4286.144315767883
50526.5,asm,0.023655706919865776,0.010638645462809234,3.6598149429882216,6.240316958859515
50528.5,asm,0.008329076591205282,0.0034360280530542444,4.010603842922409,5.278364771688765
50532.5,asm,0.009006151969103194,0.004375088657271369,3.6378526785764618,4.076355166823237
50534.5,asm,0.008753493458991226,0.003951776134005335,2.580095287944123,2.853229389399728
50562.5,asm,0.011469965785675268,0.004476247986959941,1.565660921857974,0.8751811417341341
50571.5,asm,0.019888549886682285,0.007605519166756632,0.2742647995282737,0.6829469282934582
50573.5,asm,0.02333606982474556,0.006220358409301422,0.73806210734838,0.4926809082462374
50585.5,asm,0.011406162756193595,0.004993480459611387,1.2786035050277877,1.1104298550791962
50604.5,asm,0.012507087988515896,0.0059827874812776426,1.588186555270332,1.2624299169643933
50613.5,asm,0.030711649451705125,0.011035234315649874,0.2993611934940297,0.4560344079179148
50614.5,asm,0.03481726366953896,0.008921879437399631,0.2269353931973143,0.29347621284615044
50615.5,asm,0.024185523617809505,0.008416523500423658,-0.16440931963090238,0.2689048144473122
50617.5,asm,0.021491546621330467,0.008003012070270252,0.8628513927513134,0.6322652653330499
50625.5,asm,0.022714161062001074,0.01027218076647181,0.6536389873923508,0.6639946141581683
50627.5,asm,0.02626254489493495,0.011483801170554104,-0.06355425522456527,0.3788388876528539
50632.5,asm,0.00655888975015084,0.002826523619987274,0.6125731257029199,0.5322780739462133
50635.5,asm,0.02111388630304872,0.006428121120483802,1.517030040174563,1.0105727441260686
50636.5,asm,0.018674435703972186,0.006286895028543451,0.4593839534215823,0.5259396190901876
50637.5,asm,0.01884234121154266,0.007772808226892468,2.946813317308523,4.0578059658380905
50639.5,asm,0.027392230626435435,0.012843889936918013,0.3831679672148345,1.4171917921129338
50651.5,asm,0.034373503955239554,0.009176424941766886,6.669083681619237,22.280289198677192
50656.5,asm,0.015092566683513168,0.0060926857761761715,0.7122394257885345,0.5432338044928041
50657.5,asm,0.019211506082549443,0.0063286264848073405,1.3144726378453169,1.138973056234965
50675.5,asm,0.020879234767841887,0.009879597281071717,2.112406391217085,3.5425002939907264
50684.5,asm,0.010480420816974995,0.005020677524313265,0.3692853434358973,0.5521034352675892
50685.5,asm,0.01614133505930552,0.004357067031091518,5.570373324435786,7.443534656869838
50694.5,asm,0.013675083742197293,0.004954992962779714,1.380184080156381,1.0577224340401883
50715.5,asm,0.01591606147836792,0.006213492255767891,0.2989571546452073,0.5608706326587789
50717.5,asm,0.013241842575213754,0.005101750601348753,3.1768921494453046,3.9535703482196256
50719.5,asm,0.01175107745244333,0.00510462870522675,1.2878567236153462,1.30390376222981
50722.5,asm,0.017717994924276774,0.007449271867257403,2.4548115343698536,2.6749672515363385
50732.5,asm,0.011179536212473543,0.003910188596013106,2.4828659055038083,3.3199662787724913
50744.5,asm,0.011320713005381658,0.004747735441676979,1.253071642160323,0.8683359645285946
50843.5,asm,0.015189311981128745,0.006209052236498131,-1.7739688652530572,1.7158898577140353
50855.5,asm,0.009348956966741448,0.004340128017345429,1.3532675708091813,1.3400819503759227
50859.5,asm,0.014188095715643516,0.005362057289157565,12.309351502969653,67.50254850796479
50869.5,asm,0.008996197236553686,0.003958360140574144,13.710079725310054,70.74779713496065
50892.5,asm,0.022180028531869345,0.008506576342781399,-2.3075072588567482,2.7063480817042067
50898.5,asm,0.010356738708096827,0.003736705300948681,0.7701609662353739,0.7543117672152791
50899.5,asm,0.011618717424374458,0.004796179045679608,1.4572818839598993,2.6959818355141327
50911.5,asm,0.009715574512764698,0.003209030942797715,2.5379332835205006,2.7569753835888657
50913.5,asm,0.00875788699702686,0.0034275292189845817,3.1454568012051642,7.146403784712881
50925.5,asm,0.015219654677467694,0.007224596803552017,0.2614259329342523,0.4651731538454575
50943.5,asm,0.015576494380262845,0.007370184384895997,0.02328825962786652,0.3800412301145635
50949.5,asm,0.00957223663998777,0.004772360321461256,-1.6103235277267098,1.3515816055193854
50955.5,asm,0.012777915058915,0.005711209797184622,0.17548682847085018,0.4274258017117591
50956.5,asm,0.024210258928070445,0.0060691611180192975,1.4803900684886664,1.0615121161069558
50957.5,asm,0.010598134503452808,0.004634245906945291,17.52135492855448,129.4239615477425
50962.5,asm,0.02555681935906977,0.012403215485904734,0.8011809619183257,0.5932002625766217
50964.5,asm,0.011977907684027376,0.005777383477657372,-1.4239238116709996,2.1578048544513875
50979.5,asm,0.012321498739729236,0.004303603407308244,1.1554137658897194,1.1108172080540866
50988.5,asm,0.016996202221195505,0.007512187658635791,0.35314188177068134,0.4989647738818354
50998.5,asm,0.024005742136660582,0.008041684696922588,1.321714549457668,1.0564323123221306
51006.5,asm,0.012257619613128287,0.0059121955969823545,2.5868628008647887,3.717655978819613
51007.5,asm,0.021313077082988255,0.00497775110988383,0.6885409480826638,0.2935792277063852
51010.5,asm,0.01525507306431558,0.006285409641656207,1.2343498773338601,1.9149535069294612
51013.5,asm,0.014844576077807542,0.00636869450676313,0.33690337146584604,0.3777655427707382
51015.5,asm,0.010210676065983929,0.003988061250181271,1.1562206510995936,1.5625518979414141
51021.5,asm,0.01182020972118709,0.004468467435317985,-7.386551181884615,24.02917776626133
51023.5,asm,0.0077282680863461906,0.0038120181725194136,4.873577735721654,19.08244047923634
51055.5,asm,0.008551550890760788,0.003848304068508491,1.5878011754351449,1.7830069980610315
51065.5,asm,0.007084983684832253,0.0034888618688555403,0.6087072484098008,0.585876855583846
51073.5,asm,0.009319138579778364,0.0041346160140192986,1.0007264669641867,1.148849531604921
51077.5,asm,0.009906920627462625,0.0039017658068714956,1.5903228277624475,0.9813125719673602
51078.5,asm,0.00845516303055694,0.004067263092614999,1.4912267442104474,1.8617020116963454
51106.5,asm,0.028597700422732,0.011711218997696378,1.116527984891101,0.8589645447111773
51113.5,asm,0.01132033791114941,0.00488985345137827,2.521561471226629,12.967015596332859
51114.5,asm,0.020521557606294143,0.007562218106703232,0.3062731468073765,0.27697961168778246
51116.5,asm,0.008286439501787491,0.0038953417595818177,-4.057314490709437,8.908607241392263
51132.5,asm,0.05173333485921224,0.015466666221618653,1.2152777294869794,0.7516667783780081
51229.5,asm,0.010612474126520605,0.004369178821376619,0.10207419189460815,0.40249678068929207
51233.5,asm,0.009867437083283939,0.004311654104070334,0.38451852733061864,0.39077132537560844
51243.5,asm,0.022721088451369442,0.007588937091476285,0.7925760407637857,0.5092477777344533
51260.5,asm,0.01877032294869129,0.007227368890897014,0.09393868687879774,0.2337272610817757
51284.5,asm,0.008068102195038323,0.0031766390718770475,0.4819792465116099,0.4842454045341838
51286.5,asm,0.014009991700336719,0.004623941412805169,3.434371209990465,3.3366248629570436
51287.5,asm,0.010302209534396478,0.0038292854746420444,0.8627123116069052,0.7330678905585423
51294.5,asm,0.01970636695947454,0.004818523007712529,0.563541946037764,0.2841230695857883
51297.5,asm,0.012179933580083542,0.0038527676551290057,2.341148037355077,2.014387734019666
51298.5,asm,0.015357512577357148,0.0060746573775623605,2.9786158410227874,2.863697869663402
51302.5,asm,0.017063442884694618,0.007087426181169712,2.5162907188092745,3.5728019346265647
51303.5,asm,0.024008298463131038,0.0092433799912137,0.7149751271456337,0.8915240810819968
51308.5,asm,0.023552838531599642,0.011300257419710403,8.809876263410871,35.71329110871231
51324.5,asm,0.016634880405909772,0.007213532345009686,1.0023671058807877,1.5619429434334897
51326.5,asm,0.01222370620628387,0.003192962339058564,0.8038428957575982,0.5534323354264008
51327.5,asm,0.01428008101945974,0.0038964248528788213,3.4948364095344586,3.8882213820656806
51340.5,asm,0.022992226024020086,0.008879642289436508,0.12396753212228101,1.0776009733520577
51341.5,asm,0.025866912591201333,0.005827087266013097,0.9712619727421166,0.6080240152029149
51342.5,asm,0.009889696767676598,0.004831285327787366,-11.678633594459683,68.74295879609608
51343.5,asm,0.009098441503155945,0.003726403805801422,0.468155079208884,0.547436965996309
51347.5,asm,0.023833329937997604,0.00555548940047749,0.9610448983083317,0.4809695136425951
51348.5,asm,0.01398314181140921,0.0051942409492264285,0.28464034141744077,0.27058079906647675
51349.5,asm,0.020579781025493377,0.007126515462341646,2.8717985842989937,4.173523124829724
51362.5,asm,0.010747446126373954,0.005261139301503041,0.22557404337723186,0.7584546013645073
51365.5,asm,0.023811908171787396,0.009432888837370817,0.8713695952002584,0.7196768460025079
51377.5,asm,0.015069983343557839,0.006544533028661613,2.298832208865107,3.466515592613547
51388.5,asm,0.012951961404221779,0.0045403740260892625,0.282560264998399,0.41485825782915237
51394.5,asm,0.020760202426146585,0.005625649853674176,2.993093339465597,4.089357707516846
51399.5,asm,0.009007038845892629,0.004356098643346338,-3.9662412287143938,9.502637336219347
51414.5,asm,0.08546450449264122,0.03604032267466322,-3.4551261751455895,16.638336163270008
51423.5,asm,0.0261118708818488,0.011338487067131203,1.5143671441656397,2.330963821684565
51426.5,asm,0.011402736296617186,0.005188743810049509,1.9890913807372772,2.7852672553515654
51428.5,asm,0.008922701212492232,0.0036469413773357164,1.2045847407815147,0.8590178826216233
51438.5,asm,0.008484343190368993,0.0034062173033139395,2.9766813570645994,5.411834979397441
51442.5,asm,0.0057871071853057,0.0026249829859300703,1.1268532735546308,1.9378668289210443
51444.5,asm,0.00868495647722564,0.00360286285912381,37.653898599640605,713.1047019572177
51446.5,asm,0.006113354760919755,0.00297445105874084,1.4997884714865863,1.1430697646794066
51451.5,asm,0.010730610424896423,0.004067876646286882,0.2356503355473347,0.3891628750058477
51452.5,asm,0.009105187295754866,0.0042998836047385995,0.19376473568289845,0.8293339638239898
51468.5,asm,0.0328748340477881,0.015577695657933962,3.3178694588139575,9.676030690756551
51480.5,asm,0.02817139286000857,0.010510069563135245,5.033676726689006,20.62494932834643
51484.5,asm,0.010142712129786456,0.00500574753002008,4.050590827294054,16.088132984732688
51489.5,asm,0.01298969665990069,0.006356310404032087,0.45539262593629326,0.5606436335954301
51557.5,asm,0.04059198037794885,0.019702889341391427,0.578851740103879,0.6725363777662273
51570.5,asm,0.02416631179084898,0.010853574779238793,-0.37990479004833044,0.39942823480956363
51571.5,asm,0.02515411249582188,0.007010113085130173,0.5915087804109725,0.713053828851323
51592.5,asm,0.017236837635220215,0.006045046230469423,0.1528235101731559,0.30404804957984183
51595.5,asm,0.020680058393807342,0.007547423004336598,0.15833860477107273,0.37842102905812036
51599.5,asm,0.013799354061526421,0.003952999582026015,0.868570473048566,0.4756914972941361
51604.5,asm,0.010473686132990228,0.003143793305109102,2.392288905046461,1.2814093541147331
51605.5,asm,0.006597977948498968,0.002851675677403279,-0.012091410707145934,0.44692318639806516
51640.5,asm,0.016053250125765684,0.0061423256665190315,0.8789522692483718,0.7591265476121873
51647.5,asm,0.011155709726004905,0.004944210534041849,1.378598226452997,1.2349011656923243
51648.5,asm,0.010553463843671411,0.004254448833362235,0.5974865721949638,0.6372520928742867
51651.5,asm,0.011782104212796154,0.004370360503876054,1.3141383991594395,1.8024686070565983
51657.5,asm,0.00825284043555204,0.0038518758761711897,1.3312276922064983,1.1057939512062767
51665.5,asm,0.02264210039731006,0.008505135892422718,0.006402111514812701,0.40675731067779697
51684.5,asm,0.02756922123559482,0.009248939531393881,-0.012571056007247278,0.3700464606854156
51699.5,asm,0.016918742228833158,0.0071573549398540786,2.711466500420249,3.9372949693396126
51703.5,asm,0.013735897199320135,0.004518887447045522,3.660231955396494,4.631382554269397
51713.5,asm,0.01772341186900177,0.006517061161715,0.28012088112196915,0.4530266739598194
51716.5,asm,0.017865839883236583,0.006420735715655893,0.5752155304457922,0.5449220974609167
51725.5,asm,0.019369442678231857,0.0054937461409769696,0.5610617009056703,0.49049658651561995
51726.5,asm,0.017652553584655218,0.00557916034681979,0.9287124299123956,0.6421862445218751
51727.5,asm,0.015583069421396119,0.003816735188343113,0.38758086444503226,0.3325148515631718
51728.5,asm,0.033024019283665704,0.008034669305949878,0.6847839560491555,0.5059356553474019
51737.5,asm,0.08829241702601681,0.028022630647816113,1.0569332244841123,0.6267043257830741
51738.5,asm,0.07289889610562049,0.0300532878824786,-2.279743836134282,2.5237001951116222
51745.5,asm,0.008450766164483328,0.003823625326573732,0.40174982245815644,0.38439259367542344
51762.5,asm,0.006468534456316501,0.002868010492372364,0.9253839685128614,2.086206390894556
51774.5,asm,0.023103366481773874,0.007442419959814126,1.4663445000027253,1.2075049006254912
51804.5,asm,0.007811732029982771,0.003279188841364665,2.3194295468678323,2.8243509141839027
51810.5,asm,0.011862115723424467,0.0033413138750599636,2.729009337617275,2.0663369999866763
51818.5,asm,0.01167140960335473,0.004896444887531793,0.2090886093000589,0.4462724120919227
51828.5,asm,0.0294815129487201,0.011017748828375102,0.5231200948368827,0.7312506218425641
51941.5,asm,0.2238666788736979,0.07413333257039388,4.522387904349671,16.471516921398322
51955.5,asm,0.026029731139139606,0.009136728184288801,0.20614168121114745,0.21663855515827207
52013.5,asm,0.010117024660956738,0.003081186843517104,0.9292281252943579,0.7151983093855778
52020.5,asm,0.017708551553348672,0.006751800359130229,0.08959740266706057,0.2602100463580336
52021.5,asm,0.016835458670761142,0.007586635548471915,0.5903527775868027,0.4529925906135891
52022.5,asm,0.015779390649595316,0.005809733041749197,0.8092835725705495,0.6630435918424656
52056.5,asm,0.009518560812646362,0.004644244769375843,1.0423070104989782,0.9125837990479262
52057.5,asm,0.012276576705387425,0.004309395800143804,2.569687545240205,8.694532235567815
52060.5,asm,0.011134376747186195,0.004608444884838891,0.6836668646470939,0.586434152420265
52066.5,asm,0.011743255751792669,0.004001512365182253,1.9892484328001132,1.6420828339746327
52073.5,asm,0.015836317514546002,0.007635941095372852,-21.956278068980286,176.03553768776564
52091.5,asm,0.025547622811341167,0.008996614234315052,0.37505236519434815,0.2754904905356264
52094.5,asm,0.016652695175054667,0.006537409613437434,2.726468654650196,3.044353836565152
52106.5,asm,0.020162955851296103,0.008999205127571472,1.2587016693413062,2.3902028015562107
52110.5,asm,0.013819175680821789,0.005806168939059489,1.1080994473042767,0.9640840173566076
52125.5,asm,0.008442532490537611,0.0042189179358591185,1.0798019173003262,1.116336011356377
52126.5,asm,0.00720756787414384,0.003371164201517507,0.175675046285392,0.37570771865701597
52127.5,asm,0.008116801430462256,0.0033901570593712414,2.594331873948596,3.552637703190036
52131.5,asm,0.008599297774167177,0.002977330120117448,0.38342842463941845,0.43019605646868225
52138.5,asm,0.012774266749677242,0.006172135070195871,0.17478492037678126,0.4742878870649322
52147.5,asm,0.02733780789321078,0.011795645479563563,0.41977686069273484,0.26414291423791564
52159.5,asm,0.012143317881396162,0.005430725654388163,3.477146937035021,4.614901054296982
52166.5,asm,0.009148031640962083,0.0040363533730597536,0.8003529355157364,0.7412677226683977
52197.5,asm,0.051199998855590824,0.02493333339691162,0.3781094497856664,0.5857616438193355
52212.5,asm,0.02772065040874149,0.013791575047950776,1.6789957945613534,2.3611686753392602
52213.5,asm,0.011731007152024029,0.0038858655833090656,0.5829517352098427,0.6559234224565413
52220.5,asm,0.026267509232664733,0.010888969422677785,0.07456291142198855,0.41951986306510053
52233.5,asm,0.023680856121841506,0.009776168319973454,0.09747451848548506,0.3519552292360274
52322.5,asm,0.008867960020784946,0.004266765361512045,1.461362117745204,1.0118630328490963
52324.5,asm,0.013106371735510727,0.006137690080224294,1.3458467266468535,1.0923342851745936
52336.5,asm,0.014409008263852892,0.0044867868071416924,-96.71865896426606,2233.969500686452
52342.5,asm,0.015695501339478335,0.0053663439731808,1.609058221955999,1.3766337292292006
52343.5,asm,0.013118678637205273,0.0053771586629058,1.3725579225990667,1.1521348217370668
52369.5,asm,0.020503358539197932,0.007461835062621474,0.632694797177979,0.6425381610652783
52373.5,asm,0.006491074114181256,0.002807358101647162,0.7006327709205172,0.4839229886362986
52392.5,asm,0.014099869676624346,0.004711595699076342,0.6253232350329574,0.5906495746537264
52396.5,asm,0.027365540858938366,0.008227189057704835,-4.512374077022479,6.93033388356037
52422.5,asm,0.007053185247830288,0.0027742943277897993,0.3289801387872748,0.3527010069868287
52423.5,asm,0.022770712319617987,0.004750292450241846,6.964305014204541,14.10844588930898
52435.5,asm,0.012513831033407549,0.00520346048587338,1.198439638483805,0.7299780014916799
52437.5,asm,0.010361260426090802,0.004344589554305153,1.6416403992263746,1.5057859224825287
52438.5,asm,0.014525847748370572,0.006572997692098711,3.7699397985768717,5.124272380781277
52442.5,asm,0.01611742281390379,0.0045944639841260255,1.2806887927154051,0.7723029062265003
52456.5,asm,0.01992821806439464,0.0058264918146456205,0.0822631068423957,0.2664708612269831
52457.5,asm,0.042599059473055784,0.014879613169821511,1.4260643638372918,1.2973179497580898
52476.5,asm,0.013674999621907625,0.0061790159965996495,1.642739422974403,2.1235560150110984
52483.5,asm,0.010028880633600553,0.004993518517637362,-1.7875139642553322,2.649519891470035
52489.5,asm,0.0074904487915712385,0.0032196963640425662,101.97739410271295,3189.2471999515956
52491.5,asm,0.007988528057257709,0.0031103783237718713,1.6289366586877725,1.258383892304714
52494.5,asm,0.015437836957986874,0.004158862133381539,2.638312447767185,3.027706900146997
52496.5,asm,0.015005566108412569,0.0056408741099561975,0.5189933450317045,0.5767312735269006
52515.5,asm,0.03543056738831964,0.011588650262750778,2.291861163260965,1.870036587874581
52523.5,asm,0.009868776489186064,0.004537385513046914,5.633480655066482,12.97858502904582
52524.5,asm,0.009581092808526244,0.004328861619907802,1.3952010181439414,1.445027783397408
52526.5,asm,0.009627845346789145,0.0043338994496967395,-17.365699981209303,133.3246292435484
52527.5,asm,0.01250484267647746,0.004502811954444712,2.2071608188097307,2.0452208428640435
52539.5,asm,0.011216838466980916,0.004869869551122862,0.4541072713225998,0.559777267998242
52540.5,asm,0.012657434194353773,0.004784464380094904,0.7008319919329795,0.6667308260554364
52555.5,asm,0.09631660278748833,0.03489465993779125,1.5870243174093959,1.5677992344517981
52578.5,asm,0.01847339805307669,0.00893378705198699,1.879063650807289,3.878289449203439
52599.5,asm,0.15586666107177735,0.032533334096272785,1.5830257938986663,1.2075146892464506
52692.5,asm,0.018013455657435572,0.006296920400265433,0.23708086748798343,0.351262556288493
52693.5,asm,0.015332067734210246,0.005725646214370749,0.7084287834937749,0.48121706494697636
52698.5,asm,0.0882985428938112,0.025325053057381048,4.2956712892347335,8.381792736267297
52707.5,asm,0.011991619145385173,0.004721215348005594,1.8100381237334786,1.5493838830804072
52726.5,asm,0.045180647224649706,0.004624666666293768,2.103508943396497,0.5534113919485075
52727.5,asm,0.07488006090869179,0.009415592669164427,2.251465730634071,0.801984427375135
52728.5,asm,0.07742644329562551,0.004756757727904455,2.6370993689261963,0.5285019778083445
52729.5,asm,0.11107474775828514,0.0045039560071507435,3.161599228166156,0.5118210404873726
52730.5,asm,0.14259000044312528,0.004474840880298495,2.2364116692085076,0.2086233999786829
52731.5,asm,0.1839483930698145,0.004552041244854509,2.196902146986718,0.1587032198135018
52732.5,asm,0.2661160666005043,0.0057115218793631585,1.8092787201094658,0.10443080106579203
52733.5,asm,0.3275878657373096,0.005925940596253381,1.388503975787264,0.06636082309705539
52734.5,asm,0.3643280876557029,0.005403096396584802,1.4577211342000849,0.05685100552869099
52735.5,asm,0.3999995169884259,0.005602835218659494,1.1719309128928637,0.041747118534672466
52736.5,asm,0.38285056865697803,0.0043032483821476035,1.4430914280001923,0.04335972026682064
52737.5,asm,0.3845875091021833,0.0073664203958985625,1.228535702678633,0.06051159659707907
52738.5,asm,0.41385230252952204,0.0040107287951970565,1.24518718352869,0.030496911375525702
52739.5,asm,0.4140115793304721,0.005293483252539988,1.1993390277389706,0.039225312380108575
52740.5,asm,0.5450346482073009,0.007722883316796546,1.096454765557297,0.03923681820055366
52741.5,asm,0.650946573125696,0.006924222181464919,1.1401099070962453,0.031226117403916093
52742.5,asm,0.5106321810826272,0.007666322234383423,1.1363985734131445,0.04437141204503979
52743.5,asm,0.5739429601864073,0.006326748475118057,1.0810109558921857,0.02975274086645231
52744.5,asm,0.6051806899279637,0.008351860996046245,1.2176098316324901,0.04367252938477442
52745.5,asm,0.5640507143212034,0.008706948879535843,0.9945602700036102,0.038684341508335184
52746.5,asm,0.5280888440621434,0.00818481005273237,1.1424947644283028,0.04604149198730916
52747.5,asm,0.9026157687458883,0.009149989820194857,1.332820587787482,0.0339442678627774
52748.5,asm,0.6728981837615701,0.009648339861691375,0.9723223839472551,0.03683574861820394
52749.5,asm,0.9061469293475933,0.01526092384656675,1.3104770319939385,0.05620637300653741
52750.5,asm,1.3159888313970236,0.008759043264503495,1.4133605064277717,0.023116545583904462
52751.5,asm,1.2169783677660702,0.0439216558845285,1.1177775256412676,0.10713161824851858
52752.5,asm,1.317166075735382,0.01082396565177608,1.4571459238444378,0.029790644852108628
52753.5,asm,1.337319177902587,0.025434785722470512,1.4988958641731038,0.07179143194137821
52754.5,asm,1.236667883017199,0.0313563390993594,1.3920315347452286,0.09450727412021859
52755.5,asm,0.6877333577473959,0.08959999720255535,0.6498516710949794,0.3606271786474437
52756.5,asm,0.6992424900328318,0.011263355084993371,0.8652279928952709,0.03643078319275599
52757.5,asm,0.6916141931706572,0.030265008512629966,0.8167187987709756,0.10848141478832342
52758.5,asm,0.7404572968083706,0.0223746245886183,0.7419882950766367,0.06246208421885552
52759.5,asm,0.7869898342458277,0.027233878663289784,1.010529690554372,0.09351424291078779
52760.5,asm,0.7667999776204427,0.05533333460489909,0.7171179741227763,0.14319825425606905
52761.5,asm,0.7967999776204427,0.055600001017252605,0.8528546183826424,0.17271086171935143
52762.5,asm,0.9550838671138795,0.024771679444043723,0.9438140203380905,0.06593275699083226
52763.5,asm,1.02385373944709,0.017397964998883183,1.0803681989879972,0.048133222121175934
52765.5,asm,1.1446243192146577,0.04167609142402832,1.235572651178194,0.13461278455906536
52766.5,asm,0.656393378575118,0.028866332277741904,1.0332691220784669,0.15028908347212472
52767.5,asm,0.6298673166626354,0.020790344456159165,0.8790975145088169,0.08112678142942703
52768.5,asm,0.5610139562296684,0.009256105471094213,0.8897502700500299,0.03856890622006322
52769.5,asm,0.572377265507374,0.017739857257013412,1.018368043377829,0.08789531440716812
52770.5,asm,0.515034594553869,0.010059526648557743,1.0489792359731487,0.053388210315181345
52771.5,asm,0.5284460390495035,0.026443484230843486,1.2102113803511505,0.19915275911978525
52772.5,asm,0.3754949996869977,0.007816985751834859,1.166448149485653,0.06233560858970341
52773.5,asm,0.312935282919323,0.00840241163680277,1.5231900400213965,0.10835640404467396
52774.5,asm,0.36526737157509015,0.012585652703110222,1.0958298781731255,0.0914671638770918
52775.5,asm,0.36014809934359504,0.011723955147510701,1.2655592295434717,0.10690778697425807
52776.5,asm,0.3598972669603266,0.008577586438519203,1.3897133142777007,0.09806257914954461
52777.5,asm,0.32543242937285627,0.009960910849333773,1.3379462023713389,0.11470063791304877
52778.5,asm,0.36595167133259526,0.010476906626213835,1.3541579623907973,0.10668136287768148
52779.5,asm,0.40119487957709715,0.015160380910977283,1.2592283527021164,0.12346956025818588
52780.5,asm,0.4218325393028358,0.006307733087101973,1.201308529998123,0.0474653415270759
52781.5,asm,0.4048797434902659,0.010340748843252062,1.0495129048341407,0.06933235399365899
52782.5,asm,0.4103650886556887,0.025783137839923725,0.6484794310683669,0.1189089074227016
52783.5,asm,0.760126581657176,0.01007048291731325,1.1390900595907814,0.039201420366796066
52784.5,asm,0.9285898951650947,0.017835829287767682,1.0141950593039424,0.0504562069471643
52785.5,asm,0.9464625172518424,0.009125404585199922,1.1152080316062998,0.028493630656709762
52786.5,asm,1.0099647705732717,0.01087660443097844,1.224080633499676,0.03487328604804554
52787.5,asm,0.7812159130534685,0.016157275599846768,0.9580433912856555,0.05070916707886807
52788.5,asm,0.8315159385507497,0.012632341304627405,0.9633186603508577,0.0397314204364928
52789.5,asm,0.7944110985489459,0.01507904467496043,0.9759442011058274,0.0489879869881717
52790.5,asm,0.7318963125703771,0.008996251383362863,0.9731586416823097,0.031823851622678714
52792.5,asm,0.7420709540295828,0.016557659944397375,1.0618901416587372,0.06169395938573555
52793.5,asm,0.7851999918619792,0.03359999974568685,1.0057637106208095,0.10590397285389512
52794.5,asm,1.0005398813009303,0.01625452779142739,1.2963652653911724,0.05440422797894628
52795.5,asm,0.7196416305462378,0.00875009731615902,0.9139286678574361,0.03002272808009677
52796.5,asm,0.853484301480336,0.02878755305358112,0.785410762647443,0.07200535122463632
52797.5,asm,0.7987679867248666,0.010545263390579722,1.1225933285972263,0.038381742389968526
52798.5,asm,0.9166220001739557,0.01623788964620759,1.2604787871308396,0.05758107912934286
52799.5,asm,0.7476521729607739,0.01570416198513686,1.094884931718848,0.060994145058995516
52800.5,asm,0.6509703345195867,0.015004796152304142,0.757791534974869,0.047522353943732686
52801.5,asm,0.6675689786139998,0.024989312744829458,0.8978981846390355,0.08786992393152489
52802.5,asm,0.7215573560982864,0.01604555402482633,0.991287291443988,0.058300868825612105
52803.5,asm,0.706632613337234,0.010101145502009072,0.7844871454104114,0.03004747103693559
52805.5,asm,0.6805181753756959,0.013244078750064852,0.8903374302653702,0.04612998344692595
52806.5,asm,0.6035132524295271,0.02465303107353511,0.9014808806306143,0.10155100845626411
52807.5,asm,0.5821893378512941,0.027089209909949414,0.844431701434479,0.10520306053664552
52808.5,asm,0.5233911649159364,0.02675724026573373,0.8430115263148931,0.12748272897937074
52809.5,asm,0.6610666910807291,0.03359999974568685,0.7176609214127313,0.09927741819725171
52817.5,asm,0.47166495226178407,0.010720069260862707,0.7173372054297277,0.04723123284740451
52819.5,asm,0.43567070663831375,0.019386237589381152,0.6239161121922814,0.08485847138139774
52820.5,asm,0.4353399659535093,0.022440945928965745,0.6966125834322218,0.10521121137894088
52821.5,asm,0.4320020230079195,0.020473874644165856,0.6188272982380505,0.09086151271963187
52822.5,asm,0.44467829327373437,0.007757595822706686,0.6144255948104184,0.031339141228615225
52823.5,asm,0.4995271881789779,0.018318552988490985,0.9177266128445416,0.0961503872807785
52824.5,asm,0.4136157637420151,0.011627025719957062,0.646392656083913,0.05429504309702196
52825.5,asm,0.42190550846512637,0.015864677376166578,0.5733481607560694,0.06533228414324502
52826.5,asm,0.4729518931084934,0.013991001782643708,0.575854580588767,0.05185682816114597
52827.5,asm,0.44544612115629706,0.008130946051705092,0.5842755183958657,0.03282994831140159
52828.5,asm,0.4600635098009709,0.006148292541152842,0.6071483859765107,0.024709157406294927
52829.5,asm,0.43720748604912407,0.008378115252981712,0.6047516027945781,0.03626952234959488
52830.5,asm,0.4360158641269078,0.010731594770409846,0.6132446486500897,0.04653444002583738
52831.5,asm,0.43696371866963724,0.006127030556471867,0.611686243333352,0.0257886998835785
52832.5,asm,0.42049237542644546,0.008123452666580638,0.5933134951677562,0.03462166136145323
52833.5,asm,0.44873289050112675,0.00833408592332432,0.7160009866823637,0.03995366515442188
52834.5,asm,0.4440341848343662,0.008189233595020487,0.7564729733720312,0.04054486596581311
52835.5,asm,0.4409741409309813,0.010670175594576423,0.6998789194354921,0.04844655690611132
52836.5,asm,0.4285901782525209,0.0060395601948008935,0.6408065673345026,0.027241763885263094
52837.5,asm,0.42282395581590054,0.00784808297814673,0.5973553265114896,0.03391630314300381
52838.5,asm,0.40951570754757805,0.008625503982850532,0.5840491832515924,0.03750906441447547
52839.5,asm,0.40617239529574584,0.011154318106527087,0.5794335702093849,0.051169874330660836
52840.5,asm,0.41183647942332324,0.007406909503162207,0.5913643613955146,0.033087089580103105
52841.5,asm,0.4134228816662857,0.006003862082727794,0.5774781339379018,0.025934998814042726
52842.5,asm,0.41993153325904814,0.006916654792378461,0.5738104245748632,0.02921666553980901
52843.5,asm,0.39690471033975977,0.008242758805728573,0.5587504890826798,0.036299333100384135
52844.5,asm,0.4318722383573394,0.009663493090494827,0.6340670965168866,0.041386052284917166
52845.5,asm,0.4159395608072502,0.007763461157226999,0.5753064756596722,0.03294487511736666
52846.5,asm,0.407258283221048,0.007410806811831958,0.5583767419940121,0.031153138351418197
52847.5,asm,0.38976882091498516,0.009987786991850519,0.6593068315546908,0.04980757197543816
52848.5,asm,0.40684101322560273,0.007477851656856672,0.4507532811947079,0.026080913250295424
52849.5,asm,0.4086450205052292,0.008996006279633888,0.6353378693042306,0.0423818661263253
52850.5,asm,0.38812505235604383,0.004779971566386167,0.5639155664599709,0.02113359912541518
52851.5,asm,0.39708979048866405,0.004964777861923344,0.51729654736736,0.020290341377923737
52852.5,asm,0.40257486929822933,0.005581251158725225,0.580451383319911,0.02444410397103853
52853.5,asm,0.37695864734418383,0.007137878919325589,0.5359202311551844,0.03162633669313703
52854.5,asm,0.32588746084895154,0.03251771867161778,0.33311262898270905,0.11065379475940429
52855.5,asm,0.38401900598987654,0.007106163161927376,0.6356738651840508,0.03637951272295873
52856.5,asm,0.393936264039823,0.0070453200732912835,0.5648006961768233,0.03136506837801799
52857.5,asm,0.33294949582590333,0.01990748601913439,0.5767682854617296,0.10030290642560681
52858.5,asm,0.36873996180310437,0.013481979004385226,0.632273633058883,0.06904844904734095
52860.5,asm,0.38426666259765624,0.04240000089009603,0.2995884954064293,0.14337156207937285
52861.5,asm,0.3068572322478767,0.029001385116157317,0.7287634353922989,0.22352143698061183
52862.5,asm,0.31172793006757765,0.014729873693902279,0.5585739852024446,0.08229716193142342
52863.5,asm,0.30716087666907427,0.016425419418719386,0.4486184753895423,0.07417769685589598
52864.5,asm,0.33220089312212964,0.019039263906116245,0.4873304994746495,0.0952185175885577
52866.5,asm,0.34194186258557396,0.011096196325840512,0.4527224174615503,0.04894675448272776
52867.5,asm,0.3367286296558212,0.014657031077996659,0.5702793090389986,0.08436175731541981
52868.5,asm,0.3377333323160807,0.06120000203450521,0.7257072585875556,0.4486320303797899
52871.5,asm,0.31426666259765623,0.03293333371480306,0.6713375853439815,0.21359754813637757
52872.5,asm,0.31959999084472657,0.03466666539510091,0.3226351253389007,0.11917334399190224
52874.5,asm,0.3071187248130906,0.012658399516719902,0.5681294554534158,0.07186667790497295
52876.5,asm,0.3458666737874349,0.02453333377838135,0.5537974950958201,0.13845482079421578
52877.5,asm,0.28893333435058594,0.032533334096272785,0.6324549124345771,0.24671792323843802
52878.5,asm,0.3307338024624066,0.01647791982796547,0.4759415724936946,0.08964147037189588
52879.5,asm,0.2617877975592378,0.01598338291799663,0.6022893026761205,0.09877224296352893
52880.5,asm,0.30027692264890826,0.014644045558154897,0.46110028920080537,0.09248293544765555
52881.5,asm,0.3025784672148051,0.005551719650825706,0.446723878901693,0.02802824748334914
52882.5,asm,0.2998145135483732,0.005867060295832999,0.4695799340888347,0.0325787704162853
52883.5,asm,0.29957101604600855,0.006819154643635648,0.5072777089255844,0.03781377403983216
52884.5,asm,0.2792531834908405,0.006214810825320325,0.4352734217090349,0.034861609939150905
52885.5,asm,0.29768967961501036,0.006100318531666166,0.5312305877867144,0.035569333708590875
52886.5,asm,0.2761826958985598,0.004919808083103308,0.479973322290466,0.029440270138296934
52887.5,asm,0.26127106081512125,0.00637662804604538,0.40375701000754616,0.03862187567774002
52888.5,asm,0.2558432975020897,0.008390204709317457,0.38545614072936124,0.04690718032872179
52889.5,asm,0.2766769510332334,0.0067818185133300506,0.48271881879818485,0.039999318796030074
52890.5,asm,0.2577975813120263,0.004938244657419349,0.44661932947325955,0.029740590441844527
52891.5,asm,0.2788307215167129,0.00486597325845951,0.5517447074238486,0.02972490914491186
52892.5,asm,0.29115024356465014,0.009415335700247298,0.6540199325866081,0.06566330623498591
52893.5,asm,0.2564060521713574,0.004782254439689889,0.44865948415174295,0.028647394258481014
52894.5,asm,0.256218589958287,0.005465484679106437,0.48825745277419547,0.03338903887694342
52895.5,asm,0.2333375377239876,0.007763028342869734,0.50390508912298,0.05360055576811823
52896.5,asm,0.2249669842363439,0.010314721776447206,0.34961135178535446,0.055577645609842505
52897.5,asm,0.22924889016231967,0.009974961394898554,0.3133102728475935,0.05955757781214485
52898.5,asm,0.2268394615547724,0.007956541526347118,0.4491532187278084,0.05753778625446335
52899.5,asm,0.22567642247198558,0.009611438392235992,0.3409616097248604,0.05805630937465514
52900.5,asm,0.23782189311779006,0.006532462963725596,0.37618336828728827,0.037722639302216206
52901.5,asm,0.23086769193103063,0.0040512515699295945,0.5187721312470438,0.029473690956416356
52902.5,asm,0.2133881863230881,0.008071697924362322,0.3575440653703644,0.05542055002953305
52903.5,asm,0.22910440136519672,0.005225377773484631,0.5216739473270997,0.03950576137777588
52904.5,asm,0.24000498883146107,0.00849665340640095,0.506031687999231,0.059981560819327887
52906.5,asm,0.1756000010172526,0.05599999745686849,0.38223418301267265,0.3583266112948594
52907.5,asm,0.17822790571353597,0.026611314263040618,0.4285750843082968,0.231696741408767
52909.5,asm,0.157466672261556,0.07640000025431315,0.5149911881839921,0.7254610445743819
52910.5,asm,0.23995311857322132,0.03497084946956773,0.3403520805038997,0.17224130916697414
52911.5,asm,0.19819676308445638,0.008952577111415056,0.46406552028488696,0.07544522987605788
52912.5,asm,0.13946666717529296,0.045333334604899085,0.6718266450402072,0.8117454589716829
52918.5,asm,0.13765866832965068,0.02657378168846167,0.8000577537468478,0.5402925894086772
52919.5,asm,0.07771444562708117,0.03253319626033139,1.0173316490670905,1.0535761865725717
52920.5,asm,0.13639523307537804,0.009684928437937982,0.29521399333834136,0.11122044322962522
52921.5,asm,0.14449489136839858,0.011759768480497,0.6610068337191897,0.16206202857778593
52922.5,asm,0.12748140456552826,0.010672372131030452,0.4043315022769268,0.1175470687533695
52923.5,asm,0.12655512874131208,0.012862869449791989,0.5885791361565148,0.21170835701091037
52924.5,asm,0.09676755948013005,0.010468858967470487,0.3329631994133106,0.15618439023800204
52925.5,asm,0.09366952370163029,0.007328596737363225,0.3339172028697071,0.10311134604358951
52926.5,asm,0.08384746005545443,0.011545057300716253,0.17747631453188156,0.207894645057455
52927.5,asm,0.07034886264853363,0.010280651515870043,0.09970732306729617,0.21877015140432804
52928.5,asm,0.0832352967832454,0.01037381901033702,0.5081337316144812,0.17494921299363067
52929.5,asm,0.06998719113723052,0.006508742342967907,0.4063884570795116,0.15492902770043757
52930.5,asm,0.050308481689603377,0.00754773608802911,0.4402506798658206,0.2295894447281445
52931.5,asm,0.04937711310654371,0.009515443199627957,0.12576076251839463,0.2594616968552061
52932.5,asm,0.07559173564840105,0.010639486782176183,0.6497957776624823,0.2832141546523167
52933.5,asm,0.0570711892078602,0.007106988224179632,0.4726251847181179,0.19887928858198217
52935.5,asm,0.0587634693638517,0.009014763486801459,0.24612536197186213,0.15177990810973
52936.5,asm,0.026005817139381018,0.008266131730397275,0.32156782053807415,0.2703115445385199
52939.5,asm,0.05386919549756892,0.01059462913004606,0.565611395709656,0.35611629802420164
52941.5,asm,0.06840982047681661,0.021943291282853973,1.2833581795467681,0.9622102915852693
52945.5,asm,0.022567264787056375,0.009839815664294638,0.059902048320121505,0.7528954400622766
52946.5,asm,0.024499999711496533,0.00913472968542662,1.1527765722126277,1.2286260206982456
52948.5,asm,0.015067448290105234,0.005873972301088385,0.6864194804001834,0.578774374221639
52950.5,asm,0.01988469526000888,0.006745515510608501,8.45686676858319,20.524243558564446
52955.5,asm,0.03306190041829866,0.009878570250525373,2.902707452079229,2.8256539873626023
53031.5,asm,0.03760650349230165,0.0112509054235413,0.7584153009572395,0.41151736981009407
53045.5,asm,0.01252508144041104,0.005543915894450734,4.564951911647177,18.98543560619129
53058.5,asm,0.027456843458833962,0.012535099271920471,0.41542022752552615,0.529758793568698
53075.5,asm,0.11466667175292969,0.04546666781107585,1.0766423494219177,1.1742007338631202
53083.5,asm,0.13840000152587892,0.062000001271565755,0.32477535093439885,0.3445398780422604
53085.5,asm,0.018506860096365,0.007126844912855497,-0.09963421918243241,0.2839899455344649
53087.5,asm,0.018877489271751643,0.006277279828604745,0.644060371328957,0.37637980791699227
53090.5,asm,0.010175083030886175,0.00467934800790981,0.36925607797420923,0.5887722621235927
53091.5,asm,0.011742391575098937,0.005159212675821945,0.4786763748013339,0.45434773719107513
53092.5,asm,0.008665106031860687,0.003552276069233858,0.5477960339409629,0.378038608243119
53096.5,asm,0.01209704779555711,0.003800390108193351,0.4545246258048986,0.41190421322299914
53103.5,asm,0.030011615163068075,0.008230922494961468,1.0956043523487773,0.5529767419155713
53104.5,asm,0.026382900467338363,0.004570419634224932,0.4582274280417508,0.27842710389089154
53106.5,asm,0.017939265527021752,0.005723395395075414,0.14489361743331394,0.3965838825232189
53109.5,asm,0.04366262319366399,0.021164841031099006,-4.923416488636197,19.677453329252373
53110.5,asm,0.021235257442311015,0.009719554785459302,12.698478398231323,82.81659207738049
53138.5,asm,0.010439560981015906,0.00507849624664813,0.17458949332698562,0.32138593809394367
53139.5,asm,0.00962530161656019,0.0040514177671719855,-1.5083739855995144,1.17030082362696
53147.5,asm,0.011924239533489948,0.003807963149470654,0.7899612713979697,0.836645269812757
53156.5,asm,0.02255387953933394,0.007920587319261945,0.011687308680546774,0.30836306558365145
53160.5,asm,0.030323518836003344,0.01377864178398947,0.05092056612261347,0.44134523231781714
53177.5,asm,0.06793300459180392,0.02173090898054046,0.4066799325453336,0.26717653709523975
53188.5,asm,0.01316794614112723,0.004919662403177759,1.5907594132945861,1.5513035323120186
53189.5,asm,0.020449573635796827,0.007589993937483512,0.4969432141894309,0.8385701218914251
53190.5,asm,0.045573338493445095,0.007150590046840813,0.458442471274651,0.25869995422234787
53191.5,asm,0.06171223637394384,0.005710720557228627,0.24230020849349926,0.12556718778095902
53192.5,asm,0.09832561896239438,0.006508819401838922,0.30338983654930013,0.09637100621493035
53193.5,asm,0.10807960000026934,0.005779071060082305,0.3923283208890934,0.07467818502583011
53194.5,asm,0.11983728756882539,0.005228966512482717,0.4418620381703659,0.07104440705529616
53195.5,asm,0.1383070388427956,0.006273636153489112,0.2442358847851167,0.055392306059479944
53196.5,asm,0.15844825786457628,0.004467082832313984,0.3651306969167903,0.043555618788802514
53197.5,asm,0.14591733657327802,0.011988341702270013,0.25239851470764607,0.09317120381914072
53198.5,asm,0.17106850632833356,0.004626360935985034,0.31726144609229867,0.036950230989034286
53199.5,asm,0.17556602729360368,0.005941216031448764,0.4331952786770044,0.051076575503269626
53200.5,asm,0.19233527365408631,0.005823684856408843,0.4187161103867473,0.046107760010908286
53201.5,asm,0.20098970085285933,0.007336377550880034,0.49327967681588775,0.06554414641652932
53202.5,asm,0.1806773039253826,0.008281018408172873,0.33386143228427084,0.06416391342615872
53203.5,asm,0.1896235412571575,0.012986750861304025,0.6185869673295721,0.13981205140829103
53204.5,asm,0.2033459504319958,0.008257035346902818,0.35949213038619887,0.05875500043641706
53205.5,asm,0.191726874629234,0.004882494397866288,0.2795368151523105,0.03302080256790574
53206.5,asm,0.19394103957933437,0.00446520489758981,0.3930548415199833,0.03439749358041833
53207.5,asm,0.19139902826821406,0.005809696808277519,0.2908480640196034,0.038149339487431794
53208.5,asm,0.20831716551273502,0.008578655514636258,0.5140467405126038,0.07017140240402277
53209.5,asm,0.2070620946590264,0.0072753016612727974,0.47291895649659915,0.0633447326419081
53210.5,asm,0.2066626295378049,0.00536840838412648,0.3847643591727453,0.04066485641184024
53212.5,asm,0.2027059739001524,0.0048624591382789165,0.508603659635412,0.04423593060049287
53213.5,asm,0.21505119777884757,0.007205665261750252,0.4297506853161964,0.05103762432094673
53214.5,asm,0.20020781435946008,0.00949529423017304,0.580806577554286,0.08378492634668012
53215.5,asm,0.21821929273912508,0.01042765799424455,0.4101181682660595,0.07432569702383059
53216.5,asm,0.20976887905940855,0.009877500991869225,0.5268799574389958,0.08347916656285254
53217.5,asm,0.21150432913675074,0.008609215976334426,0.39483834135630896,0.06407818622667182
53218.5,asm,0.250951118785446,0.01119638449196291,0.5177515605800757,0.07543464858307614
53219.5,asm,0.23906317902974175,0.013498587690715824,0.4234095168128043,0.07945374751869978
53220.5,asm,0.20189614492322322,0.020517628171418726,0.7807669112574698,0.2377878802639106
53221.5,asm,0.25694378035864507,0.020242186847090105,0.42326718135829244,0.12127198075783278
53222.5,asm,0.2538560718752511,0.009277229448046476,0.5121912196237791,0.062164686382564685
53223.5,asm,0.2359388044052892,0.02277451689048908,0.39185798089915136,0.12931892620359248
53224.5,asm,0.2531178936302366,0.018353892471589063,0.5786866305204937,0.13373546086803564
53225.5,asm,0.21176627618345437,0.02539073652619767,1.478344190181712,0.6137210765024793
53226.5,asm,0.2372286610616115,0.013562806127059611,0.5097695780804641,0.08996189645114414
53227.5,asm,0.2572235403852151,0.016329885819554302,0.33045365102168045,0.09614722686291946
53228.5,asm,0.24972629754937978,0.014214590467174387,0.5386081175024576,0.10356961118975533
53229.5,asm,0.24516657852870088,0.011335311615889677,0.4274142307581756,0.06804399206330611
53230.5,asm,0.21914003706446616,0.01382979975632128,0.28525687384015486,0.07958174798256391
53231.5,asm,0.2638456562057515,0.01266127548224083,0.5012237964764183,0.07182048964606016
53232.5,asm,0.26128702363855316,0.0077153603895404495,0.5392994713586443,0.055772587384651046
53233.5,asm,0.28976000557525744,0.014259403062482105,0.529695712370303,0.09201095836368862
53234.5,asm,0.30520198970337314,0.016761515683303613,0.6544124777266067,0.12152669841258057
53235.5,asm,0.2858262006306924,0.008987199375651459,0.6141339979789624,0.06394423159308289
53236.5,asm,0.27692553082673643,0.008955190134117556,0.5163458659472868,0.05800424537812514
53237.5,asm,0.27227280661163183,0.015457821845101473,0.5650266952417404,0.0974344030546236
53238.5,asm,0.2715217199417327,0.007796149866505089,0.38441150595864787,0.040143647349444735
53239.5,asm,0.27635630409651524,0.005813679401545195,0.48611536878781186,0.03627290997602073
53240.5,asm,0.28562158874995597,0.004633421030666009,0.5328221290595846,0.0293995501889625
53241.5,asm,0.2564853565015399,0.004776606735657236,0.43686180182214335,0.03045318724444635
53242.5,asm,0.26521241317105443,0.005279715310901979,0.4634240033873517,0.03183104510271391
53243.5,asm,0.2826152590644631,0.00498188474810819,0.5229183106932117,0.031265839341015254
53244.5,asm,0.2636200388965107,0.006900184929246217,0.3823034911252169,0.034991847970670654
53245.5,asm,0.2553839326350296,0.006590585666890252,0.5040075390199198,0.04554196674379951
53246.5,asm,0.28915144440853047,0.00851662390820735,0.5091370992258317,0.056160487414276976
53247.5,asm,0.30873866181642196,0.012255292111568119,0.5727708189358767,0.07182476358530855
53248.5,asm,0.29094065227722454,0.005624726631716495,0.6359743954100121,0.03975456679669843
53249.5,asm,0.2852324014747817,0.006307046349164447,0.6272411192157511,0.04027040286073672
53250.5,asm,0.29612307172571684,0.004842669529250116,0.7294034092105711,0.034302429930173045
53251.5,asm,0.28717902385203314,0.00459824641890881,0.5786884698190263,0.02944220513189791
53252.5,asm,0.27763693494752073,0.004948432902564358,0.639858896834122,0.03419087005469102
53253.5,asm,0.2735127007873472,0.004304268774035841,0.6086046639847656,0.03021359472347676
53254.5,asm,0.27577279020237,0.004526147712971694,0.5643183226129684,0.029756281283129953
53255.5,asm,0.25380111582086223,0.005437850112186642,0.46640794798418966,0.032684185905056576
53256.5,asm,0.24173607395602034,0.004999444729462668,0.48736943262458227,0.034846952405666425
53257.5,asm,0.27471939437219944,0.008319828467999195,0.6171545418381562,0.05888594534755379
53258.5,asm,0.24931217587186907,0.010946074720968329,0.5211472673159578,0.0848893975465895
53259.5,asm,0.24196825667692082,0.005437607894752049,0.5685261888231786,0.04441140179256235
53260.5,asm,0.20794636559764806,0.01085612513134972,0.5832908085096377,0.10077027283206748
53261.5,asm,0.1990819140788019,0.006717123925378818,0.46470889932689863,0.0554724452500691
53262.5,asm,0.2118280144690341,0.009912720234859578,0.537950778785614,0.08468317600720951
53263.5,asm,0.20916147478706387,0.007787982550053578,0.4668397504519229,0.06025037110489027
53264.5,asm,0.19671468946314624,0.013883628170766714,0.5133555972226388,0.1188716544407981
53265.5,asm,0.13685370256813367,0.011336910866098799,0.2322945240191523,0.12799002651125432
53266.5,asm,0.15901294117045806,0.009260205376192094,0.43338673008040374,0.09103601778649406
53267.5,asm,0.1763598741248137,0.009018078396814072,0.46360197850867224,0.09127980396781321
53268.5,asm,0.16662897307962937,0.01228739083353671,0.4094008855432919,0.11130546791463494
53269.5,asm,0.1361603665835528,0.012401162296545466,0.490244585015887,0.13890423320320547
53270.5,asm,0.13142827671543364,0.011482015655916463,0.3681757537130733,0.13311848247788957
53272.5,asm,0.15701402271771192,0.019172161540419928,0.6440990678763412,0.21645890130389553
53273.5,asm,0.14370491931030713,0.01108896862662956,0.6983510612597572,0.14787607597102406
53275.5,asm,0.0984455504082863,0.01045371880511357,0.24029326476560256,0.14084655699750803
53278.5,asm,0.08495274786595085,0.007868346715759691,0.5094915511615343,0.1510375785519343
53280.5,asm,0.07782725996149925,0.013225932664615431,0.4592302263278717,0.219142468148317
53284.5,asm,0.023582504468068068,0.00665975413271165,0.36244233691073846,0.2840571633851022
53285.5,asm,0.053202056672131334,0.00957743576262115,0.2787396612645413,0.24257562524565296
53286.5,asm,0.045087222640044236,0.0044095641537940005,0.4986232354223234,0.15333781151089493
53287.5,asm,0.0397849347482464,0.005369362195761593,0.6661403734266161,0.2159416299393578
53288.5,asm,0.048846566850545364,0.004385985587493049,0.8443592610170668,0.2234457841890945
53289.5,asm,0.023099644816992507,0.005787548553819901,0.04347165984069227,0.3187558511911768
53290.5,asm,0.02354730204005023,0.009961577137596546,1.0496091078729284,1.3351242298276003
53291.5,asm,0.027726839626398724,0.0038919377093941583,0.45053658184480827,0.17380966014732166
53292.5,asm,0.01911562106804467,0.004554372694252212,0.5289570690983459,0.3957591951369011
53293.5,asm,0.030131867667551836,0.005272944266606294,0.6401636921308519,0.27098923845332556
53294.5,asm,0.030803323117314877,0.004215876350479971,0.4259312587002209,0.21287010118225674
53295.5,asm,0.01896799286007618,0.0035099647154400843,0.9858745274119344,0.5425841579128234
53296.5,asm,0.025738802989730383,0.003968893315787105,0.8456856262014509,0.305654612902099
53297.5,asm,0.013460458937466682,0.0036586199864193374,-0.17132177063831175,0.37937358465998056
53298.5,asm,0.021873069391368117,0.0066879373759995515,0.7990371660685865,0.5815176130587297
53299.5,asm,0.01921463453454423,0.0047808891268349175,1.2286989417380085,0.6259188830896736
53301.5,asm,0.009431847557143965,0.004595784806810339,0.7756650327430076,0.8240712265635309
53305.5,asm,0.011519037733636099,0.0046078125820003864,1.1645133509478407,0.851293732016954
53307.5,asm,0.05010038138551478,0.010330595138616271,1.0177818060247155,0.5236951867747965
53340.5,asm,0.055036674980393614,0.02087029468197203,0.05249938595777889,0.14660796951801863
53405.5,asm,0.020210529194196497,0.0068018530376837295,-0.024130359302057928,0.2674465643166654
53407.5,asm,0.04733810645094255,0.015865684149958436,0.38065762611433274,0.5244992907980888
53408.5,asm,0.042976454416340806,0.00998506823264559,0.4319115722521426,0.26928572395791056
53410.5,asm,0.023877199420140344,0.007193798065731105,0.5674501615794879,0.3844358363941564
53419.5,asm,0.02025340393904803,0.005616957735115754,0.17757229671814187,0.39350858409447864
53428.5,asm,0.052133334477742516,0.02359999974568685,5.639999866485596,28.231312934114012
53432.0,bat,0.03519372727272727,0.015786545454545456,,
53438.5,asm,0.015791961383961974,0.00732613913238466,0.9874253102903076,1.0453526248572262
53444.5,asm,0.012319437924966852,0.005023073654473727,0.12887889427171342,0.4097549075617377
53445.0,bat,0.009003545454545455,0.002880363636363636,,
53450.5,asm,0.007790999510373875,0.003380633479171286,1.0268081375322662,1.9398909212416817
53458.5,asm,0.012571160401409046,0.004546521755207404,0.24762924883153392,0.4611424278252146
53467.5,asm,0.015241657292424004,0.004975886396802338,0.5765566202515806,0.5912366438500064
53468.5,asm,0.009243678330715398,0.004615717585036876,-0.48651275942263195,0.9882200401101842
53472.5,asm,0.050534247268054194,0.020406125709420807,1.632590646716014,2.340813642422259
53473.0,bat,0.011274727272727273,0.004523863636363637,,
53491.5,asm,0.01489911232717539,0.004005853740844886,0.65226092584712,0.43786066948269703
53493.5,asm,0.009142885141725492,0.004314414789887614,0.34664706675792645,0.36063198077555964
53496.0,bat,0.012000090909090908,0.0040356818181818185,,
53515.5,asm,0.014703933746885639,0.0066985272300996886,2.564598133102927,3.0680159176826
53543.5,asm,0.015668995346283618,0.005863367124816124,1.7365636258547257,1.4288467919732317
53550.5,asm,0.019859892765198176,0.0064720370141514655,1.0470229592500433,0.6403993388203275
53567.5,asm,0.013160469012488291,0.004172127409637985,0.21194908432143517,0.3203945709571032
53569.5,asm,0.02097908553406471,0.00576197002379917,0.38333550687770424,0.3351090641873538
53576.0,bat,0.0074705,0.002864090909090909,,
53588.5,asm,0.01921102405662576,0.005060165425047595,0.11073769291900107,0.5078954760673899
53589.5,asm,0.062339927512927815,0.016327821811295693,1.1920524657969618,0.9130162028673593
53590.5,asm,0.02141867448340231,0.008661349811946172,2.508063981716901,2.496490940271875
53591.5,asm,0.040430416623334624,0.012365031716711838,-1.4694046006777446,0.6430717917359459
53592.5,asm,0.056755258707394445,0.00600451065335889,2.186874753777125,0.7959428057099969
53593.5,asm,0.05344665999965671,0.005059309901654927,1.2390078512614962,0.2735533263904314
53594.5,asm,0.09084615708783407,0.005614970002407571,1.777478130719322,0.2866443998322789
53595.0,bat,0.0989489090909091,0.005580318181818181,,
53595.5,asm,0.14636065514540203,0.004917430792241348,0.868378596260984,0.07610720372168112
53596.0,bat,0.11966727272727273,0.033182863636363635,,
53596.5,asm,0.18684556973077088,0.007865564086328247,0.8668647611441758,0.10008962920457416
53597.0,bat,0.07591490909090909,0.0114205,,
53597.5,asm,0.18804878104071304,0.00643995124284184,0.6657682078938362,0.0727347938343589
53598.0,bat,0.08366854545454545,0.015414454545454545,,
53598.5,asm,0.18542379499132547,0.01182285086457175,0.6699946914014905,0.12827080018913567
53599.0,bat,0.08040172727272728,0.013241454545454546,,
53599.5,asm,0.1553333282470703,0.040933332443237304,0.8333333129556775,0.6013359480890922
53600.0,bat,0.05222154545454546,0.003919227272727272,,
53600.5,asm,0.1821270130953994,0.005434172893321669,0.63219700990196,0.0609428592832403
53601.5,asm,0.17934386139452083,0.00588368876627466,0.6640704349095582,0.06816047097711941
53602.0,bat,0.06533768181818182,0.02630877272727273,,
53602.5,asm,0.21075550871507925,0.005438199758890685,0.8358444159306033,0.06018805740933402
53603.0,bat,0.08006368181818181,0.007346409090909091,,
53603.5,asm,0.1734485422269202,0.0046060640241812716,0.5931151221105327,0.0489183103810503
53604.5,asm,0.17657233525165072,0.004048506314314568,0.51340560300335,0.04007544074885755
53605.0,bat,0.04961922727272727,0.0062468636363636355,,
53605.5,asm,0.19190519207485446,0.006444405825189527,0.518877805165213,0.05941226474006461
53606.5,asm,0.16036979962204312,0.004807026861750797,0.4208861939134635,0.047337471438224796
53607.5,asm,0.15649001644315078,0.0055184511738704005,0.48375933926731113,0.059023222680892155
53608.5,asm,0.1462450322811651,0.004286723682494028,0.4220882851424451,0.04574565687614143
53609.0,bat,0.04554622727272727,0.005730772727272728,,
53609.5,asm,0.13929797621355763,0.004624109108584564,0.6767220922382212,0.072635623622844
53610.0,bat,0.04943954545454545,0.004944818181818181,,
53610.5,asm,0.1272363934335621,0.004931359113022317,0.5523622243350076,0.07170590656943847
53611.0,bat,0.04097886363636364,0.004006045454545455,,
53611.5,asm,0.12207820228232673,0.004653536605244383,0.6230660472386522,0.07470065365589011
53612.0,bat,0.04204486363636364,0.003273818181818182,,
53612.5,asm,0.11226843873969315,0.004207567273892474,0.41053648733066705,0.06640712047788568
53613.0,bat,0.04316836363636364,0.005625863636363636,,
53613.5,asm,0.11101070969131094,0.0033187727184591917,0.5533621040761457,0.05890224422869463
53614.0,bat,0.017333954545454545,0.007046045454545455,,
53614.5,asm,0.10310184720367309,0.0039152716586704946,0.29962697421157447,0.06056208081668668
53615.0,bat,0.01478809090909091,0.007349136363636363,,
53615.5,asm,0.08418566689542462,0.004170475575560118,0.3630047611593989,0.07797555788955558
53616.5,asm,0.07023882673164439,0.006264516086688771,0.323578547446115,0.12179576423965197
53617.5,asm,0.06851984323148873,0.005989729722157156,0.33452391470802767,0.12386689331672507
53618.0,bat,0.01617590909090909,0.006598818181818181,,
53618.5,asm,0.05747159220557368,0.006603483087431505,0.38526797981290806,0.14981902315109422
53619.5,asm,0.07651028403665092,0.00866238241633043,0.6617180619443183,0.22607615418876767
53620.0,bat,0.01849859090909091,0.004055590909090909,,
53620.5,asm,0.06289696522287569,0.010593808783317777,0.6102174986840657,0.2890240407877531
53621.5,asm,0.057115956815178386,0.01385388502451421,0.27464164883537745,0.3358980059490957
53622.5,asm,0.05891938971987043,0.010647726659274239,0.5853445899186226,0.24164156787820384
53623.5,asm,0.03661505708185975,0.01377763286652242,0.10051931207246519,0.30990907886547353
53624.0,bat,0.02423936363636364,0.009355681818181819,,
53624.5,asm,0.06174436209774545,0.010202363045831511,0.31786304825483164,0.22982053316922282
53625.0,bat,0.03752759090909091,0.0060687272727272725,,
53625.5,asm,0.040815836832555394,0.00924765943197989,1.2537101745697878,0.7334093060513883
53626.5,asm,0.05497966322612779,0.014305727518592338,0.4524014489512088,0.47399026353861917
53627.0,bat,0.04524013636363636,0.0029845454545454546,,
53628.0,bat,0.05378390909090909,0.01306231818181818,,
53629.0,bat,0.03467231818181818,0.003825772727272727,,
53630.0,bat,0.04630095454545454,0.009785045454545454,,
53631.0,bat,0.04674881818181818,0.009951227272727273,,
53632.0,bat,0.037646090909090914,0.013678818181818183,,
53633.0,bat,0.02458181818181818,0.00458109090909091,,
53634.0,bat,0.024889863636363634,0.003509909090909091,,
53635.0,bat,0.021593136363636363,0.004184409090909091,,
53636.0,bat,0.025104409090909094,0.0033794999999999997,,
53637.0,bat,0.02353236363636364,0.0066205909090909084,,
53639.0,bat,0.00842318181818182,0.002898318181818182,,
53639.5,asm,0.013744986132716429,0.005696911485232031,0.8469169273687455,0.6945793727988183
53640.0,bat,0.010316227272727272,0.0030892727272727274,,
53643.0,bat,0.008417318181818182,0.0038297727272727272,,
53643.5,asm,0.011619317064608196,0.0053171505979664885,0.8414265846048035,0.7065292073544188
53649.5,asm,0.011323545110136638,0.0046402354804671,2.037248226635435,2.576636475111564
53651.5,asm,0.007967366872120634,0.0033524374091089223,24.064506411273978,210.4770890839235
53674.0,bat,0.00957690909090909,0.0035537272727272726,,
53691.5,asm,0.014826443449906662,0.006567314896009006,0.053042436276006646,0.4288784532566914
53697.5,asm,0.019626509255446147,0.008532690410474275,1.2447585672112014,1.3332337885470862
53713.0,bat,0.07282881818181818,0.0356205,,
53751.5,asm,0.10293333053588867,0.048266665140787764,-1.2105263529391834,1.3725632729395143
53768.0,bat,0.009917545454545453,0.003801181818181818,,
53773.5,asm,0.03320028513980235,0.007665301409416772,1.0351078757811176,0.5620699825325179
53778.0,bat,0.012345181818181818,0.0047040909090909095,,
53782.5,asm,0.059040939095616786,0.020254259009513265,0.4935823718689313,0.3539314164938957
53795.5,asm,0.0328786326110683,0.015983274695360313,-11.232308842488157,51.51104963679511
53806.5,asm,0.008044349945052544,0.003253031196775731,1.0417273546372678,0.7882790775139277
53808.5,asm,0.007789581548627168,0.0031143798812809636,2.2265681371056893,1.671304584392533
53809.5,asm,0.011723376514501145,0.005273683678233205,1.751467953262664,1.1619357673148922
53835.5,asm,0.04446250371967233,0.012160230669398735,1.2049058909756365,0.8260284685399871
53843.5,asm,0.013657345619648487,0.005810291833733001,-1.5613351095392678,3.9028478579587986
53847.5,asm,0.012813041335937043,0.005164383849465481,0.28585614669694626,0.7067154185667499
53864.5,asm,0.009013201764374406,0.004067433563457002,1.0213806999199866,0.7829044928330916
53876.5,asm,0.018140256366576048,0.005366084290257929,2.6686858277597647,2.6224261668312074
53883.5,asm,0.027297692548125526,0.013193825404567731,3.6147033409156237,4.479232031236006
53890.0,bat,0.007467181818181818,0.0026584545454545454,,
53900.0,bat,0.0065942272727272724,0.002957681818181818,,
53902.5,asm,0.020329683021400268,0.00822076559849681,-19.144395258591267,196.1861823181193
53905.0,bat,0.008530727272727273,0.004097818181818182,,
53905.5,asm,0.014553989068151762,0.0059001601352818,5.73784827695632,21.500500554896394
53914.5,asm,0.01907344705093983,0.0060849651575324805,1.424704664434611,1.6968784767840812
53924.0,bat,0.017576363636363636,0.007304818181818181,,
53930.5,asm,0.02695630180840115,0.009946734716968685,11.899743572619556,51.71602381129772
53944.5,asm,0.040521637473916086,0.013074934102085168,0.629260477301203,0.5155235960506355
53966.0,bat,0.018462454545454546,0.008878318181818182,,
53975.0,bat,0.008410409090909092,0.003980272727272727,,
53979.0,bat,0.01302109090909091,0.004591227272727273,,
53994.5,asm,0.01393691178522235,0.006784643449733151,0.6234268553376544,1.0260873386476643
54012.5,asm,0.015873182127547607,0.0038620336328014965,1.3624169497619016,0.6604726528904858
54020.5,asm,0.01716632074042557,0.005572677864270781,3.9046313510191895,6.193984040682289
54068.0,bat,0.034636818181818185,0.016937636363636363,,
54095.0,bat,0.18977154545454544,0.08740822727272728,,
54102.5,asm,0.13400000254313152,0.037199999491373696,0.07142857370936144,0.45061160223328384
54127.0,bat,0.011074500000000001,0.004315136363636364,,
54127.5,asm,0.05895359702971138,0.011243376569052825,2.1314614916035866,1.4323418848888707
54128.5,asm,0.03397866574137202,0.011905670739846263,0.29858132694729156,0.7482384412880113
54129.5,asm,0.035511462300796826,0.012349718940752397,-0.15203467025354234,0.743609533618921
54139.0,bat,0.014295954545454546,0.006946272727272728,,
54150.0,bat,0.011410590909090908,0.005133454545454545,,
54161.5,asm,0.01074583496241264,0.004363967380718585,0.8360287012138309,0.7513729864493751
54169.5,asm,0.012362414142434235,0.005432444582243897,0.6198482755045202,0.7823850061223663
54184.5,asm,0.030496928363454915,0.01406542508918353,2.4244288282877933,3.5728772894301866
54196.0,bat,0.015541318181818182,0.00667309090909091,,
54205.0,bat,0.012075681818181819,0.005424136363636364,,
54220.0,bat,0.008943681818181818,0.0043366818181818185,,
54226.5,asm,0.03709347849227146,0.016377594306003353,-23.112826400363154,347.76045586461987
54243.5,asm,0.09853333155314127,0.03626666704813639,24.78947419605097,234.98747326732777
54247.5,asm,0.014303272772754665,0.006589788394501548,1.2418448859358555,0.928403083790458
54253.5,asm,0.04749030078916006,0.018621638008540782,4.493333502705309,6.7732928577289435
54273.5,asm,0.019973560345240518,0.009776565931984359,0.43322269210106185,1.2127282829712296
54274.5,asm,0.025060690531435073,0.011056788679583165,2.001692018507676,2.335486539296141
54284.5,asm,0.0178747698709539,0.008737861934848167,0.7236079857757086,0.5507737955751517
54309.5,asm,0.01417621214253816,0.004170564252044628,0.7696471917723597,0.49565574985185534
54311.5,asm,0.02343583012917936,0.0054528730782051615,2.2765997681667742,1.6784247370569112
54318.0,bat,0.007969727272727272,0.0026795,,
54328.5,asm,0.019299944819855457,0.00920417295466745,2.190591664946897,2.56884953655063
54332.5,asm,0.015560919137027805,0.0067996960249744895,2.324715653312458,3.226716396246792
54333.5,asm,0.02557360861269458,0.007467551599872979,10.107421643699794,32.57648850358402
54348.0,bat,0.03190168181818182,0.0159185,,
54353.5,asm,0.014732860139413703,0.00615757900089993,31.152049988599284,407.30665363849323
54357.5,asm,0.015105719950476958,0.005747603272900938,-0.3302165800391049,0.876436169934902
54368.5,asm,0.011705168929669637,0.005107901110032783,3.1881027060589204,7.600265990579531
54370.5,asm,0.02701449862081702,0.01099221916079684,0.27447228242595356,0.4146417358435222
54381.5,asm,0.018451623261796182,0.006731985227292027,-0.3458022960928845,0.48133856238339245
54382.5,asm,0.062836085549872,0.019271974508468626,0.22443175713819136,0.5296933672919169
54383.5,asm,0.08293333053588867,0.019733333587646482,0.9851851995753323,0.8318297383113478
54384.5,asm,0.1428000005086263,0.02253333409627279,1.5511111153496637,0.6032829292674416
54406.5,asm,0.031046032726025862,0.012168867683662939,0.2167205069198408,0.22893856108776614
54413.0,bat,0.010448863636363636,0.004722681818181819,,
54426.5,asm,0.025909416861136285,0.012624720867620304,-0.271297597238638,0.47044306021630367
54455.5,asm,0.3043999989827474,0.038933334350585935,0.5989304483297653,0.19134982087931088
54460.5,asm,0.24112916983115332,0.016402079169332017,0.5546944470530442,0.12572334556311723
54462.5,asm,0.28399998982747393,0.02293333371480306,0.26597324766418873,0.35132408829811435
54463.5,asm,0.20999999999999996,0.02640000025431315,0.7475728177813045,0.2813469605307728
54464.0,bat,0.04728745454545454,0.01255340909090909,,
54464.5,asm,0.13711566356871455,0.02870284599585445,-0.6062109001509525,0.5555589723254379
54465.0,bat,0.049694499999999996,0.012269727272727274,,
54465.5,asm,0.1728000005086263,0.04173333485921225,-0.09537572528171291,0.883740498318189
54466.0,bat,0.08103531818181818,0.028561409090909092,,
54466.5,asm,0.3596868139330188,0.03073266632719007,0.23567407659751002,0.24074450029953984
54468.0,bat,0.06279940909090909,0.023766454545454545,,
54469.0,bat,0.07760877272727273,0.016501181818181818,,
54469.5,asm,0.2665333302815755,0.031333332061767576,0.47765365211984756,0.36633256852348184
54475.5,asm,0.16986666361490885,0.02079999923706055,0.4991568505620447,0.17188990803850127
54476.5,asm,0.15807540387300728,0.021252662401877908,0.3426731187102473,0.27335016579601995
54478.5,asm,0.16893333435058594,0.04759999910990398,3.5249042831579738,3.265454946875317
54479.5,asm,0.11573333740234375,0.02920000076293945,1.164864834387691,0.7631544496357066
54480.0,bat,0.014244227272727273,0.005073045454545455,,
54480.5,asm,0.1412689653304836,0.02827675698941361,0.6935278283769565,0.26073280512859354
54481.0,bat,0.019938818181818183,0.005354318181818182,,
54481.5,asm,0.12239167130361686,0.04103229718710573,-0.11949825542414722,0.7667434840947723
54482.0,bat,0.036959181818181815,0.006213636363636363,,
54482.5,asm,0.12028073346724852,0.01840849207348042,1.7489622053095422,1.1495085198309611
54483.0,bat,0.04387309090909091,0.004401045454545454,,
54483.5,asm,0.1107128955549698,0.008407376596207229,0.6334647017897981,0.15768244852636312
54484.0,bat,0.03188163636363636,0.004029136363636364,,
54484.5,asm,0.10463860284641474,0.012490985790604987,1.0071371050966673,0.4666643008976084
54485.0,bat,0.03721368181818182,0.009993272727272726,,
54486.0,bat,0.028588772727272727,0.005484318181818182,,
54486.5,asm,0.13624992985346387,0.02456488310079916,1.0642880007181388,0.5405856928721771
54487.0,bat,0.0395669090909091,0.005445681818181818,,
54487.5,asm,0.09454821235555005,0.02112379109901626,0.7777800282993924,0.8675637937301549
54488.0,bat,0.03228422727272727,0.006896318181818182,,
54488.5,asm,0.07220478599220505,0.014687535023866655,0.5919169644746529,1.2694750240646746
54489.0,bat,0.024450863636363635,0.0044954545454545455,,
54489.5,asm,0.06599999745686849,0.01866666634877523,-1.4553989380635577,1.1258086114549366
54490.0,bat,0.04811463636363636,0.006058954545454545,,
54490.5,asm,0.048134102179909204,0.010129783568746048,-0.01170910323217713,0.424998814620803
54491.0,bat,0.03781654545454545,0.005766454545454546,,
54491.5,asm,0.06576905279087,0.016127078265453867,-0.8406674314691408,0.6228055793863223
54492.0,bat,0.034996681818181816,0.009634863636363638,,
54492.5,asm,0.041451932862530544,0.012128569039377392,3.7749409609984714,3.192845447055379
54493.5,asm,0.03888073200943461,0.008371881472204627,-0.25881447603610075,0.6031681314176119
54494.0,bat,0.026753636363636365,0.00436,,
54494.5,asm,0.018994550961587826,0.00855323595046171,0.7796198204948547,0.9244874973608421
54495.0,bat,0.017787409090909093,0.004283454545454546,,
54495.5,asm,0.08398169120760138,0.01821830250620867,0.9547149873596916,0.616713278234834
54496.0,bat,0.02766086363636364,0.005915409090909091,,
54496.5,asm,0.05508003110742821,0.016943657555898776,3.0163808374276333,5.3382522577684615
54499.0,bat,0.04817004545454545,0.007779954545454546,,
54499.5,asm,0.03312079809303665,0.013303541576327512,0.4837185577566495,0.5315664839724086
54500.0,bat,0.04105145454545455,0.006854000000000001,,
54500.5,asm,0.024253108413732356,0.009390576655523302,1.4262476128332948,1.2348401126361517
54501.0,bat,0.03264772727272727,0.005284636363636364,,
54502.0,bat,0.03272859090909091,0.0050325000000000005,,
54503.0,bat,0.025174954545454546,0.007015954545454546,,
54503.5,asm,0.02704250951461614,0.009866095615076592,1.010493749272327,0.8723178017483342
54504.0,bat,0.022712863636363635,0.007453318181818182,,
54504.5,asm,0.05807446885827648,0.015059980810667657,-0.45322136201860314,1.4135614997165253
54505.0,bat,0.03821622727272727,0.007935,,
54506.0,bat,0.023576090909090908,0.010409545454545456,,
54507.5,asm,0.032553217789239634,0.012650434700519332,8.400627542963234,11.570868802565524
54508.0,bat,0.0173395,0.006792181818181818,,
54510.5,asm,0.016732220519990848,0.0071957334844666015,5.153212602132373,6.272530961959009
54511.0,bat,0.012135772727272728,0.004799590909090909,,
54519.5,asm,0.008512291331903753,0.0035269016701142014,0.2639911310496059,0.4309989561792194
54527.0,bat,0.012625090909090909,0.004347454545454546,,
54528.5,asm,0.03772993007626388,0.01037993554942895,1.075132409176723,0.7133916240230146
54530.5,asm,0.030399999618530273,0.014533333778381348,2.6571429228296095,4.929997642479703
54533.5,asm,0.03986198947901295,0.00911197345904158,0.24929358069101848,0.4128396659036435
54535.5,asm,0.02474793805813858,0.010777704338323606,-0.13485046412218812,1.602843226750422
54545.5,asm,0.01584398153459281,0.007513742716824274,0.711022707635904,0.9155605844160049
54570.5,asm,0.011792280265315168,0.005527438492069161,0.9951650770875299,2.0355424773714637
54572.5,asm,0.017315569908729015,0.006675049431675722,0.5335990159299304,0.5415610532173585
54575.5,asm,0.020427756915359283,0.009981773971785598,0.9273453073075394,2.4573491975234814
54585.5,asm,0.015765444666678178,0.007307429501180243,1.4135881872912526,2.971755255563455
54598.0,bat,0.011136363636363635,0.0051516363636363634,,
54605.5,asm,0.01999922495567078,0.00846676513628836,2.4956660931484462,2.2013212540765457
54606.5,asm,0.021530528500193807,0.008621702225974574,0.5149543794703341,0.509164509076026
54607.0,bat,0.016995136363636365,0.0039169545454545455,,
54614.5,asm,0.02355180163904995,0.009853118111039361,0.1219252237138673,0.7681321749436771
54619.5,asm,0.02141153268743619,0.009013189659097812,1.9451747835026292,1.52847327161377
54622.0,bat,0.008694318181818182,0.003788954545454545,,
54631.0,bat,0.013527409090909092,0.004832954545454546,,
54639.0,bat,0.014681227272727273,0.006144545454545455,,
54640.0,bat,0.014213,0.004929727272727272,,
54642.5,asm,0.10973332722981771,0.04640000025431316,0.9785714486423808,1.064968736755124
54653.0,bat,0.01801236363636364,0.006408227272727273,,
54661.0,bat,0.011287227272727273,0.004655681818181818,,
54662.5,asm,0.03023625691186993,0.013235704561010121,-0.1431068770188889,0.4033500758129563
54682.5,asm,0.06325484358739865,0.020621337677366184,1.2929364496715343,1.0246714927669338
54694.5,asm,0.03377667193480717,0.015227694765473632,-11.388527842067731,96.59868713431912
54727.5,asm,0.03813105635516043,0.013892046668529194,1.4391090269011206,0.8485344562208016
54728.0,bat,0.006054681818181818,0.002528772727272727,,
54730.0,bat,0.009203409090909092,0.003546363636363636,,
54731.5,asm,0.021653717058300857,0.009878798686712525,1.1898122203992167,1.10423840615323
54732.0,bat,0.021283,0.004920227272727272,,
54733.0,bat,0.039626681818181825,0.0034222272727272725,,
54734.0,bat,0.053770681818181815,0.006875454545454546,,
54735.0,bat,0.0791605909090909,0.005693681818181818,,
54735.5,asm,0.03589952624813592,0.008592430129461018,9.14742175829974,21.947483405658843
54736.0,bat,0.08428481818181818,0.004314090909090909,,
54736.5,asm,0.024937964033815204,0.006644453618230692,36.27876997257044,217.32542245276412
54737.0,bat,0.12190849999999999,0.006902772727272728,,
54737.5,asm,0.027449947035358805,0.00663946270728056,3.286200847488926,2.4416769438250783
54738.0,bat,0.14938213636363637,0.006448681818181818,,
54739.0,bat,0.17148327272727273,0.007570090909090909,,
54739.5,asm,0.04323501883915523,0.01080537378121304,2.853747275562047,1.7079761290336943
54740.0,bat,0.16285009090909092,0.007189045454545454,,
54740.5,asm,0.04108166255943806,0.00904599634707864,3.266673367474349,2.336095247441655
54741.0,bat,0.16004781818181818,0.00851790909090909,,
54741.5,asm,0.030705329154991013,0.010530507872129705,1.6761102861039185,1.3069169791684687
54742.0,bat,0.16047731818181818,0.0063282727272727275,,
54742.5,asm,0.05176973263803981,0.015458026017304479,-22.43710289633698,73.88161896949595
54743.0,bat,0.17683168181818182,0.007724227272727272,,
54743.5,asm,0.060065119357270214,0.009584872188317715,-25.325450622800307,85.58195582629483
54744.0,bat,0.17769086363636363,0.00826190909090909,,
54744.5,asm,0.045334308494263835,0.007974371249270444,3.0379646712041786,1.5318505141854402
54745.0,bat,0.16914549999999998,0.009215045454545455,,
54745.5,asm,0.05528456300912782,0.009475100537536658,2.8744247466715858,1.2807493536474837
54746.0,bat,0.17419231818181818,0.007138590909090909,,
54746.5,asm,0.05711785087676513,0.011824662793948813,4.040928371111418,3.858144023118356
54747.0,bat,0.15958463636363637,0.006400363636363636,,
54747.5,asm,0.06300509512101658,0.010131852416142362,5.592137085875583,4.949018037191913
54748.0,bat,0.1706450909090909,0.006589454545454546,,
54748.5,asm,0.0497349389562022,0.006798500972362072,7.37696640753388,5.825882751400058
54749.0,bat,0.17044636363636365,0.006547772727272728,,
54749.5,asm,0.058600165872708866,0.007309083908063409,2.48051634248068,0.8933898271183759
54750.0,bat,0.16897440909090908,0.0076525000000000004,,
54750.5,asm,0.05704309450773439,0.007581782331648195,2.2412984954341235,0.7193600485350559
54751.0,bat,0.16605822727272726,0.006507409090909091,,
54751.5,asm,0.0720738644992451,0.01093141427660037,1.576618913725124,0.5689461726704714
54752.0,bat,0.16584195454545456,0.006610909090909091,,
54752.5,asm,0.06637316117988808,0.0063723619482620435,1.6733432671471788,0.4080843052840963
54753.0,bat,0.15454031818181818,0.006187272727272727,,
54753.5,asm,0.06956512881166385,0.005208457576168537,3.519701185718699,0.9015898301410927
54754.0,bat,0.15064418181818182,0.006118636363636363,,
54754.5,asm,0.04987747426795219,0.005723195710073563,1.6511578853638895,0.5754154830560684
54755.0,bat,0.1546480909090909,0.006177363636363636,,
54755.5,asm,0.05611263946203548,0.006956657358394774,2.181841897323867,0.8281579773090775
54756.0,bat,0.14777181818181817,0.006021954545454545,,
54756.5,asm,0.04599393833498771,0.005381925079009819,2.353870038767612,0.814193548406806
54757.0,bat,0.14047172727272728,0.005784363636363637,,
54757.5,asm,0.06865829949117476,0.0073660822516954825,2.1142985344858274,0.6738327284403127
54758.0,bat,0.13635750000000002,0.005939363636363637,,
54758.5,asm,0.04432489458791491,0.00910402240699583,1.929659825886716,1.0105432233360183
54759.0,bat,0.11481009090909092,0.005583045454545455,,
54759.5,asm,0.06344684294161115,0.00635347462464172,1.5684844034031726,0.4552139100070289
54760.0,bat,0.1055414090909091,0.005393181818181819,,
54760.5,asm,0.056687371590727044,0.005216303008223778,1.752735132837603,0.44649524518253064
54761.0,bat,0.08534277272727273,0.005268636363636363,,
54761.5,asm,0.0737525244519647,0.00524328016050052,0.9156703120400599,0.21517210601981646
54762.0,bat,0.06999595454545454,0.006217409090909091,,
54762.5,asm,0.09222708745381482,0.006089246537330842,1.279831408315604,0.21687702569246317
54763.0,bat,0.07770236363636362,0.006326227272727273,,
54763.5,asm,0.07657684776789277,0.0058335221313982645,0.8665812016062496,0.2038111575998445
54764.0,bat,0.06544454545454545,0.004772045454545454,,
54764.5,asm,0.09603680114723052,0.00848811332361536,1.3085313040074116,0.32577104086520675
54765.0,bat,0.06652495454545454,0.0057975909090909085,,
54765.5,asm,0.08987081532555942,0.007183546488810526,0.8473906945976735,0.19009347296307327
54766.0,bat,0.058871909090909086,0.0056479090909090915,,
54766.5,asm,0.06962397192321079,0.007747945802708218,1.0804525186154967,0.31276325496730667
54767.0,bat,0.04997822727272727,0.01528890909090909,,
54767.5,asm,0.1243999989827474,0.05119999885559082,-0.0379965458130156,1.1123579459977002
54768.0,bat,0.05743804545454545,0.026447954545454542,,
54768.5,asm,0.05732921213167149,0.007608812334986001,1.3410549324056356,0.46048270591729334
54769.0,bat,0.07170186363636363,0.0067557727272727275,,
54769.5,asm,0.0429562235972063,0.007825056679429006,2.5713724885775373,1.2200305582676094
54770.0,bat,0.07881654545454546,0.005902909090909091,,
54770.5,asm,0.06665730276436915,0.010564101452218436,0.40083048061434806,0.24843244039539678
54771.0,bat,0.07701818181818182,0.0080615,,
54772.0,bat,0.06766654545454545,0.004774818181818182,,
54772.5,asm,0.03452609763781806,0.010444030736298439,2.6726680192664607,2.0996506418739704
54773.0,bat,0.07606422727272727,0.014118909090909092,,
54773.5,asm,0.04802843659927072,0.007329794443280268,0.7677120356604864,0.3061378636793123
54774.0,bat,0.06332459090909091,0.009483090909090908,,
54775.0,bat,0.08468245454545455,0.01964218181818182,,
54776.0,bat,0.059626227272727275,0.006591818181818182,,
54776.5,asm,0.05308519557485616,0.013149187886857703,1.0972953391148221,0.8939539302822002
54777.0,bat,0.0726295,0.008999227272727273,,
54777.5,asm,0.0356000010172526,0.017333332697550455,4.174999830499294,8.5711652252459
54778.0,bat,0.06211754545454545,0.005840227272727272,,
54779.0,bat,0.080342,0.006814363636363637,,
54779.5,asm,0.039165198151343915,0.009701059817084388,1.8563257064410668,1.1789156793669822
54780.5,asm,0.024705827229744126,0.010901806536672635,43.03783169299355,1013.3560567553116
54781.0,bat,0.07745072727272728,0.021400136363636364,,
54781.5,asm,0.09327555462022584,0.01804489395057175,0.5618828567314156,0.21418249365047248
54782.0,bat,0.05357681818181818,0.009336181818181818,,
54782.5,asm,0.035940420555047536,0.009691063021255187,1.8602938512334908,1.3842010834653964
54783.0,bat,0.06038204545454546,0.008593318181818183,,
54783.5,asm,0.029131373056475934,0.010296303077165352,8.166308250776883,27.574492945468766
54784.0,bat,0.062131454545454545,0.0047494090909090915,,
54785.0,bat,0.056186090909090915,0.005827727272727273,,
54786.0,bat,0.05007209090909091,0.008505363636363637,,
54786.5,asm,0.05856970368592009,0.012440794342204787,1.5761652832444308,0.9279728245551383
54787.0,bat,0.04085377272727273,0.008223272727272727,,
54788.0,bat,0.05143695454545455,0.008427136363636364,,
54788.5,asm,0.05838341844903516,0.01784006754354831,0.5061537313868751,0.27254879979399926
54789.0,bat,0.030425318181818182,0.008143454545454546,,
54792.0,bat,0.12859772727272728,0.06273068181818182,,
54842.5,asm,0.0735231445033968,0.0297770751453142,0.7630838524742393,0.49458856333007206
54878.5,asm,0.01352030845571553,0.006421013321722815,1.1753767460475548,1.620104990074171
54881.5,asm,0.019594042531685542,0.008315745843843394,2.5168670498716135,2.1505512644612543
54884.0,bat,0.01226309090909091,0.0059195,,
54896.5,asm,0.024359409066331463,0.008921219930836095,1.9365029491541812,1.8430729651370914
54898.5,asm,0.02717927756433446,0.011800079154662298,0.14033296667209008,0.2680112248707701
54899.5,asm,0.03468268231950143,0.011756790391948501,0.24158953708705688,0.44705094614781277
54915.5,asm,0.02251969028331421,0.007094564056439481,4.98543683454493,5.714328156435888
54919.5,asm,0.014810898972017865,0.0071489051866528925,0.7813872405529602,0.7297208539389417
54927.5,asm,0.011224071578587944,0.005378477604001305,1.496040711525406,1.2591568916727298
54931.5,asm,0.011102496473765534,0.005269172697984123,0.4823329827988214,0.4968870797254642
54939.5,asm,0.0159966167247691,0.007173100929703134,1.1797864436819998,0.9650436857624074
54940.0,bat,0.024953636363636365,0.012202590909090908,,
54940.5,asm,0.013675135435120183,0.006620836948872149,1.2121453938569398,1.1397778987383806
54943.5,asm,0.024222514081871132,0.008573724835776923,1.0046401996061962,0.6495273562107331
54957.5,asm,0.02620287388162912,0.01084596901072567,0.8887874591000146,0.7847089537096255
54965.5,asm,0.019728240736236937,0.008956874117097877,2.203826103561276,3.2158110934123094
54973.0,bat,0.04769672727272727,0.004822409090909092,,
54973.5,asm,0.01833568504825092,0.00837143250637548,1.4135450906571752,1.3756523560641938
54974.0,bat,0.07047322727272727,0.005563,,
54974.5,asm,0.023502462561784357,0.00899794466278068,2.884041044676582,3.0424539693854227
54975.0,bat,0.09530931818181818,0.006138863636363637,,
54976.0,bat,0.13032781818181818,0.007807227272727272,,
54976.5,asm,0.037204408373883426,0.011357107984438845,0.8967510510123597,0.6084943181908342
54977.0,bat,0.19280986363636363,0.018631590909090907,,
54977.5,asm,0.06120693989646484,0.0088974278800945,2.9294635656806727,1.5629647672199554
54978.0,bat,0.1719915,0.010590590909090909,,
54978.5,asm,0.0708507550551808,0.009574104429086995,2.4650151729945367,1.0679778874736545
54979.0,bat,0.193568,0.009618454545454545,,
54979.5,asm,0.08140468437542697,0.00930456951553129,4.799945016180047,2.84148640635286
54980.0,bat,0.18939218181818182,0.01208259090909091,,
54980.5,asm,0.07279668503871595,0.006318644560994613,2.6649511866543403,0.8538832586003489
54981.0,bat,0.17180822727272727,0.011666727272727273,,
54981.5,asm,0.07477599693754859,0.007181651840783249,1.953570250312878,0.4827248162179248
54982.0,bat,0.16942645454545455,0.007587772727272728,,
54982.5,asm,0.08390118648247669,0.007281819186933812,3.299699592680878,1.0978058460953766
54983.0,bat,0.14071072727272727,0.006456590909090909,,
54983.5,asm,0.08280301340241177,0.005595666928451805,1.6483748725770118,0.25284453711172616
54984.0,bat,0.11173781818181819,0.006170999999999999,,
54984.5,asm,0.09164436309880312,0.027695274067271635,8.178431890627015,34.89779142158701
54985.0,bat,0.10982236363636363,0.006184409090909091,,
54985.5,asm,0.11125398945471805,0.021535142430437193,1.8993301575261599,1.402510984621696
54986.0,bat,0.10166968181818183,0.007136772727272727,,
54986.5,asm,0.2123220758743431,0.010927804319869843,1.018456042649146,0.1454903428823078
54987.0,bat,0.1156445,0.007859727272727273,,
54987.5,asm,0.2246018120701498,0.011276541000325954,0.9223249325352976,0.12245309111001355
54988.0,bat,0.08164277272727273,0.004580636363636364,,
54988.5,asm,0.24251588663309812,0.010850781654166412,0.8771000381433931,0.10003422109426204
54989.0,bat,0.06194963636363636,0.0086855,,
54989.5,asm,0.1917505025224176,0.01948553259334208,0.35500179533975773,0.15168103272388475
54990.5,asm,0.22903778143922154,0.010196363730311922,0.7254214848269808,0.09054534182684323
54991.5,asm,0.20085165935650418,0.010485262862397395,1.1395819691966547,0.17140708040725564
54992.0,bat,0.06687027272727274,0.004349909090909091,,
54992.5,asm,0.1639280450175872,0.007614179089643925,0.5901601424830141,0.0774394073625711
54993.0,bat,0.061235,0.005435318181818182,,
54994.0,bat,0.05699272727272727,0.0047673181818181825,,
54994.5,asm,0.1633333333333333,0.028666667938232422,0.39898990598360784,0.35661834200774717
54995.0,bat,0.05628336363636364,0.004916181818181819,,
54995.5,asm,0.12945368840354884,0.01830642593145172,0.7225685927991935,0.33473498626139436
54996.0,bat,0.04188245454545454,0.003766409090909091,,
54996.5,asm,0.12994726639461002,0.0087269451861848,0.46820509887412004,0.08780905419319517
54997.0,bat,0.043528681818181814,0.0046054090909090906,,
54997.5,asm,0.11894798819007155,0.011337412023155897,0.3293500467740161,0.12212313782874239
54998.0,bat,0.033768181818181815,0.004914772727272727,,
54998.5,asm,0.11095733209542881,0.0136448787289194,0.1747010125664707,0.20779422444753523
54999.0,bat,0.03675263636363636,0.0040479545454545456,,
54999.5,asm,0.13467193427641896,0.011708222770795447,0.35381222443586696,0.09843419702637365
55000.0,bat,0.037443818181818175,0.011616181818181819,,
55000.5,asm,0.10804281311519949,0.018258693459783856,0.24253669695177363,0.21048336500461232
55001.0,bat,0.025378636363636364,0.006102818181818182,,
55001.5,asm,0.12706666310628256,0.05240000089009603,0.707423594652594,1.2140582984206159
55002.0,bat,0.03408409090909091,0.005312227272727273,,
55002.5,asm,0.07987874797853761,0.011429189367115693,0.5207429237175625,0.20629599101344162
55003.5,asm,0.07959053298804934,0.01695367854500923,0.16963908774965147,0.21498568151599684
55004.0,bat,0.04366763636363636,0.009624727272727273,,
55004.5,asm,0.09382631336189708,0.00945204384948247,0.39292256938107145,0.12686107356205095
55005.0,bat,0.037406,0.004765090909090909,,
55005.5,asm,0.07950478173032625,0.008061172094041755,0.7293495055366068,0.22097686532250674
55006.0,bat,0.039874681818181816,0.004461772727272727,,
55006.5,asm,0.0767207324785781,0.008263436440337519,0.9268985933601317,0.3112928257710782
55007.0,bat,0.03948895454545455,0.005705227272727272,,
55007.5,asm,0.06329278642639465,0.02049469188235061,0.16372132897876243,0.5266914135857163
55008.0,bat,0.037484863636363636,0.004469909090909091,,
55008.5,asm,0.05079055825174485,0.015776259541018658,-3.543621425515604,6.944837876754056
55009.0,bat,0.0310715,0.0061923636363636365,,
55009.5,asm,0.09475355330140885,0.01349855677463558,0.7993389306216556,0.2706418514240489
55010.0,bat,0.04448654545454546,0.006060772727272727,,
55010.5,asm,0.09332104673532703,0.012227153806751462,0.9449904450710331,0.3338184111561754
55011.0,bat,0.043917227272727274,0.0039385,,
55011.5,asm,0.04563002809475108,0.009090402045453269,1.6191304268312592,1.0731931192559068
55012.0,bat,0.02185709090909091,0.006263681818181818,,
55013.0,bat,0.026491272727272728,0.003926,,
55014.0,bat,0.03598136363636364,0.005523863636363636,,
55014.5,asm,0.039062243661641904,0.00852645477352687,0.5366889727903558,0.34891574289361443
55015.0,bat,0.03759981818181818,0.003686,,
55015.5,asm,0.05128574620898454,0.0163037047347508,2.251939977832692,2.8677404425748168
55016.0,bat,0.03977931818181818,0.012387272727272728,,
55016.5,asm,0.03756529443653795,0.017272246559119884,0.5455807283554364,0.8819507650713915
55018.0,bat,0.03894754545454546,0.008936136363636365,,
55018.5,asm,0.03680117128579929,0.0069464451599190015,1.1776967432296166,0.5736458390363396
55019.0,bat,0.034420181818181815,0.006208318181818181,,
55020.0,bat,0.05888831818181818,0.005747772727272727,,
55020.5,asm,0.038622260331953186,0.009667256700023769,-26.499142997728153,188.25119570864848
55021.0,bat,0.03853722727272727,0.007381090909090909,,
55021.5,asm,0.03575927645600063,0.013025152493647234,1.8477121110186867,3.4908394051356497
55022.0,bat,0.049210863636363636,0.0076177272727272725,,
55022.5,asm,0.02465315404560767,0.008157538921247875,1.09821040810571,0.7590665261314591
55023.0,bat,0.04016563636363636,0.004388363636363636,,
55024.0,bat,0.028987045454545453,0.008331181818181817,,
55025.5,asm,0.031092323760084573,0.011386908424134815,7.027521921670919,16.68043285158763
55026.5,asm,0.025835708722676428,0.007006422236556755,1.018094386921994,0.6366296771833682
55027.5,asm,0.016597905682573806,0.006444977367421823,-0.22361335299627727,0.4464836632673999
55028.5,asm,0.02225428064642136,0.006235195748245084,0.6618954371852472,0.3914886711795758
55029.0,bat,0.018451045454545453,0.0040079545454545455,,
55030.0,bat,0.020877863636363635,0.005179681818181818,,
55030.5,asm,0.019404400775141536,0.006354955293419332,0.9176798451542206,0.517549309256249
55031.5,asm,0.03856285093174477,0.007671124518155727,0.527416953484685,0.2091423896599673
55033.0,bat,0.023378363636363638,0.005469045454545455,,
55035.0,bat,0.014597636363636365,0.004825045454545455,,
55038.5,asm,0.029826936957958003,0.010707295520663887,0.9329015728687986,0.6167965723155133
55041.0,bat,0.0122215,0.004511727272727273,,
55047.5,asm,0.0263753237760264,0.011315549183535426,0.8913786040692245,0.6758866158963424
55049.0,bat,0.01252040909090909,0.004816818181818182,,
55054.0,bat,0.019688545454545455,0.008855363636363637,,
55057.5,maxi,0.006119459459459459,0.0016486486486486486,0.9048785921140565,0.45364896444175346
55058.5,maxi,0.006135945945945946,0.0017148648648648648,1.8788995332842056,1.6727638887977514
55059.5,maxi,0.0072535135135135135,0.0017045945945945945,0.3958591619142078,0.19591227792351443
55062.5,maxi,0.006906756756756757,0.0018497297297297298,1.3063788659793814,0.9154799313003079
55063.0,bat,0.007652272727272728,0.0037764090909090907,,
55063.5,asm,0.027837808304053174,0.00960995258845146,0.6564285804536809,0.49183854278626743
55063.5,maxi,0.007671621621621621,0.001807027027027027,1.2463426607756505,0.548395956698132
55066.5,maxi,0.007941621621621622,0.001928108108108108,1.0890875794462997,0.555388666089096
55069.5,maxi,0.008528378378378379,0.002258918918918919,0.9613331036858421,0.4590527475056299
55070.5,maxi,0.012735405405405405,0.002654594594594594,1.3816120906801008,0.6264126458656442
55074.5,maxi,0.005662972972972973,0.0016935135135135134,1.3257635082223962,0.7059979080260687
55075.0,bat,0.016523227272727273,0.005471272727272727,,
55076.5,asm,0.020765708353833897,0.006696373246690018,1.919447910439661,1.2429873762911197
55079.5,maxi,0.01594243243243243,0.002465945945945946,0.9355129650507329,0.33053254851332003
55082.5,maxi,0.0062475675675675675,0.0026156756756756756,2.804998546934031,3.859676383572907
55083.5,maxi,0.009607297297297297,0.002259189189189189,2.5762634694187283,1.5967545407638701
55085.5,maxi,0.007939189189189188,0.00219972972972973,0.8483615039668853,0.3424654250496181
55086.5,maxi,0.004887297297297297,0.0020727027027027025,0.8822310156397212,0.8472364452003227
55087.5,maxi,0.010022162162162162,0.002157837837837838,1.022739981360671,0.4796117566493834
55089.5,maxi,0.006555945945945946,0.0024754054054054054,0.30701251943376157,0.32767221705724403
55091.5,maxi,0.0296972972972973,0.0023981081081081083,1.2129052508856104,0.26858818121071104
55094.0,bat,0.0321275,0.012178363636363635,,
55095.0,bat,0.013920909090909091,0.00671559090909091,,
55097.5,maxi,0.012467297297297298,0.0034167567567567566,1.3621559633027522,0.8495029631924815
55098.5,maxi,0.010612702702702703,0.0024681081081081076,0.7539753639417693,0.31994451634976073
55100.5,maxi,0.007532162162162162,0.0023056756756756757,0.8546845124282983,0.6987637310340118
55101.0,bat,0.008231636363636363,0.0034475909090909093,,
55101.5,maxi,0.0059843243243243235,0.002258108108108108,0.9233933733600177,0.6463785818539314
55102.5,maxi,0.005692432432432433,0.002414324324324324,5.290774620474893,9.90321528054449
55103.5,maxi,0.005032162162162162,0.002222162162162162,1.5158658204895739,0.9390724566974495
55104.5,maxi,0.005926486486486486,0.0023783783783783785,0.3515433360588716,0.23246540301599028
55105.5,asm,0.032000001271565756,0.015466666221618653,6.249999906867744,19.10196344054872
55107.5,maxi,0.008017297297297298,0.002998918918918919,0.5358962113976441,0.4656878286647319
55108.5,maxi,0.005372432432432432,0.002289189189189189,0.6720686367969495,0.5933330823664922
55109.5,asm,0.01376410740041907,0.005502202903965513,0.08798092766473142,0.9693160578813543
55110.5,maxi,0.011205405405405404,0.0024724324324324324,1.4058976582827405,0.7134906120834722
55111.0,bat,0.015020818181818182,0.007046227272727273,,
55111.5,maxi,0.006574054054054053,0.002351081081081081,1.3518292682926827,0.9460393866463487
55112.5,asm,0.019676994038636077,0.006780870071226955,0.9772237980597366,0.7273916870246442
55112.5,maxi,0.00729054054054054,0.0029621621621621617,0.4008226691042048,0.497193497960373
55113.5,maxi,0.025196486486486487,0.010448918918918918,0.7334491183656648,0.7224984845187369
55116.5,maxi,0.008799729729729729,0.0019254054054054053,0.7676924403068701,0.37641654012600967
55117.5,maxi,0.005008108108108108,0.0019924324324324325,1.1568890378813275,0.9458881126672168
55117.5,asm,0.040951748345491965,0.012419549437088832,1.1946091902183846,1.3639808057319143
55118.5,maxi,0.010419729729729729,0.0019743243243243243,0.8662664545060031,0.35002973028718476
55119.5,maxi,0.00894054054054054,0.003241081081081081,0.6305481368434439,0.45013676846214257
55121.5,maxi,0.00823972972972973,0.001801081081081081,0.7387760468020772,0.2806077363524184
55122.5,maxi,0.009207837837837837,0.0018605405405405407,0.7713490286267627,0.2737745074064719
55123.5,maxi,0.007226216216216216,0.0017754054054054053,0.6089069323983515,0.2433317644063298
55124.5,maxi,0.004207567567567567,0.0015799999999999998,1.7375930521091814,1.3229495571799257
55125.5,maxi,0.004734324324324324,0.001611081081081081,0.8347214244686961,0.5703682915989288
55127.5,maxi,0.004452972972972973,0.00164027027027027,2.8492274906766117,2.692159668161023
55128.5,maxi,0.0046951351351351344,0.0016029729729729728,0.8441767068273093,0.4138848225856402
55129.5,asm,0.052666667302449545,0.023333333333333334,-9.114286032988106,7.932230864861126
55129.5,maxi,0.004151081081081081,0.0015713513513513511,0.5074560624889046,0.2841602136541113
55130.5,maxi,0.007151891891891892,0.0017202702702702702,0.9424294761082326,0.5188669621803922
55132.5,maxi,0.0052143243243243246,0.0017864864864864866,0.792778649921507,0.47910360830310356
55133.5,maxi,0.007981621621621622,0.002122162162162162,1.0461300027349805,0.5326273312036319
55134.5,maxi,0.008117297297297297,0.0019708108108108108,1.078104660244728,0.6845846660111997
55138.5,maxi,0.009862432432432433,0.003952972972972973,0.1666465984346779,0.23913501463120282
55140.5,maxi,0.01555054054054054,0.004804594594594595,1.0205318074722314,0.7007167247864405
55141.5,maxi,0.02332972972972973,0.004089729729729729,1.1247103352386838,0.45287281104028293
55142.5,maxi,0.012093513513513513,0.004406756756756757,-18.73175745118191,-148.86417557467098
55144.5,maxi,0.00918945945945946,0.004118378378378378,0.9329060843421156,0.8650623897227266
55146.5,maxi,0.008613513513513514,0.004304864864864865,0.8797779201366647,0.6323256872811507
55149.5,maxi,0.01310054054054054,0.0031056756756756756,1.6943888518271442,0.9566879851271693
55153.5,maxi,0.026602972972972972,0.007956486486486485,2.5492933170476357,3.0035329531852804
55160.5,maxi,0.017822432432432433,0.0054389189189189184,0.561281701949277,0.3098507979555881
55161.5,maxi,0.031885135135135134,0.006234324324324325,0.9213456986535253,0.5810723332885342
55165.0,bat,0.06399345454545455,0.030224272727272728,,
55166.5,maxi,0.03858351351351351,0.014579189189189188,-6.5646883997399454,-10.770708574389285
55168.5,maxi,0.014248108108108108,0.002273243243243243,1.0417832167832166,0.36943375263824857
55169.5,maxi,0.010627027027027027,0.0020175675675675677,1.40703125,0.6719913692372204
55170.5,maxi,0.008287567567567567,0.0019186486486486487,0.9723770907247846,0.4457069835070435
55171.5,maxi,0.005529999999999999,0.0019018918918918917,1.5693003458366586,1.002381770513103
55172.5,maxi,0.006539459459459458,0.002032972972972973,0.9570832909590155,0.5692055144706605
55173.5,maxi,0.006815945945945945,0.0018967567567567567,2.3055878928987195,1.9811347308156553
55174.5,maxi,0.0061967567567567565,0.001934864864864865,0.9901844643763751,0.491364550567771
55175.5,maxi,0.006453783783783784,0.002029189189189189,0.5287162162162162,0.2957002865249729
55176.5,maxi,0.01004054054054054,0.0030116216216216217,1.088984243106359,0.6554789616329062
55177.5,maxi,0.009044324324324324,0.0023002702702702702,1.206778251377482,0.7291695478675547
55178.5,maxi,0.007994324324324325,0.0018402702702702701,1.1136009586578788,0.6350075970107888
55179.5,maxi,0.006275405405405405,0.0020859459459459458,0.8098267163851722,0.5662306949215365
55180.5,maxi,0.0077718918918918915,0.0021505405405405405,1.3298801543774121,0.7520766686828678
55181.5,maxi,0.007228918918918918,0.0022145945945945943,2.3520962084516452,1.9306615721125864
55186.5,maxi,0.045653783783783784,0.010012972972972971,1.1233865814696486,0.6139436221646606
55192.5,maxi,0.06308567567567568,0.006363243243243243,0.8882594279989504,0.21487567903682428
55193.5,maxi,0.05994,0.002991351351351351,1.1216754956037356,0.13402660081285295
55194.0,bat,0.17169118181818183,0.0510775,,
55194.5,maxi,0.06383621621621621,0.002609189189189189,1.3757202906216075,0.13530978084635456
55195.0,bat,0.21032754545454543,0.02043368181818182,,
55195.5,maxi,0.06158351351351351,0.0025640540540540543,0.9712082881580532,0.08677486032315455
55196.0,bat,0.124331,0.04531572727272727,,
55196.5,maxi,0.05991081081081081,0.0025527027027027025,1.269719439152424,0.12424375331914128
55197.0,bat,0.1845048181818182,0.045490863636363635,,
55197.5,maxi,0.07006216216216217,0.002691081081081081,1.0405755304816438,0.0899536959080848
55198.0,bat,0.12689968181818181,0.053526727272727274,,
55198.5,maxi,0.06018486486486486,0.002654054054054054,0.9533244195940198,0.08929965338025887
55199.0,bat,0.13375845454545454,0.018631818181818183,,
55199.5,maxi,0.06364567567567567,0.0026216216216216216,0.7699229018542368,0.0640239307990128
55200.0,bat,0.1327101818181818,0.016391363636363638,,
55200.5,maxi,0.07704783783783783,0.0027908108108108108,0.7858093618279968,0.05850869790211587
55201.0,bat,0.13577818181818183,0.046893500000000005,,
55201.5,maxi,0.08988027027027026,0.0030875675675675674,0.579092422436468,0.038956484835434416
55202.0,bat,0.10044590909090909,0.012644318181818182,,
55202.5,maxi,0.11198486486486486,0.00361,0.5332133016886269,0.03407674085705193
55203.0,bat,0.10972522727272727,0.007293318181818182,,
55203.5,maxi,0.1399627027027027,0.003951621621621621,0.4962515382220916,0.027507650240681532
55204.0,bat,0.11235377272727272,0.018702227272727273,,
55204.5,maxi,0.14980675675675675,0.004043783783783783,0.4851103588354773,0.025888342183271025
55205.0,bat,0.18537627272727272,0.09101954545454545,,
55205.5,maxi,0.1345962162162162,0.005093783783783784,0.42166750330853836,0.03182790162901305
55206.0,bat,0.08648159090909091,0.02232718181818182,,
55206.5,maxi,0.1435497297297297,0.006208378378378378,0.44953516757088086,0.03814515155776843
55206.5,asm,0.12466667175292968,0.04893333435058593,0.8172757627711368,1.0028743837009624
55207.5,maxi,0.14296972972972974,0.007332432432432433,0.5004340239721524,0.05073010282502187
55208.0,bat,0.0780870909090909,0.011596590909090909,,
55208.5,maxi,0.12377675675675674,0.006975135135135135,0.41036777688906323,0.04573519574786925
55209.5,maxi,0.10736297297297297,0.006647297297297297,0.38135653008240206,0.048477779422430464
55209.5,asm,0.10586666742960613,0.02773333231608073,-0.054123708054000574,0.13342694327624557
55210.0,bat,0.08203172727272727,0.039197909090909096,,
55210.5,maxi,0.1239,0.008114324324324323,0.5282637270312753,0.06741913249372121
55211.0,bat,0.05265195454545455,0.008013545454545454,,
55211.5,maxi,0.0996054054054054,0.015894324324324322,0.4790893088296552,0.16093091425688366
55212.0,bat,0.03829981818181818,0.007447227272727273,,
55212.5,maxi,0.09850189189189187,0.007418918918918918,0.3288692098571785,0.05058045248317828
55213.0,bat,0.03243454545454545,0.009274409090909092,,
55213.5,maxi,0.09888162162162162,0.007024324324324324,0.4141220327832904,0.05884050137615829
55214.0,bat,0.028016409090909092,0.012703181818181817,,
55214.5,maxi,0.0751327027027027,0.007274594594594594,0.42505152753819464,0.07891251471275332
55215.0,bat,0.042541045454545456,0.007347363636363636,,
55215.5,maxi,0.08035783783783783,0.007238648648648649,0.37072873004048,0.06694480192851147
55216.0,bat,0.03977845454545455,0.005032272727272727,,
55216.5,maxi,0.06832054054054054,0.0055472972972972975,0.3841692664586833,0.06526189208568318
55217.0,bat,0.07482486363636363,0.007039090909090909,,
55217.5,maxi,0.0919535135135135,0.005244594594594594,0.42355403365110583,0.04953832497880389
55218.5,maxi,0.09472135135135135,0.0048910810810810805,0.3752791153372928,0.0389749602992114
55219.5,maxi,0.08489945945945947,0.004621351351351351,0.4742272404501357,0.050080119291102336
55220.5,maxi,0.06750054054054054,0.003937567567567567,0.4606379104011655,0.05135593595973238
55221.5,maxi,0.07234135135135135,0.004279459459459459,0.49744498194453907,0.056652695044065574
55222.0,bat,0.05512818181818182,0.004738409090909092,,
55222.5,asm,0.10380479070356614,0.02233860846909062,0.7335850853792347,0.3383089145180927
55222.5,maxi,0.06633,0.005967297297297298,0.4529684004045729,0.08027511286404271
55223.0,bat,0.06634472727272728,0.006403681818181818,,
55223.5,maxi,0.04466972972972973,0.0036116216216216216,0.8829251654273824,0.14385167998858372
55224.5,maxi,0.04380675675675676,0.0033699999999999997,0.7404053753451186,0.11588749069403652
55225.0,bat,0.06012545454545455,0.0074315,,
55225.5,maxi,0.036466216216216214,0.0031532432432432433,0.5983285421442693,0.09432060868745896
55226.0,bat,0.062113545454545456,0.004080363636363636,,
55226.5,maxi,0.0344627027027027,0.003057027027027027,0.9539595170454545,0.16292356604271574
55227.0,bat,0.061777954545454546,0.004989954545454546,,
55227.5,maxi,0.030165945945945946,0.0030078378378378375,0.779100156809135,0.15582737682373915
55227.5,asm,0.05773333231608073,0.01573333263397217,3.367088624785829,2.5686762111043895
55228.0,bat,0.062119818181818186,0.004923727272727272,,
55228.5,maxi,0.027219459459459458,0.002742162162162162,0.7672452593882703,0.14039959034066973
55229.0,bat,0.05803863636363636,0.004822363636363636,,
55229.5,maxi,0.020932702702702703,0.002624864864864865,0.7872519008590896,0.16722513710224957
55230.0,bat,0.05459527272727272,0.004140636363636364,,
55230.5,maxi,0.021667567567567568,0.0024664864864864865,0.7935953498293515,0.1650399604500336
55231.0,bat,0.055139772727272725,0.004348454545454545,,
55231.5,maxi,0.05341648648648649,0.005102972972972972,1.3272502210433244,0.31334874801663615
55232.0,bat,0.046037863636363634,0.006340363636363636,,
55233.0,bat,0.048322227272727274,0.004367181818181819,,
55233.5,asm,0.027795299813070204,0.012678416270438605,5.699841515359639,25.05541225078809
55234.0,bat,0.03760172727272727,0.004750045454545455,,
55235.0,bat,0.039143727272727274,0.004843636363636364,,
55236.0,bat,0.028266227272727273,0.004808136363636364,,
55236.5,asm,0.07043903782737379,0.02369078439108815,2.6644448040862057,3.28086361863137
55237.0,bat,0.01866872727272727,0.003909909090909091,,
55237.5,maxi,0.02683378378378378,0.003074324324324324,0.8475637550080368,0.20657224074286676
55238.0,bat,0.022069772727272726,0.004409,,
55238.5,maxi,0.010599729729729728,0.002974054054054054,1.5616905845292262,0.9916153677424968
55239.0,bat,0.03052190909090909,0.0039468181818181815,,
55239.5,maxi,0.027545675675675674,0.00437081081081081,1.351873166747113,0.5637823195506935
55240.0,bat,0.030768772727272728,0.0043555,,
55241.0,bat,0.026565363636363633,0.005881454545454546,,
55242.0,bat,0.015326,0.004241681818181818,,
55243.0,bat,0.01604068181818182,0.004790636363636363,,
55247.5,maxi,0.008164054054054053,0.0024164864864864863,0.5329722239717831,0.3123503676453
55250.5,maxi,0.008145675675675675,0.0024154054054054052,0.6901398552252442,0.38894929325741956
55251.5,maxi,0.006717837837837837,0.00247,0.9415355717304531,0.7507961711802871
55252.5,maxi,0.005058378378378378,0.0024278378378378377,4.586181277860327,7.850302209236771
55253.5,maxi,0.006495405405405405,0.002817297297297297,0.6738015789045333,0.5150915630679634
55254.5,maxi,0.009768378378378378,0.00255027027027027,1.1179421601416486,0.6908104995489609
55255.5,maxi,0.008286216216216216,0.0025597297297297295,0.6262798634812288,0.5874289697183702
55256.5,maxi,0.014567297297297298,0.0022513513513513516,0.8211351755041076,0.25414443556205313
55258.5,maxi,0.01183027027027027,0.002312972972972973,0.5914072549524054,0.2474185114790347
55259.5,maxi,0.00504,0.0020789189189189187,0.5633164489469474,0.38536861865219657
55260.5,maxi,0.0058178378378378375,0.0018854054054054054,0.7412970351247752,0.3499986970137178
55261.5,maxi,0.004308108108108108,0.0017832432432432432,0.5869623655913978,0.5009606722095773
55262.5,maxi,0.006375405405405405,0.0018108108108108108,3.0235049092531985,3.361358628038427
55263.5,asm,0.03880000114440918,0.018000000317891438,-6.785714171674787,16.077141133024767
55263.5,maxi,0.006096486486486486,0.0017754054054054053,1.330362630608482,0.8830751432374415
55264.5,maxi,0.005871891891891892,0.0016827027027027026,0.8153919239904988,0.3995264580761171
55265.5,maxi,0.004414324324324324,0.001574054054054054,0.9025343588450384,0.5253823898589048
55266.5,maxi,0.003619189189189189,0.001657027027027027,0.5275474866197922,0.36279582079990114
55267.5,maxi,0.003534324324324324,0.001598108108108108,1.0988647794223307,0.6740289863315332
55268.5,maxi,0.0074329729729729725,0.0016602702702702703,0.9551300103257299,0.4218482980539037
55269.5,maxi,0.007317027027027027,0.0016713513513513514,2.2646085997794927,1.4679507643092553
55270.5,maxi,0.007449999999999999,0.0017283783783783781,0.4250639697818934,0.20182322715626258
55271.5,maxi,0.006576216216216216,0.0017389189189189187,1.76409666283084,0.9166797466087742
55272.5,maxi,0.00702,0.0017683783783783782,1.547838668837041,1.1040243464463086
55273.5,maxi,0.008275675675675675,0.0017486486486486487,1.0214168039538716,0.44012200758676895
55274.5,maxi,0.012382972972972972,0.0022640540540540544,1.7297516198704102,0.7903127725491669
55275.5,maxi,0.009635135135135135,0.0024005405405405403,2.251542152159013,1.8698470240020195
55276.0,bat,0.010758227272727273,0.003994727272727272,,
55276.5,maxi,0.012201891891891891,0.00316972972972973,2.8038649087953766,3.1234040825461347
55277.5,maxi,0.007782972972972972,0.003289189189189189,0.35477222280942816,0.3141213118280564
55278.5,maxi,0.013277567567567566,0.0037056756756756754,1.761706438541198,1.4748550076157014
55280.5,maxi,0.013749999999999998,0.005638918918918919,2.3546429579452437,3.3259013339552976
55282.5,maxi,0.012467027027027027,0.004374864864864865,3.403580463125121,2.8386353258407504
55283.0,bat,0.014614818181818182,0.006848318181818181,,
55283.5,maxi,0.022467297297297295,0.00458972972972973,0.8835470458754062,0.4147869812884058
55289.5,maxi,0.010578108108108107,0.002877297297297297,1.104380475594493,0.6936418213431726
55290.0,bat,0.012264363636363636,0.005297909090909091,,
55290.5,maxi,0.00565054054054054,0.0026427027027027027,0.5135910855985142,0.4575517421202094
55291.5,maxi,0.013911621621621621,0.0026232432432432428,1.0530295392680713,0.6831307090257634
55293.5,maxi,0.019904054054054054,0.005727837837837838,0.5465690759377859,0.37206454142751194
55296.0,bat,0.014081954545454545,0.0069246818181818185,,
55297.0,bat,0.010494090909090908,0.004341772727272727,,
55307.5,maxi,0.01768054054054054,0.004189459459459459,2.4320621146380454,1.57469374578076
55308.5,maxi,0.01184162162162162,0.002567297297297297,0.8441184315817551,0.33593417082354005
55309.5,maxi,0.008926486486486487,0.0021840540540540537,2.5411714770797964,2.3840603169709573
55312.5,maxi,0.009559189189189188,0.0022418918918918917,1.4388656438865641,0.7234839445738807
55313.5,asm,0.032355300131325586,0.015208202402871764,5.884379338105869,16.87811373295349
55313.5,maxi,0.005735945945945945,0.002167567567567567,3.8369605311693102,6.201672308667675
55315.5,maxi,0.0059086486486486485,0.0022356756756756755,0.8604045490059901,0.5015269511008346
55317.5,maxi,0.008154324324324324,0.0022635135135135134,0.7355977618409646,0.41244667237415755
55319.5,maxi,0.005675405405405405,0.0023064864864864865,0.6628203915634162,0.4829599683247133
55320.5,maxi,0.00847027027027027,0.002266216216216216,0.6073627261986194,0.3073524108262155
55321.5,maxi,0.0054505405405405405,0.002295135135135135,0.8855646306818181,0.5283340417299692
55323.5,maxi,0.00511,0.0025299999999999997,-16.61674008810573,-111.94551044248712
55324.5,maxi,0.009934864864864864,0.002359459459459459,1.9318385650224215,1.414018054642104
55325.5,maxi,0.006288108108108107,0.0021910810810810808,1.3591570198872067,1.9299670760490846
55326.5,maxi,0.004327567567567567,0.002132972972972973,0.09449311639549436,0.21393775306160626
55327.5,maxi,0.009676756756756756,0.002381621621621622,1.4585739892451701,0.7809434118116291
55330.5,maxi,0.012497837837837837,0.001965945945945946,1.3944523923064698,0.5236463378212587
55331.5,maxi,0.009765405405405405,0.0020083783783783784,0.468575378766058,0.21815843403182592
55332.5,maxi,0.005077027027027027,0.0024364864864864864,0.530369101386077,0.38278575137966975
55333.5,maxi,0.014182432432432432,0.004002972972972973,1.2228449588790742,0.7766628221706923
55334.5,maxi,0.011179999999999999,0.002881351351351351,1.085833974523382,0.6918241455583958
55335.5,maxi,0.006766756756756757,0.0026316216216216216,0.8952389063963887,0.5975874194314935
55337.5,maxi,0.006527567567567567,0.002841351351351351,0.9716383307573416,0.6297484528930538
55338.5,maxi,0.006349999999999999,0.002023243243243243,0.8830751577739528,0.6004258358752751
55339.5,maxi,0.005973243243243243,0.0019794594594594594,0.6666666666666666,0.4434764571665629
55341.5,maxi,0.00781108108108108,0.001811081081081081,0.749689481597699,0.27959005969788253
55342.5,maxi,0.004792702702702702,0.001771081081081081,0.45526252888216084,0.26210896292954106
55343.5,maxi,0.00884135135135135,0.002059189189189189,0.4691215680622613,0.26844526248629136
55344.5,maxi,0.009634054054054052,0.0022397297297297295,1.003242542153048,0.45854063992562405
55348.5,maxi,0.009416486486486485,0.0034735135135135135,0.7387321569068225,0.4366633709834662
55352.5,maxi,0.01936189189189189,0.005289729729729729,2.145204310252854,2.430158221394321
55356.5,maxi,0.009004324324324324,0.0038489189189189186,0.9202954898911353,0.9860940743726819
55358.5,maxi,0.012539189189189188,0.0025575675675675673,1.100181050090525,0.5746364258426887
55360.5,asm,0.08533333460489909,0.03506666819254557,1.2532750800732455,1.0761674682769666
55361.5,maxi,0.008246756756756755,0.0020427027027027024,0.426724349835308,0.19788090294820052
55363.5,asm,0.03802914314576773,0.015592725787338425,0.7068565322814663,0.756419915599298
55363.5,maxi,0.007905945945945946,0.002277027027027027,8.0174512987013,14.308339047757649
55364.5,maxi,0.006938108108108108,0.002188108108108108,18.73342736248237,119.5577279631265
55365.5,maxi,0.007226216216216216,0.0022124324324324326,2.244683047697708,2.2718983899826815
55366.5,maxi,0.006066216216216216,0.002008108108108108,0.9690760059612519,0.6931972945000043
55367.5,maxi,0.006299459459459459,0.0020486486486486484,1.1127697841726618,0.5826280089871607
55368.5,asm,0.0684723517528151,0.018485748582577084,1.0211204672992218,0.611250938985578
55369.5,maxi,0.004955135135135135,0.0018683783783783783,0.7401612138454243,0.4275554484988806
55371.5,maxi,0.008248108108108108,0.0018018918918918918,0.5732249026173717,0.25670314859754056
55378.5,maxi,0.007472702702702702,0.00288,1.8957326045827203,2.3305033819499603
55379.0,bat,0.028370045454545457,0.006685318181818181,,
55379.5,maxi,0.006027837837837838,0.00242027027027027,2.636854460093897,2.9970412797297024
55380.5,maxi,0.007636756756756756,0.0021967567567567564,2.6747097242380256,2.212929642509726
55383.5,maxi,0.008643243243243243,0.0022805405405405405,0.8509762788446023,0.46672029664128345
55384.5,maxi,0.010035405405405404,0.002378108108108108,0.8249534450651769,0.47257704175799337
55385.5,maxi,0.007360540540540541,0.002354324324324324,1.0407531596595305,0.58068565323275
55387.5,maxi,0.010994054054054053,0.002511351351351351,1.5905932656333512,0.8082764245009932
55388.5,maxi,0.00898135135135135,0.002377297297297297,0.8042948859862741,0.4214767496093139
55389.5,maxi,0.004585675675675675,0.002211351351351351,0.6408624955814776,0.8273294226934937
55390.5,maxi,0.005974594594594595,0.0021567567567567563,1.3824486907289455,1.0153281123973537
55392.5,maxi,0.005544864864864865,0.002638918918918919,1.3833028641072516,1.2589969318343925
55393.5,maxi,0.01134,0.0029164864864864863,1.0851485148514852,0.6164808006787562
55394.5,maxi,0.01818216216216216,0.0033045945945945946,1.604485002829655,0.8376643184772181
55395.5,maxi,0.008154054054054054,0.002292702702702702,0.8877862595419846,0.3650060334681469
55396.5,maxi,0.010145135135135135,0.002628378378378378,3.4624092268261424,3.673956577274802
55397.5,maxi,0.011389189189189188,0.002301081081081081,1.1817188140456347,0.4506570681674823
55397.5,asm,0.05945438452481416,0.021191912762313428,0.3263301538905995,0.6042725706750702
55398.5,maxi,0.014518378378378377,0.0025875675675675674,2.6002924689251765,1.5624743232758558
55399.5,maxi,0.016454324324324324,0.006476756756756756,3.504113056317232,4.638193107860048
55400.5,maxi,0.013169459459459458,0.002344324324324324,0.5603385086959419,0.1675920250016879
55401.5,maxi,0.01574972972972973,0.0022045945945945943,0.5748860182370821,0.17353958869852906
55402.5,maxi,0.010905675675675675,0.002052972972972973,0.5436152721958349,0.19236090897617186
55403.5,asm,0.04970247158717922,0.02309648095975528,1.5148477691042035,1.3055746432954034
55403.5,maxi,0.00921081081081081,0.001994864864864865,0.7388251582278481,0.23826539550940454
55404.5,maxi,0.007892162162162162,0.0018445945945945947,0.5698609300304215,0.21288813966967154
55405.5,maxi,0.007447027027027027,0.0017886486486486486,0.5552905198776759,0.22927536254634695
55406.5,maxi,0.007683243243243243,0.001795135135135135,0.8493853940708604,0.3271819764842354
55407.5,maxi,0.01037054054054054,0.0019132432432432433,0.620652728199898,0.2129075450448458
55408.5,maxi,0.008605945945945947,0.0017835135135135134,0.47121856181367344,0.15877873380288643
55409.5,maxi,0.010148648648648648,0.0018337837837837838,0.8149985193959136,0.3215235352169859
55410.5,maxi,0.007962162162162162,0.0018991891891891892,1.0523310241527803,0.5007264194131669
55411.0,bat,0.020537000000000003,0.0029549545454545453,,
55411.5,maxi,0.009342432432432431,0.0018994594594594595,0.7854494902687674,0.24149547225047258
55412.0,bat,0.031006136363636364,0.0038176363636363638,,
55412.5,maxi,0.016392432432432432,0.0021543243243243243,0.9685671098019456,0.2320672802711703
55413.0,bat,0.0761325,0.0077796818181818175,,
55413.5,asm,0.09422030487867766,0.031898167260656904,1.520030885103581,0.8382597265307449
55413.5,maxi,0.02341054054054054,0.0023045945945945946,1.049342418000317,0.21135270471539877
55414.0,bat,0.08117840909090909,0.005298090909090909,,
55414.5,maxi,0.027986486486486484,0.0026970270270270267,0.8719241031722502,0.17324247347953392
55415.0,bat,0.11607440909090909,0.009450863636363636,,
55415.5,asm,0.03491686832035319,0.013726381467557664,-8.440530948301763,20.82187873479083
55415.5,maxi,0.0402254054054054,0.00313054054054054,1.2351285137109946,0.2161875769653058
55416.0,bat,0.13362909090909092,0.007286454545454545,,
55416.5,maxi,0.055206216216216214,0.00398972972972973,0.9292778479639625,0.14282259669339567
55416.5,asm,0.059400133481697245,0.016516179079859958,-3.4618263951819253,2.5070853116129928
55417.0,bat,0.1527815909090909,0.01056859090909091,,
55417.5,asm,0.054196517221099055,0.011208260009101322,3.361154580526324,2.373746381150457
55417.5,maxi,0.05704972972972973,0.005632972972972972,1.4227365259951201,0.3017301375847509
55418.0,bat,0.17643613636363636,0.008279909090909091,,
55418.5,maxi,0.0722589189189189,0.005302162162162162,1.0663629887092247,0.17363401256294195
55418.5,asm,0.049904070035252227,0.012385584821684196,2.4435189682711895,1.7774242210009603
55419.0,bat,0.16592245454545454,0.007049727272727273,,
55419.5,asm,0.060172779177332804,0.01583812756103177,1.8182707930559254,1.2456523411322165
55419.5,maxi,0.059009729729729725,0.010793243243243242,1.0757387851228282,0.40161434117055067
55420.0,bat,0.1623454090909091,0.006742590909090909,,
55420.5,asm,0.07797999836284344,0.01964529722466568,1.0655492822942834,0.4906148311046226
55420.5,maxi,0.06967270270270269,0.009890540540540541,0.971246625261807,0.3186157278321332
55421.0,bat,0.15827486363636364,0.007444909090909091,,
55421.5,asm,0.08519999821980795,0.037999998728434244,0.7942583898531786,1.067714401181016
55421.5,maxi,0.08285297297297296,0.00617027027027027,0.9241361912383869,0.15132837550476164
55422.5,asm,0.13401056163782832,0.025228356084193684,5.633683731263118,6.92215247176196
55422.5,maxi,0.10733378378378378,0.01223,0.8731997212471608,0.2181534869906945
55423.0,bat,0.13348931818181817,0.014086772727272727,,
55423.5,maxi,0.10360702702702702,0.00781108108108108,0.729226253198856,0.11313505240311104
55423.5,asm,0.12485296316434055,0.015706941876708992,2.045595512384233,0.8140942012426572
55424.5,maxi,0.1201135135135135,0.008809459459459459,0.4717076121119739,0.06978893020594791
55425.0,bat,0.11280781818181819,0.007964227272727272,,
55425.5,asm,0.2028141303557315,0.013860755149534769,0.5492805696478433,0.1233724150529922
55425.5,maxi,0.1758564864864865,0.008778108108108107,0.4782905194925544,0.04835937599562972
55426.0,bat,0.07710650000000001,0.008234727272727272,,
55426.5,maxi,0.13756027027027026,0.008842432432432433,0.37482483289814594,0.047581159565807704
55427.0,bat,0.0924100909090909,0.007459181818181818,,
55427.5,asm,0.2066242559836329,0.011378604124696814,0.8914918427931654,0.13079047733272303
55427.5,maxi,0.1415189189189189,0.008600540540540541,0.48040297080667693,0.05617371240496903
55428.0,bat,0.05933745454545455,0.005718727272727272,,
55428.5,asm,0.14613481696697433,0.016370821072923585,0.7895162813146496,0.2023309216058781
55428.5,maxi,0.1140954054054054,0.006485945945945946,0.3434644845725536,0.04037324977128911
55429.0,bat,0.05705695454545454,0.006951454545454545,,
55429.5,asm,0.16988232837242068,0.020697909155692733,1.0855304836214184,0.34556870405407347
55429.5,maxi,0.12009567567567568,0.005132162162162161,0.40846354248803046,0.03519337789258755
55430.0,bat,0.07763595454545455,0.010829363636363635,,
55430.5,maxi,0.13734864864864865,0.00515972972972973,0.42690318556496304,0.032063137428385215
55430.5,asm,0.18490550536565767,0.013595587349182828,0.8841460345359478,0.2074633766574834
55431.0,bat,0.07976859090909091,0.007766136363636364,,
55431.5,asm,0.1453893792785032,0.016369609139102508,0.7065567775533201,0.2571665630727263
55431.5,maxi,0.1318127027027027,0.004952432432432432,0.4129761685480971,0.031423205140534496
55432.0,bat,0.05585818181818182,0.0053605,,
55432.5,asm,0.1897333272298177,0.02946666717529297,0.9570406143483372,0.3972202854248203
55432.5,maxi,0.12590702702702702,0.005237567567567567,0.478152990159682,0.038877667837545
55433.0,bat,0.027705045454545454,0.005263863636363637,,
55433.5,asm,0.13443135719379426,0.013802453156061212,0.8124874423530017,0.2215889104747585
55433.5,maxi,0.0949127027027027,0.0065167567567567565,0.3704998979328514,0.05114474881433153
55434.0,bat,0.04256495454545455,0.004413136363636364,,
55434.5,maxi,0.10515108108108108,0.004794324324324324,0.289702318982117,0.027891216970557353
55434.5,asm,0.14049491943356712,0.021761471600746634,0.8029553150330268,0.3210361122088169
55435.0,bat,0.046873954545454545,0.004740227272727272,,
55435.5,maxi,0.0868135135135135,0.0043821621621621615,0.3310488269261595,0.03438201346864997
55436.0,bat,0.030057454545454547,0.004016272727272728,,
55436.5,maxi,0.08147972972972972,0.004006216216216216,0.2685841683998235,0.028787802802859617
55437.0,bat,0.02564418181818182,0.005339727272727273,,
55437.5,maxi,0.07806864864864864,0.0038894594594594593,0.35964314869856623,0.03606188016849388
55438.0,bat,0.04405763636363637,0.007410136363636364,,
55438.5,maxi,0.07541189189189189,0.0037578378378378377,0.307767728773616,0.03170141511365639
55439.5,maxi,0.06597162162162162,0.00350054054054054,0.28592760692199254,0.03182915610950116
55440.0,bat,0.02532922727272727,0.006456318181818182,,
55441.5,asm,0.17373194681874643,0.048568789059268244,0.21059810449279914,0.27949758425791243
55442.0,bat,0.026683863636363638,0.010878863636363636,,
55443.0,bat,0.035048136363636365,0.007951909090909091,,
55443.5,asm,0.0584000015258789,0.019733333587646482,0.8253968013687497,1.6052376459225859
55444.0,bat,0.04214977272727273,0.006771818181818181,,
55445.0,bat,0.04703640909090909,0.0121335,,
55446.0,bat,0.042899181818181815,0.007051454545454545,,
55447.0,bat,0.043698272727272724,0.0080415,,
55447.5,maxi,0.0914208108108108,0.007025945945945945,0.4329458558853555,0.06980259097279759
55448.0,bat,0.038609,0.006867636363636364,,
55448.5,maxi,0.058684054054054045,0.0034894594594594595,0.35633712150837143,0.04126456282982846
55448.5,asm,0.12159999847412109,0.02253333409627279,0.5048859889319415,0.32565169660440063
55449.0,bat,0.033973863636363635,0.008458499999999999,,
55449.5,maxi,0.053792432432432424,0.003308918918918919,0.36071726717200386,0.043506747684242245
55450.0,bat,0.036220772727272726,0.012339818181818183,,
55450.5,maxi,0.05497783783783783,0.0031789189189189186,0.44783404514948133,0.04793079494361291
55451.0,bat,0.042191818181818184,0.007864772727272727,,
55451.5,maxi,0.04715432432432432,0.003102162162162162,0.4838490504256712,0.057962823981169115
55452.0,bat,0.04019177272727273,0.011130818181818181,,
55452.5,maxi,0.052399189189189184,0.003144594594594594,0.4022976547870285,0.04878484513369674
55453.0,bat,0.029591545454545454,0.012122454545454546,,
55453.5,maxi,0.04096594594594594,0.002998918918918919,0.39156415394430616,0.055760115815507216
55454.5,maxi,0.041648648648648645,0.0031559459459459456,0.3909029577814863,0.05796121403894593
55455.0,bat,0.026168545454545455,0.009518363636363637,,
55455.5,maxi,0.044505945945945945,0.0031559459459459456,0.6008604942890469,0.08436304522762922
55456.0,bat,0.032239000000000004,0.006641045454545455,,
55456.5,maxi,0.03345864864864865,0.0035916216216216215,0.6012624655208996,0.11537111472445652
55457.0,bat,0.05636013636363637,0.007362772727272727,,
55457.5,maxi,0.028976216216216214,0.003823783783783784,1.0379655661144542,0.2654773298809724
55458.0,bat,0.04012281818181818,0.014314409090909091,,
55458.5,maxi,0.02770297297297297,0.0027237837837837836,0.8457680250783699,0.1631576690022754
55459.0,bat,0.035755999999999996,0.01784290909090909,,
55459.5,maxi,0.0236227027027027,0.0026075675675675675,1.0428268050967437,0.22891122947211195
55460.0,bat,0.04982390909090909,0.005470363636363637,,
55460.5,maxi,0.022466486486486487,0.0026597297297297298,0.921544314499084,0.20703497028942028
55461.0,bat,0.040566227272727275,0.005894363636363637,,
55461.5,maxi,0.017676756756756756,0.0026835135135135136,0.7589618358849128,0.20971364386168068
55462.0,bat,0.037876681818181816,0.0053655454545454544,,
55462.5,maxi,0.01793972972972973,0.0025675675675675674,1.389922752808989,0.39076981379226083
55463.0,bat,0.038845454545454544,0.008612136363636363,,
55463.5,maxi,0.012635675675675676,0.002795945945945946,0.8075891936481749,0.2934750445035416
55464.0,bat,0.01798209090909091,0.003950318181818182,,
55464.5,maxi,0.01425108108108108,0.002822162162162162,0.9324140857021638,0.3280492880248582
55465.0,bat,0.0186055,0.003457045454545455,,
55465.5,maxi,0.017674324324324323,0.0033005405405405405,0.33910974056445664,0.19011148874213202
55466.0,bat,0.030396954545454546,0.004018772727272728,,
55466.5,maxi,0.01773135135135135,0.002512972972972973,1.721408869085508,0.627401984435731
55467.0,bat,0.023033136363636367,0.0030450909090909088,,
55467.5,maxi,0.01123054054054054,0.002546756756756757,0.8586839266450917,0.3594406129065439
55468.0,bat,0.012541909090909091,0.004475,,
55468.5,maxi,0.019613513513513512,0.0026286486486486486,0.8747147421268827,0.2416858626728702
55469.0,bat,0.012847318181818182,0.004030636363636364,,
55469.5,maxi,0.011543513513513513,0.0030983783783783783,1.230729282587729,0.6740573018576858
55470.5,maxi,0.01127054054054054,0.00351,21.40305010893246,140.35463705554085
55471.5,maxi,0.008147837837837837,0.0020486486486486484,0.7510050251256281,0.24598245729419993
55472.5,maxi,0.007201081081081081,0.002075405405405405,1.1151226793544176,0.5607672084940384
55473.5,maxi,0.010147297297297297,0.0019686486486486486,0.8133069747328102,0.2934556765578814
55474.5,maxi,0.010554864864864864,0.0019186486486486487,0.5455859763260142,0.18067688497343623
55475.5,maxi,0.010532702702702701,0.0018343243243243241,0.6903394255874674,0.24037545708837327
55476.5,maxi,0.007347567567567567,0.0018178378378378378,0.6380288957688338,0.21216124759553653
55477.5,maxi,0.0072570270270270265,0.001747027027027027,1.1644901610017888,0.4758037048502131
55478.5,maxi,0.004577567567567568,0.0017859459459459459,1.0786677240285487,0.7843908965627338
55479.5,maxi,0.006535945945945945,0.001807027027027027,1.2826598465473145,0.5846924332219677
55480.5,maxi,0.008541891891891891,0.001788108108108108,0.5648526077097505,0.2682365368810199
55481.5,maxi,0.005614594594594595,0.0018099999999999998,0.7866666666666666,0.3125036905780712
55482.5,maxi,0.00742081081081081,0.0020429729729729727,0.9654215421542155,0.407393063478542
55484.5,maxi,0.010237837837837837,0.002017027027027027,0.8863537403117652,0.41466397017445067
55485.5,maxi,0.007536216216216216,0.002308918918918919,1.6458245908518674,1.1350493542093336
55486.5,maxi,0.014218648648648649,0.002686756756756757,1.2750504371217215,0.5991907590934409
55488.5,maxi,0.012417027027027025,0.0037029729729729727,2.2538558786346394,2.0738069807430732
55489.5,maxi,0.010564864864864864,0.004420810810810811,0.8505425271263563,0.6124598678370754
55491.5,maxi,0.02165459459459459,0.004838378378378378,1.1535872080791079,0.5664277031099648
55493.5,maxi,0.017937297297297296,0.005668108108108108,1.395106072510944,1.0015402734246495
55494.5,maxi,0.013234054054054055,0.004340540540540541,0.6138093106535363,0.5019483737365102
55499.5,maxi,0.012908108108108107,0.0027345945945945944,1.1550535426140531,0.589618848465069
55500.5,maxi,0.00837081081081081,0.0027645945945945945,1.0951676528599605,0.951066148217211
55501.5,maxi,0.010732162162162162,0.002530810810810811,1.4786344908769862,0.9949530115314608
55502.5,maxi,0.012207567567567567,0.002677297297297297,1.132125890736342,0.7528451838380708
55514.5,asm,0.08613333384195963,0.030133333206176758,1.2797620014842976,1.1057156376841129
55518.5,maxi,0.01567189189189189,0.0026286486486486486,1.5442223231864305,0.6843903102250911
55519.5,maxi,0.013187027027027027,0.0025086486486486487,0.7005742821473158,0.27754503723504687
55520.5,maxi,0.009884594594594594,0.002175945945945946,2.1704888352444174,1.4455999051231914
55521.5,maxi,0.00836108108108108,0.0026162162162162157,1.02621692910239,0.5778187966109666
55524.5,maxi,0.00784945945945946,0.002455135135135135,1.0664046755340588,0.693665136285909
55526.5,maxi,0.00686054054054054,0.0019854054054054054,3.2995200698080276,3.0363949835918294
55528.5,maxi,0.00732,0.0020797297297297295,0.8101888136800854,0.382454169809312
55529.5,maxi,0.004903513513513513,0.0018716216216216215,1.1164028776978419,0.8157039553136296
55532.5,maxi,0.007616756756756756,0.0022248648648648646,0.8483737975263399,0.3924110764271315
55534.5,maxi,0.006035675675675676,0.002410810810810811,2.0981125356125356,2.111750635854507
55535.5,maxi,0.010675405405405404,0.002355945945945946,0.5452530476542298,0.4116578388693495
55536.5,maxi,0.010215675675675676,0.0021354054054054054,1.2197924706285912,0.5525228931754342
55537.5,maxi,0.010263783783783785,0.0020518918918918916,1.373551804038398,0.5536932931665051
55538.5,maxi,0.01240108108108108,0.0020964864864864863,0.589582176140221,0.24775919230744547
55539.5,maxi,0.009147297297297297,0.002520810810810811,1.5563651504111586,0.9210117968236811
55541.5,maxi,0.014187297297297296,0.0020513513513513515,0.8558072468486906,0.24031697827531542
55542.5,maxi,0.011895405405405403,0.0020986486486486485,0.7048374104379531,0.2087569892513954
55543.5,maxi,0.013784864864864865,0.002203243243243243,0.7012417250969486,0.20502371754779056
55552.5,maxi,0.025208648648648645,0.0026013513513513512,2.0613837244742457,0.7330235030573791
55553.5,maxi,0.01572351351351351,0.0021456756756756757,1.4796622554193393,0.5933391577534762
55554.5,maxi,0.00916135135135135,0.0020083783783783784,2.1396199859254046,1.2622543777402833
55555.5,maxi,0.01274081081081081,0.002399189189189189,1.098075380914194,0.5183949575437501
55556.5,maxi,0.010278378378378378,0.003012702702702703,1.576524132091448,1.121012879631098
55557.5,maxi,0.012542432432432431,0.0038121621621621618,1.4597788309636652,0.8531642799520549
55558.5,maxi,0.016112972972972973,0.00455027027027027,0.4240755000098719,0.1758248448451253
55559.5,maxi,0.037633783783783785,0.005607837837837837,0.6778687146140479,0.18870278824881748
55562.5,maxi,0.033636216216216215,0.005597837837837838,0.43384140200094,0.14621863926131093
55563.5,maxi,0.03680756756756757,0.005769459459459459,0.5771180510931186,0.1837955712698689
55564.5,maxi,0.017584594594594594,0.005449189189189189,0.2137137717949462,0.13872738003668936
55565.5,maxi,0.02365918918918919,0.00536027027027027,0.2535944737476238,0.1274992812387822
55566.5,maxi,0.018088378378378376,0.004722432432432432,0.359170196444652,0.1577172810138749
55567.5,maxi,0.015336216216216217,0.004787027027027027,0.2455776313741765,0.21596451257112026
55568.5,maxi,0.012933783783783783,0.0037156756756756754,0.19857914282126266,0.11688915411604213
55569.5,maxi,0.014729189189189187,0.003897297297297297,0.45406234902952625,0.2280919377073291
55570.5,maxi,0.015945405405405406,0.0030556756756756755,0.44574950932286556,0.187855369836497
55571.0,bat,0.04722690909090909,0.021433272727272728,,
55571.5,maxi,0.014564594594594594,0.0029313513513513512,0.5037652056381541,0.19623427438852392
55572.5,maxi,0.013182432432432431,0.0026856756756756753,0.9382337387625596,0.3836803529430247
55573.5,maxi,0.011694054054054054,0.005270540540540541,0.7700517108592805,1.2816861638458716
55574.5,maxi,0.007226756756756756,0.0025062162162162163,0.7142545771578029,0.4378981133703502
55576.5,maxi,0.006755405405405405,0.0024156756756756755,0.7037813030030928,0.5489411626807139
55582.5,maxi,0.011678378378378377,0.0032054054054054056,0.6959291055109388,0.48174508935862
55589.5,maxi,0.00798,0.002392162162162162,1.5265123226288277,1.0356620250370145
55590.5,maxi,0.01176135135135135,0.0022486486486486485,1.0415087362484976,0.5485225015776058
55594.5,maxi,0.007272162162162162,0.0021851351351351352,1.5538386068187393,0.9924845917982389
55595.5,maxi,0.004888378378378378,0.0021564864864864865,0.777179280007182,0.48724029690557663
55596.5,maxi,0.005405945945945945,0.0021524324324324324,1.2244368600682594,0.9215722540250397
55598.5,maxi,0.005778108108108107,0.002434054054054054,0.6632115690044303,0.4564237769364225
55600.5,maxi,0.007894594594594594,0.0023935135135135133,0.8084422110552765,0.5663330956281493
55601.5,maxi,0.006179189189189189,0.002294864864864865,1.110670407274838,0.6565964203394093
55602.5,maxi,0.0067813513513513505,0.002311891891891892,1.0698481042937447,0.7719481241530978
55603.5,maxi,0.005181891891891891,0.0025245945945945947,1.8032288254562472,2.316978471491407
55605.5,maxi,0.009942432432432431,0.0026097297297297296,1.7708743749052887,1.4904757183007733
55606.5,maxi,0.009621351351351351,0.0026172972972972972,1.4163974151857837,0.8278528544517496
55607.5,maxi,0.00683027027027027,0.0025570270270270272,1.2020646471484175,1.16200274239298
55609.5,maxi,0.009622432432432432,0.003136216216216216,0.6097560975609756,0.4210557194712958
55611.5,maxi,0.008957297297297296,0.003085945945945946,0.8615243462874369,0.4909475537687452
55612.5,maxi,0.005633783783783783,0.0025794594594594593,3.656498673740053,10.963491927826661
55613.5,maxi,0.00717135135135135,0.0026224324324324324,0.8838051663330474,0.6050757538669632
55614.5,maxi,0.006977837837837838,0.0025545945945945944,0.42092631032693306,0.2954161533731071
55615.5,maxi,0.007807027027027026,0.0024545945945945945,1.3786264373879102,0.8463433340907784
55616.5,maxi,0.00486,0.0023645945945945943,0.45768282662284304,0.24072697732200662
55617.5,maxi,0.007314594594594595,0.0023343243243243244,0.6983250285165395,0.3171863062027446
55618.5,maxi,0.007257837837837837,0.002377297297297297,0.37601920450312487,0.18271523476663692
55619.5,maxi,0.008817837837837838,0.003625945945945946,7.078384798099762,18.33995377271418
55620.5,maxi,0.006879189189189189,0.002568378378378378,1.0998774509803921,0.6146055231319731
55621.5,maxi,0.006852972972972973,0.0024045945945945944,1.611934766493699,1.5343957334263743
55622.5,maxi,0.00853054054054054,0.002368378378378378,1.3805064169268122,0.8522314890011398
55623.5,maxi,0.007718918918918918,0.0020889189189189188,0.6501364877161055,0.2917155323184594
55624.5,maxi,0.01125108108108108,0.002203243243243243,1.5553005464480876,0.8120070728253994
55625.5,maxi,0.019127027027027024,0.0024789189189189185,1.6148690773067333,0.6782486252061806
55626.0,bat,0.009121590909090909,0.003316681818181818,,
55627.5,maxi,0.02107837837837838,0.007682702702702702,0.22093287827076225,0.5584727398837419
55628.5,maxi,0.011991621621621621,0.004926486486486486,0.7649197481599715,0.4887757843101692
55631.5,maxi,0.011948378378378378,0.0059689189189189185,1.8335274806735147,2.446798570358348
55633.5,maxi,0.01173081081081081,0.0048272972972972965,0.18643324294145797,0.3120700333627431
55637.5,maxi,0.012085675675675676,0.003967027027027027,1.4927493047278506,1.331947437728108
55638.5,maxi,0.007981891891891892,0.003977837837837838,-10.047281323877069,-56.33392472701049
55640.5,maxi,0.00910054054054054,0.002702432432432432,0.872063467611492,0.5201155980458287
55641.5,maxi,0.008558378378378377,0.0026067567567567567,0.953085820593707,0.5592314651943208
55642.5,maxi,0.007205675675675676,0.00236027027027027,1.6480468252958391,1.1258695418012425
55644.5,maxi,0.009992432432432431,0.002833243243243243,1.3164546297076418,0.7821684297112828
55645.5,maxi,0.009184324324324323,0.0024405405405405404,2.722007722007722,2.4805574690597014
55649.5,maxi,0.005192972972972973,0.002286216216216216,1.8334431992968578,2.0453818711258998
55650.5,maxi,0.004601351351351351,0.0022986486486486486,0.7343351290048199,0.5051463540713973
55652.5,maxi,0.015098648648648648,0.0028494594594594596,0.9488810881965773,0.4019400177379369
55656.0,bat,0.020473681818181818,0.009350227272727272,,
55657.0,bat,0.042189500000000005,0.004733090909090909,,
55658.0,bat,0.09008981818181817,0.014685954545454545,,
55659.0,bat,0.09984245454545454,0.006235318181818182,,
55659.5,maxi,0.05413351351351351,0.0038764864864864862,0.8868241970720439,0.1344751214396381
55660.0,bat,0.11500463636363636,0.010960363636363636,,
55660.5,maxi,0.03908459459459459,0.002989459459459459,0.8073818768814623,0.11627925121454438
55661.0,bat,0.15088677272727272,0.007688045454545454,,
55661.5,maxi,0.051496216216216216,0.003206216216216216,1.0203010948905111,0.1378907418073482
55662.0,bat,0.11489568181818181,0.03638781818181818,,
55662.5,maxi,0.04928972972972973,0.0030518918918918917,0.9857323858315431,0.1259530792093298
55663.0,bat,0.14255977272727272,0.010433227272727273,,
55663.5,maxi,0.05130459459459459,0.0031229729729729725,1.149000254532085,0.14672891574177363
55664.0,bat,0.15875759090909092,0.008254863636363637,,
55664.5,maxi,0.057018918918918915,0.0033064864864864865,0.9900663047134002,0.12160189813135304
55665.0,bat,0.15762645454545454,0.012024909090909091,,
55665.5,maxi,0.0545645945945946,0.00342,1.2110506438278765,0.17139955749205868
55666.0,bat,0.1588084090909091,0.00800140909090909,,
55666.5,asm,0.08493333180745441,0.033066666920979815,0.21684209923995168,0.23317564010466732
55666.5,maxi,0.062244594594594596,0.003520810810810811,1.0049609880730057,0.12393776817781293
55667.0,bat,0.16573977272727275,0.009882045454545454,,
55667.5,maxi,0.06103378378378378,0.003892162162162162,0.9387803408504045,0.12589173602712422
55668.0,bat,0.15632995454545454,0.008775136363636363,,
55668.5,maxi,0.06351081081081081,0.005352162162162162,0.7278233278793741,0.12760193213215057
55669.0,bat,0.1444120909090909,0.007633727272727273,,
55669.5,asm,0.16080000559488933,0.042133334477742514,0.8702461493264169,0.5583909526018019
55669.5,maxi,0.060827027027027025,0.0033043243243243243,0.8602553260037857,0.09457508976755363
55670.0,bat,0.13919277272727273,0.007577363636363636,,
55670.5,maxi,0.062147297297297295,0.0032348648648648647,1.0262049068039354,0.10790038185963445
55671.0,bat,0.11719263636363636,0.010512045454545454,,
55671.5,maxi,0.06801108108108107,0.003481891891891892,0.7610019267822736,0.08041999832856654
55672.0,bat,0.12670718181818183,0.027860272727272727,,
55672.5,maxi,0.07103675675675676,0.0038370270270270267,0.6864424452930051,0.07315581365245728
55673.5,asm,0.12826666514078777,0.040133333206176756,0.3353293513622517,0.6163061376078992
55673.5,maxi,0.07891918918918919,0.003896216216216216,0.5977816895390767,0.05610327055870164
55674.5,maxi,0.12955567567567566,0.005181621621621622,0.525957539802418,0.04083356972465391
55675.5,maxi,0.1197462162162162,0.005016216216216216,0.5739981740836425,0.048702762553062336
55676.0,bat,0.07521577272727273,0.006791136363636364,,
55676.5,maxi,0.1132091891891892,0.004209189189189189,0.5614380823419415,0.04123962919874235
55677.0,bat,0.07092104545454544,0.0073377727272727275,,
55677.5,maxi,0.08615162162162163,0.003437297297297297,0.48893395386837457,0.03750434671435334
55678.0,bat,0.04713472727272727,0.006782681818181818,,
55678.5,maxi,0.0692881081081081,0.0032618918918918918,0.5272010578363238,0.04690652940432797
55679.0,bat,0.04541222727272727,0.006430409090909091,,
55679.5,maxi,0.07054783783783784,0.0034283783783783783,0.5426972231723624,0.0496739517600408
55680.5,maxi,0.0703381081081081,0.0044908108108108104,0.4706060112973337,0.05735762197826718
55681.0,bat,0.04186268181818182,0.008957590909090908,,
55681.5,maxi,0.05827837837837837,0.00951945945945946,0.27848194255296305,0.09658567156443842
55681.5,asm,0.447066650390625,0.09026666641235352,0.3790447033749492,0.22388176416978764
55682.0,bat,0.041791272727272726,0.006094136363636363,,
55682.5,maxi,0.06864621621621622,0.0043632432432432425,0.45791926831413243,0.05632440820669963
55683.0,bat,0.05162368181818182,0.007049863636363636,,
55683.5,maxi,0.06572513513513513,0.004016486486486486,0.4535892826212902,0.05186049933750929
55684.5,maxi,0.05173756756756756,0.003684054054054054,0.40572363867097366,0.0545116794915603
55685.0,bat,0.04531063636363636,0.005075272727272727,,
55685.5,maxi,0.05552621621621621,0.003665405405405405,0.45375986104074695,0.05728081966295971
55686.5,maxi,0.06553567567567567,0.003592972972972973,0.4663713175963822,0.048717763190669755
55687.0,bat,0.04653,0.005954818181818182,,
55687.5,maxi,0.05682108108108108,0.00336027027027027,0.564323236839164,0.06356250753463723
55688.0,bat,0.057014363636363634,0.006093909090909091,,
55688.5,maxi,0.042163783783783784,0.0030575675675675673,0.5326402995180627,0.0700281909014148
55689.0,bat,0.05742372727272727,0.008174818181818182,,
55689.5,maxi,0.0386845945945946,0.0031175675675675675,0.7730830061082024,0.11366618307225954
55690.0,bat,0.061091454545454546,0.009157909090909092,,
55690.5,maxi,0.03467837837837838,0.002895135135135135,0.5895642253478842,0.09772838014802743
55691.0,bat,0.05700281818181818,0.006307681818181818,,
55691.5,maxi,0.032597297297297295,0.002968918918918919,0.9406632115960806,0.1703777419151488
55692.0,bat,0.06396381818181818,0.005466818181818181,,
55692.5,maxi,0.02538108108108108,0.0028551351351351353,0.8209156482095845,0.16201503411740772
55693.0,bat,0.05757840909090909,0.0061995,,
55693.5,maxi,0.025397567567567565,0.002985945945945946,0.7247383272960154,0.1485147813222429
55694.0,bat,0.07017313636363637,0.007018772727272727,,
55694.5,maxi,0.02304459459459459,0.0029448648648648648,0.9231845481845482,0.2557609610561994
55695.0,bat,0.06759881818181818,0.008041772727272727,,
55695.5,maxi,0.018994864864864864,0.0033329729729729726,0.7225374033537503,0.19927389500194653
55696.0,bat,0.05453313636363637,0.006168045454545455,,
55696.5,maxi,0.028919189189189187,0.0038875675675675674,1.081712990576166,0.32921447821620875
55697.0,bat,0.04224540909090909,0.0049008181818181815,,
55697.5,maxi,0.02270162162162162,0.0047470270270270265,0.6511855591249809,0.30134662858455247
55698.5,maxi,0.01860162162162162,0.0059499999999999996,0.5389246883785734,0.3052448232993887
55699.0,bat,0.04836663636363636,0.005913681818181818,,
55699.5,maxi,0.024838918918918918,0.0030916216216216215,0.8562187139006547,0.20831054840968358
55700.0,bat,0.03606709090909091,0.008003363636363637,,
55700.5,maxi,0.015550810810810809,0.002458108108108108,0.6203643349686094,0.18748614749831688
55701.0,bat,0.029201545454545452,0.008784590909090909,,
55701.5,maxi,0.013847567567567566,0.0024367567567567566,1.3191970220685987,0.5351729626217988
55702.0,bat,0.025728136363636363,0.0058231818181818185,,
55702.5,maxi,0.006353513513513514,0.0023345945945945946,1.5578901765406692,0.9967943295730174
55703.0,bat,0.021849,0.005006727272727272,,
55703.5,maxi,0.007701351351351351,0.002470810810810811,0.9962942779291551,0.7330149018208241
55704.5,maxi,0.00902972972972973,0.002591351351351351,1.99645509790682,1.8883297658349742
55705.0,bat,0.02882818181818182,0.006483136363636364,,
55705.5,maxi,0.006258918918918919,0.0021467567567567567,1.3960849116562857,0.9362265907412818
55706.0,bat,0.015547045454545454,0.004920363636363637,,
55706.5,maxi,0.008470810810810811,0.0019827027027027027,5.877897350993377,9.607770655990176
55707.5,maxi,0.006371351351351352,0.0020686486486486484,1.8700765089260414,1.2605253610527254
55708.5,maxi,0.0074683783783783785,0.002195945945945946,1.3712490382149267,0.919435130318661
55709.0,bat,0.015395045454545455,0.0060437727272727275,,
55709.5,maxi,0.012589459459459457,0.0023956756756756755,2.241414141414141,1.5133655457288049
55709.5,asm,0.05481200618523133,0.027292391862040084,0.15562483542147848,0.9234961339278411
55710.5,maxi,0.008927027027027025,0.003927837837837838,0.5558172097759674,0.5211956625368237
55711.5,maxi,0.009228378378378378,0.0024275675675675674,1.7321925984878632,1.0182068160861157
55712.5,maxi,0.015788108108108108,0.0023916216216216214,1.4882062534284146,0.5263828563490083
55713.5,maxi,0.013816486486486486,0.003594324324324324,1.6195942490197193,0.8340566078623453
55714.5,maxi,0.006081351351351351,0.0024016216216216214,0.88659309697112,0.7183731256735575
55715.5,maxi,0.007178108108108107,0.002221081081081081,0.7645418927064496,0.4243946004966528
55716.5,maxi,0.008195675675675675,0.002178378378378378,1.112517916865743,0.5579502940349819
55717.0,bat,0.013287863636363636,0.006321409090909091,,
55718.5,maxi,0.006912162162162162,0.0021048648648648647,0.8943293099521749,0.4407978009332782
55719.5,maxi,0.004464054054054054,0.0019535135135135134,2.2878435025617136,2.396872931556882
55720.5,maxi,0.004455675675675675,0.0020224324324324325,3.59748427672956,8.64946844917582
55722.5,maxi,0.007392702702702702,0.0022405405405405408,1.5307804168686379,0.7770411018506861
55729.5,maxi,0.03362810810810811,0.007123783783783783,2.2162717370533156,1.4577154996640436
55731.5,maxi,0.01314135135135135,0.002837837837837838,1.0097481264439059,0.434841563000189
55732.5,maxi,0.006438378378378378,0.0022278378378378376,1.1273860537592522,0.6402100343440013
55733.5,maxi,0.00880864864864865,0.0022489189189189187,1.2357565856646926,0.7090213331411577
55736.5,maxi,0.01075864864864865,0.0023967567567567565,0.6260890967265567,0.26710769724368155
55737.5,maxi,0.009787027027027027,0.0024575675675675675,1.0482648583964898,0.6685013787607833
55740.5,maxi,0.009283783783783783,0.0023343243243243244,1.9510427451560421,1.4343532965574866
55741.5,asm,0.08946666717529297,0.03706666628519694,-4.5288463566430295,6.857934234938465
55741.5,maxi,0.0047635135135135126,0.0022500000000000003,0.49403508771929827,0.4477360036017627
55742.5,maxi,0.004975405405405405,0.002322972972972973,1.006191402794976,1.0835600650782824
55743.5,maxi,0.007035405405405404,0.0022994594594594594,0.5553108174253548,0.3786548149938248
55744.5,maxi,0.01010972972972973,0.0026108108108108107,0.8932609678878336,0.43331735794485327
55745.5,maxi,0.007409189189189189,0.0030416216216216214,1.8228989674552345,1.5508727920410774
55746.5,maxi,0.012944864864864864,0.0029248648648648647,0.5218413320274241,0.27635526590184295
55747.5,maxi,0.00946108108108108,0.0029245945945945945,1.8140092165898618,1.9676107207207618
55748.5,maxi,0.008759459459459459,0.00259,1.410128723104388,0.7498621046120749
55749.5,maxi,0.012374594594594593,0.0030440540540540542,1.174729197439685,0.5177451094878474
55752.5,maxi,0.008188108108108107,0.0036978378378378376,2.3618999748680576,2.199132877370274
55755.5,asm,0.1284000015258789,0.059333330790201824,3.5555555991620618,3.7895532255362667
55756.5,maxi,0.011725135135135133,0.005002972972972973,1.252320446967649,1.3198720638243702
55756.5,asm,0.1259999974568685,0.037999998728434244,0.7462038953560717,0.42092671140683274
55757.5,asm,0.07482920291338443,0.029654433875097985,1.7724998073628953,2.1899185378000645
55758.0,bat,0.016123454545454545,0.0057912272727272725,,
55758.5,maxi,0.00839162162162162,0.003767027027027027,0.5414345158332745,0.5219838376416389
55759.5,maxi,0.008767567567567566,0.0033127027027027027,-2.9837781266352694,-4.503189610599883
55761.5,maxi,0.008122702702702702,0.0027035135135135132,1.1759385255743215,0.6527239970758202
55762.5,maxi,0.006246216216216216,0.00237027027027027,0.7186754966887418,0.4627559233672614
55764.5,maxi,0.00548,0.0025024324324324325,0.6092106509997157,0.4799992756365576
55765.5,asm,0.11693333943684896,0.05653333028157552,-43.61538680206397,771.8983676610017
55765.5,maxi,0.006599729729729729,0.0023589189189189186,0.5494876703073978,0.4898038517628689
55766.5,maxi,0.006275675675675676,0.002306216216216216,1.2042341220423414,0.8960077311018912
55767.5,maxi,0.0092,0.00246,1.075926626323752,0.5935305234401494
55771.5,asm,0.05433910017255942,0.015800494637071782,1.4824588721260028,0.9213280436709365
55773.5,maxi,0.02569972972972973,0.006688918918918919,2.086484751203852,1.7663778712473144
55774.5,asm,0.04804009792768243,0.019585963519366912,-21.626945472219433,117.35117502297969
55777.5,maxi,0.009876486486486485,0.004622702702702703,0.5098784194528875,0.571608339166668
55781.5,maxi,0.006939729729729729,0.0034437837837837837,2.7199570815450644,5.266105994935569
55782.5,maxi,0.00979189189189189,0.0027264864864864863,1.5095664809881326,1.149006291574283
55783.5,maxi,0.007911351351351351,0.002703783783783784,0.8006409652182109,0.5975714316314235
55784.5,maxi,0.01159,0.002551081081081081,1.430933581049698,0.8001379855721147
55786.5,asm,0.06303152011035854,0.030237688478914428,1.0712283230421968,0.8058984976233678
55789.5,maxi,0.008707567567567567,0.002429189189189189,0.8418514252807372,0.4440251149789408
55790.5,maxi,0.007672162162162162,0.0028143243243243243,1.5384864864864867,1.1109673702368101
55791.0,bat,0.007149045454545454,0.0032453181818181817,,
55794.5,maxi,0.019914054054054053,0.0029337837837837837,1.3933199811498584,0.5544338867524218
55796.5,asm,0.0956000010172526,0.04773333231608073,-5.926605358096492,12.472731122206694
55800.5,maxi,0.02205162162162162,0.0030005405405405406,1.270339465200076,0.4268698160151914
55801.5,maxi,0.01146108108108108,0.0025983783783783783,0.9982613954191549,0.5124420013371566
55802.5,maxi,0.006274864864864865,0.0024137837837837836,0.13818254817987152,0.2630822828278395
55803.5,maxi,0.004630810810810811,0.0021318918918918914,2.680532445923461,2.7914682370232424
55803.5,asm,0.17786666870117185,0.043866666158040364,2.2361963138586067,1.4975077530284375
55806.5,maxi,0.005194324324324324,0.0021937837837837835,1.3769060341457056,0.9994312300625018
55808.5,maxi,0.006582162162162162,0.0022794594594594594,1.1473118279569892,0.9266164231993655
55810.5,maxi,0.005472702702702703,0.002458108108108108,0.6127937163016708,0.3691806810614212
55811.5,maxi,0.005975675675675676,0.0023005405405405405,0.39517153748411693,0.24114782216149677
55812.5,maxi,0.006819729729729729,0.002322162162162162,0.885878962536023,0.4968069344580193
55815.5,maxi,0.008005945945945945,0.0025286486486486483,0.7311466218110456,0.5377184336490555
55816.5,maxi,0.00877,0.0027613513513513512,1.2704172434249554,0.8665289438892044
55817.5,maxi,0.008469189189189189,0.0031386486486486486,-14.504482477587612,-65.85123524864252
55818.5,maxi,0.009538648648648647,0.002967027027027027,1.2085674157303372,1.4318625404714367
55819.5,maxi,0.009166756756756758,0.0025197297297297294,2.765384615384615,2.307780881963523
55820.5,maxi,0.007988108108108108,0.0026427027027027027,1.1494688922610017,1.280793982925061
55821.5,maxi,0.014158378378378378,0.0026294594594594594,1.020542178817983,0.37063749873078705
55824.5,maxi,0.008852702702702702,0.0021278378378378378,3.994922425952045,4.495404293524119
55825.5,maxi,0.006108378378378378,0.002036486486486486,1.7390080138618151,1.6360013710555708
55826.5,maxi,0.005735675675675676,0.002076216216216216,1.1356862745098038,0.6684953153381065
55827.5,maxi,0.005826756756756756,0.0019527027027027026,1.1103905064164483,0.743713359266254
55829.5,maxi,0.006339999999999999,0.0018143243243243243,0.7743258017492711,0.38685044453309075
55830.5,maxi,0.007379999999999999,0.0018245945945945946,0.6538763956596949,0.3076446459349283
55832.5,maxi,0.006221351351351352,0.0017937837837837835,0.9034090909090908,0.38764468871336816
55833.5,maxi,0.0055605405405405395,0.0018575675675675675,1.2078902229845625,0.9120729825555779
55834.5,maxi,0.006498918918918919,0.0018208108108108106,0.21365092799709812,0.1762333448247678
55835.5,maxi,0.00799027027027027,0.0019397297297297296,0.3651381540270429,0.19616248950723889
55837.5,maxi,0.006221891891891891,0.0020937837837837836,1.8314443005181347,1.3138455621948189
55838.5,maxi,0.010594054054054053,0.002338918918918919,1.971485676215856,1.23536145474914
55839.5,maxi,0.00804027027027027,0.0024910810810810807,1.500127388535032,1.0192956777498965
55840.5,maxi,0.010105405405405405,0.0036605405405405406,1.5907372400756146,1.4455170348040833
55845.5,maxi,0.021183513513513514,0.008045675675675676,1.390031917505524,1.2090013417969716
55847.5,maxi,0.010823783783783783,0.004227837837837838,-2.7368600102058176,-3.1082755837741742
55850.5,maxi,0.009422432432432432,0.004092702702702703,1.1047237076648841,1.6710677330823158
55853.5,maxi,0.013248648648648649,0.004027297297297297,0.7040529569724598,0.5502940375695788
55854.5,maxi,0.006238108108108108,0.0026045945945945945,1.4057190219643596,1.7107553760003162
55855.5,maxi,0.008431351351351351,0.0026918918918918916,0.9968894132789875,0.7573507864641247
55872.5,maxi,0.013084324324324322,0.002747027027027027,2.3464709993011876,1.767264890087783
55873.5,maxi,0.0060032432432432425,0.0023343243243243244,0.8948774645292057,0.5370311462283288
55874.5,maxi,0.0064351351351351355,0.002221081081081081,2.144207144207144,1.9080779046232859
55875.5,maxi,0.007127567567567567,0.002238378378378378,0.45148960678569555,0.23398045932641506
55876.5,maxi,0.006651891891891891,0.0021532432432432433,0.7597460569387958,0.5022482212500893
55877.5,maxi,0.006587837837837837,0.00229,0.7679660278745646,0.3202417096507923
55880.5,maxi,0.010374864864864863,0.0024608108108108108,0.8342420937840784,0.3922768144831959
55882.5,maxi,0.00503054054054054,0.0022081081081081083,0.4478162933299963,0.2769547310763447
55883.5,maxi,0.006766486486486486,0.0022516216216216215,0.841089055212062,0.5946614349546542
55884.0,bat,0.04084663636363636,0.019948772727272728,,
55884.5,maxi,0.005283783783783784,0.0022391891891891894,0.31493877551020405,0.33038192879713485
55886.5,maxi,0.011542162162162162,0.002406216216216216,0.8874580067189249,0.3491304907114256
55888.5,maxi,0.006347027027027027,0.0023156756756756752,0.4193624557260921,0.5023014944970129
55889.5,maxi,0.010642432432432432,0.0024383783783783783,0.8374688890564899,0.43813902324395165
55890.5,maxi,0.01459,0.0023024324324324324,1.0156463799155213,0.35772200476630484
55891.5,maxi,0.0063572972972972975,0.0021,1.2089075294587577,1.1426657049601365
55892.5,maxi,0.006394864864864865,0.0020270270270270267,2.200880687775215,1.8142548889601369
55893.5,maxi,0.00730972972972973,0.002385135135135135,0.48594894919075615,0.3555518481768882
55895.5,maxi,0.01056216216216216,0.0022718918918918918,1.360194371330229,0.7045798236367372
55896.5,maxi,0.0061129729729729725,0.0019237837837837838,0.41535802840183333,0.25588396029240396
55897.5,maxi,0.004782972972972973,0.001932972972972973,0.3491317961855963,0.23574401356845323
55898.5,maxi,0.008667297297297297,0.0018259459459459457,0.8470506240892101,0.2884375087481554
55899.5,maxi,0.007486486486486486,0.0017472972972972973,2.6006047918120494,2.0773846932734146
55900.5,maxi,0.005818108108108108,0.0017510810810810811,1.5808608441287089,0.902571407668056
55901.5,maxi,0.00563081081081081,0.001665945945945946,0.8872132809529844,0.5263866552960531
55902.5,maxi,0.006980540540540541,0.0017675675675675674,2.0368026644462947,1.3441173161610551
55903.5,maxi,0.0056005405405405405,0.0016489189189189187,1.027260718145791,0.5431673252750123
55904.5,maxi,0.004244864864864865,0.0017454054054054054,1.7001840773124712,1.514471005349351
55905.5,maxi,0.011027567567567566,0.0023116216216216216,2.1124089597361553,1.3752700801016322
55913.5,maxi,0.020825945945945945,0.00764027027027027,20.83276740237691,200.28575588645896
55914.5,maxi,0.015105945945945944,0.004550540540540541,1.4589235127478752,1.0430548360326413
55915.0,bat,0.17152909090909094,0.0648235,,
55915.5,maxi,0.0269672972972973,0.009338918918918918,7.284856879039704,19.25360143514818
55916.5,maxi,0.022798648648648646,0.006156756756756757,0.8807520732912189,0.4785954313130805
55917.5,maxi,0.026283243243243243,0.005557837837837838,1.1552660152008687,0.4895703444847493
55918.5,maxi,0.022456486486486484,0.004752432432432432,6.640006140620203,9.685071305195637
55919.5,maxi,0.03749810810810811,0.00605972972972973,1.73635453822269,0.6611438176626506
55920.5,maxi,0.02976891891891892,0.005107837837837838,0.9867121837391699,0.32870968519883137
55921.5,maxi,0.02839324324324324,0.005603783783783783,1.307335110499613,0.5792612382209426
55922.5,maxi,0.04057135135135135,0.005724054054054054,0.5867636383190385,0.17410825287509785
55923.5,maxi,0.03884783783783784,0.00507,1.1207232665033176,0.3006087929062451
55924.0,bat,0.17812768181818184,0.022469999999999997,,
55924.5,maxi,0.058592972972972966,0.005169729729729729,1.0321185185185184,0.19276365725668285
55925.0,bat,0.15285327272727273,0.035378681818181816,,
55925.5,maxi,0.04818567567567567,0.003772702702702702,1.0886937180053318,0.18994999204169866
55926.0,bat,0.1428867727272727,0.02649386363636364,,
55926.5,maxi,0.05693702702702702,0.004108108108108108,0.8106572896943469,0.12093237319973626
55927.0,bat,0.15506463636363638,0.027020090909090907,,
55927.5,maxi,0.06489972972972972,0.004004054054054054,0.9412440025560213,0.12681793230447386
55928.0,bat,0.1529486818181818,0.03197531818181818,,
55928.5,maxi,0.058847567567567566,0.00724081081081081,1.059339378238342,0.28067971969083383
55929.0,bat,0.11536263636363636,0.02988459090909091,,
55929.5,maxi,0.05331432432432432,0.003758918918918919,0.8220646313773178,0.11503211969385693
55930.0,bat,0.12947463636363638,0.03115368181818182,,
55930.5,maxi,0.05205297297297297,0.003614864864864865,0.8067492601469578,0.11292494900729434
55931.0,bat,0.13412827272727273,0.018753818181818184,,
55931.5,maxi,0.05113162162162162,0.0036227027027027022,1.0554969002950811,0.15615094335817895
55932.0,bat,0.13682286363636365,0.010760227272727272,,
55932.5,maxi,0.048427027027027024,0.0033910810810810813,1.0010551340955232,0.13990149266088422
55933.0,bat,0.108417,0.015778727272727274,,
55933.5,maxi,0.05305891891891892,0.003412162162162162,0.8750953329889044,0.1182553366792167
55934.0,bat,0.10946904545454546,0.012711954545454545,,
55934.5,maxi,0.04491054054054054,0.0031194594594594594,0.8882908064426857,0.12331243064710529
55935.0,bat,0.09106831818181818,0.024356454545454546,,
55935.5,maxi,0.041170540540540534,0.0029572972972972972,0.8525539340101523,0.12651815805861846
55936.0,bat,0.13260572727272726,0.012313954545454546,,
55936.5,maxi,0.04128621621621622,0.002971621621621621,0.9950968414536807,0.14154583530391965
55937.0,bat,0.09800286363636364,0.025448954545454545,,
55937.5,maxi,0.04974648648648648,0.0031494594594594595,1.2376237623762376,0.17841415425877521
55938.0,bat,0.09267513636363636,0.014111363636363637,,
55939.0,bat,0.0590505,0.024710363636363634,,
55941.0,bat,0.10689850000000001,0.014029636363636364,,
55942.0,bat,0.07486963636363637,0.008781181818181818,,
55943.0,bat,0.0982675909090909,0.02176081818181818,,
55943.5,maxi,0.032103783783783785,0.010453783783783782,0.8369826002377607,0.5666376718826127
55944.0,bat,0.07452468181818181,0.017830136363636364,,
55944.5,maxi,0.031446756756756754,0.002757027027027027,0.9376125433703719,0.1648820790795064
55945.0,bat,0.06520204545454546,0.01142559090909091,,
55945.5,maxi,0.031722162162162164,0.0029505405405405405,0.8873602402548649,0.1658229987805663
55946.5,maxi,0.02354081081081081,0.002731351351351351,0.6794993504546817,0.1617998750963197
55947.0,bat,0.06845577272727273,0.004741863636363636,,
55947.5,maxi,0.019623243243243244,0.0024991891891891892,1.1166300144081291,0.28816237532748035
55948.0,bat,0.045335,0.010493090909090909,,
55948.5,maxi,0.021158378378378376,0.002511351351351351,1.2282990083905414,0.3167839827201424
55949.0,bat,0.045488409090909086,0.016242409090909092,,
55949.5,maxi,0.015536216216216215,0.0026732432432432433,0.8949867663085785,0.2842379048454175
55950.5,maxi,0.01706918918918919,0.0027927027027027027,0.8428215896717997,0.2822818541852775
55951.0,bat,0.030186863636363637,0.01161790909090909,,
55951.5,maxi,0.016145675675675673,0.002653243243243243,0.7101695468949071,0.21443587882727227
55952.5,maxi,0.015397297297297297,0.003084054054054054,0.5005524480353566,0.2178702558892871
55953.5,maxi,0.016978648648648648,0.003972972972972973,1.0805382447505258,0.48968547652961697
55954.0,bat,0.03603040909090909,0.009568545454545455,,
55954.5,maxi,0.01110081081081081,0.002415135135135135,0.6569759223483956,0.2582254681401135
55955.0,bat,0.026126227272727273,0.006159136363636364,,
55955.5,maxi,0.015137837837837837,0.0023716216216216213,1.1566990701606086,0.38210742406034515
55956.0,bat,0.02331259090909091,0.007913,,
55956.5,maxi,0.008852972972972972,0.0023502702702702704,1.4101905049894163,0.6231976691001616
55957.0,bat,0.019119318181818182,0.006051999999999999,,
55957.5,maxi,0.014827567567567567,0.0025389189189189186,0.9739357825695546,0.3061305660718452
55958.0,bat,0.018455454545454546,0.006363636363636364,,
55958.5,maxi,0.014989189189189189,0.0025302702702702704,0.7392422355257342,0.24421223645404458
55959.0,bat,0.024505636363636365,0.006342045454545454,,
55959.5,maxi,0.009450270270270268,0.002890810810810811,0.9371795748171441,0.5280563597391074
55960.0,bat,0.019206727272727275,0.005828045454545455,,
55960.5,maxi,0.011054054054054054,0.0027827027027027026,0.9155361050328229,0.45299610348588587
55961.5,maxi,0.019836486486486487,0.003015945945945946,1.6189193234545725,0.7817964200809698
55962.5,maxi,0.011245945945945945,0.002888918918918919,0.624655520852471,0.27691326551384216
55963.5,maxi,0.01475135135135135,0.0028156756756756757,0.5395653647696885,0.20920648951547208
55964.0,bat,0.016732818181818182,0.005454545454545454,,
55964.5,maxi,0.01074,0.0030418918918918916,0.8723331039229181,0.5885413707317974
55965.0,bat,0.012565363636363635,0.0044249090909090905,,
55965.5,maxi,0.013418648648648647,0.004178378378378378,1.6765319217196024,1.2119541561436924
55966.0,bat,0.023894136363636364,0.004679318181818181,,
55967.5,maxi,0.01961972972972973,0.0033910810810810813,0.7725077881619938,0.3049711880184385
55968.5,maxi,0.012973243243243244,0.0028162162162162162,0.6513889607366407,0.3050856270292723
55969.0,bat,0.020733454545454548,0.005005363636363636,,
55969.5,maxi,0.010962702702702703,0.0028167567567567568,0.7215706272310046,0.3240944241931903
55970.0,bat,0.015621681818181818,0.006303818181818182,,
55971.0,bat,0.019746727272727273,0.004264272727272727,,
55971.5,maxi,0.007914054054054053,0.002398378378378378,0.753641955325348,0.3644570562397697
55972.0,bat,0.010901045454545453,0.0042503181818181815,,
55972.5,maxi,0.010085945945945946,0.0024916216216216217,1.0420085005436395,0.6588748170431531
55973.5,maxi,0.01033891891891892,0.0023748648648648646,0.5529446177847114,0.23469350356859017
55974.5,maxi,0.011968108108108107,0.002441081081081081,1.242213025484644,0.76724723434778
55975.0,bat,0.01742009090909091,0.007103590909090909,,
55975.5,maxi,0.009015945945945946,0.002311891891891892,0.5290448343079923,0.2589679906572252
55976.5,maxi,0.01259837837837838,0.0024078378378378376,0.8985156332245499,0.32378191062309647
55977.0,bat,0.006551772727272727,0.0028855454545454544,,
55977.5,maxi,0.005232702702702702,0.002339189189189189,0.8708937024817099,0.8034168175537667
55979.0,bat,0.017931045454545453,0.005330409090909091,,
55979.5,maxi,0.009513513513513514,0.0028508108108108105,0.6828153564899451,0.45344487408724743
55981.5,maxi,0.015505135135135135,0.0030564864864864863,2.001981446455913,1.1094123642179787
55982.5,maxi,0.008533513513513512,0.0034037837837837836,1.9763267429760665,1.7817780112422046
55986.5,maxi,0.01519081081081081,0.00622972972972973,-5.110992983202212,-8.997407059280128
55988.5,maxi,0.01863189189189189,0.007566756756756757,1.230150402238545,1.4085469468771772
55990.5,maxi,0.025957297297297295,0.004873243243243243,1.2409606044252564,0.5573937601206794
55991.5,maxi,0.010368648648648648,0.00481,1.0274129797271452,0.8352100957534565
55995.5,maxi,0.008956216216216216,0.003757027027027027,0.24489674462893532,0.3807971340245847
55996.5,maxi,0.008615945945945945,0.002778378378378378,0.40926079734219273,0.5228883076944428
55997.5,maxi,0.010631081081081082,0.002921081081081081,1.8138247603618198,1.5347679264382497
55999.5,maxi,0.012142702702702703,0.00351,1.64840019952968,0.9648769485582916
56000.5,maxi,0.0068002702702702695,0.0030689189189189187,2.937792816241541,4.55751008420791
56001.5,maxi,0.0067175675675675665,0.0025797297297297296,1.8286734086853063,1.5967719022041222
56003.5,maxi,0.0051305405405405406,0.0025178378378378375,0.19370099151059555,0.27739395617973883
56006.5,maxi,0.006179189189189189,0.0023481081081081078,2.563108996147745,2.8598522990562953
56015.5,maxi,0.03947972972972973,0.005686216216216216,1.4658402997982127,0.5931214894712926
56016.5,maxi,0.013429459459459458,0.002537837837837838,0.817934621977892,0.3484289724975295
56017.5,maxi,0.010696486486486486,0.002522702702702703,1.1848289769642442,0.5782547779932111
56018.5,maxi,0.005273783783783783,0.00215027027027027,0.2182263673727474,0.289334005966688
56020.5,maxi,0.008695135135135134,0.0023205405405405406,0.28704044493518177,0.17094103366341054
56022.5,maxi,0.009316486486486487,0.002431081081081081,4.2996232975949,5.825276069228518
56023.5,maxi,0.007019459459459459,0.002262972972972973,1.9618280511293995,1.7075504110777129
56025.5,maxi,0.005865135135135135,0.0027297297297297295,0.896990555466624,0.5650150754711796
56027.5,maxi,0.0063951351351351346,0.002363243243243243,1.3810353409656546,0.9671312938279611
56028.5,maxi,0.009363243243243244,0.0023027027027027027,9.984811664641557,26.001842508811126
56029.5,maxi,0.0065343243243243245,0.002433243243243243,0.49082823790994995,0.33889319003180723
56031.5,maxi,0.01359135135135135,0.002805945945945946,0.9459247032932485,0.5451469327175269
56032.5,maxi,0.006744324324324324,0.002597027027027027,6.670303975058456,24.578343703312143
56033.5,maxi,0.010463243243243242,0.002925945945945946,0.5946150929086083,0.2912782533753358
56034.5,maxi,0.013289459459459458,0.0030954054054054053,0.5269121813031161,0.3265431074059891
56035.5,maxi,0.006672702702702702,0.00298054054054054,0.3509039548022599,0.29880250044067747
56037.0,bat,0.011045,0.0048944999999999995,,
56037.5,maxi,0.009069729729729728,0.0035513513513513516,1.7049159769250062,1.5995592341143174
56040.5,maxi,0.008980810810810811,0.0027627027027027026,0.41748683909361417,0.27642662414633323
56041.5,maxi,0.006313513513513513,0.002625945945945946,0.6878520322727965,0.4348472334226456
56042.5,maxi,0.007074324324324324,0.0025905405405405404,1.61112493777999,1.1430536197541077
56043.5,maxi,0.008207837837837838,0.002418378378378378,0.8240733027905041,0.47436185308953543
56044.5,maxi,0.009373513513513513,0.002467027027027027,0.7554231591811793,0.42248697407406993
56045.5,maxi,0.008232432432432431,0.0023340540540540537,1.454988399071926,0.9258184328550052
56047.5,maxi,0.006999999999999999,0.0023364864864864865,0.6836151603498543,0.3079731836440104
56048.5,maxi,0.010456216216216216,0.0023402702702702703,0.692663995993991,0.3178879693824089
56049.5,maxi,0.005124864864864864,0.0024297297297297296,0.4903225806451613,0.5138192084793749
56050.5,maxi,0.0066148648648648644,0.002494054054054054,0.6119729877714911,0.3171403754046895
56051.5,maxi,0.006092702702702703,0.0026316216216216216,1.0778658976207642,0.6537190830635896
56053.5,maxi,0.012387567567567566,0.0031808108108108105,1.5985587485719308,0.9619856119178467
56054.5,maxi,0.007393513513513513,0.003462972972972973,2.0834633385335413,2.32085164244776
56055.0,bat,0.013631,0.005183090909090909,,
56058.5,maxi,0.030461351351351352,0.013311891891891891,0.9466066830437743,1.1112099096815042
56059.5,maxi,0.02319135135135135,0.006917297297297296,2.0191082802547773,2.0688694254774544
56061.5,maxi,0.014875135135135133,0.006905405405405405,7.010654039656703,23.897758889841153
56063.5,maxi,0.010582162162162161,0.004482432432432432,0.5615066061920726,0.37962980889938613
56064.5,maxi,0.015947837837837837,0.004355405405405405,1.5196550652579242,1.1467293036569577
56065.5,maxi,0.009863783783783784,0.0044032432432432435,1.6722689075630255,2.8947187273392405
56066.5,maxi,0.0086,0.004021891891891892,0.7835887456417742,0.7861976446710728
56068.5,maxi,0.010434324324324324,0.0029037837837837836,0.3829481776501644,0.2525162976769659
56070.5,maxi,0.013844324324324322,0.0026886486486486488,0.902682610058668,0.31911442743061535
56072.5,maxi,0.009673243243243243,0.0030767567567567566,0.42679550513001463,0.3217343129033714
56073.5,maxi,0.009595675675675675,0.0026402702702702703,3.007979216923362,3.0361988850980555
56074.5,maxi,0.00676027027027027,0.0024891891891891888,1.027599201950787,0.7609292500687086
56078.5,maxi,0.00568054054054054,0.0023927027027027025,0.6295903419710057,0.2766131801105807
56080.5,maxi,0.00579081081081081,0.0022924324324324324,5.367450731087096,14.852402053754345
56081.5,maxi,0.035409459459459454,0.0063702702702702705,1.2782141187470781,0.8372619665152276
56090.5,maxi,0.0074518918918918915,0.0029218918918918917,1.7846867007672633,1.8379467030265186
56091.5,maxi,0.007283243243243242,0.002276216216216216,1.8076179961357992,1.2591327003433257
56092.5,maxi,0.005365135135135135,0.002167027027027027,0.40772365612264705,0.3974662653464409
56093.5,maxi,0.004866756756756756,0.002212162162162162,0.2876786195740092,0.21951276732496774
56094.5,maxi,0.005127837837837838,0.002211351351351351,0.6298749766747528,0.46228075464714113
56095.5,maxi,0.01377054054054054,0.0024383783783783783,0.8271416083916084,0.32929410889133687
56096.5,maxi,0.00944972972972973,0.003894054054054054,-7.131605864302762,-14.61519022277645
56097.5,maxi,0.005288108108108108,0.002469459459459459,1.384724186704385,0.9081832738170573
56098.5,maxi,0.004654054054054053,0.002315135135135135,0.07323735695828719,0.2838055473638967
56099.5,maxi,0.008691891891891892,0.0022448648648648647,1.011504903096286,0.47720454066948426
56100.5,maxi,0.00813027027027027,0.002424054054054054,0.8661048689138577,0.34902478663489456
56102.5,maxi,0.007577297297297296,0.0024702702702702702,0.7624766063630692,0.4535440601038247
56103.5,maxi,0.005232972972972973,0.0026137837837837837,0.1276891405043747,0.21922708641001776
56104.5,maxi,0.010675135135135135,0.0030616216216216214,0.6244611208685934,0.4959864922902952
56105.5,maxi,0.00918945945945946,0.003271891891891892,2.1092739036664274,3.2304761170714067
56106.5,maxi,0.012604864864864864,0.003279189189189189,0.45831076089633094,0.2980727571050162
56107.5,maxi,0.00920027027027027,0.0032794594594594594,1.9246098104793756,1.7946826633258492
56112.5,maxi,0.007155405405405405,0.0026183783783783783,0.6819022013107041,0.460684268429947
56115.0,bat,0.016596954545454547,0.005872863636363636,,
56115.5,maxi,0.008468378378378378,0.0022805405405405405,1.2541369730643797,0.8352291844378881
56117.5,maxi,0.008966486486486486,0.002279189189189189,1.4200944032366825,0.885581512800161
56118.5,maxi,0.005786756756756757,0.0021302702702702702,0.9144075540664027,0.5602370386916008
56119.5,maxi,0.007074864864864864,0.0022135135135135132,0.8763978228599703,0.5550963262619774
56120.5,maxi,0.005472702702702703,0.002456216216216216,1.4693030973451329,1.159728343302984
56121.5,maxi,0.0065959459459459455,0.002764054054054054,0.7084886722110697,0.4463005172044577
56122.5,maxi,0.0065745945945945945,0.0025072972972972974,0.6915815427967594,0.38799111979933265
56124.5,maxi,0.010567297297297298,0.0028797297297297295,0.9555222763010108,0.537703642650996
56126.5,maxi,0.009532972972972972,0.003652972972972973,0.8960022628700735,0.8135185151910899
56127.5,maxi,0.018345135135135138,0.005014324324324324,1.05957961590806,0.6668732658846006
56130.5,maxi,0.017376216216216215,0.006986486486486487,1.1735163861824625,0.9280114602681125
56138.5,maxi,0.010333783783783784,0.00404054054054054,1.2286012526096033,1.1720145070009382
56139.5,maxi,0.008007567567567568,0.002691351351351351,0.8091439584560202,0.37438180243077135
56141.5,maxi,0.006004054054054054,0.0026516216216216216,0.38807596513075965,0.7671301684380749
56143.5,maxi,0.009174324324324325,0.002911081081081081,0.29188141041996224,0.2578459093387003
56150.5,maxi,0.00971162162162162,0.00445945945945946,0.2874733601704949,0.4630807320086147
56159.5,maxi,0.023027837837837836,0.003118108108108108,0.7820109193799067,0.27753642287334646
56161.5,maxi,0.009968378378378377,0.002345135135135135,2.2649858956276447,1.914201965112787
56162.5,maxi,0.007091351351351351,0.002295135135135135,0.8756734913793103,0.7638873086674186
56163.5,maxi,0.006142702702702703,0.00219,0.5626601314470313,0.49907446593434557
56164.0,bat,0.010133863636363637,0.004524409090909091,,
56167.5,maxi,0.007006216216216216,0.0022089189189189186,0.3394033607224813,0.2992641193180004
56171.5,maxi,0.005371351351351351,0.0022797297297297296,9.460440985732815,53.420347766226726
56173.5,maxi,0.005254864864864864,0.002393243243243243,1.0762871101089815,1.2200517179137813
56175.5,maxi,0.009855945945945944,0.002827837837837838,1.1317883690424135,0.7145294621449091
56176.5,maxi,0.011940540540540539,0.002878648648648649,0.48758256951200774,0.2853079327245995
56177.5,maxi,0.013239459459459459,0.0036394594594594595,0.6507067943456452,0.3535537790988198
56178.5,maxi,0.007764864864864864,0.0031740540540540537,1.2046307075410685,1.1640418168789959
56179.5,maxi,0.008405675675675675,0.0029305405405405404,1.5470993681792071,0.9737322552374001
56185.5,maxi,0.007084324324324324,0.0029575675675675675,0.1933145388642771,0.30891233951016944
56186.0,bat,0.009154590909090909,0.004497772727272728,,
56188.0,bat,0.015657863636363636,0.007765545454545455,,
56188.5,maxi,0.007075135135135135,0.0024197297297297296,0.4255866990362687,0.32538457253784403
56190.5,maxi,0.008952432432432432,0.002363783783783784,0.5830010305121197,0.22570860372666468
56191.5,maxi,0.005252162162162162,0.002368918918918919,1.4795032914422501,1.2347593631400073
56192.0,bat,0.04301195454545454,0.008521636363636363,,
56192.5,maxi,0.01520027027027027,0.002474864864864865,0.609161267098632,0.23153136172539213
56193.0,bat,0.05083868181818182,0.007313272727272727,,
56193.5,maxi,0.015408648648648647,0.0027156756756756754,1.0873178791368348,0.3935627807288857
56194.0,bat,0.06528395454545455,0.005989045454545454,,
56194.5,maxi,0.019549729729729726,0.0027370270270270273,0.6728863139359859,0.17689899321298
56195.0,bat,0.07856604545454546,0.006461181818181818,,
56195.5,maxi,0.021844054054054055,0.0030578378378378376,1.0536016481495107,0.31358220335589154
56196.0,bat,0.08651613636363636,0.008969363636363636,,
56196.5,maxi,0.02361135135135135,0.003198108108108108,1.0555572993502622,0.2880507941334653
56197.0,bat,0.13731436363636362,0.007854045454545454,,
56197.5,maxi,0.03265621621621621,0.0035845945945945945,0.9662431941923775,0.2133914094967128
56198.0,bat,0.14436445454545455,0.006320181818181818,,
56198.5,maxi,0.0400854054054054,0.004138378378378378,1.4407237306954679,0.36068826022949046
56199.0,bat,0.1497545909090909,0.006860954545454546,,
56199.5,maxi,0.06014243243243243,0.0051283783783783775,1.2600529647089758,0.2936971229299681
56200.0,bat,0.14722668181818183,0.006813863636363636,,
56200.5,maxi,0.04357513513513513,0.007104594594594595,1.1490146037147313,0.47328212918483104
56201.0,bat,0.1418734090909091,0.006528227272727273,,
56201.5,maxi,0.04828837837837838,0.00694027027027027,1.5866682259384866,0.5857123482555953
56202.0,bat,0.139249,0.006344590909090909,,
56202.5,maxi,0.045386756756756755,0.01046054054054054,1.9475155031538605,1.222041008487809
56203.0,bat,0.140775,0.007246045454545455,,
56203.5,maxi,0.04006081081081081,0.014503243243243242,1.6821212752656802,1.1433579737116442
56204.0,bat,0.13748595454545454,0.007942545454545456,,
56204.5,maxi,0.08942351351351352,0.031579189189189186,1.204330793513952,1.1583363521572603
56205.0,bat,0.14954968181818182,0.006669863636363636,,
56205.5,maxi,0.06461675675675675,0.009757297297297298,1.471150646358633,0.4740220691218414
56206.0,bat,0.1365205909090909,0.006257909090909091,,
56206.5,maxi,0.030085135135135135,0.010344864864864864,2.151571934207787,1.9991908716494153
56207.0,bat,0.14376290909090908,0.006308818181818182,,
56207.5,maxi,0.037245405405405406,0.006617837837837838,1.7352032938754505,0.7714727655390904
56208.0,bat,0.14557086363636362,0.011193863636363635,,
56208.5,maxi,0.047568108108108104,0.007037837837837838,1.008798980305086,0.2994196141296849
56209.0,bat,0.12703845454545454,0.006719181818181818,,
56209.5,maxi,0.03295594594594595,0.0056335135135135135,0.8568929036458334,0.31149000322500847
56210.0,bat,0.1307244090909091,0.007572954545454546,,
56210.5,maxi,0.022490270270270268,0.005734324324324324,0.7714696984483265,0.36572735443122695
56211.0,bat,0.12206895454545455,0.006108590909090909,,
56211.5,maxi,0.03285648648648649,0.004669189189189189,2.224059051939564,0.8966617079575565
56212.0,bat,0.11960336363636365,0.006952863636363636,,
56212.5,maxi,0.028593513513513514,0.00468,0.7490132160320484,0.24073665232931765
56213.0,bat,0.11659118181818182,0.007143363636363636,,
56213.5,maxi,0.03324729729729729,0.0034370270270270265,1.4076538581693223,0.3733989250906889
56214.0,bat,0.11058509090909091,0.011636318181818182,,
56214.5,maxi,0.02715243243243243,0.0034672972972972973,0.6986440432165906,0.1970566708768967
56215.0,bat,0.10365036363636364,0.006747772727272727,,
56215.5,maxi,0.03145135135135135,0.0033005405405405405,0.9477412031782066,0.2097530541122929
56216.0,bat,0.09426463636363637,0.005664409090909091,,
56216.5,maxi,0.03214027027027027,0.005861891891891891,0.7581189555971388,0.26491379438083984
56217.0,bat,0.09478340909090908,0.005712090909090909,,
56217.5,maxi,0.02306675675675676,0.0031337837837837833,0.7949779546187762,0.21827456567764192
56218.0,bat,0.08714613636363636,0.005946727272727273,,
56218.5,maxi,0.03030297297297297,0.0032167567567567565,1.238651102464332,0.29991323269729164
56219.0,bat,0.08690409090909092,0.005529954545454545,,
56219.5,maxi,0.023327027027027027,0.0030110810810810807,1.574828591693593,0.46700463940840337
56220.0,bat,0.06836613636363637,0.009473500000000001,,
56220.5,maxi,0.02428324324324324,0.004368648648648649,2.100064617372842,0.9886574388980378
56221.0,bat,0.06499186363636364,0.006949909090909092,,
56222.0,bat,0.06533381818181817,0.00530259090909091,,
56223.0,bat,0.06797572727272727,0.004996545454545455,,
56224.0,bat,0.06344881818181819,0.005428818181818181,,
56225.0,bat,0.03821009090909091,0.004960954545454545,,
56225.5,maxi,0.020197297297297297,0.006609189189189189,0.3889055472263868,0.2966873325596004
56226.0,bat,0.05077072727272727,0.008977681818181819,,
56227.0,bat,0.06131472727272727,0.02026122727272727,,
56228.0,bat,0.0329555,0.004647090909090909,,
56230.0,bat,0.032645181818181816,0.005696863636363637,,
56231.0,bat,0.02344409090909091,0.005840818181818182,,
56232.0,bat,0.022403681818181816,0.005292363636363636,,
56232.5,maxi,0.02489108108108108,0.00959945945945946,2.4958944487332446,3.487191017243862
56233.0,bat,0.023771863636363636,0.004358545454545454,,
56233.5,maxi,0.017109459459459457,0.002640810810810811,0.8197596795727636,0.26800941008328677
56234.5,maxi,0.013234054054054055,0.0024027027027027025,0.5953170602281772,0.17755178211237244
56235.0,bat,0.011093727272727272,0.004686681818181818,,
56235.5,maxi,0.014204594594594593,0.0023167567567567568,1.180252100840336,0.4238592416151561
56236.5,maxi,0.012406756756756756,0.0024105405405405404,1.3580176767676766,0.5113308302785705
56237.5,maxi,0.008849459459459459,0.002232432432432432,0.5426221730191365,0.2530965866644551
56238.5,maxi,0.005023783783783784,0.0022386486486486484,0.49502102235007744,0.3461120708625129
56239.5,maxi,0.014596486486486485,0.0024408108108108107,1.1001607163356675,0.4114942866979684
56240.5,maxi,0.014067027027027026,0.002527027027027027,1.144667223614592,0.3675794872945235
56241.5,maxi,0.012835135135135133,0.00565054054054054,1.4520354436881984,2.2918115512302606
56242.5,maxi,0.015086216216216216,0.002454054054054054,1.058518603847483,0.39098687555344014
56243.5,maxi,0.008675675675675674,0.002335405405405405,1.0215821077364895,0.5504878935637446
56244.5,maxi,0.009991351351351352,0.0023321621621621618,1.7047189451769607,1.023626165907064
56245.5,maxi,0.008419729729729729,0.002434054054054054,1.2588207804346132,0.6131096807623477
56246.5,maxi,0.007403243243243243,0.00237,1.4866161052866385,0.9430414112484802
56247.5,maxi,0.010176756756756757,0.0026227027027027026,1.3882568807339448,1.0061131679796833
56250.5,maxi,0.006208108108108108,0.0030413513513513515,0.390458628279103,0.3252953250988157
56251.5,maxi,0.00974,0.0028848648648648646,8.401315789473685,24.047916095799668
56253.5,maxi,0.010305675675675675,0.0030875675675675674,-3104.3999999999996,-3267691.60296275
56256.5,maxi,0.009347027027027026,0.002738918918918919,2.431977788665687,2.2882329855184227
56257.5,maxi,0.005544324324324324,0.0026437837837837838,1.0642061138942849,0.7581771179680893
56258.0,bat,0.05353345454545455,0.020772363636363637,,
56258.5,maxi,0.006107027027027027,0.00244,0.5155003534282541,0.4734705357463356
56259.5,maxi,0.011103243243243242,0.0024297297297297296,0.7314734628232092,0.3437065763263547
56261.5,maxi,0.008486486486486486,0.0022648648648648647,1.4265474784955303,0.6884321786441936
56262.5,maxi,0.006151081081081081,0.0023799999999999997,0.9676238196184236,0.6250076208472625
56263.5,maxi,0.00725054054054054,0.002293243243243243,0.9718141255849386,0.6439221676080061
56265.5,maxi,0.005597837837837838,0.0023251351351351347,1.355185125821446,1.2159774740387106
56267.5,maxi,0.006872162162162162,0.002438918918918919,0.04526212959947899,0.22919916223818917
56268.5,maxi,0.014093243243243242,0.0031462162162162162,0.46920263350402347,0.2154966404932812
56278.5,maxi,0.027837837837837835,0.006183243243243243,0.3009618727546645,0.19873281787114067
56279.5,maxi,0.01830162162162162,0.0049099999999999994,1.5165720464990537,1.0246301654870116
56280.5,maxi,0.008123243243243242,0.003605405405405405,0.402187202825703,0.4539406000540526
56281.5,maxi,0.00815081081081081,0.0037083783783783786,-10.573134328358208,-34.22083219078282
56282.5,maxi,0.011304324324324324,0.00431081081081081,1.1857308584686774,0.8042127779338093
56283.5,maxi,0.010696756756756756,0.003517297297297297,1.3389224234294657,0.9347378447453902
56287.5,maxi,0.006345135135135135,0.00242,1.3506691512790105,1.3342204502574846
56288.5,maxi,0.010827297297297296,0.00383054054054054,0.48490642563300307,0.4305012139848707
56289.5,maxi,0.011695945945945946,0.003203243243243243,7.860335195530726,26.021201748012725
56290.5,maxi,0.006594054054054054,0.002599189189189189,1.3165197518772442,1.394302968318523
56291.5,maxi,0.00741081081081081,0.0024102702702702705,1.2382775119617226,1.4135865859264436
56292.5,maxi,0.005155675675675675,0.002451891891891892,-16.682051282051283,-139.13240985572253
56293.0,bat,0.061372863636363635,0.029842045454545454,,
56298.5,maxi,0.017045405405405403,0.0033164864864864865,8.209501187648456,22.498227898867118
56304.5,maxi,0.03342891891891892,0.005043243243243243,1.3404603428401443,0.5737844815957457
56305.5,maxi,0.02395945945945946,0.0023445945945945947,1.214140283009264,0.3510048592548549
56306.5,maxi,0.020895135135135134,0.002272162162162162,1.2630276956171014,0.38533817637228895
56307.5,maxi,0.017785135135135136,0.0020086486486486487,1.3082697360190165,0.4192682436463437
56308.5,maxi,0.018234594594594592,0.0020897297297297296,2.6472863220317135,1.4230664824040267
56309.5,maxi,0.017654054054054055,0.0021267567567567563,1.7277759687398242,0.7035432619632699
56310.5,maxi,0.011805135135135135,0.0021245945945945945,1.249491065369826,0.7462054015961621
56311.5,maxi,0.01252918918918919,0.002188918918918919,1.2372203793484733,0.6021738684327523
56312.5,maxi,0.011657567567567566,0.0022716216216216215,1.0234306814367238,0.44081437428845294
56313.5,maxi,0.011296216216216216,0.003205135135135135,0.7812750923398105,0.43290686741180423
56314.5,maxi,0.006577837837837837,0.002954864864864865,1.2984083361960381,1.0817118430796777
56319.5,maxi,0.006895945945945945,0.002444054054054054,0.49011539493693534,0.42762619668051327
56321.5,maxi,0.005971891891891892,0.0028648648648648646,0.4406196213425129,0.7706563967422233
56323.5,maxi,0.008334594594594595,0.003474594594594594,-8.661784287616511,-35.03096900763084
56324.5,maxi,0.01246243243243243,0.0034878378378378374,0.9695481335952849,0.5796066406710149
56325.5,maxi,0.011547837837837837,0.0036337837837837838,0.011345156044296445,0.20323539675198632
56328.5,maxi,0.0074978378378378376,0.00290027027027027,-6.820871436256052,-19.067009168156613
56329.5,maxi,0.010264864864864864,0.0027567567567567566,3.929988331388565,7.738368514942431
56332.5,maxi,0.009004594594594593,0.0028443243243243244,3.9818435754189943,8.118011361832165
56333.5,maxi,0.008415135135135135,0.0031116216216216215,1.1809014380918976,0.845739387101386
56334.5,maxi,0.011866216216216216,0.0027067567567567565,0.20524951393389504,0.26742119406779896
56339.5,maxi,0.009426216216216214,0.002433243243243243,0.6204153030132038,0.2941612358135214
56342.5,maxi,0.01236108108108108,0.002825405405405405,0.5008007439169293,0.26954281474125136
56343.5,maxi,0.007070810810810811,0.0032854054054054053,0.17441966317705962,0.23406039995605218
56355.5,maxi,0.010487837837837837,0.003949189189189189,0.768690798376184,0.7895552378433116
56356.5,maxi,0.007671891891891892,0.003439459459459459,5.539421440726035,11.167160788116451
56357.5,maxi,0.009226216216216216,0.0027883783783783783,0.7762676709786583,0.3848546612248349
56359.5,maxi,0.009754054054054053,0.0027140540540540542,0.9234613876911016,0.6840331506781119
56360.5,maxi,0.015897027027027028,0.0027435135135135133,1.3096452390293112,0.5083877722642897
56362.5,maxi,0.006808108108108108,0.002381621621621622,0.969566413053442,0.6048600523919138
56363.5,maxi,0.008365945945945944,0.002583783783783784,1.2306817187363264,0.7426110558395904
56365.5,maxi,0.007046486486486487,0.0024000000000000002,0.5127582859520177,0.3488392222958888
56366.5,maxi,0.005636756756756756,0.002305945945945946,2.640976997865781,3.150282860151109
56367.5,maxi,0.005077027027027027,0.00219054054054054,0.29943369513921664,0.31290328315062116
56368.5,maxi,0.004544324324324324,0.0021313513513513513,0.16601772844006296,0.29853062572641065
56377.5,maxi,0.021026756756756755,0.0035140540540540537,0.5999374324554917,0.20895484933051303
56378.0,bat,0.010114363636363637,0.004719636363636363,,
56378.5,maxi,0.008526486486486486,0.002341891891891892,0.3880240820090037,0.23698804986443353
56380.5,maxi,0.016755945945945944,0.002985945945945946,1.127132845825716,0.6346968838941879
56381.5,maxi,0.0067918918918918915,0.002215405405405405,0.24238116897884923,0.21720876520960747
56382.5,maxi,0.0060008108108108105,0.0021656756756756753,0.9102538675128917,0.5787732695334432
56383.5,maxi,0.005917837837837837,0.0022621621621621625,1.7481248909820337,1.5726088181174154
56384.5,maxi,0.0071791891891891885,0.002205135135135135,0.8286955341387268,0.7223540753846995
56385.5,maxi,0.008127837837837838,0.00276027027027027,0.7320732553793582,0.36310906656479086
56387.5,maxi,0.009095405405405406,0.002197837837837838,1.3502067270086042,0.7849942306845085
56390.5,maxi,0.007397027027027027,0.0023521621621621623,0.873539389370524,0.5475828805406033
56391.5,maxi,0.005014864864864865,0.0022089189189189186,0.34167118407806085,0.3157974990417398
56392.5,maxi,0.005745675675675676,0.0024397297297297296,1.4781416357477013,1.3344611850672565
56394.5,maxi,0.01036,0.0032986486486486486,-3.881025015253203,-4.482888726206857
56395.5,maxi,0.009422162162162162,0.0033362162162162163,1.0543468448135778,0.8067247202193266
56396.5,maxi,0.010985135135135134,0.002975405405405405,0.49009227045832704,0.4122240554091437
56397.5,maxi,0.012542702702702701,0.003601621621621621,0.5055877273189069,0.34319195647886264
56400.5,maxi,0.017766756756756756,0.003670810810810811,2.5329395145755744,2.244208153004628
56403.5,maxi,0.010699189189189188,0.002745135135135135,0.6823720552396426,0.3472184660236146
56404.5,maxi,0.004875405405405405,0.002383243243243243,0.3460999235279123,0.26744977172214857
56405.5,maxi,0.006368918918918919,0.002388378378378378,1.7138360280440692,1.3295408846848205
56407.5,maxi,0.005292702702702702,0.002338108108108108,0.1853949153542146,0.22678524932127006
56408.5,maxi,0.005489459459459459,0.0022318918918918917,0.520844649646931,0.30525818893590284
56409.5,maxi,0.0050456756756756755,0.0022994594594594594,13.950413223140496,62.33539103271375
56410.5,maxi,0.009376216216216217,0.0023091891891891887,1.7058823529411764,1.2600486932712112
56412.5,maxi,0.0065367567567567566,0.002605405405405405,0.7835592821879163,0.47065756806262776
56413.5,maxi,0.006124324324324324,0.0025689189189189187,0.4054306145714582,0.46256585559152474
56414.5,maxi,0.010809999999999998,0.002994864864864865,1.9295942720763724,2.748609311886416
56415.0,bat,0.011678863636363637,0.004955409090909091,,
56416.5,maxi,0.009666216216216215,0.004573243243243243,-5.009123740733701,-6.983205761317917
56423.0,bat,0.010583863636363638,0.004297590909090909,,
56423.5,maxi,0.022791891891891892,0.007724324324324325,0.871358024691358,0.5963488304454252
56428.0,bat,0.01040209090909091,0.004698,,
56428.5,maxi,0.011998378378378378,0.003217027027027027,0.40843140034973296,0.2922644740997631
56431.5,maxi,0.007198378378378378,0.0022270270270270272,0.8829870468573415,0.5115413905033366
56432.5,maxi,0.005012432432432433,0.0020908108108108107,0.780943131542031,0.5658122357129679
56434.5,maxi,0.005683243243243243,0.0023759459459459457,1.0022773582644133,0.8077992022123341
56435.0,bat,0.016453545454545453,0.006243909090909092,,
56437.5,maxi,0.004297297297297297,0.002075135135135135,1.3019023986765923,1.1921975525053858
56438.5,maxi,0.005158108108108108,0.0019813513513513513,0.6049530531224399,0.29202329713119846
56439.5,maxi,0.007032972972972972,0.0020424324324324326,0.8749896856176252,0.4550659260903418
56442.5,maxi,0.005719999999999999,0.002384324324324324,0.7039634538669411,0.3488990084777387
56449.5,maxi,0.027635675675675674,0.008502432432432433,2.2678866263071,2.4096346662563644
56452.5,maxi,0.013174054054054054,0.0061213513513513505,0.33007069059271343,0.3304271546626031
56453.5,maxi,0.005627567567567568,0.00222972972972973,0.45806637391116545,0.3201096125118547
56454.5,maxi,0.009408108108108108,0.0022464864864864863,0.6222063718497385,0.38371233933138377
56455.5,maxi,0.008562162162162162,0.002325945945945946,0.811587620839551,0.3848465664733886
56456.5,maxi,0.005132432432432432,0.002268108108108108,1.1321382842509602,0.8626773322061827
56457.5,maxi,0.007814594594594593,0.0023145945945945946,0.7232506793478262,0.4608496969899827
56460.5,maxi,0.008803783783783783,0.00222027027027027,0.9945627548708653,0.4547763321846895
56461.5,maxi,0.006462162162162162,0.002333783783783784,0.241883276115743,0.39337496134568867
56462.5,maxi,0.007069459459459459,0.0022478378378378377,0.6216771387143548,0.5687594235199303
56463.5,maxi,0.00706081081081081,0.0024105405405405404,1.4406307977736548,0.968016027602589
56464.5,maxi,0.008968648648648648,0.0024032432432432435,1.1462475946119308,0.747634198046384
56465.5,maxi,0.008721351351351351,0.002731351351351351,1.613481228668942,1.3846097198598335
56466.5,maxi,0.007116216216216216,0.0030386486486486484,0.11394394481795163,0.422339471518178
56467.5,maxi,0.009576486486486485,0.0035348648648648646,0.5198342214328004,0.324887273543597
56469.5,maxi,0.01359162162162162,0.0031932432432432434,0.7569798151292209,0.3413783185774238
56470.5,maxi,0.01032027027027027,0.003909189189189189,0.9442199363213324,0.5896522841213899
56471.5,maxi,0.008274324324324324,0.0031559459459459456,12.385534591194967,42.88007120141199
56473.5,maxi,0.01670135135135135,0.0034945945945945947,1.4115703749231716,0.8367456590553481
56474.5,maxi,0.013491081081081081,0.005158108108108108,-8.239512049985123,-18.904734236441566
56476.5,maxi,0.008688918918918917,0.0030948648648648647,1.166798141817863,0.7861180614459309
56477.5,maxi,0.01524,0.002512162162162162,0.6360827512090274,0.18878799356194306
56478.5,maxi,0.006335945945945946,0.0023402702702702703,0.7545769421078674,0.3966372636912042
56479.5,maxi,0.010452702702702703,0.002361891891891892,2.9266327396098384,2.1005931421532416
56480.5,maxi,0.008535135135135133,0.0023272972972972973,0.3332570032821922,0.1632784598617026
56481.5,maxi,0.007367027027027027,0.002194324324324324,0.6486781139275007,0.2803856222859222
56482.5,maxi,0.00970027027027027,0.002518378378378378,1.0283289435177057,0.4386788799405659
56483.5,maxi,0.011015405405405406,0.002508108108108108,0.9233153738283268,0.4865434163302982
56484.5,maxi,0.007292702702702702,0.002343513513513513,0.08127624705520843,0.18216413117897404
56485.5,maxi,0.005453513513513514,0.0023394594594594595,0.8459966561396991,0.5548516959095895
56486.5,maxi,0.014845675675675674,0.002982432432432432,1.2256924727112122,0.5927530449202758
56488.5,maxi,0.009046486486486486,0.0030475675675675673,4.816582244734738,7.930320791672266
56489.5,maxi,0.008935135135135134,0.003536216216216216,0.465261872041533,0.3553930167111186
56491.5,maxi,0.016382972972972972,0.007724054054054054,4.750591270694475,12.972962050287704
56497.5,maxi,0.020733243243243243,0.005902432432432433,0.5685687148388981,0.3147137437527257
56500.0,bat,0.01862459090909091,0.005635545454545455,,
56500.5,maxi,0.012484594594594594,0.0036097297297297297,1.2861108540760617,1.020704052339675
56501.0,bat,0.05216618181818182,0.00815240909090909,,
56501.5,maxi,0.021842702702702704,0.006143513513513514,1.6089942666029624,1.340883026697765
56502.0,bat,0.04422204545454546,0.005455227272727273,,
56502.5,maxi,0.006672432432432433,0.00325,-5.028885037550548,-8.502340864490412
56503.0,bat,0.05928886363636363,0.0048287727272727276,,
56503.5,maxi,0.02136432432432432,0.0031737837837837834,1.0076752650735876,0.3449811604989152
56504.0,bat,0.06937,0.004834090909090909,,
56504.5,maxi,0.020340540540540537,0.00306027027027027,0.888559645639224,0.2545381537798367
56505.0,bat,0.07938840909090909,0.006397636363636364,,
56505.5,maxi,0.031027297297297297,0.003046216216216216,1.2186400499064254,0.2486836869979324
56506.0,bat,0.09427818181818183,0.005412863636363636,,
56506.5,maxi,0.02269054054054054,0.006668378378378378,1.2194796125937395,0.6536191791211192
56507.0,bat,0.12675536363636364,0.008633363636363637,,
56507.5,maxi,0.03958081081081081,0.0036091891891891887,0.9774923269296351,0.19704899415355812
56508.0,bat,0.14876154545454545,0.006758954545454545,,
56508.5,maxi,0.0389708108108108,0.0034456756756756756,1.653786784842902,0.3450653459386392
56509.0,bat,0.13271295454545454,0.0062654545454545445,,
56510.0,bat,0.1511839090909091,0.007889681818181818,,
56511.0,bat,0.13949981818181817,0.006096363636363637,,
56512.0,bat,0.14645481818181819,0.0062278181818181825,,
56513.0,bat,0.1321475,0.006433363636363636,,
56513.5,maxi,0.060980810810810804,0.0052321621621621624,1.005308834657586,0.18727282707531628
56514.0,bat,0.10792827272727272,0.0052499545454545455,,
56515.0,bat,0.09009604545454546,0.005201772727272727,,
56516.0,bat,0.10125022727272728,0.006726727272727273,,
56517.0,bat,0.07138627272727273,0.005579954545454545,,
56518.0,bat,0.07338654545454545,0.004742363636363636,,
56519.0,bat,0.0726319090909091,0.0042766363636363635,,
56520.0,bat,0.09392595454545453,0.007808181818181818,,
56521.0,bat,0.08740859090909091,0.0065752272727272725,,
56522.0,bat,0.06897086363636364,0.004324181818181818,,
56522.5,maxi,0.14439270270270269,0.00511054054054054,0.4319356141404519,0.02965793596945678
56523.0,bat,0.06537695454545454,0.004729590909090909,,
56523.5,maxi,0.14280027027027026,0.004755675675675676,0.38743437180605295,0.02542350901113973
56524.0,bat,0.03152981818181818,0.004381227272727273,,
56524.5,maxi,0.09770162162162162,0.003914324324324324,0.2694766857602251,0.0227594129374523
56525.0,bat,0.03369440909090909,0.005688909090909092,,
56525.5,maxi,0.08659054054054054,0.0037205405405405403,0.2503293207584187,0.023359218218992978
56526.0,bat,0.03996231818181818,0.005599272727272728,,
56526.5,maxi,0.0936445945945946,0.003816486486486486,0.34248004552684186,0.028163783232046345
56527.0,bat,0.046544136363636364,0.006675227272727273,,
56527.5,maxi,0.07665702702702704,0.00375,0.3637935427510647,0.03537641346904785
56528.0,bat,0.049717318181818175,0.005359727272727273,,
56528.5,maxi,0.10005027027027028,0.004063783783783784,0.44429156670400327,0.035634322954687686
56529.0,bat,0.03309013636363636,0.004636454545454545,,
56529.5,maxi,0.07450162162162162,0.0038597297297297294,0.35216381538058944,0.036813637515328144
56530.5,maxi,0.06969756756756758,0.003714324324324324,0.42285334378888867,0.045272289770302766
56531.0,bat,0.042001363636363635,0.007108454545454545,,
56531.5,maxi,0.06660864864864864,0.008958108108108109,0.2787783745227206,0.08315339373683378
56532.0,bat,0.04158859090909091,0.010179863636363638,,
56532.5,maxi,0.05662999999999999,0.0033959459459459457,0.41475008876089786,0.04794646445449095
56533.0,bat,0.051656,0.006236454545454546,,
56533.5,maxi,0.05757081081081081,0.0033208108108108104,0.6289039720080346,0.06796159209296784
56534.0,bat,0.041537363636363636,0.005340681818181817,,
56534.5,maxi,0.04611459459459459,0.00325,0.5171011546002469,0.06790973804962558
56535.0,bat,0.04585477272727272,0.0037724545454545454,,
56535.5,maxi,0.04599702702702703,0.003268108108108108,0.677554709906371,0.09264121891485691
56536.0,bat,0.048879181818181815,0.0033425,,
56536.5,maxi,0.046458918918918915,0.003267297297297297,0.6197757502473343,0.08693588897926509
56537.0,bat,0.04777918181818182,0.004213000000000001,,
56537.5,maxi,0.039910810810810805,0.0034897297297297293,0.6213473230045107,0.10322028231718312
56538.0,bat,0.04720554545454546,0.0037335,,
56538.5,maxi,0.028698108108108106,0.003707297297297297,1.270510708401977,0.31918050274246135
56539.0,bat,0.04885663636363636,0.0045393636363636365,,
56539.5,maxi,0.02683945945945946,0.003849189189189189,0.963294077194189,0.2420392865649647
56540.0,bat,0.04761513636363636,0.0044287272727272725,,
56540.5,maxi,0.025984054054054052,0.0040337837837837835,1.1894663480684986,0.40691685985989623
56541.0,bat,0.036355227272727275,0.0049405,,
56541.5,maxi,0.025945135135135133,0.003959189189189189,0.9522067445241781,0.2589640909991698
56542.0,bat,0.029620272727272728,0.005212318181818182,,
56542.5,maxi,0.030447567567567568,0.0034999999999999996,0.8446046171524078,0.1912462413090761
56543.0,bat,0.03835622727272728,0.005956136363636364,,
56543.5,maxi,0.020467297297297297,0.0041872972972972974,0.983591426520357,0.3020010966376278
56544.0,bat,0.027586545454545457,0.004366454545454546,,
56544.5,maxi,0.027096216216216214,0.0037891891891891887,1.1567882662655133,0.39883015320428455
56545.0,bat,0.026413500000000003,0.003918318181818182,,
56545.5,maxi,0.037369729729729725,0.009994864864864865,1.6997999777753083,1.0596032486935445
56546.0,bat,0.02168618181818182,0.003687090909090909,,
56546.5,maxi,0.01987216216216216,0.003571081081081081,1.2043506313945986,0.4880932365885512
56547.0,bat,0.029088909090909092,0.011224045454545454,,
56547.5,maxi,0.014941351351351351,0.0028516216216216213,1.941235273116744,0.8417161672807167
56548.0,bat,0.019056545454545458,0.008338909090909091,,
56548.5,maxi,0.014965945945945944,0.002872432432432432,0.6960216865704447,0.23730118630148506
56549.0,bat,0.030696636363636363,0.004481181818181818,,
56549.5,maxi,0.012005405405405406,0.00259027027027027,1.1451768682844379,0.46132729697596114
56550.0,bat,0.02103740909090909,0.003627181818181818,,
56550.5,maxi,0.007597567567567567,0.0024189189189189188,0.4816893089190785,0.2364755114824837
56551.0,bat,0.015096272727272727,0.004473272727272728,,
56551.5,maxi,0.008614054054054052,0.0023202702702702703,1.0520499969808588,0.4099428686705632
56552.0,bat,0.014153636363636363,0.003610545454545455,,
56552.5,maxi,0.009863513513513514,0.0024102702702702705,1.0615716753022453,0.5779031199604511
56553.5,maxi,0.007264594594594594,0.0022197297297297295,0.7306037132669372,0.3274000083989993
56555.5,maxi,0.006012162162162162,0.002285675675675675,0.15127885215221462,0.22565408009167695
56556.5,maxi,0.00808027027027027,0.002604054054054054,0.994648486181365,0.5038976753843384
56557.5,maxi,0.01685081081081081,0.0027797297297297296,1.172498649540844,0.4741677160316005
56559.5,maxi,0.007484324324324324,0.0027908108108108108,0.5572606629894599,0.3079364223199139
56560.5,maxi,0.010195135135135135,0.0030075675675675676,1.067842412174655,0.5807045207052469
56561.5,maxi,0.012149189189189188,0.002967027027027027,3.5769355361192097,3.294410275627688
56563.5,maxi,0.02453864864864865,0.005770270270270271,7.445747800586511,12.96871126850688
56566.5,maxi,0.018128108108108106,0.007874864864864864,1.445614279737833,1.716221664930422
56570.5,maxi,0.011538648648648649,0.005594054054054054,0.7432268310911809,0.6293831202956113
56572.5,maxi,0.013775945945945946,0.004218648648648648,1.2973650177820886,1.0733899341333766
56574.5,maxi,0.013207027027027026,0.0035529729729729728,1.418230763478651,0.9176979719328879
56575.5,maxi,0.010796486486486487,0.0030445945945945948,2.7520057051167766,2.968748495163489
56576.5,maxi,0.008791351351351352,0.0027300000000000002,10.233633633633632,31.608803906751458
56577.5,maxi,0.008487837837837839,0.0025867567567567566,0.461226558540294,0.49489889525832015
56578.5,maxi,0.013443513513513514,0.0033135135135135135,2.1147238556439523,1.632773672061489
56579.5,maxi,0.013338108108108107,0.004658108108108108,-27.045454545454547,-532.2222489552598
56580.5,maxi,0.0049913513513513506,0.002434054054054054,0.18723037100949091,0.2542405604837578
56581.5,maxi,0.007854864864864863,0.0026767567567567564,2.2941176470588234,1.9328392709720454
56583.5,maxi,0.0065935135135135135,0.0031699999999999996,0.9517157322332646,0.8065395596436524
56594.5,maxi,0.03758918918918919,0.00526972972972973,0.9605075872717185,0.3220039748786771
56595.5,maxi,0.01281945945945946,0.0027808108108108107,0.6908640389115771,0.2853977021955231
56596.5,maxi,0.010065405405405405,0.0023967567567567565,1.2303770086526575,0.5795340514113614
56597.5,maxi,0.007402432432432432,0.002105945945945946,2.4715302491103204,2.304466029899657
56598.5,maxi,0.005163243243243243,0.0019554054054054053,1.1820239981888159,0.73126549152716
56600.5,maxi,0.004554594594594594,0.0019827027027027027,0.8838938838938839,0.6001528832863559
56601.5,maxi,0.007942162162162161,0.002038648648648649,2.3114143920595533,1.9195451299112656
56603.5,maxi,0.00922135135135135,0.00268972972972973,1.3631905246599425,0.8457208960932062
56605.5,maxi,0.008431081081081081,0.0022045945945945943,3.558087201125176,4.347975373725454
56606.5,maxi,0.007032432432432433,0.002321081081081081,0.5874116973206899,0.3241058162331016
56607.5,maxi,0.0059475675675675676,0.002338918918918919,1.1505467800729041,0.8542428360284504
56609.5,maxi,0.008612702702702701,0.002572972972972973,1.2979630506868782,0.9764134602520932
56612.5,maxi,0.010186216216216216,0.002949189189189189,1.4923441880526203,1.0862543916374312
56613.5,maxi,0.008647297297297298,0.0035075675675675672,2.327843311818384,3.4992358942445656
56615.5,maxi,0.011835135135135136,0.004156756756756756,0.7230787665761305,0.3869032696873074
56619.5,maxi,0.009257027027027026,0.0028497297297297294,3.966685649202734,5.994507223866741
56620.5,maxi,0.00643081081081081,0.0025567567567567565,1.5186154395146902,1.0634213683047875
56621.5,maxi,0.008804594594594595,0.0026616216216216217,0.7353346515669004,0.373206157709316
56623.5,maxi,0.006422702702702702,0.0023218918918918915,0.5468981764243958,0.41095590044258307
56624.5,maxi,0.010104864864864864,0.002352432432432432,0.6900102284350494,0.35865096615658
56625.5,maxi,0.006574864864864865,0.0022997297297297293,0.6344509701880902,0.37836272672528726
56626.5,maxi,0.005847567567567567,0.002487027027027027,0.42298409994321406,0.3319628721162323
56627.5,maxi,0.010042972972972972,0.002686756756756757,0.5278368702329684,0.2775521009372883
56628.5,maxi,0.006302702702702703,0.00258027027027027,0.5397693293464332,0.43374659093120177
56630.5,maxi,0.008055675675675675,0.002815135135135135,1.067690219696327,0.6294649181647508
56631.5,maxi,0.009982972972972973,0.0030789189189189188,0.32014341305583494,0.22933273411865826
56632.5,maxi,0.012519189189189189,0.0037278378378378376,2.4822820694542878,2.020551589675157
56642.5,maxi,0.036927567567567564,0.006793513513513513,0.5416033242120197,0.21250761539899685
56643.5,maxi,0.015499729729729728,0.005463783783783784,1.6026551764294865,1.2603016959892206
56644.5,maxi,0.01623351351351351,0.005182972972972972,0.677393570807993,0.42168515574923154
56646.5,maxi,0.013647297297297295,0.003644324324324324,1.3193920507353343,0.7237444360300239
56648.5,maxi,0.010444864864864864,0.003094324324324324,2.698843032291487,4.122730546714353
56650.5,maxi,0.011898108108108107,0.0026224324324324324,1.5114992005903334,1.1363728740393397
56652.5,maxi,0.008690540540540541,0.002888378378378378,1.1554417749770252,1.1112080153952626
56653.5,maxi,0.008324054054054054,0.0027235135135135133,0.9947695325269696,0.61760063359003
56655.5,maxi,0.005767837837837837,0.0024883783783783784,0.419458467186783,0.3269260346983403
56660.5,maxi,0.00543027027027027,0.0021921621621621623,0.6959821428571428,0.36774089920726954
56661.5,maxi,0.016804054054054055,0.004061621621621621,0.7506252232940336,0.6249133228501446
56667.5,maxi,0.038584864864864864,0.004062972972972973,0.9009195861862163,0.2553997397579566
56668.5,maxi,0.029837027027027025,0.002583243243243243,1.3562641631595984,0.3341841142363608
56669.5,maxi,0.02639027027027027,0.0022235135135135133,0.8375903934186958,0.18449867702232162
56670.5,maxi,0.025845675675675677,0.0022435135135135133,1.1673923560716013,0.27285055123156227
56671.5,maxi,0.021576486486486485,0.002149189189189189,1.1328590566822192,0.2952052919488587
56672.5,maxi,0.020043783783783783,0.002182972972972973,0.8974497200912296,0.2399172591692874
56673.5,maxi,0.0188427027027027,0.0021435135135135135,1.1627525942108137,0.35897195141515553
56674.5,maxi,0.012373513513513514,0.002109189189189189,2.088920397002228,1.02553723319872
56675.5,maxi,0.011533783783783783,0.0021656756756756753,1.128406094345151,0.4838004578245493
56676.5,maxi,0.013548918918918918,0.0033732432432432434,1.1552261663840726,0.5677698843758622
56677.5,maxi,0.009941351351351352,0.002912162162162162,0.9465404612718304,0.5033048064571233
56678.5,maxi,0.007094054054054054,0.0023759459459459457,1.1042411854879919,0.5185563024664536
56679.5,maxi,0.005778378378378378,0.002232432432432432,1.427850483277735,0.6883928481725938
56680.5,maxi,0.007392432432432433,0.002465945945945946,0.3760328255859704,0.26106508683326024
56681.5,maxi,0.004932702702702702,0.0023678378378378375,0.27180058931273393,0.33525778103630827
56682.5,maxi,0.011575405405405404,0.0026083783783783783,1.555891891891892,1.0101872552495836
56684.5,maxi,0.0068002702702702695,0.0031599999999999996,0.7154440882519328,0.46400398968421047
56685.5,maxi,0.01573162162162162,0.0028094594594594595,28.241296518607445,158.2677066970398
56686.5,maxi,0.014562702702702702,0.0031716216216216217,1.5320167564332736,0.8145143142489661
56687.5,maxi,0.013214324324324324,0.003548378378378378,1.596049439759732,0.7423456208277267
56689.5,maxi,0.013973243243243241,0.004602972972972973,4.094015134143544,7.918880548830185
56690.5,maxi,0.018079189189189188,0.0048448648648648646,1.4875378100423473,1.0543139705733955
56691.5,maxi,0.010028108108108107,0.004838378378378378,0.5430827668932426,0.9164922284371438
56694.5,maxi,0.007398108108108108,0.0027154054054054056,0.7230241789967521,0.5508099000918804
56695.5,maxi,0.006994324324324324,0.0024348648648648647,1.0641433900464015,0.620486393414352
56697.5,maxi,0.00562972972972973,0.0021913513513513515,0.45139732685297695,0.22748624460808173
56698.5,maxi,0.00594,0.0021037837837837837,0.26574582688923254,0.20270374981006778
56699.5,maxi,0.00764054054054054,0.0023075675675675675,0.6152626120905264,0.31422172132724496
56700.0,bat,0.010361545454545455,0.0035021818181818183,,
56701.0,bat,0.012794954545454545,0.0038087272727272727,,
56702.0,bat,0.015926363636363638,0.005273409090909091,,
56702.5,maxi,0.008513513513513513,0.0023197297297297297,0.7989106055751362,0.37224741598526573
56703.5,maxi,0.00907027027027027,0.002484864864864865,1.1145318096537609,0.6113467068107632
56704.0,bat,0.008565545454545454,0.003952499999999999,,
56704.5,maxi,0.00841027027027027,0.002526216216216216,0.7307878787878788,0.3589654357182473
56705.5,maxi,0.014304864864864864,0.002869459459459459,1.209906981956741,0.49800374076011744
56706.5,maxi,0.01743081081081081,0.003267297297297297,0.585846172291829,0.21267316146741053
56707.5,maxi,0.010745405405405405,0.00426108108108108,0.23963133640552994,0.3208737375020519
56710.5,maxi,0.01904351351351351,0.00646081081081081,1.2740728823103533,1.3997204050130636
56714.5,maxi,0.010854054054054053,0.005245405405405405,1.0041889266634287,0.8589614869950919
56715.5,maxi,0.011744864864864864,0.00562,1.8840665172779807,2.5912972331261708
56717.5,maxi,0.015976216216216216,0.00468,1.0206622516556292,0.8448202151491174
56718.0,bat,0.010455227272727272,0.0040170454545454546,,
56721.5,maxi,0.008744324324324324,0.002878648648648649,0.8595222174943772,0.45968686073073306
56722.5,maxi,0.006844324324324324,0.002698648648648649,0.3829380690120265,0.5561667460708255
56723.5,maxi,0.015304864864864863,0.003012702702702703,2.4357098701833917,1.5384549261165386
56725.5,maxi,0.0058154054054054055,0.002558918918918919,1.4960619228680065,1.2657657256154737
56726.5,maxi,0.0066843243243243245,0.0024827027027027027,0.4731337901190047,0.30481408547343797
56727.5,maxi,0.006619729729729729,0.002472162162162162,0.8527530152071315,0.6553645888387567
56739.0,bat,0.09679377272727271,0.041365909090909085,,
56740.5,maxi,0.023916756756756755,0.002878378378378378,1.158920254728638,0.3852275445264637
56741.0,bat,0.012314636363636364,0.004023136363636364,,
56741.5,maxi,0.007349459459459458,0.0029316216216216215,0.7752180720196824,0.39795352842949383
56744.5,maxi,0.00983081081081081,0.002751351351351351,2.218045112781955,2.7392354164188815
56746.5,maxi,0.005177027027027026,0.0022218918918918916,0.35619851872361047,0.2915588223115456
56747.5,maxi,0.004759189189189189,0.002228108108108108,1.0648954038784548,0.9811182424146064
56748.5,maxi,0.006493243243243243,0.0022659459459459463,0.7268090532355753,1.5437061082760049
56755.5,maxi,0.01290027027027027,0.003894054054054054,0.7750471861638611,0.38926976857688783
56756.5,maxi,0.00886162162162162,0.004299729729729729,1.8257147472136972,2.833211547668621
56757.5,maxi,0.01534945945945946,0.0033227027027027023,1.2072308255090842,0.6077643953576694
56758.5,maxi,0.00701027027027027,0.0033697297297297295,0.9383525430897748,0.8933105299751761
56759.5,maxi,0.008404864864864865,0.0031575675675675676,1.921208053691275,1.6472878943036162
56760.5,maxi,0.011782432432432433,0.0033575675675675673,0.3007589419897806,0.21131604623399447
56761.0,bat,0.013091227272727273,0.0053405,,
56761.5,maxi,0.017924324324324326,0.004379189189189189,1.3275080246599074,0.6911477887018724
56764.5,maxi,0.007252972972972972,0.002590810810810811,7.915760869565218,36.88829809129876
56768.5,maxi,0.005197567567567568,0.0021602702702702703,1.980333829119154,1.6602132093613329
56769.5,maxi,0.005956216216216215,0.002215405405405405,0.5108510308479305,0.3602354169043117
56770.5,maxi,0.006385945945945945,0.0023375675675675676,2.4994450610432852,2.382958526993845
56771.5,maxi,0.007271891891891891,0.0024067567567567566,0.995459590354152,0.676797438892902
56772.5,maxi,0.009953513513513514,0.002426216216216216,1.4465106260769673,0.6342129235487547
56773.5,maxi,0.006116216216216216,0.002354864864864865,0.3622296679865976,0.27591342448773876
56774.5,maxi,0.009341891891891892,0.0025245945945945947,0.7131693989071038,0.33049175767649147
56775.5,maxi,0.008895135135135134,0.002591351351351351,0.8994794059102741,0.5150719325821455
56776.0,bat,0.013495863636363637,0.006718636363636363,,
56776.5,maxi,0.008754324324324325,0.0027456756756756755,0.52010078387458,0.31817861669782055
56777.5,maxi,0.009932702702702701,0.0030397297297297295,0.9198294942208378,0.64101232176777
56779.5,maxi,0.020397837837837836,0.0044894594594594595,2.5576510272922417,1.8123409210343155
56780.5,maxi,0.02301108108108108,0.005147837837837838,0.6366305686231175,0.3480176113614165
56785.5,maxi,0.03057216216216216,0.009702702702702702,-5.473519913885899,-7.795837328599825
56786.5,maxi,0.02592945945945946,0.00807972972972973,0.8396663990723396,0.84019972326629
56787.5,maxi,0.013278918918918919,0.005532162162162162,3.1626126126126124,7.497485299514621
56788.5,maxi,0.012660540540540539,0.005723243243243243,0.5071065989847716,0.43542404969160803
56789.5,maxi,0.023145945945945944,0.00527027027027027,0.44595059519713753,0.23666799599091162
56790.5,maxi,0.013685945945945946,0.0039381081081081085,1.6984747023809526,1.4379032354288193
56791.0,bat,0.009259545454545454,0.004545727272727273,,
56791.5,maxi,0.007648378378378378,0.0033294594594594595,-2.1830003769317754,-2.6620632415258405
56792.5,maxi,0.011989189189189188,0.0027648648648648647,1.1697487903493073,0.587191041593281
56793.5,maxi,0.005733513513513513,0.002418108108108108,1.079666082654849,0.7397869105509863
56794.5,maxi,0.00805081081081081,0.0022797297297297296,0.9166346523242414,0.5704538404643067
56795.5,maxi,0.008122702702702702,0.002215405405405405,0.6024505560364919,0.321855822078911
56796.5,maxi,0.006507567567567567,0.002712702702702703,1.859282479972135,1.4516919918722164
56797.5,maxi,0.014725675675675674,0.0032524324324324323,1.0683041393482726,0.482818233265357
56799.5,maxi,0.0069394594594594594,0.0022586486486486485,0.4598197818411761,0.24828749816426585
56800.5,maxi,0.005067837837837838,0.002045945945945946,0.6753233629749393,0.48624524302124905
56801.5,maxi,0.004915135135135135,0.0020594594594594592,0.29181120571849045,0.381449605963363
56802.5,maxi,0.007187837837837838,0.0020275675675675677,2.076798269334776,1.7758663749886365
56804.5,maxi,0.004739459459459459,0.0019448648648648648,1.8720953326713008,1.6844295285000146
56806.0,bat,0.010413636363636364,0.004647909090909091,,
56806.5,maxi,0.025794864864864864,0.008345675675675675,0.9790980576651657,0.7579758216671703
56812.5,maxi,0.03155162162162162,0.0045994594594594585,1.725602648389052,0.7692371929359403
56816.5,maxi,0.011008108108108108,0.002631081081081081,1.7223966275002245,0.9361105103236586
56817.5,maxi,0.006838648648648648,0.0022478378378378377,1.367448471926084,1.0891708301138077
56818.5,maxi,0.0059299999999999995,0.002214054054054054,0.9010687022900763,0.5968702046427933
56820.5,maxi,0.012948918918918919,0.0024070270270270273,1.7256294893046018,0.7766595250371513
56821.5,maxi,0.007243513513513513,0.0027697297297297296,0.8046116504854369,0.6182114602495901
56823.5,maxi,0.01151027027027027,0.0023324324324324325,1.209929797851645,0.5948555171968303
56824.5,maxi,0.006888918918918919,0.0021672972972972973,1.382333978078659,1.1541414321368826
56825.5,maxi,0.006001891891891892,0.002391351351351351,0.9595217923373812,0.6079627588543223
56827.5,maxi,0.005557297297297297,0.002485405405405405,0.6909263449886853,0.42105831191103926
56828.5,maxi,0.008666216216216216,0.0025675675675675674,0.6022995283018868,0.3950264347259571
56829.5,maxi,0.006566486486486486,0.0028462162162162163,0.4469346821313334,0.4697660710486455
56830.5,maxi,0.015965405405405406,0.003727297297297297,1.5313533267590926,0.7738878190716676
56831.5,maxi,0.020547027027027025,0.003704324324324324,1.239628078951661,0.5876743051250476
56832.5,maxi,0.015367567567567566,0.002991891891891892,0.7456023454157783,0.29532109384113325
56833.5,maxi,0.02059297297297297,0.0041045945945945945,2.193920184411468,1.3328572940469543
56836.5,maxi,0.011782702702702702,0.003015135135135135,0.7526353790613718,0.48655629933759464
56837.5,maxi,0.00898054054054054,0.003291351351351351,1.1013306038894575,0.7683016029725013
56839.5,maxi,0.008875135135135135,0.002817027027027027,2.714936544093719,4.917102881414969
56843.5,maxi,0.012361621621621622,0.002494324324324324,0.8145891127381872,0.29657318535960087
56845.5,maxi,0.006245135135135135,0.002375405405405405,0.9376321353065539,0.622120502096015
56847.5,maxi,0.006312702702702702,0.002555675675675676,1.2249570692615914,0.7875187716492247
56848.5,maxi,0.005983783783783784,0.002424054054054054,0.5606789444749862,0.3589639953386611
56849.5,maxi,0.006315405405405405,0.002612972972972973,0.22197878228782286,0.17951151919062852
56850.5,maxi,0.007735135135135135,0.0027083783783783785,0.7308377896613191,0.589463090889787
56852.5,maxi,0.011304594594594595,0.004086486486486486,1.1727588686481303,0.7614204082648167
56860.5,maxi,0.01260081081081081,0.0032089189189189187,0.8529108465360458,0.6804026438875312
56861.5,maxi,0.01159081081081081,0.003214054054054054,1.293587926290336,0.8646218679569588
56864.5,maxi,0.008915405405405405,0.0035794594594594593,1.0553904350175627,0.9233021047353128
56866.5,maxi,0.008218648648648647,0.0031005405405405404,0.4772251917267023,0.3656398275940433
56867.5,maxi,0.006692972972972973,0.0025656756756756755,0.7027484939759037,0.5403193220482694
56870.5,maxi,0.012687297297297296,0.003613243243243243,0.6819471731063087,0.3653748724933053
56872.5,maxi,0.006498648648648649,0.0025127027027027024,0.9152046783625731,0.6472811194958265
56885.5,maxi,0.02002891891891892,0.0031248648648648644,1.4717348927875247,0.7305093535382546
56886.5,maxi,0.007056216216216216,0.002565135135135135,11.22382397572079,39.90130708857513
56887.5,maxi,0.006264054054054054,0.0024124324324324323,0.45386276166338124,0.4256279416128417
56888.5,maxi,0.006417567567567567,0.0022167567567567565,0.7816711590296497,0.4327953465417727
56889.5,maxi,0.008936216216216217,0.002285945945945946,2.543202595104689,1.832670624138518
56891.5,maxi,0.008333513513513514,0.002355945945945946,1.3310735856033524,0.9562381163618319
56892.5,maxi,0.004728378378378378,0.0022135135135135132,0.44366744366744365,0.5547142407115624
56893.5,maxi,0.005272432432432432,0.0022735135135135134,1.1293092562192195,0.8531385857348814
56894.5,maxi,0.009156216216216215,0.004021351351351351,0.38979987952613615,0.5052606640535264
56896.0,bat,0.010010636363636364,0.004597909090909091,,
56898.5,maxi,0.008786486486486486,0.002302972972972973,1.4757281553398056,0.6772735960114263
56901.5,maxi,0.0061318918918918915,0.0028602702702702704,0.4723331039229181,0.38740634050417944
56902.5,maxi,0.00743,0.00308,13.943502824858756,66.02770438934867
56903.5,maxi,0.011251621621621622,0.003356216216216216,1.2511739538766566,1.0174843419129938
56905.5,maxi,0.013406486486486487,0.0032675675675675675,0.9566582914572864,0.535120800581431
56907.5,maxi,0.010173243243243243,0.003332162162162162,0.8050735351334526,0.5963451981618798
56910.5,maxi,0.007478108108108107,0.0026572972972972973,3.8481904299247023,5.15140137932936
56912.0,bat,0.04364386363636363,0.009577409090909091,,
56912.5,maxi,0.005985135135135136,0.0026237837837837837,1.2451965450378988,1.5059183377918801
56913.0,bat,0.031715818181818185,0.006238954545454546,,
56913.5,maxi,0.015443513513513512,0.002749189189189189,2.190314813163292,1.271872254909194
56914.0,bat,0.04547236363636364,0.006026772727272727,,
56914.5,maxi,0.011987837837837837,0.002581081081081081,1.249793742463667,0.5598829142880403
56915.0,bat,0.06987618181818181,0.006135227272727273,,
56915.5,maxi,0.01756189189189189,0.002760540540540541,0.7756406160138027,0.23235674627887656
56916.0,bat,0.07875072727272726,0.005038272727272727,,
56916.5,maxi,0.024368918918918916,0.0027281081081081083,1.0038197332347596,0.24840436839773064
56917.0,bat,0.10907627272727272,0.007735636363636364,,
56917.5,maxi,0.027442972972972973,0.002892162162162162,1.0523783463310075,0.21170982959358278
56918.0,bat,0.1059870909090909,0.005997681818181818,,
56918.5,maxi,0.03161972972972973,0.0028845945945945944,1.0164572189091654,0.21741871669988835
56919.0,bat,0.1350963181818182,0.007269045454545454,,
56919.5,maxi,0.031810270270270266,0.0033535135135135136,1.0189896170356743,0.21933548587689847
56920.0,bat,0.14056136363636362,0.00828959090909091,,
56920.5,maxi,0.034905135135135136,0.0032064864864864862,0.8481309716712297,0.16446029954584315
56921.0,bat,0.1638785909090909,0.008524181818181818,,
56921.5,maxi,0.037328918918918916,0.003456216216216216,0.8373083475298126,0.16185447254019333
56922.0,bat,0.16129704545454546,0.00970459090909091,,
56922.5,maxi,0.04227351351351351,0.003446216216216216,0.8547261009667024,0.14771252504466187
56923.0,bat,0.15500463636363637,0.0070459090909090905,,
56923.5,maxi,0.03965405405405405,0.003944594594594594,0.8974166978659678,0.19225665193721903
56924.0,bat,0.1571805,0.009302318181818182,,
56924.5,maxi,0.041160540540540545,0.004206756756756757,1.150285869861149,0.27235946216904894
56925.0,bat,0.15439718181818182,0.010331318181818183,,
56925.5,maxi,0.03895351351351351,0.005440810810810811,1.2937667066981755,0.3745841354575883
56926.0,bat,0.1703897727272727,0.012058454545454546,,
56926.5,maxi,0.04874135135135135,0.004886756756756756,1.4541560913705585,0.34853650438136524
56927.0,bat,0.16558281818181816,0.008418954545454545,,
56927.5,maxi,0.06527243243243243,0.012028648648648648,1.1343177661926467,0.48289405455379697
56928.0,bat,0.1650170909090909,0.007956545454545454,,
56928.5,maxi,0.03370972972972973,0.009865945945945946,1.2580850522026994,0.6748479561585767
56929.0,bat,0.16587513636363638,0.009125045454545455,,
56929.5,maxi,0.06553675675675676,0.009255675675675675,0.8475866558609787,0.298859449676562
56930.0,bat,0.18551454545454546,0.014802181818181818,,
56930.5,maxi,0.08442648648648649,0.01322081081081081,1.0450581145810085,0.3565449969429949
56931.0,bat,0.1642342727272727,0.012865,,
56931.5,maxi,0.08197081081081081,0.011322972972972974,1.6306409887898823,0.6109022490953782
56932.0,bat,0.15339345454545456,0.008146272727272728,,
56932.5,maxi,0.05827027027027027,0.006842432432432432,0.9739325411575679,0.2391853523732406
56933.0,bat,0.11035863636363635,0.026520636363636364,,
56933.5,maxi,0.05933675675675675,0.008851351351351351,1.5387684237745187,0.593614481991564
56934.0,bat,0.1600580909090909,0.008653227272727273,,
56934.5,maxi,0.05412567567567567,0.006372972972972972,1.417209583822849,0.4088804222305678
56935.0,bat,0.13978913636363638,0.017368454545454545,,
56935.5,maxi,0.057131891891891884,0.006435675675675675,0.9048437293471598,0.2202287594222947
56936.0,bat,0.15939404545454544,0.01107018181818182,,
56936.5,maxi,0.03987918918918919,0.005116756756756757,0.8988025855674473,0.2508369264484709
56937.0,bat,0.1681473181818182,0.01190740909090909,,
56937.5,maxi,0.04617162162162162,0.005195135135135135,2.4308040493011593,0.808330777482615
56938.0,bat,0.1380575,0.010592318181818182,,
56938.5,maxi,0.04709567567567567,0.00423027027027027,1.196078768595752,0.2416590180547723
56939.0,bat,0.15337236363636364,0.007227545454545454,,
56939.5,maxi,0.05383162162162162,0.003996216216216216,1.0666437272039089,0.17299724175796133
56940.0,bat,0.13733631818181818,0.006289454545454545,,
56940.5,maxi,0.04776351351351351,0.0035264864864864866,1.0988460981379855,0.17626529392605383
56941.0,bat,0.12847695454545455,0.006293090909090909,,
56941.5,maxi,0.04829783783783784,0.0036502702702702703,1.1818150795952838,0.20067941167787967
56942.0,bat,0.124431,0.006925681818181819,,
56942.5,maxi,0.03327459459459459,0.0066548648648648645,2.447833847152361,1.436428785950532
56943.0,bat,0.12315863636363637,0.006306227272727272,,
56943.5,maxi,0.035398648648648647,0.003506756756756757,0.7535636548123661,0.14889136725447638
56944.0,bat,0.12584495454545455,0.007549181818181818,,
56944.5,maxi,0.04466729729729729,0.0034008108108108106,1.1982110975588198,0.19987058554058632
56945.0,bat,0.11753890909090908,0.006664545454545454,,
56945.5,maxi,0.027807567567567564,0.004029459459459459,1.2577412613981764,0.33679405856114575
56946.0,bat,0.09668354545454545,0.008577545454545454,,
56946.5,maxi,0.028506756756756756,0.0030148648648648645,0.9280858758096634,0.19716186029971186
56947.0,bat,0.11027640909090909,0.007557954545454545,,
56947.5,maxi,0.03867540540540541,0.008096216216216217,2.3228140789586367,1.650628499953852
56948.0,bat,0.11844713636363637,0.013320545454545453,,
56949.0,bat,0.09970072727272727,0.007448045454545455,,
56950.0,bat,0.09387218181818183,0.008403090909090909,,
56951.0,bat,0.08953104545454545,0.010041636363636364,,
56952.0,bat,0.08800354545454546,0.006820227272727273,,
56953.0,bat,0.081142,0.005237090909090909,,
56954.0,bat,0.08295618181818182,0.00673440909090909,,
56955.0,bat,0.07807572727272727,0.0072808636363636365,,
56956.0,bat,0.07498477272727273,0.006622590909090909,,
56957.0,bat,0.06834927272727272,0.006454590909090909,,
56957.5,maxi,0.03161351351351351,0.013358108108108106,0.6949514163796207,0.7647560011374983
56958.0,bat,0.07412845454545455,0.007369318181818182,,
56958.5,maxi,0.03915243243243243,0.0032237837837837836,1.2311590320564336,0.23216071049349218
56959.0,bat,0.06742622727272728,0.007860818181818182,,
56959.5,maxi,0.0212127027027027,0.0028775675675675673,1.3506029316196115,0.35630455391115085
56960.0,bat,0.05694631818181818,0.005464045454545455,,
56960.5,maxi,0.018254324324324323,0.0025283783783783785,1.3841299811189505,0.4252386327898189
56961.0,bat,0.0637880909090909,0.005270136363636363,,
56961.5,maxi,0.018336756756756757,0.0024948648648648645,1.2236550473503929,0.3246195018379653
56962.0,bat,0.04117222727272728,0.006685681818181818,,
56962.5,maxi,0.019376756756756753,0.0024772972972972973,0.9428033928512493,0.22970367490436927
56963.0,bat,0.0474045,0.005903681818181818,,
56963.5,maxi,0.00958189189189189,0.00234054054054054,1.7567101514469936,0.751845720730273
56964.0,bat,0.036898772727272725,0.006807227272727273,,
56964.5,maxi,0.018955945945945945,0.002534054054054054,0.610987239758227,0.15726356268432584
56965.0,bat,0.04614454545454546,0.005737409090909091,,
56965.5,maxi,0.017183243243243242,0.0026056756756756756,1.0011668066834687,0.3451163887540124
56966.0,bat,0.036978954545454544,0.008803,,
56966.5,maxi,0.012568108108108107,0.0024956756756756753,1.4567249602543721,0.5656485141617029
56967.0,bat,0.025432409090909092,0.004474636363636364,,
56967.5,maxi,0.019512972972972973,0.005847027027027027,1.9129240324892502,2.595684568958371
56968.0,bat,0.024138409090909092,0.007639681818181819,,
56968.5,maxi,0.014103513513513513,0.0024383783783783783,0.8321171556539682,0.30238449243180765
56969.0,bat,0.036178,0.00914659090909091,,
56969.5,maxi,0.010785945945945945,0.0023410810810810807,1.7551324327199236,0.9719590225478907
56970.0,bat,0.02302340909090909,0.006146590909090909,,
56970.5,maxi,0.010117567567567569,0.0023591891891891893,0.9893648103780752,0.3879138624953821
56971.5,maxi,0.008467567567567566,0.0021178378378378373,0.6231937951551211,0.25672927190870487
56972.5,maxi,0.007310810810810811,0.002105135135135135,1.7926649712220586,1.1999587638223235
56973.5,maxi,0.00847054054054054,0.0022745945945945945,0.8171361664026447,0.40061339503957527
56974.5,maxi,0.009966216216216215,0.0023697297297297294,0.3526534978794942,0.16967067270792982
56975.5,maxi,0.011242972972972972,0.0027099999999999997,1.1354451119606774,0.7228594999052542
56976.5,maxi,0.012152972972972973,0.0029378378378378377,0.9689547928468288,0.4355600017169189
56977.5,maxi,0.009082432432432433,0.0026745945945945947,1.7231495337861171,1.21117461645739
56979.5,maxi,0.007901351351351352,0.002859189189189189,0.6691305341766365,0.46571374318659925
56980.5,maxi,0.007982162162162161,0.0034318918918918914,-2.433628318584071,-2.6897252842407
56982.5,maxi,0.009898918918918918,0.0028735135135135137,1.353580901856764,1.1913530885395351
56983.5,maxi,0.008265135135135136,0.002538648648648649,0.7165680927874646,0.454095824148855
56985.5,maxi,0.00659918918918919,0.0027935135135135135,1.7682555780933065,2.9113291784270876
56986.5,maxi,0.008534594594594595,0.002326756756756757,1.0355196982397317,0.7076034841252035
56987.5,maxi,0.008323243243243243,0.0022186486486486484,0.10812137073689376,0.14625367089262997
56988.5,maxi,0.006784864864864865,0.0022348648648648647,0.6253797616265483,0.39483004452575243
56989.5,maxi,0.004956216216216216,0.002055135135135135,0.4149318397971046,0.22435389236812053
56990.5,maxi,0.006466216216216215,0.0022070270270270267,0.26587776169194943,0.2458821137150855
56991.5,maxi,0.00875027027027027,0.00227027027027027,0.9415964152806258,0.4759509333110907
56992.5,maxi,0.009679459459459458,0.0023964864864864863,0.5159047936825715,0.27525705306245457
56993.5,maxi,0.005309459459459459,0.002415135135135135,0.42605533776489973,0.2805735212875472
56994.5,maxi,0.005683783783783784,0.002670810810810811,2.071501383427989,1.9530224907840847
56995.5,maxi,0.007807837837837838,0.0026367567567567567,0.9092009685230025,0.54139805187085
57002.5,maxi,0.08835945945945946,0.02179810810810811,0.8235120774281479,0.4925875999070198
57004.5,maxi,0.035090810810810814,0.014508108108108106,1.4760758740263438,1.3908645765511005
57005.5,maxi,0.025675945945945945,0.008456756756756756,0.3056972327726533,0.3839776800228345
57006.5,maxi,0.01829351351351351,0.006504324324324324,1.3132237673830593,1.1543967041067404
57007.5,maxi,0.014017837837837837,0.0050067567567567564,7.036464622071964,18.502442461064877
57008.5,maxi,0.01235,0.00498081081081081,-3.2435430750563357,-7.971039134751691
57009.5,maxi,0.010917027027027026,0.004508648648648648,0.3860023174971031,0.3992238612125405
57010.5,maxi,0.013885675675675675,0.004274864864864865,0.49582280107964527,0.3794404414836006
57012.5,maxi,0.01099972972972973,0.0028859459459459457,1.0505558806319486,0.5557535929093382
57013.5,maxi,0.015205945945945945,0.002961081081081081,3.821057388160868,4.074596528379331
57014.5,maxi,0.017154324324324323,0.004829729729729729,0.9220250691844375,0.6959017747927411
57020.5,maxi,0.004534054054054054,0.0022418918918918917,0.9943404440574662,1.2946294167042987
57023.5,maxi,0.01113945945945946,0.002387837837837838,1.217544116570257,0.5286324272713784
57024.0,bat,0.1351190909090909,0.06600027272727273,,
57024.5,maxi,0.02161297297297297,0.00815945945945946,-27.49247822644497,-287.20122687320855
57031.5,maxi,0.027693783783783784,0.0026697297297297294,1.5295405903140709,0.4526194811798143
57032.5,maxi,0.025837837837837836,0.002443243243243243,1.0778237166587392,0.2546087970777167
57033.5,maxi,0.020289729729729727,0.002292702702702702,1.0843542008295552,0.3214668347743958
57034.5,maxi,0.02002162162162162,0.002141891891891892,0.8031899971947262,0.213088839700331
57035.5,maxi,0.020634054054054052,0.0022908108108108103,0.8209419370678015,0.2343957203126254
57036.5,maxi,0.018196216216216216,0.0033197297297297298,0.4392000654789513,0.18296315416256922
57042.5,maxi,0.005298918918918918,0.0023132432432432432,1.1546754675467545,0.7628436501392878
57043.5,maxi,0.011139999999999999,0.0023767567567567565,1.1305250859998701,0.46334082181024
57044.5,maxi,0.005167837837837837,0.00237972972972973,2.06698251919621,1.7949830324193154
57045.5,maxi,0.010108918918918918,0.0024789189189189185,1.2675127902400631,0.7524246586623736
57046.5,maxi,0.006375135135135135,0.002872432432432432,0.6037017928543789,0.4041881763749316
57047.5,maxi,0.006221891891891891,0.0027697297297297296,3.688624678663239,6.351436192573364
57048.5,maxi,0.015801351351351352,0.0031735135135135136,0.9389733157831758,0.48074908686887613
57049.5,maxi,0.011554324324324324,0.0033067567567567563,0.7312511573359669,0.4595513174125536
57050.5,maxi,0.010382702702702702,0.004589189189189188,0.868140341858373,0.734075664724255
57052.5,maxi,0.008583243243243244,0.0034324324324324323,0.7749130345815429,0.7800131008746959
57055.5,maxi,0.012192432432432431,0.003106216216216216,0.4645230610052131,0.2510434742375711
57056.5,maxi,0.009283243243243242,0.00283972972972973,0.3907212146773513,0.23688630104317468
57058.5,maxi,0.005124054054054054,0.0023997297297297295,0.15613187736245276,0.22216670611291683
57059.5,maxi,0.007095675675675675,0.0024075675675675674,0.566858302333446,0.36623057033351175
57060.5,maxi,0.005306756756756756,0.00245,0.6852507374631269,0.45161996504481355
57062.5,maxi,0.006056756756756756,0.0023964864864864863,1.5293434049970944,1.3752543491122027
57069.5,maxi,0.008184324324324324,0.00355,1.7092788703983863,1.9249232256786628
57072.5,maxi,0.024604324324324325,0.006753243243243242,1.1658248039346006,1.238231966636706
57079.5,maxi,0.009628918918918919,0.004722432432432432,0.8282874385110807,0.6355675641423288
57080.5,maxi,0.012713243243243242,0.004648108108108108,0.6757899548597224,0.6038792487361164
57085.5,maxi,0.006855405405405405,0.002572972972972973,0.8898542600896862,0.61888766119445
57102.5,maxi,0.009955135135135134,0.004354864864864865,0.9683158126883775,0.8497830850662125
57103.5,maxi,0.008369729729729729,0.0025786486486486485,1.0711616318903767,1.0899960349006077
57104.5,maxi,0.0057399999999999994,0.0023729729729729727,0.14834108030133034,0.31732863683052875
57109.0,bat,0.012659863636363636,0.006257454545454545,,
57125.0,bat,0.010021863636363638,0.004051818181818182,,
57140.5,maxi,0.008131891891891892,0.003604054054054054,1.4218217243058935,2.272354861455265
57147.5,maxi,0.05457756756756757,0.026516216216216217,8.953409348334969,31.31788893642833
57148.5,maxi,0.015397027027027025,0.007478108108108107,1.8664306208412185,2.114514521444171
57154.5,maxi,0.006591351351351351,0.002788108108108108,11.711595639246779,67.84144931659577
57155.5,maxi,0.006181351351351351,0.0029416216216216215,209.62500000000003,40248.31455807343
57158.5,maxi,0.006782432432432432,0.0027567567567567566,0.28680971712094855,0.312508222789496
57160.5,maxi,0.006418378378378378,0.0027027027027027024,0.6867421180274859,0.8332936232566501
57161.5,maxi,0.0051140540540540545,0.0025002702702702703,0.7144376899696049,0.8962139779443031
57165.5,maxi,0.006298108108108108,0.002171351351351351,0.3424669227486129,0.3343883270762132
57168.5,maxi,0.015814324324324325,0.005529999999999999,1.6033672437384734,1.2154556681564395
57174.5,maxi,0.015744324324324325,0.0034916216216216212,0.7696078431372549,0.46850010023095856
57177.0,bat,0.030835363636363636,0.012045499999999999,,
57178.0,bat,0.03886563636363636,0.009929636363636364,,
57178.5,maxi,0.016212432432432432,0.0032799999999999995,1.0195676481550504,0.4380873723827329
57179.0,bat,0.05414695454545455,0.005958227272727272,,
57179.5,maxi,0.02387891891891892,0.0026732432432432433,1.0748023649770808,0.26318758232737943
57180.0,bat,0.07734768181818182,0.006872181818181818,,
57180.5,maxi,0.021246756756756757,0.0025570270270270272,1.2021455698680552,0.31805328290424195
57181.0,bat,0.10984690909090909,0.006797863636363636,,
57181.5,maxi,0.03667054054054054,0.0029908108108108104,1.3038192090395482,0.23530978342731007
57182.0,bat,0.12364522727272727,0.006934409090909091,,
57182.5,maxi,0.04331189189189189,0.0031472972972972973,1.094353294342943,0.1722177942700192
57183.0,bat,0.1304335,0.0072985,,
57183.5,maxi,0.043493513513513514,0.004218378378378378,0.8668562401263823,0.18226112246003306
57184.0,bat,0.13535795454545455,0.006603772727272727,,
57184.5,maxi,0.05010864864864865,0.0038264864864864865,1.001169847188711,0.1697630496073587
57185.0,bat,0.14177177272727273,0.0068053181818181815,,
57185.5,maxi,0.04313891891891892,0.002862702702702703,1.0213087356174069,0.1435508813311292
57186.0,bat,0.15055431818181816,0.007345409090909092,,
57186.5,maxi,0.047285405405405406,0.00303027027027027,1.0006858310229096,0.1370523179590433
57187.0,bat,0.16030654545454545,0.008299727272727273,,
57187.5,maxi,0.04932135135135135,0.002997297297297297,0.9906799169052832,0.12841765055561388
57188.0,bat,0.16531972727272728,0.006754318181818182,,
57188.5,maxi,0.047617027027027026,0.0031264864864864864,1.0567710324709347,0.14361688389586078
57189.0,bat,0.16118140909090908,0.007727954545454546,,
57189.5,maxi,0.050137297297297295,0.0032937837837837837,0.8878742209052825,0.12342524088102348
57190.0,bat,0.1495576818181818,0.006525227272727273,,
57190.5,maxi,0.0517854054054054,0.003985135135135135,1.1160012850091994,0.1899457328775141
57191.0,bat,0.1426865909090909,0.007558272727272727,,
57191.5,maxi,0.05114189189189189,0.003787027027027027,1.043859902822767,0.17025654419453612
57192.0,bat,0.14951704545454544,0.006975318181818182,,
57192.5,maxi,0.052337567567567564,0.004445675675675675,1.327825065568231,0.2553167428381476
57193.0,bat,0.15359740909090908,0.007265181818181818,,
57193.5,maxi,0.05022594594594594,0.003415135135135135,1.284533943772802,0.20680610598367793
57194.0,bat,0.14081722727272727,0.006915727272727273,,
57194.5,maxi,0.04507972972972973,0.003641621621621621,1.315208592469743,0.24629258122574985
57195.0,bat,0.13603586363636364,0.006595863636363636,,
57195.5,maxi,0.04936324324324324,0.004006216216216216,1.4538005543528842,0.289115280926195
57196.0,bat,0.12612522727272726,0.005611181818181818,,
57196.5,maxi,0.04239648648648649,0.008722972972972972,1.670941634241245,1.0080841606771649
57197.0,bat,0.13779281818181818,0.006838454545454545,,
57197.5,maxi,0.03216,0.005592972972972973,0.5355692761987852,0.19927663283916813
57198.0,bat,0.13162154545454546,0.006403954545454545,,
57198.5,maxi,0.03510351351351351,0.0036975675675675677,1.1223811740805012,0.2583700303028743
57199.0,bat,0.12688,0.006706772727272728,,
57199.5,maxi,0.03463783783783784,0.0035237837837837835,1.721465021639429,0.4992974280498217
57200.0,bat,0.10776881818181819,0.007036454545454545,,
57200.5,maxi,0.03376945945945946,0.00327,0.9261768691451129,0.19132482288488667
57201.0,bat,0.1174860909090909,0.006454227272727273,,
57201.5,maxi,0.030485135135135136,0.0030289189189189186,0.9855152056017026,0.21670447038499666
57202.0,bat,0.11472236363636364,0.007188045454545454,,
57202.5,maxi,0.031367027027027025,0.003007027027027027,1.346481295685825,0.3225685691556256
57203.0,bat,0.10107731818181818,0.010268818181818183,,
57203.5,maxi,0.02795054054054054,0.0028051351351351347,0.7008543254343005,0.15604481947035145
57204.0,bat,0.10529281818181818,0.007746409090909091,,
57204.5,maxi,0.027108108108108108,0.0028648648648648646,1.3382712693666756,0.36082566596806614
57205.0,bat,0.08942031818181818,0.008475545454545454,,
57205.5,maxi,0.024683243243243242,0.0027956756756756756,0.8064424687540266,0.20018859787148374
57206.0,bat,0.09331818181818181,0.0050736363636363635,,
57206.5,maxi,0.02163162162162162,0.0027905405405405405,0.8674252275682706,0.2571600436656037
57207.0,bat,0.074811,0.005735318181818182,,
57207.5,maxi,0.01879864864864865,0.002772972972972973,0.9417219036270201,0.30929207374206386
57208.0,bat,0.07653095454545455,0.005540590909090909,,
57208.5,maxi,0.01455972972972973,0.0027656756756756756,1.4256761430448919,0.7553408175272974
57209.0,bat,0.08195895454545454,0.00547940909090909,,
57209.5,maxi,0.02459162162162162,0.003150810810810811,1.098585952246912,0.3408704753677487
57210.0,bat,0.06290336363636363,0.004759090909090909,,
57210.5,maxi,0.01711918918918919,0.0028986486486486484,0.9001373731206593,0.3206641007754642
57211.0,bat,0.07240913636363637,0.006306090909090909,,
57211.5,maxi,0.0170027027027027,0.0031789189189189186,1.2205762064891392,0.5147198340787823
57212.0,bat,0.054,0.004073318181818181,,
57212.5,maxi,0.020790810810810807,0.0033451351351351352,0.8299523230812378,0.28564117285203744
57213.0,bat,0.04545213636363636,0.004661045454545454,,
57213.5,maxi,0.020534054054054052,0.004261351351351351,0.7965052250312032,0.2907278862502318
57214.0,bat,0.05091877272727272,0.004197363636363636,,
57214.5,maxi,0.01459,0.004893243243243243,0.6836083343369866,0.698462112780758
57215.0,bat,0.04515418181818182,0.005146363636363636,,
57215.5,maxi,0.025536486486486484,0.007782162162162162,0.6799732449606276,0.5487171881324567
57216.0,bat,0.04411581818181819,0.004345409090909091,,
57216.5,maxi,0.03813756756756757,0.008295405405405406,1.944635761589404,1.4460458449868832
57217.0,bat,0.037350545454545456,0.0059078181818181825,,
57217.5,maxi,0.10080675675675675,0.01699135135135135,1.8048480484804847,0.9609533874596738
57218.0,bat,0.03754440909090909,0.005188272727272727,,
57219.0,bat,0.02428459090909091,0.003948409090909091,,
57220.0,bat,0.032974363636363635,0.003984181818181818,,
57221.0,bat,0.021763818181818183,0.00556340909090909,,
57221.5,maxi,0.013414594594594592,0.0059394594594594586,0.02143559488692232,0.5668889602443685
57222.0,bat,0.02233,0.004314818181818182,,
57223.0,bat,0.025012545454545454,0.005120590909090909,,
57223.5,maxi,0.013035945945945945,0.00478054054054054,1.6399383191981496,1.4640409616807342
57224.0,bat,0.02227531818181818,0.003533590909090909,,
57224.5,maxi,0.016253783783783782,0.003881891891891892,0.6510130902492763,0.37567911811225296
57225.0,bat,0.01679731818181818,0.005943545454545455,,
57225.5,maxi,0.012288108108108107,0.0033075675675675676,1.9020908556553866,1.2810278321035156
57226.5,maxi,0.010154054054054054,0.004148378378378378,2.1267721388945966,3.8347531818043317
57227.0,bat,0.008916954545454546,0.0036830454545454545,,
57227.5,maxi,0.017201351351351347,0.0030808108108108107,0.9521700179175792,0.3988931901829707
57228.5,maxi,0.011926486486486487,0.0029424324324324323,1.079382994732882,0.6237797684298183
57229.0,bat,0.012472727272727272,0.005357409090909091,,
57229.5,maxi,0.011963243243243242,0.0026591891891891892,0.7128956431421856,0.3418257656380756
57230.5,maxi,0.016045945945945946,0.0026454054054054054,1.7496804703476485,0.681927859915878
57232.5,maxi,0.007744054054054054,0.002518378378378378,0.9969428081425695,0.5347048404345942
57233.0,bat,0.012332136363636365,0.005289136363636364,,
57233.5,maxi,0.007014054054054053,0.002590810810810811,1.5220767072029935,0.9406350110802765
57234.5,maxi,0.00543108108108108,0.0024448648648648648,2.110054893560048,1.5831772051743394
57235.5,maxi,0.013802972972972971,0.004552432432432432,1.1574762494836845,0.7216533491065397
57246.5,maxi,0.028214324324324323,0.0036508108108108104,1.317891124629543,0.44284995668460186
57247.5,maxi,0.01086081081081081,0.002407297297297297,2.1575817641228943,1.329293565236786
57249.5,maxi,0.007535405405405405,0.0021245945945945945,0.7829463769313394,0.4161470684773851
57250.5,maxi,0.008791621621621622,0.0022456756756756755,3.583247422680412,4.086312959858446
57251.5,maxi,0.007604594594594594,0.0021283783783783783,1.0456337472895723,0.5897440329727872
57252.5,maxi,0.007992162162162161,0.002291891891891892,1.4982012157300582,1.0061998617426142
57254.5,maxi,0.01002945945945946,0.0024051351351351354,0.7198708258897898,0.3863093023675758
57255.5,maxi,0.009594054054054054,0.002916216216216216,1.41825881426039,0.9690306841525832
57257.5,maxi,0.005794864864864865,0.0022145945945945943,0.6443168614585469,0.34025810923701616
57258.5,maxi,0.006338108108108108,0.002327837837837838,0.5632627974361225,0.4180084169037035
57259.5,maxi,0.005093513513513514,0.0023624324324324326,0.7204984423676013,0.6634860160303276
57263.5,maxi,0.01024081081081081,0.003078108108108108,1.5824468085106382,1.1500522724023867
57266.5,maxi,0.016005945945945944,0.0030964864864864864,1.1027528426092161,0.48966687538426557
57267.5,maxi,0.008233513513513514,0.003565945945945946,1.1082167685735824,0.7949384183947754
57270.5,maxi,0.011339189189189188,0.003172162162162162,4.87575978604425,7.142318694468602
57274.5,maxi,0.004863783783783784,0.0024278378378378377,0.1950143687763149,0.2794318597037904
57275.5,maxi,0.007196486486486487,0.002485405405405405,1.6313847572927476,1.2653811624210052
57276.5,maxi,0.007999459459459459,0.002397027027027027,1.189805775357106,0.8357196220756278
57277.5,maxi,0.006761621621621621,0.0024486486486486486,0.2632569077013521,0.26251682534783016
57278.5,maxi,0.007953243243243242,0.002379189189189189,0.35483068613864904,0.16771711518150043
57279.5,maxi,0.007826486486486487,0.002521891891891892,0.26539632649052153,0.22441803703332613
57280.5,maxi,0.00773945945945946,0.002446216216216216,0.6453688959660296,0.3815768371775789
57283.5,maxi,0.005818648648648648,0.002771891891891892,1.3416831194471865,1.2570620190516208
57285.5,maxi,0.011976216216216215,0.0034770270270270266,0.6886481394253415,0.36181695372802375
57293.5,maxi,0.011923783783783783,0.0059570270270270275,0.03815432626221347,0.31248253233264034
57296.5,maxi,0.01077216216216216,0.005091891891891891,0.3228365384615385,0.5160356041588166
57299.5,maxi,0.009525405405405404,0.003053243243243243,2.2207715133531156,2.1788692084117662
57300.5,maxi,0.009520270270270269,0.0026659459459459456,6.441082072443832,14.269669272063688
57301.5,maxi,0.010737837837837837,0.0027508108108108107,2.7694939672249235,2.8185600752519333
57311.0,bat,0.014462545454545455,0.007072318181818181,,
57318.5,maxi,0.03007216216216216,0.005788918918918919,1.1735150244584207,0.5767891558806876
57319.5,maxi,0.011972972972972971,0.0025805405405405404,1.1818110667605854,0.5775534804382043
57320.5,maxi,0.008322432432432433,0.0023083783783783784,0.7373955067920586,0.3478518783384313
57321.5,maxi,0.006017027027027027,0.0021724324324324325,2.2930171277997364,2.636010094900824
57323.5,maxi,0.0067127027027027025,0.002151081081081081,1.373398685529687,0.8051847601734442
57324.5,maxi,0.004518918918918919,0.002205135135135135,3.551803885291397,7.338060360038473
57325.5,maxi,0.006368378378378378,0.0022372972972972975,0.6205679717694506,0.29033957695408563
57326.5,maxi,0.006218918918918919,0.0022627027027027026,0.40566801619433196,0.2779540231917065
57327.5,maxi,0.007012432432432433,0.0025424324324324326,0.8746821360457724,0.5200634135160702
57328.5,maxi,0.016707567567567565,0.00415081081081081,1.2145475227502527,0.7745918421057966
57331.5,maxi,0.008607027027027026,0.00245,0.9767461889587461,0.5662699188238847
57332.5,maxi,0.00754,0.0022854054054054053,1.7709463532248342,1.3582679703192797
57333.5,maxi,0.005662702702702702,0.002448108108108108,0.8064303224589854,0.562887010074048
57334.5,maxi,0.0071332432432432424,0.002598918918918919,0.1467044649184975,0.2173786825661184
57335.5,maxi,0.010277567567567567,0.0028194594594594595,8.150462962962962,16.40535442001898
57336.5,maxi,0.011509189189189188,0.0031494594594594595,1.0520594542631072,0.6423134369389851
57337.5,maxi,0.00942135135135135,0.0035818918918918913,6.399175541051185,14.099278277708954
57338.5,maxi,0.016895675675675674,0.0035216216216216213,1.3023589208914375,0.6936490675494194
57340.5,maxi,0.01881108108108108,0.0038675675675675673,0.7783122402278989,0.3968338912172364
57342.5,maxi,0.013854864864864865,0.003538108108108108,2.013160368490318,1.51641552036873
57343.5,maxi,0.01180054054054054,0.003340810810810811,0.3780462475768485,0.22642055628617985
57344.5,maxi,0.006973513513513513,0.0028859459459459457,0.2577441242993412,0.5004228078553451
57346.5,maxi,0.005112702702702703,0.0024929729729729726,0.40532401830884124,0.30514168806437747
57348.5,maxi,0.008004054054054053,0.0025586486486486484,0.6601948552603911,0.435406235736454
57349.5,maxi,0.011588918918918919,0.002645945945945946,0.8916591833500607,0.4089299116884459
57350.5,maxi,0.00886027027027027,0.0024654054054054054,0.6769285418270085,0.3568914181075675
57351.5,maxi,0.008553243243243244,0.002532702702702703,0.5846291531491218,0.32543844992501364
57355.5,maxi,0.008658918918918918,0.002815405405405405,0.6839852398523986,0.3449258884136499
57356.5,maxi,0.006874324324324324,0.0032462162162162165,1.61147365345281,1.3815979793594453
57357.5,maxi,0.016138648648648647,0.0035308108108108105,0.6716403695355408,0.2752431873296831
57358.5,maxi,0.013023783783783783,0.0043124324324324325,0.8588563747285698,0.6111162162138314
57369.5,maxi,0.02029756756756757,0.005564324324324323,1.0345238095238096,0.7450126244958715
57370.5,maxi,0.015301891891891892,0.0035054054054054055,1.090000564620857,0.5923304253599216
57371.5,maxi,0.015278378378378376,0.0035286486486486484,0.667867587843852,0.34423756054097054
57372.5,maxi,0.009375405405405404,0.0032627027027027026,1.3803680981595092,1.350346854363197
57373.5,maxi,0.01286189189189189,0.0027878378378378378,0.4312725320242387,0.20856536520146646
57374.5,maxi,0.010645945945945945,0.002545405405405405,1.778585478491405,0.8861378764349054
57377.5,maxi,0.00719027027027027,0.002695135135135135,0.6867321867321868,0.40583133224502155
57378.5,maxi,0.005958108108108108,0.002589189189189189,-4.170305676855895,-14.17215922003172
57384.5,maxi,0.017744324324324323,0.002476486486486486,0.9549314173742652,0.34940310949720704
57385.5,maxi,0.030869999999999998,0.006207027027027027,1.6716265434840545,1.0067192548342365
57387.0,bat,0.16544822727272726,0.07415381818181818,,
57391.5,maxi,0.03033081081081081,0.003183513513513513,2.084136624505488,0.7369541969164198
57392.5,maxi,0.015905405405405405,0.007314054054054053,0.14534927818370288,0.31119733629073193
57398.5,maxi,0.010099189189189188,0.0034813513513513514,20.405255878284926,189.27033571881572
57399.5,maxi,0.02086216216216216,0.0027140540540540542,1.598466873517065,0.6141214318575036
57400.5,maxi,0.017395405405405406,0.003925135135135135,1.800761330173095,1.1489772616675413
57401.5,maxi,0.018083513513513512,0.0023978378378378376,1.1809678976587015,0.43046549648270127
57402.5,maxi,0.008601351351351351,0.00211,1.5066008636644048,0.9213308796790515
57403.5,maxi,0.005051891891891892,0.002312162162162162,0.5201331384965092,0.3950461421176993
57404.5,maxi,0.0056772972972972974,0.002301891891891892,1.9060143461467722,1.7644117549706806
57407.5,maxi,0.011857297297297297,0.0026570270270270266,2.2313874788494075,1.716127541546434
57408.5,maxi,0.010466486486486485,0.00303,2.239306984298863,1.8927328996747297
57409.5,maxi,0.00838081081081081,0.0033397297297297294,3.4364051789794368,4.294268441210169
57411.5,maxi,0.01113027027027027,0.0038664864864864862,1.4955790852527016,1.4240192307083968
57412.5,maxi,0.009080810810810809,0.0037908108108108108,0.8674921810174252,0.5752067725346319
57414.5,maxi,0.010737297297297296,0.003752972972972973,4.569016462642465,7.9300332727765745
57415.5,maxi,0.012118918918918918,0.003512162162162162,0.17096351730589338,0.22323247261389054
57416.5,maxi,0.007042432432432432,0.003027297297297297,0.40031986221320043,0.375004729857544
57417.5,maxi,0.00883864864864865,0.0029167567567567566,0.6403504947905314,0.3151396697146922
57418.5,maxi,0.012936756756756755,0.0028094594594594595,1.398272664038952,0.652697648207452
57419.5,maxi,0.007617567567567568,0.0026916216216216217,1.358184764991896,1.0842264978292195
57424.5,maxi,0.005488648648648648,0.0027418918918918917,1.6570238877931185,2.7941585155664357
57426.5,maxi,0.007088108108108108,0.0029667567567567567,1.3274828767123288,1.2363710917137376
57433.5,maxi,0.0506927027027027,0.008721621621621621,1.1207647210966463,0.5628208863600106
57440.5,maxi,0.009686216216216216,0.004458108108108108,2.3417340090398575,3.0244691936722883
57442.0,bat,0.010028363636363636,0.004843636363636364,,
57442.5,maxi,0.010886756756756755,0.004004054054054054,0.5592775302355187,0.6439599202799495
57443.0,bat,0.018547409090909094,0.0034269545454545455,,
57443.5,maxi,0.009137297297297297,0.003098918918918919,2.45873968492123,2.092012464310831
57444.0,bat,0.025680136363636363,0.004754409090909091,,
57444.5,maxi,0.013485675675675674,0.0028654054054054055,1.3926614763552478,0.7003931251156028
57445.0,bat,0.04873513636363636,0.004100681818181818,,
57445.5,maxi,0.01663756756756757,0.0031632432432432433,0.5682588931380331,0.24251878581854286
57446.0,bat,0.07084609090909091,0.0047016818181818175,,
57446.5,maxi,0.021614864864864865,0.002906216216216216,1.08498885855067,0.27810578055082913
57447.0,bat,0.07252531818181818,0.0050849090909090905,,
57447.5,maxi,0.01992,0.00653027027027027,0.6428571428571428,0.35064776385559343
57448.0,bat,0.10152813636363636,0.005928590909090909,,
57448.5,maxi,0.035238918918918914,0.003646216216216216,1.201524311354708,0.2784059081773138
57449.0,bat,0.13317195454545455,0.008266772727272727,,
57449.5,maxi,0.031513783783783784,0.0032570270270270265,1.216612495485735,0.2660048774046128
57450.0,bat,0.14428213636363635,0.00908059090909091,,
57450.5,maxi,0.04213108108108108,0.0034910810810810807,1.3283070033075168,0.2547195816436876
57451.0,bat,0.15466040909090908,0.006923727272727273,,
57451.5,maxi,0.04217486486486486,0.0033305405405405406,1.2043272239606615,0.20292221801507165
57452.0,bat,0.17678036363636362,0.009052727272727273,,
57452.5,maxi,0.04385891891891892,0.003354864864864865,0.8156265110982858,0.13800692413183652
57453.0,bat,0.15931059090909092,0.007330318181818182,,
57453.5,maxi,0.0386581081081081,0.0030994594594594593,1.0391314139859613,0.17652234870156372
57454.0,bat,0.1555378181818182,0.007667090909090909,,
57454.5,maxi,0.05058108108108108,0.0032148648648648646,0.9918259202886294,0.13427617048734253
57455.0,bat,0.161432,0.007153181818181818,,
57455.5,maxi,0.03606,0.006474594594594595,1.1684133247682849,0.3848349924714308
57456.0,bat,0.1481579090909091,0.007689818181818182,,
57457.0,bat,0.13995204545454545,0.007562272727272727,,
57458.0,bat,0.13641031818181817,0.007248090909090909,,
57459.0,bat,0.14674636363636362,0.0069980909090909095,,
57460.0,bat,0.13855445454545454,0.0075984090909090906,,
57461.0,bat,0.13236545454545454,0.006748227272727272,,
57462.0,bat,0.1246989090909091,0.007416227272727272,,
57463.0,bat,0.12623940909090908,0.007890818181818181,,
57463.5,maxi,0.06376432432432431,0.004450270270270271,1.1192278407309537,0.16143125183192317
57464.0,bat,0.11202659090909091,0.007266272727272727,,
57464.5,maxi,0.05484378378378378,0.0033170270270270266,0.8750134440405256,0.10219302857183996
57465.0,bat,0.10072681818181818,0.006641454545454545,,
57465.5,maxi,0.0637954054054054,0.003813783783783784,0.6851634901206505,0.08366459818205521
57466.0,bat,0.08454554545454544,0.006077363636363636,,
57466.5,maxi,0.04656081081081081,0.006062162162162162,0.6714019801527938,0.1719358469303654
57467.0,bat,0.0855085,0.006181727272727273,,
57467.5,maxi,0.05774972972972973,0.0032164864864864862,0.5799015946218051,0.06326852470081719
57468.0,bat,0.10524113636363637,0.010226272727272726,,
57468.5,maxi,0.049998108108108105,0.0031635135135135136,0.6619934783060211,0.08331480591631077
57469.0,bat,0.08567045454545455,0.012589954545454545,,
57469.5,maxi,0.051901621621621624,0.003354324324324324,0.6877356398314483,0.09097734094325546
57470.0,bat,0.08109809090909091,0.0076945,,
57470.5,maxi,0.05108189189189189,0.0033181081081081077,0.7859544894070172,0.102189946744496
57471.0,bat,0.07605404545454546,0.006905181818181818,,
57471.5,maxi,0.05714648648648648,0.003567297297297297,0.8025597440255975,0.10073351758515234
57472.0,bat,0.07073822727272727,0.007601954545454545,,
57472.5,maxi,0.05598054054054054,0.0061105405405405405,0.928733648255814,0.20317055550983285
57473.0,bat,0.08413268181818181,0.010125954545454546,,
57473.5,maxi,0.050899729729729726,0.0034237837837837837,1.0125074295165,0.13736830172803935
57474.0,bat,0.07665204545454544,0.0070155,,
57474.5,maxi,0.032090810810810805,0.002852432432432432,0.695108239504648,0.11353827486353438
57475.0,bat,0.08333827272727273,0.0080655,,
57475.5,maxi,0.034500270270270264,0.0034264864864864864,0.7969715116776457,0.1550632445749307
57476.0,bat,0.06646368181818181,0.007981863636363636,,
57476.5,maxi,0.02782351351351351,0.0027808108108108107,0.6077321029082773,0.1134749819905327
57477.0,bat,0.06775868181818182,0.007431863636363636,,
57477.5,maxi,0.028726216216216217,0.0029772972972972973,0.8093136076571752,0.17022098845277442
57478.0,bat,0.06901722727272727,0.0060683181818181825,,
57478.5,maxi,0.029424864864864862,0.0029627027027027022,0.8642842387936378,0.1805860064113993
57479.0,bat,0.049768,0.005545409090909091,,
57479.5,maxi,0.028606756756756755,0.0031705405405405406,1.2485914396887159,0.3124716880377916
57480.0,bat,0.04828940909090909,0.006010181818181818,,
57480.5,maxi,0.028556756756756757,0.005494864864864864,0.6201653115313778,0.2738113085823463
57481.0,bat,0.053063,0.007044409090909091,,
57481.5,maxi,0.029907027027027026,0.0045048648648648645,1.7185937965506968,0.5794597714407349
57482.0,bat,0.04406954545454546,0.006163863636363636,,
57482.5,maxi,0.01910648648648649,0.0033227027027027023,0.874497338286546,0.31165817721825223
57483.0,bat,0.02543940909090909,0.007975409090909092,,
57483.5,maxi,0.019798378378378376,0.0036113513513513513,1.0053173505455664,0.308227353645985
57484.0,bat,0.026821499999999998,0.005918318181818182,,
57484.5,maxi,0.018355945945945945,0.004345135135135135,1.0825238184195778,0.5479194528525536
57485.0,bat,0.025592636363636363,0.004718272727272727,,
57485.5,maxi,0.032218648648648644,0.008025135135135135,2.4127539856205065,2.090682823868872
57486.0,bat,0.025154681818181816,0.007888772727272727,,
57486.5,maxi,0.016987837837837836,0.004172162162162161,1.3459024109617699,0.7615878835077097
57487.0,bat,0.009767636363636364,0.004325590909090909,,
57487.5,maxi,0.014732702702702702,0.003696486486486486,0.8592576466746489,0.5604464518178747
57488.0,bat,0.015886363636363636,0.006105727272727272,,
57488.5,maxi,0.006524864864864865,0.003144594594594594,0.6862777053455019,0.4451687977622516
57489.0,bat,0.01836931818181818,0.006676363636363636,,
57489.5,maxi,0.010370810810810812,0.003254324324324324,1.7314825894459736,1.869200249187099
57490.0,bat,0.020877,0.004611181818181818,,
57490.5,maxi,0.00967189189189189,0.0028699999999999997,0.8490704951224002,0.5109572020303966
57491.0,bat,0.011105454545454545,0.005307954545454545,,
57491.5,maxi,0.011524594594594593,0.002908648648648649,0.7493648317361266,0.3520098056097109
57492.5,maxi,0.00801945945945946,0.0026675675675675676,9.449865951742629,35.09014771544515
57493.0,bat,0.021480954545454546,0.005047727272727272,,
57493.5,maxi,0.011384864864864865,0.002795945945945946,0.18577757321212818,0.13759858431666952
57494.5,maxi,0.005336216216216216,0.002427027027027027,1.0075890791300324,0.7022521881222311
57496.0,bat,0.028496727272727274,0.007720090909090909,,
57497.0,bat,0.009949772727272727,0.0040415,,
57497.5,maxi,0.007076756756756756,0.002675945945945946,0.9975288303130148,0.6679233036609014
57498.0,bat,0.010236227272727272,0.004640363636363637,,
57498.5,maxi,0.006331891891891892,0.0026989189189189186,1.4273483660918846,1.272200346602972
57499.5,maxi,0.007175675675675675,0.002985945945945946,1.9092817513870146,2.174424595526352
57500.0,bat,0.018657545454545458,0.005227181818181818,,
57500.5,maxi,0.007072162162162162,0.0033091891891891888,0.8134297087785459,0.9052715967329005
57501.5,maxi,0.012837837837837837,0.0036137837837837833,1.3350643125349524,1.0643250059790355
57505.5,maxi,0.040197567567567566,0.010328648648648648,3.34337565454415,5.398592433414763
57511.5,maxi,0.01654,0.005578378378378377,0.24330066479336576,0.21505696032101432
57514.5,maxi,0.009272972972972972,0.003972972972972973,0.6906513668579143,0.6112166255872435
57516.5,maxi,0.007507567567567567,0.0028789189189189187,2.8489663684048137,2.625035235295911
57517.5,maxi,0.00671027027027027,0.002657567567567567,0.3046269647996458,0.513203721650038
57518.5,maxi,0.010137297297297296,0.0024954054054054054,1.3271068635968724,0.6033470665584334
57519.5,maxi,0.009247567567567568,0.003977297297297297,0.5503839523585645,0.4357676450888413
57521.5,maxi,0.011304324324324324,0.0027975675675675675,0.6661559786970161,0.44613881518270354
57524.5,maxi,0.006034864864864865,0.0024194594594594593,0.5153675757995293,0.3499980083218122
57525.5,maxi,0.005025405405405405,0.0022778378378378377,0.6200636201412058,0.39047198977123687
57527.5,maxi,0.005368918918918919,0.0022537837837837836,1.5325255102040818,1.2604283540314951
57535.5,maxi,0.02021297297297297,0.0036383783783783784,1.9280285757713937,1.1027455506104669
57536.5,maxi,0.014501351351351352,0.0026048648648648648,4.2719968645894575,3.9347288039941577
57539.0,bat,0.022135136363636364,0.009237454545454545,,
57541.5,maxi,0.008024054054054054,0.00222,1.2207245155855098,0.7189404330589898
57542.5,maxi,0.009325945945945945,0.0023037837837837838,1.2065109153581004,0.5690786713776228
57543.5,maxi,0.005637567567567567,0.0022778378378378377,1.3027648796960742,0.7993168158117907
57544.5,maxi,0.010130540540540542,0.0042156756756756755,0.34899387196314485,0.3304045876858034
57545.5,maxi,0.010616486486486486,0.002711081081081081,0.9297752808988765,0.5863415053503818
57547.5,maxi,0.005924594594594594,0.002303513513513513,2.487551867219917,2.6769431149912393
57548.5,maxi,0.007656486486486486,0.002343513513513513,1.8739962210675485,1.17080237266011
57549.5,maxi,0.007016216216216216,0.0024205405405405404,1.3657365347177157,1.011272704988267
57550.0,bat,0.01055668181818182,0.004508909090909091,,
57550.5,maxi,0.007025405405405405,0.0024286486486486485,1.1704197638828158,0.7804167123216401
57552.5,maxi,0.009253243243243241,0.0029799999999999996,1.7684310018903593,1.3244933840828688
57553.5,maxi,0.007995945945945946,0.0037108108108108106,0.5059764048432164,0.5579739102904272
57554.5,maxi,0.009847027027027028,0.0031859459459459456,0.6930315014318832,0.46137070847425976
57555.5,maxi,0.012192432432432431,0.0032105405405405407,1.0326068781004405,0.4773985889847288
57559.5,maxi,0.010098648648648649,0.003209459459459459,0.2017395657343095,0.17798084048670004
57561.5,maxi,0.006681351351351351,0.002824324324324324,6.020119225037257,16.18743034635681
57562.5,maxi,0.008148108108108109,0.0027259459459459457,0.7408089444261756,0.47719349031819697
57563.5,maxi,0.006938378378378378,0.0027962162162162157,-0.030278852674831453,-0.1823154721968854
57565.5,maxi,0.005991621621621621,0.002724864864864865,0.6425231793327523,0.530137204907377
57567.5,maxi,0.008777837837837837,0.002636216216216216,0.4833422317138281,0.30157973431046337
57568.5,maxi,0.00823,0.0026178378378378378,0.8390222278513078,0.4695283926462877
57569.5,maxi,0.006945675675675675,0.0022072972972972974,0.4363295880149813,0.281381808396295
57570.5,maxi,0.005459459459459459,0.002269189189189189,1.4143688725490196,1.2755625020743506
57571.5,maxi,0.011464054054054054,0.0028586486486486483,0.4852309626060543,0.310397483715015
57572.5,maxi,0.022237297297297298,0.0022694594594594593,1.0788907482667942,0.28578655194952324
57573.5,maxi,0.012259459459459459,0.0035105405405405406,0.7192192192192193,0.5701663958743679
57574.5,maxi,0.011178648648648648,0.005065945945945945,-0.8096209416964133,-0.6828921234083044
57576.5,maxi,0.022864054054054055,0.007836756756756756,0.9742465753424657,0.7203203467375936
57577.5,maxi,0.028846486486486484,0.013487837837837836,3.1321908198035677,9.113722496767101
57584.0,bat,0.012637818181818182,0.006038545454545454,,
57588.5,maxi,0.008297837837837838,0.0036897297297297294,0.3125580643858303,0.2722508912042819
57589.5,maxi,0.009014594594594595,0.002679189189189189,0.6854682454251884,0.4302718715491788
57590.5,maxi,0.0061343243243243235,0.0024786486486486486,0.428288567493113,0.4075740749919656
57591.5,maxi,0.013822432432432433,0.0025845945945945944,1.0844319271332692,0.4439956717878982
57594.5,maxi,0.0066537837837837835,0.0024948648648648645,1.2357065803667744,0.8649110349011069
57595.5,maxi,0.006048378378378378,0.002368378378378378,0.7356690116319565,0.40377685657276285
57596.5,maxi,0.006046486486486486,0.002538108108108108,0.697571602486064,0.3927831900587846
57607.5,maxi,0.022416486486486486,0.002947027027027027,1.5201696262920752,0.5325351329502598
57608.5,maxi,0.012731621621621622,0.0025956756756756755,0.8409107284386483,0.4405341041069449
57609.5,maxi,0.00777,0.0022775675675675675,0.9204086481349488,0.36080143912326235
57611.5,maxi,0.012651081081081081,0.002363243243243243,0.7656842719579807,0.32666945725985064
57613.5,maxi,0.005916216216216216,0.0022548648648648647,2.7259303012404015,3.7323822896239416
57614.5,maxi,0.006309459459459459,0.002193513513513513,0.8167631759740897,0.5317661320266276
57615.5,maxi,0.008293513513513514,0.0023227027027027023,2.0833127317676143,1.3003108139068495
57618.5,maxi,0.007566756756756757,0.002192432432432432,1.2633354417035632,0.7133943119681958
57619.5,maxi,0.005212702702702702,0.002306216216216216,1.1684684684684683,0.7049568262346605
57620.5,maxi,0.006225675675675675,0.002343513513513513,0.855119825708061,0.7740616425175497
57621.5,maxi,0.00949972972972973,0.0025375675675675673,1.321718802181899,0.900349736489742
57622.5,maxi,0.006283783783783784,0.0026472972972972973,0.9293113954905544,0.8194245775774958
57623.5,maxi,0.009485135135135134,0.002910540540540541,1.3712967235809876,0.8865363765838662
57624.5,maxi,0.011468108108108107,0.0031670270270270267,1.0893928485721143,0.5509484565292152
57625.5,maxi,0.008820810810810811,0.0037454054054054053,0.8237325687475563,0.5989525190072222
57627.5,maxi,0.008908108108108109,0.0029956756756756757,1.541466826538769,0.9936921650225582
57628.5,maxi,0.01765189189189189,0.0038267567567567564,1.7208873594297305,0.8647289012237915
57631.5,maxi,0.007369459459459459,0.0033737837837837835,0.6082317843960156,0.40643057944645594
57633.5,maxi,0.006637027027027027,0.0030808108108108107,0.8829758832428584,0.7923174815573747
57634.5,maxi,0.009292702702702701,0.0027797297297297296,0.9028242433673073,0.6325947881117251
57635.5,maxi,0.010384324324324323,0.002718378378378378,0.5718573954521156,0.26216862663533697
57636.5,maxi,0.007775675675675675,0.0027083783783783785,1.0183812405446293,0.6575445073098528
57637.5,maxi,0.005446756756756757,0.0025497297297297295,1.370557127044644,1.264306448373387
57638.5,maxi,0.007487837837837838,0.0026656756756756757,0.5835042150831625,0.35454596713837355
57639.5,maxi,0.010566486486486486,0.0026975675675675677,0.3521554706537108,0.16046742413169776
57641.5,maxi,0.006487837837837837,0.002718378378378378,0.9829557484649587,0.8705452909769246
57642.5,maxi,0.0064670270270270275,0.002901081081081081,0.6662613160383731,0.480720520276182
57643.5,maxi,0.005918648648648648,0.0027897297297297297,0.6472798562326417,0.3742713991276441
57645.5,maxi,0.014305135135135134,0.003321081081081081,0.5050107008186976,0.24273159165247948
57647.5,maxi,0.01786972972972973,0.004815945945945946,0.3711886407586956,0.24449823930932135
57648.5,maxi,0.021765405405405405,0.006798378378378378,0.2244170752122444,0.2821043723192707
57649.5,maxi,0.024821351351351353,0.008264054054054054,0.3144478791871484,0.25719521101040616
57650.5,maxi,0.05441972972972973,0.01918054054054054,0.16646035348325425,0.8117584865778478
57654.5,maxi,0.024334594594594597,0.009986486486486486,0.3114376936801577,0.6868417203075007
57658.5,maxi,0.007706486486486487,0.0038510810810810808,2.1665585679076407,2.296857755651728
57660.5,maxi,0.007108648648648648,0.003457027027027027,0.7070255611911817,0.4231144393954633
57661.5,maxi,0.014744864864864864,0.002983243243243243,0.6771584552133181,0.24185729207666137
57663.5,maxi,0.01843189189189189,0.0029729729729729725,0.9234024838687296,0.2786129172826784
57664.5,maxi,0.013101891891891891,0.005557837837837838,0.9461891995404059,0.7227213143166048
57665.5,maxi,0.007823513513513514,0.0025486486486486484,1.6639714375721935,1.0514687427827127
57666.0,bat,0.011532909090909092,0.005699318181818181,,
57666.5,maxi,0.00822135135135135,0.002706216216216216,0.7668918918918919,0.6813413654622471
57668.5,maxi,0.006876216216216216,0.002452972972972973,0.9874524714828897,0.6289811869597004
57679.5,maxi,0.034471621621621616,0.004361081081081081,1.9192629179331306,0.7961282234703418
57680.5,maxi,0.009183513513513514,0.0024964864864864865,1.078364148402106,0.8002711036886083
57681.5,maxi,0.008041081081081081,0.002305405405405405,0.6557418485129329,0.417224193841679
57684.5,maxi,0.005033243243243243,0.002199459459459459,0.5437745006533508,0.4264236969066991
57685.5,maxi,0.00968108108108108,0.0022764864864864864,1.840474545035706,1.0813039922719183
57686.5,maxi,0.005023783783783784,0.0021616216216216217,0.4408474015226746,0.290488504417092
57687.5,maxi,0.01010972972972973,0.002337027027027027,1.0340178386226924,0.46874644753630895
57688.5,maxi,0.012726216216216215,0.003051081081081081,0.7259338412934399,0.3357395386623856
57689.5,maxi,0.007562972972972973,0.003636216216216216,0.40669497876592564,0.8092664153655812
57690.5,maxi,0.005769459459459459,0.0021367567567567567,2.494645799011532,4.385797775736299
57691.5,maxi,0.006512432432432432,0.0020556756756756754,0.5143794749403341,0.25831848072521213
57692.5,maxi,0.010520540540540541,0.0021005405405405404,2.946982964496099,2.139196685750164
57694.0,bat,0.025854227272727272,0.005810772727272728,,
57694.5,maxi,0.012053783783783783,0.002301891891891892,0.6943577549908356,0.26717645957675146
57695.0,bat,0.02827281818181818,0.0073535909090909094,,
57695.5,maxi,0.009401621621621621,0.0025937837837837836,0.9615847860538826,0.46028732221015706
57696.0,bat,0.04807072727272727,0.006969590909090909,,
57696.5,maxi,0.011804594594594594,0.002722162162162162,1.6258557554529534,0.8230393646133
57697.0,bat,0.08050781818181818,0.014945954545454545,,
57697.5,maxi,0.019265405405405403,0.0035016216216216217,1.3134910540150937,0.4956392499189967
57698.0,bat,0.10287945454545455,0.0075439545454545455,,
57698.5,maxi,0.03198810810810811,0.0036908108108108105,1.7577724410982019,0.49470115190902875
57699.0,bat,0.12979140909090908,0.008844136363636363,,
57699.5,maxi,0.03567243243243243,0.003249189189189189,1.597834132967786,0.33910252402589686
57700.0,bat,0.13149636363636363,0.009537727272727272,,
57700.5,maxi,0.03809675675675676,0.007020810810810811,0.5903252073051165,0.24770530596691157
57701.0,bat,0.1290838181818182,0.009653454545454547,,
57701.5,maxi,0.04534189189189189,0.0053100000000000005,1.6940172316611646,0.5347136380379403
57702.0,bat,0.14716713636363635,0.010831272727272728,,
57702.5,maxi,0.01939243243243243,0.009031081081081081,0.01904585456229736,0.21338049706141093
57703.0,bat,0.1299746818181818,0.008044863636363636,,
57703.5,maxi,0.03637189189189189,0.004099189189189189,1.1570187693615988,0.2906501177391235
57704.0,bat,0.1175325909090909,0.016383863636363637,,
57704.5,maxi,0.037669189189189184,0.003824054054054054,0.8290361977134716,0.18672672674411395
57705.0,bat,0.16857068181818183,0.03287990909090909,,
57705.5,maxi,0.02807,0.0035518918918918917,1.6648122392211404,0.6178918625917497
57706.0,bat,0.2153611818181818,0.04255668181818181,,
57706.5,maxi,0.032290540540540535,0.0034086486486486485,1.3287790467649618,0.35137711225740104
57707.0,bat,0.15865531818181816,0.010298954545454545,,
57707.5,maxi,0.03547864864864864,0.0036005405405405404,1.4104747492882608,0.37925429972892943
57708.0,bat,0.14982163636363635,0.011970727272727274,,
57708.5,maxi,0.03650054054054054,0.0033591891891891893,1.1532240194992245,0.2606640354075885
57709.0,bat,0.10719854545454545,0.0393980909090909,,
57709.5,maxi,0.03444432432432432,0.003355135135135135,1.0839992642400214,0.23724958021185066
57710.0,bat,0.11197622727272727,0.030337636363636365,,
57710.5,maxi,0.03689756756756757,0.0032908108108108103,0.8812650417534847,0.1619791482820605
57711.0,bat,0.12062045454545454,0.022713136363636366,,
57711.5,maxi,0.0402627027027027,0.003426216216216216,1.4086473905648553,0.29780395403889137
57712.0,bat,0.17898922727272726,0.038705863636363635,,
57712.5,maxi,0.039457837837837836,0.003232162162162162,1.3472490022868928,0.2709734344100157
57713.0,bat,0.11896477272727274,0.016528045454545455,,
57713.5,maxi,0.038799729729729726,0.003765945945945946,1.0702389843166542,0.23132637418655555
57714.0,bat,0.12786190909090908,0.04554886363636364,,
57714.5,maxi,0.03634,0.003617837837837838,1.3725068618481242,0.32349943863242697
57715.0,bat,0.13809127272727273,0.02065009090909091,,
57715.5,maxi,0.03330135135135135,0.0037916216216216216,0.960631981483345,0.23414094943771652
57716.0,bat,0.21617077272727273,0.08535949999999999,,
57716.5,maxi,0.027309729729729726,0.0038513513513513515,1.6504796163069546,0.5758565022056251
57717.0,bat,0.09606190909090909,0.020224318181818184,,
57717.5,maxi,0.03672891891891891,0.004178648648648649,0.8568440491444939,0.22257935987337737
57718.5,maxi,0.03495756756756757,0.004174864864864865,1.2144626610215297,0.33699039947806547
57719.5,maxi,0.047697837837837834,0.00623027027027027,0.7660170538652574,0.20769757635971273
57720.5,maxi,0.04140297297297297,0.0071683783783783785,1.2820214777675614,0.47011065841920274
57721.5,maxi,0.03894081081081081,0.00937189189189189,0.6768756860106929,0.29008654207507534
57722.0,bat,0.0927195909090909,0.02858813636363636,,
57723.0,bat,0.144673,0.02749036363636364,,
57726.0,bat,0.09672354545454546,0.028181545454545456,,
57726.5,maxi,0.05426810810810811,0.014895945945945944,0.6431951493915269,0.31303448387143096
57729.0,bat,0.057363363636363636,0.02547690909090909,,
57732.5,maxi,0.03479594594594594,0.01127054054054054,4.2319641665872485,8.2874612699742
57733.0,bat,0.07187581818181818,0.0299075,,
57733.5,maxi,0.029746486486486482,0.0048224324324324325,1.1779160481349293,0.46200345909412666
57734.5,maxi,0.02893243243243243,0.003202162162162162,1.2698552293329726,0.34835791874843414
57735.5,maxi,0.03349432432432432,0.0029005405405405403,1.0099507698753534,0.20989791143978384
57736.5,maxi,0.017972432432432434,0.0048886486486486485,7.901621384750218,14.468879952366688
57737.5,maxi,0.019458108108108108,0.00292,0.927358685899648,0.2821774840370257
57738.5,maxi,0.014398108108108107,0.00257,1.486771591357816,0.5410550067033161
57739.5,maxi,0.018085675675675678,0.00266027027027027,1.0996729702829517,0.3759943691944004
57740.5,maxi,0.010552162162162163,0.0025021621621621622,0.9554728756601054,0.4145049872166419
57741.5,maxi,0.011248378378378379,0.0024702702702702702,1.0505583126550868,0.4445517606759996
57742.5,maxi,0.007279729729729729,0.0021689189189189185,0.39742641621061975,0.20567335737372308
57743.5,maxi,0.011912972972972972,0.002322162162162162,0.8390605296343001,0.30652057267884286
57744.5,maxi,0.01109297297297297,0.0022708108108108107,0.7481442205726404,0.340678287200368
57745.5,maxi,0.020456216216216218,0.0025545945945945944,1.5615115698351922,0.5059971979539778
57746.5,maxi,0.03886567567567567,0.00641972972972973,0.960558771709036,0.4281166720414742
57757.0,bat,0.026777318181818183,0.013052136363636365,,
57762.5,maxi,0.020383513513513512,0.0048459459459459465,1.3273748447372686,0.8581685093173902
57763.5,maxi,0.02138378378378378,0.002522162162162162,2.6802584198263077,1.4126633541200475
57764.5,maxi,0.02054297297297297,0.0023756756756756754,1.1657025253087105,0.38575550843163087
57765.5,maxi,0.013358918918918918,0.0023064864864864865,2.1304623983739837,1.2830360534711407
57766.5,maxi,0.014404864864864864,0.002735675675675676,1.327175697865353,0.6923193434243681
57767.5,maxi,0.00955081081081081,0.002632972972972973,0.47161150036240634,0.30838322135034923
57768.5,maxi,0.00789081081081081,0.0030351351351351353,1.1424846496761711,0.744840622071311
57769.5,maxi,0.010846216216216216,0.0032667567567567567,2.5951140650260465,3.1123798133154263
57771.5,maxi,0.010757297297297295,0.0032845945945945945,0.5234892489554672,0.3231891579948443
57772.5,maxi,0.014446756756756756,0.003603513513513513,1.220013135112544,0.6306585927734054
57773.5,maxi,0.014567297297297298,0.0044270270270270265,3.4038461538461537,7.9935362945664785
57775.5,maxi,0.01774945945945946,0.003800810810810811,0.3517632211824654,0.17023945586113826
57776.5,maxi,0.01219081081081081,0.003554324324324324,0.04029936672423719,0.13364089522234082
57777.5,maxi,0.01329081081081081,0.003291351351351351,0.7918372075063712,0.3595803734153641
57778.5,maxi,0.011705405405405406,0.0031243243243243243,0.6949987263309841,0.34461467764465104
57779.5,maxi,0.010777837837837836,0.0029621621621621617,0.37792597972861436,0.1969088817248642
57780.5,maxi,0.008029729729729729,0.0029605405405405405,0.4256139260180292,0.3740780124579824
57781.5,maxi,0.008667837837837838,0.002862702702702703,1.3934241524121682,1.1880438608420103
57782.5,maxi,0.008238108108108108,0.002885405405405405,1.0528579760863226,0.7084018000104905
57783.5,maxi,0.008335945945945946,0.002827027027027027,3.3738358241282222,5.313192867543453
57784.5,maxi,0.013725135135135135,0.0030475675675675673,0.4261874559548978,0.17823920752329078
57786.5,maxi,0.008527837837837837,0.0032167567567567565,0.15238555965410897,0.164819212708108
57787.5,maxi,0.0067494594594594585,0.003028378378378378,0.8934194890077243,0.6640576083185196
57789.5,maxi,0.01539054054054054,0.003912972972972973,0.3078522656734948,0.22185230392840394
57790.5,maxi,0.009613783783783783,0.004475675675675675,0.5302358043770876,0.4883518009542937
57791.5,maxi,0.02234135135135135,0.005682162162162162,0.870625470987189,0.4952807789345885
57794.5,maxi,0.04943108108108108,0.010898918918918919,1.070171705780974,0.6817850623243883
57799.5,maxi,0.011789459459459459,0.0048567567567567565,0.9747060919130743,0.8845216809167207
57805.5,maxi,0.006989729729729729,0.0026694594594594595,0.46900031535793124,0.33209586868551183
57806.5,maxi,0.0055921621621621625,0.002607297297297297,0.8493039443155453,0.7386115539297226
57807.5,maxi,0.009187297297297297,0.0024775675675675676,1.017087542087542,0.5665900991489917
57809.5,maxi,0.005570540540540541,0.002761081081081081,0.7389833526217394,0.5862591214072114
57810.5,maxi,0.00533081081081081,0.002518378378378378,0.9395576987030263,0.5709461576295699
57811.5,maxi,0.006536216216216216,0.0023997297297297295,0.7181577074843134,0.37859177940020705
57813.5,maxi,0.005363783783783783,0.0023367567567567564,1.0655685777636996,0.7101074547007117
57814.5,maxi,0.007628378378378378,0.0023472972972972974,1.3220712449504222,0.7136493854558593
57815.5,maxi,0.005186216216216216,0.00237,4.041285756414037,5.811074234690554
57824.5,maxi,0.021165405405405405,0.0032235135135135133,1.138663308290268,0.4000886537649037
57825.5,maxi,0.008477027027027026,0.002415945945945946,0.8358910729445569,0.38235282739295845
57826.5,maxi,0.008338648648648648,0.00218027027027027,2.687295160979372,2.3082482632580548
57827.5,maxi,0.0058402702702702695,0.0022535135135135134,0.6979024167806657,0.5710864609824793
57828.5,maxi,0.00932108108108108,0.00219972972972973,1.6306674020959735,0.8876477018253439
57829.5,maxi,0.007897837837837839,0.002606216216216216,0.8723881643528256,0.4696758259231579
57831.5,maxi,0.007227297297297298,0.002340810810810811,0.6902228285584358,0.4862658591189269
57832.5,maxi,0.009417297297297296,0.0022713513513513512,1.1011195892462382,0.48766430051785975
57834.5,maxi,0.011269189189189188,0.0025710810810810813,3.229610096063289,3.0275995491727428
57837.0,bat,0.01424731818181818,0.006555454545454546,,
57838.5,maxi,0.0066099999999999996,0.002453243243243243,2.1851292696735234,2.1692666159618423
57839.5,maxi,0.008738648648648649,0.00248,2.8339715536105032,3.729096900357729
57840.5,maxi,0.00591,0.002715945945945946,0.6601121014426169,0.5417370665020927
57841.5,maxi,0.01309,0.003381621621621622,8.103448275862068,23.973236117436073
57843.5,maxi,0.01515108108108108,0.003192702702702703,1.891952598559368,0.9603905100015773
57844.5,maxi,0.01656027027027027,0.003603243243243243,0.853434983724516,0.3672426309421192
57845.5,maxi,0.009766216216216216,0.004040810810810811,9.14773396115362,35.59586184447668
57847.5,maxi,0.015554594594594594,0.004366486486486487,1.772698141422773,1.3236146910296882
57848.5,maxi,0.009031621621621622,0.0033981081081081083,1.1592321611202896,0.9381215843760433
57850.5,maxi,0.00726081081081081,0.0030908108108108107,0.4267889087656529,0.2932345476072464
57852.5,maxi,0.006096216216216216,0.0028405405405405406,0.15679036331843793,0.23515264508634706
57854.5,maxi,0.007740810810810811,0.0029572972972972972,0.22458477092192888,0.4060622841520266
57855.5,maxi,0.009865405405405404,0.003006216216216216,0.49892729439809297,0.3081175116247461
57857.5,maxi,0.008805675675675676,0.002838378378378378,0.8894472361809045,0.5735662812373177
57859.5,maxi,0.007926486486486486,0.0030110810810810807,0.4366303436714166,0.4975592713050353
57862.0,bat,0.011884818181818182,0.0054129090909090915,,
57862.5,maxi,0.01663756756756757,0.004051351351351351,0.535783512599293,0.3355003260922053
57866.5,maxi,0.036848648648648646,0.010043243243243242,1.4270357544985233,0.8876891811068962
57867.5,maxi,0.031517567567567566,0.014373513513513512,0.1582678644089017,0.30627787550075614
57871.5,maxi,0.017054054054054055,0.005804324324324324,2.0159468438538206,1.991116963916378
57872.5,maxi,0.015856486486486486,0.005071891891891892,20.11111111111111,116.62034945277864
57877.5,maxi,0.008888108108108108,0.003204054054054054,45.45930232558139,690.1655128815838
57878.5,maxi,0.007833783783783783,0.0027116216216216214,0.3302978466492252,0.24980996499446642
57879.5,maxi,0.007204594594594594,0.002583243243243243,1.7628566822505238,1.5979829085993624
57882.5,maxi,0.006500810810810811,0.0027027027027027024,1.0809482001755926,1.3191909133063473
57884.5,maxi,0.0059713513513513505,0.0024564864864864864,0.4018932874354561,0.27739633412472375
57885.5,maxi,0.006277567567567568,0.002337027027027027,4.359321058688147,5.800991783265605
57896.5,maxi,0.02100081081081081,0.00454054054054054,2.7497062279670974,2.3665999637469786
57897.5,maxi,0.014354054054054053,0.0027578378378378377,1.3284103720405864,0.5026038119241936
57898.5,maxi,0.01060189189189189,0.0027813513513513513,1.8993195389529232,1.537207808621183
57901.5,maxi,0.009347297297297295,0.0033508108108108105,1.3053305249513931,0.9001693756298217
57902.5,maxi,0.006972702702702702,0.0022835135135135134,2.6639302206259616,3.2146218043775048
57903.5,maxi,0.006457567567567568,0.0024164864864864863,0.6445193387899213,0.4371221710172895
57904.5,maxi,0.005616486486486486,0.00221,0.7076998528690536,0.8036356544342025
57905.5,maxi,0.011194594594594594,0.004044594594594594,1.0211210398050365,0.6332925288267308
57906.5,maxi,0.00470108108108108,0.0022270270270270272,0.9227477477477477,0.6790512318350764
57908.5,maxi,0.010373783783783784,0.0022105405405405407,1.5431128209417075,0.7109366492458522
57909.5,maxi,0.009605135135135135,0.00228027027027027,1.3910007072135786,0.6970680843696355
57910.5,maxi,0.01019108108108108,0.002192432432432432,0.502310145116158,0.27924706772211483
57911.5,maxi,0.010147837837837837,0.0025116216216216213,0.6460479421959674,0.2809484090579161
57912.5,maxi,0.009258918918918918,0.0027486486486486485,0.6984154826638602,0.3748234502101801
57913.5,maxi,0.011511891891891892,0.0031875675675675677,1.0277290733164492,0.5848733109053408
57914.5,maxi,0.009635945945945945,0.003424324324324324,0.7341314820062341,0.5412394910572557
57915.5,maxi,0.008992702702702702,0.002581081081081081,1.2523565849717209,0.5581607734414449
57916.5,maxi,0.01076135135135135,0.002544054054054054,0.5538124408586085,0.2495346857512248
57917.5,maxi,0.011052162162162161,0.0028727027027027024,0.41157365050320216,0.2268953274427972
57919.0,bat,0.014614454545454547,0.006467181818181818,,
57920.5,maxi,0.00892864864864865,0.002312432432432432,0.7857182893335575,0.31501119474332606
57921.5,maxi,0.0045970270270270265,0.00213,0.7644731530076706,0.41395387271563255
57922.5,maxi,0.0051035135135135135,0.002115135135135135,0.6896478798773396,0.5016765265894549
57924.5,maxi,0.005054054054054054,0.002011891891891892,1.1009384548232213,0.6464830057764901
57925.5,maxi,0.012957027027027026,0.002344324324324324,2.3718546132339235,1.5538982834796158
57926.5,maxi,0.007435945945945945,0.002081081081081081,0.39076805696846395,0.23879470478417222
57927.5,maxi,0.006204324324324324,0.0021267567567567563,0.7143176067867242,0.36220697444372246
57928.5,maxi,0.00857945945945946,0.0021345945945945946,0.9469888761028002,0.4376861464713552
57929.5,maxi,0.004457837837837838,0.0021597297297297298,0.6003821942446044,0.5000024959445147
57930.5,maxi,0.006035405405405405,0.00224,0.5772659076868767,0.39363486254021673
57931.5,maxi,0.0066348648648648645,0.002497567567567567,0.9619228938600667,0.45718215332972095
57932.5,maxi,0.005084054054054054,0.0023937837837837836,2.379490839876279,2.7319969827184716
57933.5,maxi,0.00497,0.0024821621621621617,5.977049180327868,18.29802397041806
57934.5,maxi,0.019498918918918917,0.0035354054054054056,0.977066094595975,0.4410041145555269
57935.5,maxi,0.008929189189189187,0.0033978378378378376,0.7630458378558904,0.6160921810780858
57936.5,maxi,0.012981081081081081,0.004712162162162162,6.0003562522265765,17.10578432443857
57937.5,maxi,0.015527027027027027,0.004868378378378379,1.0260691770318622,1.0153102145022512
57938.5,maxi,0.030066486486486483,0.006356216216216216,0.654644447118277,0.378979827505589
57939.5,maxi,0.027006216216216215,0.009966216216216215,-6.540065146579805,-19.23000887407286
57943.5,maxi,0.01398945945945946,0.0058083783783783784,0.5034353872368493,0.6215859210099979
57944.5,maxi,0.012116486486486487,0.005214864864864864,1.0004303388918774,1.4509508783986627
57947.5,maxi,0.012054324324324324,0.0036108108108108107,0.9915698639230003,0.6660153829516825
57949.5,maxi,0.006928378378378379,0.002428108108108108,1.4546811397557666,1.1564341033942873
57950.5,maxi,0.00782027027027027,0.002215405405405405,0.9436923076923078,0.6135939645350253
57951.5,maxi,0.0070586486486486485,0.0021886486486486483,1.0318773573427424,0.7367376879581193
57952.5,maxi,0.011605135135135135,0.0022570270270270273,1.470206590404644,0.682621235966251
57954.5,maxi,0.006921891891891891,0.002203243243243243,1.2912369104794899,0.6375829477296283
57956.5,maxi,0.004530540540540541,0.001981891891891892,0.4883151149641915,0.3863163638193712
57957.0,bat,0.018990136363636365,0.0058965,,
57957.5,maxi,0.005793243243243242,0.002084054054054054,0.473480026671516,0.26286480001096213
57958.0,bat,0.02332822727272727,0.003976545454545455,,
57958.5,maxi,0.008858918918918919,0.0022124324324324326,2.6759273630296443,1.9804799676339357
57959.0,bat,0.020332772727272727,0.004170636363636363,,
57960.0,bat,0.04472640909090909,0.0037024545454545452,,
57961.0,bat,0.06480154545454545,0.004159772727272727,,
57962.0,bat,0.08619540909090909,0.0049085,,
57962.5,maxi,0.034247027027027026,0.003984594594594594,1.393593286936832,0.45141044136878167
57963.0,bat,0.1128335,0.005734318181818182,,
57964.0,bat,0.12129768181818182,0.006066772727272727,,
57965.0,bat,0.13296704545454546,0.0066675,,
57966.0,bat,0.14340490909090908,0.006308318181818182,,
57967.0,bat,0.1447104090909091,0.007795409090909091,,
57968.0,bat,0.14977740909090909,0.006990772727272727,,
57968.5,maxi,0.05787,0.003857297297297297,0.7929910620573841,0.11108468899212483
57969.0,bat,0.13564777272727271,0.0071077272727272725,,
57969.5,maxi,0.04578351351351351,0.003086216216216216,1.173385004540148,0.16287405198410654
57970.0,bat,0.14617313636363635,0.008350954545454545,,
57970.5,maxi,0.05576162162162162,0.003192432432432432,0.9075796603701582,0.1088668261165755
57971.0,bat,0.15463681818181818,0.007376590909090909,,
57971.5,maxi,0.050285945945945945,0.0029870270270270266,1.0291692833950212,0.12342613402184
57972.0,bat,0.1419314090909091,0.006963863636363637,,
57972.5,maxi,0.05328135135135135,0.0032197297297297295,0.8976883665590172,0.11234020661584873
57973.0,bat,0.15326527272727275,0.007027409090909091,,
57973.5,maxi,0.04721810810810811,0.003086216216216216,0.9409867479960055,0.12409562401260789
57974.0,bat,0.15050127272727273,0.006724727272727273,,
57974.5,maxi,0.053422702702702704,0.0033375675675675676,0.8602105508055604,0.11074824257077175
57975.0,bat,0.13088322727272728,0.007766772727272727,,
57975.5,maxi,0.053865945945945945,0.0033097297297297297,0.9860504563348902,0.1280500193462174
57976.0,bat,0.13423745454545455,0.00714559090909091,,
57976.5,maxi,0.05165810810810811,0.003406216216216216,0.9775025278058647,0.1426421965884321
57977.0,bat,0.13811513636363634,0.007593818181818182,,
57977.5,maxi,0.054804324324324326,0.0047175675675675665,1.36260560626923,0.2806023687379683
57978.0,bat,0.1446829090909091,0.006799954545454546,,
57978.5,maxi,0.055987567567567564,0.004183513513513514,1.092907652453966,0.1807203840261609
57979.0,bat,0.135298,0.007317181818181819,,
57979.5,maxi,0.04413054054054054,0.003051081081081081,1.0403693398206153,0.14612008145928942
57980.0,bat,0.1368161818181818,0.007405454545454545,,
57980.5,maxi,0.05180567567567567,0.003361891891891892,0.8961788525151135,0.11249962097674558
57981.0,bat,0.12122477272727274,0.0069165,,
57981.5,maxi,0.04823486486486486,0.0033737837837837835,1.360932189066872,0.2221820067957226
57982.0,bat,0.12152450000000001,0.006585318181818182,,
57982.5,maxi,0.050252972972972966,0.003527837837837838,0.8851764897471739,0.13313182924943703
57983.0,bat,0.11791090909090908,0.043276499999999996,,
57983.5,maxi,0.045138648648648645,0.0035883783783783782,1.0614526914341078,0.17648522177269854
57984.0,bat,0.07731572727272727,0.023379954545454544,,
57984.5,maxi,0.04193432432432432,0.00401027027027027,1.5913584595514851,0.3635408540569561
57985.0,bat,0.107295,0.012459772727272727,,
57985.5,maxi,0.047506216216216215,0.004057837837837837,1.4428126302419275,0.29281854965880943
57986.0,bat,0.11144404545454546,0.008069363636363637,,
57986.5,maxi,0.05365081081081081,0.004957027027027027,1.1316162736809583,0.22483721677764285
57987.0,bat,0.09896627272727272,0.005719454545454546,,
57987.5,maxi,0.039115945945945946,0.0035045945945945942,0.9243445571507276,0.1591648243004736
57988.0,bat,0.09944263636363636,0.006462181818181818,,
57988.5,maxi,0.03571081081081081,0.0029943243243243244,0.9690536788523831,0.16045590762296028
57989.0,bat,0.09089868181818181,0.006244636363636364,,
57989.5,maxi,0.028274594594594592,0.0032213513513513516,1.4056462074144875,0.37459115934283793
57990.0,bat,0.08863186363636363,0.006238545454545454,,
57990.5,maxi,0.022946216216216217,0.003568378378378378,1.5459618545273859,0.5011923840738038
57991.0,bat,0.08740949999999999,0.00548290909090909,,
57991.5,maxi,0.01905108108108108,0.006575405405405405,1.3476658916115185,0.7790961154105639
57992.0,bat,0.08308027272727274,0.006855590909090908,,
57992.5,maxi,0.023464054054054054,0.002839459459459459,0.965003701805342,0.23051359330599017
57993.0,bat,0.06934454545454545,0.006269318181818182,,
57993.5,maxi,0.026244054054054052,0.0028427027027027024,0.6715380310791614,0.1439068163210998
57994.0,bat,0.059696545454545454,0.004649181818181818,,
57994.5,maxi,0.01856054054054054,0.002636216216216216,1.374057403402116,0.5164867132369031
57995.0,bat,0.05194377272727273,0.005726045454545454,,
57995.5,maxi,0.01717,0.002446486486486486,0.9390751882862792,0.27495419842331204
57996.0,bat,0.040128454545454544,0.0124475,,
57996.5,maxi,0.017985945945945943,0.0025072972972972974,0.7431152236175368,0.2163787677363074
57997.5,maxi,0.014957297297297297,0.002385945945945946,0.6262485017978426,0.17947413190393052
57998.0,bat,0.03788286363636364,0.008079772727272727,,
57998.5,maxi,0.011047567567567567,0.0023297297297297293,1.1556969696969697,0.43106566746105246
57999.0,bat,0.0321365,0.005913090909090909,,
57999.5,maxi,0.013736216216216216,0.002444054054054054,0.70501999111506,0.2674169767022083
58000.0,bat,0.03583431818181818,0.005794909090909091,,
58000.5,maxi,0.013002972972972973,0.002365135135135135,0.6329566420664205,0.19871144653207037
58001.0,bat,0.03714159090909091,0.0057090909090909085,,
58001.5,maxi,0.013704054054054053,0.002458108108108108,1.5021276595744681,0.6251785109889939
58002.0,bat,0.024234272727272726,0.006230363636363636,,
58002.5,maxi,0.015205675675675675,0.002508108108108108,11.135557132718239,33.84847237707144
58003.0,bat,0.02647913636363636,0.008065863636363637,,
58003.5,maxi,0.009083783783783784,0.002598108108108108,0.8408101195824981,0.42209969806045505
58004.5,maxi,0.01139918918918919,0.002663513513513513,1.1095841934532584,0.4482513890906286
58005.0,bat,0.023924499999999998,0.008132818181818182,,
58005.5,maxi,0.009083783783783784,0.002724054054054054,0.9475979557069847,0.4671010507146226
58006.5,maxi,0.010320000000000001,0.0028905405405405403,0.7670726966437735,0.40860725049154
58007.0,bat,0.01239059090909091,0.005826454545454545,,
58007.5,maxi,0.016561891891891892,0.0033208108108108104,1.4841523698749637,1.0175006602110301
58008.5,maxi,0.009988378378378376,0.0036802702702702704,1.3155688997310313,0.7672739436565578
58009.0,bat,0.01729540909090909,0.005706636363636363,,
58009.5,maxi,0.009072432432432432,0.002538648648648649,1.429388283525731,0.9319191947333209
58010.5,maxi,0.04525864864864865,0.008746216216216216,1.4120493695613567,0.6678058526176935
58013.0,bat,0.013253272727272728,0.005367681818181818,,
58015.5,maxi,0.026274594594594594,0.00725054054054054,2.1721951219512197,2.045635016391809
58018.5,maxi,0.008948648648648649,0.004455675675675675,2.4688954200342885,2.821991350364099
58019.0,bat,0.010810727272727272,0.005119590909090909,,
58022.5,maxi,0.008069999999999999,0.0025648648648648647,0.7281870073389509,0.5257509714362437
58024.5,maxi,0.015971891891891892,0.002625945945945946,1.299795605518651,0.44292027379892895
58026.5,maxi,0.009286216216216217,0.002567297297297297,0.783682679175821,0.3800413322292588
58029.5,maxi,0.0060656756756756755,0.002326756756756757,4.676755447941888,8.785479117255754
58040.5,maxi,0.024635945945945942,0.004354054054054053,5.9543807862605656,5.697058927374481
58041.5,maxi,0.013168648648648648,0.0025759459459459458,0.8757831782798556,0.3050325417365169
58042.5,maxi,0.011843243243243241,0.0024016216216216214,0.713763075179059,0.2820687079190778
58043.5,maxi,0.007007837837837838,0.0022972972972972973,0.9393645403832162,0.7036851112139072
58044.5,maxi,0.010301621621621621,0.0022556756756756755,0.9340828481563274,0.3997591822449853
58045.5,maxi,0.008804054054054053,0.002282162162162162,1.3959469190412508,0.7881735628209131
58046.5,maxi,0.0061754054054054056,0.0021743243243243244,1.6627733598409544,1.0544746868439674
58047.5,maxi,0.0055108108108108105,0.0021567567567567563,0.8873679154658981,0.667461326420392
58048.5,maxi,0.00707108108108108,0.0022943243243243243,0.5649115092887766,0.2791739222545179
58049.5,maxi,0.007337567567567567,0.0026275675675675675,0.7688404816668922,0.440784961048871
58051.5,maxi,0.01059243243243243,0.002355135135135135,1.5811164852881903,0.8333602814437777
58053.5,maxi,0.00946108108108108,0.002402162162162162,2.207406344194058,1.6342292636321425
58055.5,maxi,0.006917297297297296,0.002446486486486486,0.7432833360804351,0.4731725062865365
58057.0,bat,0.012824181818181818,0.005321181818181819,,
58057.5,maxi,0.00992945945945946,0.002905135135135135,0.8534582230367204,0.48091197603776736
58058.5,maxi,0.021015675675675673,0.0034027027027027025,1.180057704533229,0.47923214487021315
58059.5,maxi,0.010266486486486487,0.00405081081081081,-72.1981981981982,-4234.090809903838
58060.5,maxi,0.009315135135135134,0.002828918918918919,0.5701815038893691,0.24855635847612256
58061.5,maxi,0.010475135135135134,0.0028864864864864863,0.5707129963898917,0.2572065387478941
58062.5,maxi,0.01349135135135135,0.0027897297297297297,1.1461430367576364,0.565197082139404
58064.5,maxi,0.01033162162162162,0.0025924324324324323,1.6394424090787239,0.822961632858868
58065.5,maxi,0.00987945945945946,0.0024537837837837837,2.779385630870779,1.850540110591978
58067.5,maxi,0.008113243243243242,0.002286216216216216,-20.087898089171972,-107.15780667876793
58068.5,maxi,0.007796756756756756,0.0023145945945945946,0.5939828871101297,0.33152615018267956
58069.5,maxi,0.009477027027027025,0.0022445945945945944,0.5768007093308298,0.245910768914031
58070.5,maxi,0.006791621621621621,0.002271081081081081,0.8136678329487084,0.4182331687000904
58072.5,maxi,0.005085405405405405,0.0022564864864864863,3.103936311366652,6.341913024514536
58073.0,bat,0.0270135,0.010059772727272728,,
58074.5,maxi,0.005659999999999999,0.0024208108108108107,2.590460964561684,3.415179139161911
58075.5,maxi,0.01134108108108108,0.0025656756756756755,0.7326217018895537,0.25504289744593867
58076.5,maxi,0.009683513513513512,0.0026254054054054054,2.363552692130695,2.756676950893059
58079.5,maxi,0.01732189189189189,0.0033481081081081078,1.0679944641675192,0.5147007772520474
58082.5,maxi,0.016217567567567568,0.006017027027027027,1.2250448469417279,0.9970611711667966
58097.5,maxi,0.014555135135135134,0.005887567567567567,1.1586614022309962,0.7163878295133483
58098.5,maxi,0.017834594594594595,0.002858918918918919,1.183438361559669,0.43523541282403644
58099.5,maxi,0.012818108108108107,0.0025354054054054056,0.8143956141126536,0.292036681067167
58100.5,maxi,0.014240270270270269,0.0025827027027027025,0.7381668714776051,0.27058803330416553
58101.5,maxi,0.009229459459459459,0.0020586486486486484,1.0870907038012796,0.4737023640432121
58102.5,maxi,0.012274864864864864,0.0020905405405405404,1.1457795296996058,0.4347010220820262
58103.5,maxi,0.007651081081081081,0.001889189189189189,0.5876065181641501,0.30066325328415144
58104.5,maxi,0.00815054054054054,0.001971891891891892,0.8394658538355468,0.36832705042226177
58105.5,maxi,0.01567135135135135,0.001858108108108108,1.0392545598731164,0.2974603516617056
58106.5,maxi,0.018784864864864862,0.0022018918918918916,1.2591308003573491,0.35983133234367787
58107.5,maxi,0.02526297297297297,0.005461891891891892,2.9733065884894305,2.5676474512804806
58126.5,maxi,0.020210270270270267,0.0027329729729729728,0.9814056553783901,0.3542272756565247
58127.5,maxi,0.02255351351351351,0.0024051351351351354,1.6140850509243618,0.4360698582641485
58128.5,maxi,0.006244864864864865,0.0028086486486486486,-2.6260372487553014,-2.407660562409932
58129.5,maxi,0.007486486486486486,0.002898108108108108,1.510825365424772,1.1170452915656548
58130.5,maxi,0.012022162162162162,0.0029570270270270265,0.8704766276489939,0.5415443352429976
58131.5,maxi,0.008588378378378378,0.003051351351351351,1.8512592592592594,1.7079272150709421
58132.5,maxi,0.010665405405405405,0.0029872972972972973,0.5225051896106525,0.29255645391648605
58133.5,maxi,0.008565135135135134,0.0031618918918918915,1.4410894020130256,0.8626154749257393
58134.5,maxi,0.014299729729729729,0.0027475675675675674,1.5365853658536586,0.9395307969555662
58137.5,maxi,0.006292162162162162,0.0025345945945945943,2.179171160067786,1.8151092270432114
58138.5,maxi,0.006584594594594594,0.0023316216216216212,0.4864773780436431,0.3713381697485054
58141.5,maxi,0.005184324324324324,0.0022545945945945944,0.7131961866532864,0.5008340080784913
58142.5,maxi,0.008074864864864865,0.002241351351351351,1.7448693506784794,0.9903802705054993
58143.5,maxi,0.007061621621621621,0.002206756756756757,1.572360953461975,0.7677927178275771
58144.5,maxi,0.007781081081081081,0.0023262162162162162,1.016753825295371,0.6019961276942223
58145.5,maxi,0.005144594594594595,0.0022081081081081083,0.510827567616138,0.3842140102351339
58146.5,maxi,0.009480270270270269,0.0024437837837837837,0.5434691306173877,0.33227368798114115
58147.5,maxi,0.008603783783783783,0.0023897297297297295,0.8125,0.35792956881901233
58148.5,maxi,0.009596486486486484,0.002668918918918919,0.8590144700821275,0.417964762666477
58150.5,maxi,0.012063783783783784,0.00281027027027027,0.9097238338361567,0.39866929655578065
58151.5,maxi,0.01364162162162162,0.0028718918918918916,0.7340117074238197,0.3334075476150016
58152.5,maxi,0.015296216216216216,0.004489729729729729,7.4696296296296305,26.94221043464089
58153.5,maxi,0.016856756756756755,0.004617567567567567,0.8148134876554268,0.40699527085361786
58155.5,maxi,0.03251216216216216,0.007549459459459459,6.9,20.433523022279854
58159.5,maxi,0.02603216216216216,0.008154864864864863,1.0371304012574514,0.6878182300185797
58163.5,maxi,0.00947945945945946,0.004331891891891892,0.7506004493685597,0.780331221247315
58165.5,maxi,0.008777297297297296,0.0030556756756756755,1.316129673826571,0.974741095720249
58166.5,maxi,0.007383783783783783,0.0026337837837837838,1.659087417422031,1.5064348787863515
58167.5,maxi,0.006989729729729729,0.0027794594594594594,0.35484678968022043,0.42256601796255094
58168.5,maxi,0.01769189189189189,0.00261054054054054,1.2722695377363542,0.43919614021394315
58169.5,maxi,0.015109189189189189,0.005441351351351351,0.9436365278655948,1.1778330728736308
58170.5,maxi,0.00812027027027027,0.002881351351351351,1.010693662222856,0.582317387973986
58171.5,maxi,0.0069618918918918915,0.0024867567567567568,0.8817344456030588,0.5643034684413092
58173.5,maxi,0.005515945945945946,0.0023183783783783784,1.024982512241431,0.6470152743487408
58175.5,maxi,0.006461891891891892,0.0022654054054054053,0.424230649673609,0.3398805697183905
58185.5,maxi,0.02491891891891892,0.0036499999999999996,1.3513371363838653,0.4717227135565897
58186.5,maxi,0.005523513513513514,0.0024210810810810814,0.585651725914477,0.6222864849085494
58187.5,maxi,0.011085945945945945,0.002316216216216216,0.291394843118981,0.17749394680006406
58188.5,maxi,0.004595675675675675,0.0022078378378378376,2.1249211356466877,1.6289835833863822
58189.5,maxi,0.005301081081081081,0.0021772972972972974,1.0358299158212823,0.6712700131783401
58191.5,maxi,0.00885,0.0022905405405405405,0.6234197218710493,0.2736490065575676
58192.5,maxi,0.007494324324324324,0.0022556756756756755,1.3932505926649001,1.0572130016871875
58195.5,maxi,0.007086486486486486,0.0025675675675675674,0.7691157624946604,0.43713765125044496
58197.5,maxi,0.006475135135135135,0.002473243243243243,0.4843962008141113,0.3507852914270805
58198.5,maxi,0.0051281081081081085,0.0022378378378378376,2.4761171032357474,2.9090805567314684
58199.5,maxi,0.007577837837837838,0.0025605405405405403,0.6859807801017525,0.5292135099572031
58202.5,maxi,0.012634594594594593,0.0028470270270270267,0.5673797111870095,0.3371377840274287
58203.5,maxi,0.017805945945945943,0.003975135135135135,5.571233810497613,8.726127907482951
58204.5,maxi,0.009837027027027026,0.0031478378378378374,-20.930171277997367,-148.08044700684457
58205.5,maxi,0.006641621621621621,0.002751351351351351,1.0837853268626891,0.9947451866340898
58206.5,maxi,0.012640270270270268,0.0027905405405405405,0.7212655746885063,0.4105661348115554
58208.5,maxi,0.007138648648648648,0.002860810810810811,1.0946388918261605,0.8201349061676865
58209.5,maxi,0.004732162162162162,0.0023132432432432432,0.5340495867768595,0.7406901047358581
58210.5,maxi,0.00634972972972973,0.0023402702702702703,0.9377822378324134,0.9621792290614847
58213.0,bat,0.034719318181818185,0.0134945,,
58214.5,maxi,0.004764324324324325,0.0021691891891891892,0.4360932077342588,0.39012747785379903
58218.5,maxi,0.005222162162162162,0.0022713513513513512,1.1203903618619915,0.5609897803542917
58219.5,maxi,0.007255405405405405,0.0024478378378378378,4.706108202443281,7.7303656119756745
58220.5,maxi,0.006766216216216216,0.002442702702702702,0.9950410070570285,0.5864525884696885
58221.5,maxi,0.006989459459459459,0.002527027027027027,1.0133670520231215,0.7703795753199503
58222.5,maxi,0.006709459459459459,0.0028232432432432433,0.599488163787588,0.43727511933020946
58223.5,maxi,0.01073027027027027,0.0031297297297297297,0.9946040431676547,0.596943291013003
58226.5,maxi,0.016495135135135137,0.004874054054054054,55.48877805486284,1072.3265221659424
58227.5,maxi,0.022585405405405403,0.005667297297297298,0.5373223337640394,0.28130529084302824
58228.0,bat,0.02445859090909091,0.009659272727272726,,
58231.5,maxi,0.019057567567567567,0.006328378378378377,0.41804289544235923,0.3220086187065186
58235.5,maxi,0.007495135135135135,0.003704324324324324,1.5385672020287404,1.4291672193407245
58236.5,maxi,0.010865675675675675,0.003219189189189189,0.5904134484325307,0.730138924870624
58237.5,maxi,0.007472432432432432,0.0028097297297297297,0.7215414258188825,0.5062019437734989
58238.5,maxi,0.0069867567567567564,0.0026662162162162163,1.3042396834369698,0.941377083635795
58240.5,maxi,0.009239189189189189,0.0023454054054054055,2.7998109640831754,2.487375390352393
58241.5,maxi,0.010352432432432432,0.003815135135135135,2.5635883084577116,2.964359608182944
58243.5,maxi,0.008575675675675675,0.0025924324324324323,0.6242962447036972,0.3423592301380726
58244.5,maxi,0.008677297297297298,0.0024035135135135133,0.42868904369854344,0.2953917222657445
58245.5,maxi,0.009507297297297298,0.002495945945945946,1.0161070942801917,0.5144632242797177
58248.5,maxi,0.00528,0.0022105405405405407,0.7889554794520548,0.4654888895458113
58250.5,maxi,0.007001351351351351,0.0028967567567567565,0.7884803322746151,0.42652366535686703
58257.5,maxi,0.018674864864864867,0.003538648648648649,2.10035898236304,1.157495372746026
58258.5,maxi,0.010593783783783783,0.0024999999999999996,0.5393633952254643,0.2638402706725405
58259.5,maxi,0.007072162162162162,0.0022386486486486484,0.6894941634241245,0.5351230501491907
58262.5,maxi,0.012272162162162162,0.004613513513513513,2.107107869816044,2.260798982151901
58263.5,maxi,0.006668108108108107,0.002431891891891892,3.9934142114384747,6.670321927058788
58264.5,maxi,0.009537567567567568,0.0023864864864864862,1.717759190818907,0.9320245547700416
58265.5,maxi,0.010774864864864864,0.0023554054054054055,1.3235927821168865,0.5313740639717852
58266.5,maxi,0.008902702702702702,0.0035748648648648643,0.5746237889095032,0.3897533760097439
58267.5,maxi,0.006469999999999999,0.0027608108108108107,0.6342423390497611,0.4286043577950187
58268.5,maxi,0.004779459459459459,0.00226,0.7801262069489849,0.42349387513976844
58270.5,maxi,0.0070256756756756755,0.002306216216216216,0.4945708852217655,0.2883814316613544
58271.5,maxi,0.011953513513513514,0.0026048648648648648,0.6597163561997066,0.26621065462284194
58272.5,maxi,0.008977297297297298,0.0021883783783783785,0.9840951080408065,0.4755064499365342
58273.5,maxi,0.008305405405405406,0.00250972972972973,1.2863957887810495,0.6826743052484228
58274.5,maxi,0.010862972972972972,0.003203243243243243,0.7564704535043518,0.43850898940496075
58276.5,maxi,0.00840027027027027,0.0026267567567567567,0.2964439382434827,0.27077821499123234
58277.5,maxi,0.007814594594594593,0.0024345945945945945,2.3585293445992237,2.5104409107846712
58278.5,maxi,0.010256756756756755,0.002764324324324324,1.05361667818475,0.43384826847496244
58281.5,maxi,0.009450270270270268,0.0024840540540540536,0.5689342499261946,0.22011560702613686
58282.5,maxi,0.01482945945945946,0.0026137837837837837,0.9862336273723603,0.32404126458054144
58283.5,maxi,0.011412702702702702,0.002411081081081081,0.9486530048353674,0.37401923202940485
58284.5,maxi,0.007051081081081081,0.0023572972972972974,0.7449276926397582,0.3135404579771759
58285.5,maxi,0.010557837837837838,0.002301081081081081,1.0826991768908216,0.5066717928508285
58286.5,maxi,0.00945918918918919,0.002371891891891892,2.645183838948693,1.8481451318302422
58287.5,maxi,0.010819729729729728,0.002356486486486486,1.121069073238459,0.4887700258896906
58288.5,maxi,0.007025405405405405,0.0022786486486486486,0.9496986555401019,0.4725661561708952
58289.5,maxi,0.006243513513513513,0.0022737837837837837,0.38845925044616303,0.3012744800826826
58290.5,maxi,0.012032432432432431,0.0024505405405405405,2.0885060184092517,1.2759216745491613
58291.5,maxi,0.007635945945945946,0.0024086486486486485,0.6663091482649842,0.3286061135752471
58292.5,maxi,0.005336756756756756,0.002456216216216216,0.3019989195029714,0.4438319568988465
58294.5,maxi,0.015842162162162162,0.002879459459459459,1.2170150853817292,0.6257528788532706
58295.5,maxi,0.008731081081081081,0.0030189189189189186,0.36614589948770054,0.2225064319274187
58296.5,maxi,0.015330540540540541,0.0036118918918918914,1.8706144601666987,1.3596037569135446
58299.5,maxi,0.02399162162162162,0.007722972972972973,1.0244012245632992,0.8876112530737192
58300.5,maxi,0.029518648648648647,0.00792162162162162,2.2418203850814598,2.099037764251259
58304.5,maxi,0.022567297297297298,0.00684081081081081,0.8342488327382588,0.4882233233434965
58306.5,maxi,0.010796486486486487,0.004706216216216216,-6.4598653547384774,-28.664210812102237
58309.5,maxi,0.008534594594594595,0.003887297297297297,0.5555344718532573,0.5203624918199989
58310.5,maxi,0.012248108108108106,0.0030713513513513516,0.5331786542923433,0.32348876515231717
58311.5,maxi,0.011304864864864863,0.002751351351351351,0.5444474466360443,0.22777731694362352
58312.5,maxi,0.0054932432432432425,0.0024724324324324324,0.9677450047573739,0.6300994050106423
58313.5,maxi,0.01685864864864865,0.0026502702702702703,0.5735084333305362,0.2307169721280511
58315.5,maxi,0.008247297297297297,0.0029048648648648647,0.9785667893483437,0.6025361113026019
58316.5,maxi,0.011037027027027026,0.002696756756756757,0.9242633379343455,0.43119060182156943
58317.5,maxi,0.009887837837837837,0.002597297297297297,0.6075907861300107,0.4431071615069573
58322.5,maxi,0.02001918918918919,0.00656108108108108,0.48994549204478494,0.45157403661668793
58329.5,maxi,0.018411621621621622,0.0033156756756756753,1.140432753500212,0.4937644422975882
58330.5,maxi,0.012694594594594594,0.0024935135135135135,1.4215438290449194,0.7051770467204324
58331.5,maxi,0.0061578378378378375,0.0025710810810810813,0.758432349559218,0.5566278520483228
58332.5,maxi,0.0089,0.0021948648648648646,0.6010502049180328,0.30005705583258496
58333.5,maxi,0.00622081081081081,0.0022475675675675674,1.605332228208316,1.1565016658664657
58334.5,maxi,0.005918918918918919,0.0021751351351351348,1.0868650435828073,0.6245735019504378
58335.5,maxi,0.007478648648648649,0.00229,0.9043284789644014,0.5938187263066464
58336.5,maxi,0.008109189189189188,0.0022256756756756754,1.3252894708364895,0.7977409777413347
58337.5,maxi,0.008108648648648648,0.0023562162162162163,0.4323184529932113,0.4576511604356609
58338.5,maxi,0.007935945945945946,0.002751621621621622,0.8620859298130535,0.5727113127070816
58339.5,maxi,0.009231351351351351,0.0030205405405405407,1.4985287285116928,1.5281150788429096
58340.5,maxi,0.004764864864864864,0.002271081081081081,-20.81803542673108,-140.18389347319848
58341.5,maxi,0.008464864864864865,0.002275135135135135,0.30796223044532345,0.25620851951865625
58342.5,maxi,0.006448108108108108,0.0023694594594594596,0.8409643884096438,0.6328126455673843
58343.5,maxi,0.009895135135135135,0.0024505405405405405,0.86396255850234,0.386208005844815
58344.5,maxi,0.009138108108108108,0.002528108108108108,5.31626438078051,5.859521945294655
58345.5,maxi,0.009892432432432433,0.0028737837837837835,1.7894327894327895,1.2643981490560463
58347.5,maxi,0.012985405405405404,0.003527027027027027,1.1989676490006604,0.6404284471270977
58349.5,maxi,0.008589999999999999,0.0027218918918918917,1.2237066515065378,1.0483248873340731
58350.5,maxi,0.017498378378378376,0.002901351351351351,1.1231600944939124,0.3699179956642288
58351.5,maxi,0.008665135135135135,0.002977837837837838,1.6884557721139428,1.0468615938541521
58353.5,maxi,0.00836108108108108,0.002474054054054054,0.8195767195767196,0.5841137762031365
58354.5,maxi,0.007862972972972972,0.002354054054054054,0.4524667577979371,0.26825602104633467
58355.5,maxi,0.006324054054054054,0.0023627027027027024,0.6481835564053537,0.45466440233482314
58356.5,maxi,0.01116,0.0023364864864864865,1.2029527826915227,0.485168032848986
58357.5,maxi,0.006598378378378378,0.0021897297297297294,0.4799124247400109,0.44359673423924356
58359.5,maxi,0.011564324324324323,0.0022986486486486486,0.6700076122811469,0.22046581754672284
58361.5,maxi,0.010329729729729729,0.002311081081081081,0.6533592989289191,0.31655583484417277
58362.5,maxi,0.008098108108108107,0.0023164864864864865,0.9545863759127737,0.5842927725103931
58363.5,maxi,0.005925675675675675,0.002351351351351351,0.5211138310893513,0.35475469423490624
58364.0,bat,0.03343218181818182,0.0057652272727272726,,
58364.5,maxi,0.012638918918918919,0.0025054054054054055,0.4524350791291423,0.20135041707774554
58365.0,bat,0.04908895454545455,0.006457863636363637,,
58365.5,maxi,0.01827162162162162,0.002735135135135135,1.8061295163338336,0.6422136210845719
58366.0,bat,0.05870304545454545,0.007501590909090909,,
58366.5,maxi,0.02833297297297297,0.003144864864864865,0.9365421455938698,0.24111809886723154
58367.0,bat,0.0903630909090909,0.006764727272727273,,
58367.5,maxi,0.020696756756756755,0.003224594594594595,1.7423018677435638,0.7522032053296992
58368.0,bat,0.0883509090909091,0.006937454545454546,,
58368.5,maxi,0.025877297297297295,0.0036202702702702702,1.5031675225849983,0.47108903745066094
58369.0,bat,0.12026481818181818,0.007588863636363636,,
58369.5,maxi,0.03208054054054054,0.004637027027027027,1.2192576871573308,0.36711399437383657
58370.0,bat,0.1316055909090909,0.007784136363636364,,
58370.5,maxi,0.04214,0.0060113513513513515,1.3507459392655368,0.4430596079388926
58371.5,maxi,0.042675945945945946,0.007009459459459459,0.9283317505539729,0.371424478976255
58372.5,maxi,0.06244432432432432,0.014735405405405405,1.6406474219923244,1.724144509525643
58376.5,maxi,0.051407567567567564,0.010907567567567566,1.0787149275239467,0.5546762682993744
58377.5,maxi,0.0593281081081081,0.007699189189189188,1.3542708885799062,0.40041889053583624
58378.5,maxi,0.044044594594594595,0.006221351351351352,1.22255198672264,0.3994428550430659
58379.5,maxi,0.04513243243243243,0.006098108108108108,1.2419469890373929,0.37691959650822854
58380.5,maxi,0.044537297297297294,0.0052486486486486485,0.9658188533534794,0.2544214178031541
58381.0,bat,0.12501786363636364,0.0115675,,
58381.5,maxi,0.04692837837837838,0.005317837837837837,0.7441293400477074,0.17906908652053938
58382.0,bat,0.12387745454545454,0.006993136363636364,,
58382.5,maxi,0.04352108108108108,0.0036502702702702703,0.8219331926970298,0.1484515936449016
58383.0,bat,0.13164454545454546,0.008437545454545455,,
58383.5,maxi,0.048270540540540544,0.003932972972972973,0.7153529044347283,0.12306570581834853
58384.0,bat,0.1298344090909091,0.007194045454545455,,
58384.5,maxi,0.03839162162162162,0.003310810810810811,1.0880220918191232,0.19628580479128263
58385.0,bat,0.1031619090909091,0.006408181818181818,,
58385.5,maxi,0.03473297297297297,0.0032105405405405407,1.1155702792238524,0.2322746642130823
58386.0,bat,0.11342531818181818,0.006995818181818182,,
58386.5,maxi,0.026733243243243242,0.005545945945945946,0.7837940174176449,0.29584204371950684
58387.0,bat,0.10041218181818183,0.006495227272727273,,
58387.5,maxi,0.030948378378378376,0.0034194594594594593,1.2897604567456868,0.29510336998661973
58388.0,bat,0.09046368181818182,0.008904636363636365,,
58388.5,maxi,0.0304554054054054,0.0030705405405405404,0.8964740728718655,0.17665387104894867
58389.0,bat,0.07380963636363637,0.005062545454545455,,
58389.5,maxi,0.02110972972972973,0.002812972972972973,1.189628349178911,0.3209775032375063
58390.0,bat,0.07875272727272727,0.009797909090909091,,
58390.5,maxi,0.023545135135135134,0.0028994594594594593,1.1202212511077836,0.2816857137756803
58391.0,bat,0.05814027272727272,0.007274181818181818,,
58391.5,maxi,0.021242972972972972,0.0027191891891891894,0.8437090861482064,0.23283273870306515
58392.0,bat,0.06713022727272727,0.01319,,
58392.5,maxi,0.01509054054054054,0.002566216216216216,1.2698429374376217,0.4447282542714383
58393.0,bat,0.037462863636363634,0.008685727272727272,,
58393.5,maxi,0.012721621621621621,0.0025894594594594593,0.9144708687412118,0.4155916171009313
58394.0,bat,0.04104613636363637,0.013876909090909093,,
58394.5,maxi,0.009234054054054055,0.002568378378378378,0.8465172622652938,0.39163753087206243
58395.0,bat,0.04148518181818182,0.0050996818181818174,,
58396.0,bat,0.026455272727272727,0.006012636363636363,,
58397.0,bat,0.0263175,0.005657318181818182,,
58399.0,bat,0.019989181818181816,0.005482409090909091,,
58401.5,maxi,0.022455675675675673,0.006506216216216216,1.601809152181625,1.842474548773078
58404.5,maxi,0.0053348648648648645,0.0022505405405405404,2.0963877291704485,1.8677058103101496
58405.5,maxi,0.007221351351351351,0.002192432432432432,1.602577395941342,1.1971807483267005
58406.5,maxi,0.009165675675675675,0.00231,1.2505773672055427,0.537196074681902
58407.5,maxi,0.00688027027027027,0.0022391891891891894,1.0118832050701674,0.6990271210013752
58408.0,bat,0.018786045454545455,0.0072693181818181815,,
58409.5,maxi,0.00605972972972973,0.0022162162162162164,0.31626566922765875,0.20961342199702043
58410.5,maxi,0.014648108108108107,0.0026916216216216217,0.7116212890324566,0.2519381207544213
58412.5,maxi,0.007395405405405404,0.002235945945945946,0.5281788825930664,0.2839625445595226
58414.5,maxi,0.0061210810810810815,0.002316216216216216,2.267566146837217,1.9682199539685514
58416.5,maxi,0.008305405405405406,0.00246,0.29773633873215744,0.21398193764071075
58417.5,maxi,0.005982162162162162,0.0027437837837837836,0.6482365420312914,0.7621007582604329
58418.5,maxi,0.00603027027027027,0.0026959459459459456,1.3763473053892217,1.3237178845573403
58419.5,maxi,0.019537567567567568,0.0035091891891891893,2.087373694489259,1.2666142273864553
58420.5,maxi,0.007878378378378377,0.0037167567567567565,1.5190832966064347,1.1577966340553518
58421.5,maxi,0.009168108108108109,0.0031756756756756753,1.75,2.141229797335461
58422.5,maxi,0.010224864864864864,0.002836756756756757,1.151894745135114,0.6005195723001356
58423.5,maxi,0.012874864864864864,0.002693513513513513,1.3549477071600964,0.654505900734388
58425.5,maxi,0.007558648648648648,0.0025775675675675674,1.2634119583104773,0.8324638598518946
58426.5,maxi,0.005041621621621622,0.002393243243243243,1.4120044052863439,0.8974111365819184
58427.5,maxi,0.011997837837837838,0.0024305405405405404,1.0045655033660914,0.49433269006906183
58428.5,maxi,0.005927027027027027,0.0022805405405405405,0.46172944598141447,0.30582859140803287
58429.5,maxi,0.004421621621621621,0.002201351351351351,0.9158217401556237,1.2452291398241548
58430.5,maxi,0.0050313513513513515,0.0021583783783783784,1.4872801775653064,1.257151197145465
58431.5,maxi,0.008191891891891892,0.0023075675675675675,0.8156882302650328,0.3934936299353287
58432.0,bat,0.020051000000000003,0.0069847727272727275,,
58432.5,maxi,0.005435405405405405,0.002167567567567567,0.30305113880532875,0.3160741646871266
58434.5,maxi,0.010316216216216216,0.0023324324324324325,1.2411115651818554,0.7059744000680269
58436.5,maxi,0.0077421621621621625,0.0023456756756756753,0.7642411943759966,0.3899000593401758
58437.5,maxi,0.00706081081081081,0.0025486486486486484,0.7651198004809835,0.50277669479573
58438.5,maxi,0.007054324324324324,0.002485135135135135,2.4264968722073283,2.7128449718516667
58440.5,maxi,0.009998378378378378,0.0028497297297297294,0.8147972716938234,0.592989527254458
58441.5,maxi,0.00732135135135135,0.003185405405405405,0.2691793171639621,0.2950354783634549
58442.5,maxi,0.016045135135135134,0.004566486486486486,3.1904710105515064,3.063730890276242
58444.5,maxi,0.011476216216216216,0.005671621621621621,0.12487607402511566,0.32547153304664117
58451.5,maxi,0.018457567567567567,0.007762162162162162,2.6004523475276864,3.194312862785017
58460.5,maxi,0.016757567567567567,0.0035391891891891894,0.9915005053753561,0.45035277033944254
58461.5,maxi,0.015348918918918918,0.0027867567567567567,0.6325230576832891,0.24574497259686526
58462.5,maxi,0.01935054054054054,0.002509459459459459,0.8531449531313681,0.2783389037200142
58463.5,maxi,0.013763513513513513,0.002317567567567567,0.7111391633656902,0.24092669797286542
58464.5,maxi,0.011669189189189189,0.0022159459459459457,0.9134767836919593,0.42391676717713683
58465.5,maxi,0.010548378378378378,0.002204054054054054,0.4575405214940098,0.24752783655263988
58466.5,maxi,0.010532162162162162,0.0021343243243243243,1.12170142092637,0.550661814813176
58467.5,maxi,0.0211327027027027,0.0022494594594594593,1.0647755461310715,0.2531624024618383
58468.5,maxi,0.026548648648648646,0.004641081081081081,1.0400609428212944,0.5543121226953935
58476.5,maxi,0.014813783783783783,0.004667027027027026,0.37971999625830183,0.26169890604565427
58489.5,maxi,0.017121621621621622,0.0033272972972972974,0.5689983443708609,0.28968965740808167
58490.5,maxi,0.013074594594594594,0.002642162162162162,1.8730442978322337,1.0886669174968078
58491.5,maxi,0.017073783783783786,0.0026959459459459456,1.088406500121271,0.47070607225526684
58492.5,maxi,0.00599,0.0029886486486486487,1.4171299155857524,1.0759360670694227
58493.5,maxi,0.009005405405405406,0.002582162162162162,0.7477915688247792,0.33580053166312923
58494.5,maxi,0.009575135135135134,0.002449189189189189,0.9892232088973187,0.5439403015346465
58495.5,maxi,0.011479999999999999,0.002455405405405405,1.2733790842978592,0.7420511189385367
58498.5,maxi,0.0072321621621621625,0.0022616216216216215,1.437588820464235,0.9178484142931631
58499.5,maxi,0.007485945945945946,0.0021745945945945942,1.1822541966426858,0.6039515574108668
58501.5,maxi,0.0051305405405405406,0.0020556756756756754,3.3058235083958563,5.209023580165071
58502.5,maxi,0.011073783783783785,0.002218378378378378,0.9163672232790812,0.402827314166059
58503.5,maxi,0.0046962162162162155,0.0019816216216216216,1.539728682170543,1.1847011142418633
58504.5,maxi,0.007551351351351351,0.0021475675675675676,0.6074194863432532,0.5773586448234702
58505.5,maxi,0.005086216216216216,0.001968918918918919,1.4936289055681622,1.2334614866782228
58507.5,maxi,0.00839162162162162,0.0021918918918918916,0.550583110861318,0.3004679294609939
58508.5,maxi,0.004982702702702703,0.0021264864864864864,0.5649721652505127,0.3151109877119213
58510.5,maxi,0.00775027027027027,0.0024927027027027027,1.4376027499626365,1.1771436227511327
58511.5,maxi,0.009066486486486485,0.002478108108108108,0.5359108605181904,0.31804157764152496
58512.5,maxi,0.011747837837837836,0.0030421621621621623,0.9191270860077022,0.5320599926740701
58516.5,maxi,0.015418648648648649,0.005602162162162162,-1.9024813465209092,-3.391722856079179
58520.5,maxi,0.02205054054054054,0.005339459459459459,1.863114814002777,1.496169270528309
58521.5,maxi,0.014869729729729728,0.004465135135135135,1.051363193768257,0.6470880892817767
58526.5,maxi,0.006810270270270271,0.0024229729729729733,0.7166334076769574,0.6626920966025104
58529.5,maxi,0.004574864864864865,0.0021497297297297293,0.8991255465334166,1.7118730484984748
58547.5,maxi,0.011215675675675675,0.004514054054054055,0.8620201771653543,0.7105549106522157
58548.5,maxi,0.004858648648648649,0.0018570270270270271,0.5776381909547739,0.2567681165920491
58549.5,maxi,0.008016216216216215,0.001958108108108108,1.5989346354455667,0.8395044306914098
58550.5,maxi,0.0048591891891891885,0.0018986486486486486,1.2525345622119815,1.1308216316477164
58551.5,maxi,0.0071767567567567565,0.0019475675675675675,0.9236392636405929,0.3724286606367824
58552.5,maxi,0.008251891891891891,0.002052432432432432,0.5288429025495368,0.2879141634048316
58553.5,maxi,0.007167567567567566,0.0020243243243243244,0.651521137890162,0.3180929719374012
58554.5,maxi,0.007588378378378379,0.0021164864864864864,0.7286828737300435,0.45766987188609287
58555.5,maxi,0.006618918918918919,0.003014324324324324,4.092902266815311,9.61602241456844
58556.5,maxi,0.007231621621621621,0.0035589189189189187,0.5397923875432526,0.6598038923364798
58559.5,maxi,0.007136216216216216,0.0023956756756756755,0.5232473303707634,0.32669157002041366
58562.5,maxi,0.00951891891891892,0.0031316216216216216,0.6239046114064071,0.48309941294765113
58563.5,maxi,0.013403783783783783,0.003097027027027027,1.3301212309605221,0.9892513558285003
58564.5,maxi,0.01150972972972973,0.0035967567567567566,0.7734326853044988,0.4736656065107435
58565.5,maxi,0.0077375675675675675,0.0030135135135135136,0.3070358429736393,0.4673227700386598
58566.5,maxi,0.013021351351351351,0.0026643243243243244,0.5224409663521842,0.2767011721521151
58567.0,bat,0.01723118181818182,0.008527227272727271,,
58567.5,maxi,0.007908378378378378,0.0028140540540540536,2.210223895383396,2.510816193283792
58568.5,maxi,0.012012432432432432,0.0033962162162162165,0.6146927479715706,0.4102100063375456
58572.5,maxi,0.012126216216216215,0.002506756756756757,2.972281908036098,3.305504583879354
58573.5,maxi,0.005956216216216215,0.0023202702702702703,0.6341439205955335,0.4898603088837008
58574.5,maxi,0.005969459459459459,0.002264324324324324,0.8844332175560468,0.8863498497831075
58577.5,maxi,0.005022162162162162,0.002218378378378378,0.2760809202697342,0.17141605354175427
58578.5,maxi,0.006242432432432432,0.0022659459459459463,0.6444417056938625,0.5778038207677118
58579.5,maxi,0.006358108108108108,0.002248378378378378,0.8956705014490208,0.4955442504946622
58585.5,maxi,0.010004864864864864,0.003618918918918919,1.0499367888748419,0.8073709547884569
58586.5,maxi,0.011356756756756757,0.0032105405405405407,1.6315548081333129,1.6016936393569476
58589.5,maxi,0.01085054054054054,0.004588108108108108,1.0796550319163385,0.8231166966610506
58592.5,maxi,0.018007837837837836,0.005788918918918919,2.3385635565517884,2.468399151033044
58593.5,maxi,0.014035675675675674,0.004667567567567568,-2.228474576271186,-3.918122576514335
58595.0,bat,0.13448809090909092,0.037091227272727276,,
58595.5,maxi,0.009068918918918919,0.003902972972972973,1.625854383358098,2.0580566838496996
58596.5,maxi,0.006533243243243243,0.003171351351351351,1.102881167305552,1.090525886336482
58597.5,maxi,0.009356486486486485,0.003068378378378378,0.7770430140144391,0.4534559677939036
58598.0,bat,0.0250125,0.010410954545454546,,
58598.5,maxi,0.007302432432432432,0.002782972972972973,2.427165593488033,1.815602034902476
58599.0,bat,0.02232713636363636,0.009570318181818182,,
58600.5,maxi,0.0068672972972972975,0.0026454054054054054,1.471456174249078,1.5432731285762937
58602.5,maxi,0.010745135135135135,0.0026037837837837837,1.7242007284500203,0.9985109593900104
58610.5,maxi,0.005911351351351351,0.002278108108108108,0.7310852932842166,0.4938205642150904
58618.5,maxi,0.03285891891891892,0.005606216216216217,2.10095198242494,1.2567305823034634
58619.5,maxi,0.02924972972972973,0.005643513513513513,0.7134248327430146,0.30662560843119274
58620.5,maxi,0.010961351351351352,0.0023067567567567563,3.0646473779385173,2.955146150718428
58622.5,maxi,0.007549189189189188,0.002635135135135135,1.911414720141031,2.28319643706922
58625.5,maxi,0.006004864864864865,0.002759189189189189,3.60352422907489,5.096655238800092
58626.5,maxi,0.006814594594594594,0.00227027027027027,1.711406455381919,1.312343944960977
58627.5,maxi,0.011610540540540538,0.002465945945945946,0.9051670599925474,0.4011318060949351
58629.5,maxi,0.009812972972972973,0.00242,1.0279165180164112,0.5754573659323879
58630.5,maxi,0.010537837837837837,0.0024118918918918917,0.9303969548667753,0.47446373344561127
58631.5,maxi,0.01053108108108108,0.0024751351351351347,0.5175402011214607,0.23629720254387826
58632.5,maxi,0.007328378378378378,0.0024770270270270266,1.4987535316602958,1.390050803054918
58634.5,maxi,0.01498243243243243,0.0023437837837837834,1.4120761196165401,0.5351410199128849
58635.5,maxi,0.007954054054054053,0.002174054054054054,0.41578703166686,0.2260034818772446
58636.5,maxi,0.013973243243243241,0.0022089189189189186,0.7507590284435922,0.19986516092953527
58637.5,maxi,0.010716216216216216,0.002317837837837838,0.46362971391417424,0.1759019770581324
58638.5,maxi,0.012523783783783783,0.0021708108108108104,0.5401024644466037,0.1864696999144504
58639.5,maxi,0.015584594594594594,0.0026924324324324326,1.0357814578650397,0.3303644093002758
58640.5,maxi,0.011423243243243243,0.002956216216216216,1.0950642755118234,0.6105846306525433
58642.5,maxi,0.010801891891891893,0.0028916216216216214,0.545044881346077,0.2196354442393185
58643.5,maxi,0.01635027027027027,0.0024245945945945944,0.777207062600321,0.21000470881263325
58644.5,maxi,0.013274594594594595,0.0024070270270270273,0.5140056565030413,0.18605939055745382
58645.5,maxi,0.00868027027027027,0.00216054054054054,0.8162189623420334,0.3312227264820283
58646.5,maxi,0.012468108108108108,0.0023767567567567565,1.029665868637452,0.3478853617040002
58647.5,maxi,0.011760810810810809,0.002325945945945946,1.2087773879658437,0.4666243388169653
58648.5,maxi,0.010435405405405405,0.0023464864864864866,1.0069938803546896,0.3971482470280777
58649.5,maxi,0.00976189189189189,0.002301891891891892,0.4250490003920031,0.17065378715346835
58650.5,maxi,0.010263783783783785,0.002368918918918919,0.831319852703663,0.37051424797389343
58651.5,maxi,0.009601621621621622,0.0023891891891891894,0.6735971146706269,0.2769222590590648
58652.5,maxi,0.007727837837837838,0.0025727027027027025,0.43233477584975427,0.20408367849469636
58653.5,maxi,0.011792972972972972,0.00260027027027027,0.7370884353741497,0.31906230442438815
58654.5,maxi,0.007894594594594594,0.002595135135135135,1.1495406762003977,0.6862866059997147
58655.5,maxi,0.01333216216216216,0.002666486486486486,0.835096453018046,0.41094534477605865
58656.5,maxi,0.013889189189189188,0.0028875675675675678,1.7521573349387918,1.013775853382342
58660.5,maxi,0.02570405405405405,0.0034186486486486485,0.789957378795951,0.25116738216842144
58661.5,maxi,0.009869459459459459,0.003672702702702703,1.8383189576069003,1.278802029975399
58665.5,maxi,0.026877837837837835,0.005221351351351351,0.6206473008659339,0.32320106606775045
58666.5,maxi,0.01449972972972973,0.003894054054054054,1.7009598080383923,1.3399167055145835
58669.5,maxi,0.013556216216216216,0.003036486486486486,0.8813716404077852,0.3711959324188167
58670.5,maxi,0.011006486486486488,0.0028416216216216217,0.7501988440532372,0.33810414920818366
58672.5,maxi,0.007018648648648648,0.002697297297297297,1.401870444230505,1.1723606770270687
58674.5,maxi,0.009443243243243242,0.0026164864864864864,0.9602638846271861,0.5283577051297429
58675.5,maxi,0.011792972972972972,0.004092702702702703,6.083723902854707,9.099060770256335
58677.5,maxi,0.012766486486486485,0.003457837837837838,0.9058198173640453,0.5995977317624097
58691.5,maxi,0.015679729729729728,0.0029856756756756753,1.1481131389515014,0.5907714724611463
58692.5,maxi,0.009153783783783785,0.0024543243243243243,1.656282316442606,1.1377363790950699
58693.5,maxi,0.008181891891891892,0.0021808108108108105,1.8228930145585682,1.1455454162123762
58694.5,maxi,0.011082162162162162,0.0023556756756756753,1.1514578137094693,0.5771791355470393
58695.5,maxi,0.011483243243243242,0.0045640540540540534,0.492904604494307,0.318765615275785
58699.0,bat,0.02052340909090909,0.008910272727272728,,
58700.5,maxi,0.011321621621621621,0.004287027027027027,0.5173938929999149,0.37445977131632324
58701.5,maxi,0.011417297297297296,0.0026537837837837834,1.283716770994228,0.6753783088059516
58702.5,maxi,0.008237567567567567,0.002356486486486486,1.065323336457357,0.619148445244724
58703.5,maxi,0.006597837837837838,0.002319189189189189,0.693050347083699,0.4211488564839684
58705.5,maxi,0.006442702702702703,0.0025656756756756755,1.0139470013947003,0.6202887698978999
58706.5,maxi,0.009854324324324324,0.004222432432432432,2.094820717131474,4.70663934246581
58707.5,maxi,0.011248918918918918,0.00249,1.4863762927605408,0.7975217656115164
58708.5,maxi,0.008661621621621622,0.0022608108108108107,1.7830769230769232,0.9986278589651985
58709.5,maxi,0.0073527027027027025,0.002341891891891892,0.37785083213478526,0.4063117261831752
58711.5,maxi,0.010114594594594593,0.002296486486486486,0.7573909254994708,0.3156129428302561
58712.5,maxi,0.014213243243243242,0.0027786486486486486,1.0957557534404996,0.42478295379143666
58713.5,maxi,0.006169189189189189,0.0030686486486486485,1.3373442808607023,1.2402698222970598
58715.5,maxi,0.006048378378378378,0.002206756756756757,1.0113384484228474,0.4973022151567956
58716.5,maxi,0.011305945945945946,0.002238378378378378,1.232602478551001,0.492560693783323
58717.5,maxi,0.00859027027027027,0.0021929729729729727,1.9308996088657107,1.2901886104868683
58718.5,maxi,0.009343243243243243,0.002148378378378378,0.8248412698412698,0.396595541402124
58719.5,maxi,0.006475135135135135,0.0021135135135135134,0.35806546308527815,0.26946938192128317
58720.5,maxi,0.008872162162162162,0.002333783783783784,0.7590768567114817,0.38488607790748647
58721.5,maxi,0.007778648648648649,0.002193513513513513,0.8742396482227923,0.40926361879174306
58722.5,maxi,0.006572162162162162,0.0022270270270270272,2.0162005785920925,1.836879030307247
58723.5,maxi,0.004747837837837838,0.0022008108108108105,1.2021166752710377,0.8414112792633219
58724.5,maxi,0.0058697297297297295,0.0023294594594594595,2.3248840803709427,3.287635104366778
58727.5,maxi,0.006038108108108108,0.002633513513513513,2.123937482862627,3.0623697434047608
58730.5,maxi,0.009752972972972972,0.0029429729729729725,10.162921348314606,27.614440037909496
58732.5,maxi,0.01487189189189189,0.002971621621621621,12.038775510204083,38.13578675312921
58736.5,maxi,0.015384864864864865,0.004878918918918919,1.2527919363152167,0.7848194588690935
58738.5,maxi,0.008592432432432432,0.004010810810810811,0.8203852087791768,0.4818139792149539
58741.5,maxi,0.009589459459459458,0.0028516216216216213,0.9253765932792584,0.5478689402630699
58742.5,maxi,0.013697837837837836,0.00283972972972973,1.181851411861464,0.7171001466150854
58743.5,maxi,0.013873513513513513,0.0028127027027027023,0.9395095367847411,0.36254231169100887
58745.5,maxi,0.006281351351351352,0.0026678378378378375,1.5540407589599439,1.3294104534872473
58746.5,maxi,0.007173783783783784,0.002476486486486486,1.3200083498590962,0.8397174286132744
58747.5,maxi,0.006962702702702703,0.002425945945945946,0.9642193308550187,0.713795442875398
58750.5,maxi,0.00954027027027027,0.002605945945945946,1.0700981528711646,0.5756552961641006
58752.0,bat,0.016521727272727275,0.007382409090909091,,
58756.5,maxi,0.0065083783783783785,0.0024264864864864863,1.175268535499083,0.9092716045540983
58764.5,maxi,0.013324054054054055,0.0023521621621621623,1.3561117213243368,0.609959298737332
58765.5,maxi,0.01188081081081081,0.0021113513513513513,0.794151792192715,0.36370267547228463
58766.5,maxi,0.008862162162162162,0.002107027027027027,1.0685454397790954,0.5027138800640661
58767.5,maxi,0.005076756756756756,0.0019316216216216215,1.930011862396204,1.7568866806274621
58768.5,maxi,0.005318108108108108,0.00203027027027027,0.39480145175064046,0.21608602785320674
58769.5,maxi,0.005086486486486486,0.0019145945945945944,1.0336059289547663,0.7346089843281963
58770.5,maxi,0.009328378378378377,0.002286216216216216,0.9829555438411527,0.5721245701474438
58771.5,maxi,0.0058697297297297295,0.0021486486486486486,0.25992661512252657,0.24866448799181454
58772.5,maxi,0.010086756756756757,0.002314864864864865,1.0481618337821759,0.44353310981475064
58773.5,maxi,0.009533243243243242,0.004687297297297297,1.4497470489038786,2.669349942673885
58777.5,maxi,0.016427027027027027,0.003369189189189189,1.6967270807672006,1.0980062167475138
58779.5,maxi,0.004582702702702703,0.0019743243243243243,0.06709850892202396,0.18439451234905796
58780.5,maxi,0.010712702702702703,0.002052972972972973,0.6440457748238468,0.21432771578699708
58781.5,maxi,0.0074389189189189185,0.001968108108108108,1.3325303968800184,0.7040550178393762
58782.5,maxi,0.007202162162162162,0.0019186486486486487,1.624749642346209,0.9891384510501557
58783.5,maxi,0.008217027027027026,0.001967837837837838,0.9880243975007439,0.3914005017861305
58785.5,maxi,0.00995108108108108,0.002302972972972973,0.6624735729386892,0.2617284118050942
58787.5,maxi,0.004878648648648649,0.002251891891891892,2.063406770553466,2.6287642538544205
58789.5,maxi,0.00486,0.001989189189189189,2.0200705180363436,2.3733875760847734
58790.5,maxi,0.004351621621621621,0.0019905405405405406,0.7245818550430816,0.4639586848218615
58797.5,maxi,0.006862162162162162,0.0022516216216216215,7.286516853932585,22.957218632298357
58798.5,maxi,0.007133783783783783,0.002365135135135135,0.49492130818171665,0.2551704449855219
58801.5,maxi,0.005131621621621622,0.002464324324324324,2.208955223880597,4.607036209653451
58802.5,maxi,0.00541,0.002542972972972973,2.9428571428571426,3.766660529485417
58803.5,maxi,0.005524324324324324,0.0026605405405405406,1.0364238410596027,0.9016495048218233
58804.5,maxi,0.0068378378378378376,0.002647567567567567,0.9587643474564262,0.8889260886192055
58805.5,maxi,0.014048648648648647,0.0034416216216216215,4.638241525423728,7.188330382686407
58806.5,maxi,0.012891891891891891,0.003585675675675675,1.8206171904581596,1.2484338266297175
58807.5,maxi,0.013701081081081081,0.00684,2.470979443772672,20.418103538237215
58814.5,maxi,0.011225945945945944,0.004049189189189189,3.256494170587032,5.296873449204958
58823.5,maxi,0.014316216216216216,0.0049772972972972965,0.17249532607500273,0.226337701382549
58824.5,maxi,0.01594216216216216,0.003054864864864865,1.0428186109238031,0.4348997481015695
58825.5,maxi,0.012055135135135134,0.00244,0.7944954128440367,0.34822495198407616
58826.5,maxi,0.012235675675675675,0.0031105405405405405,0.6508953078029016,0.4294889081570714
58827.5,maxi,0.013634324324324324,0.0029729729729729725,1.103982938497896,0.5259037482801296
58828.5,maxi,0.01247054054054054,0.001887027027027027,1.3705085922582885,0.524531714347114
58829.5,maxi,0.012808648648648648,0.002036216216216216,0.8404628592758492,0.3552296028915673
58830.5,maxi,0.017148108108108108,0.002795135135135135,0.630310215372456,0.24187091366126703
58853.5,maxi,0.011959189189189187,0.0030648648648648647,1.05129494593915,0.6875294543971774
58854.5,maxi,0.015187567567567567,0.0022967567567567567,1.4876605683145192,0.6145857022980437
58855.5,maxi,0.013368918918918919,0.0018486486486486485,0.9231765213638325,0.3257347634187625
58856.5,maxi,0.01718027027027027,0.002027297297297297,0.7830591618387109,0.1994519779371634
58858.5,maxi,0.00900891891891892,0.002605945945945946,5.169526627218934,6.912922065054243
58861.5,maxi,0.005260270270270271,0.0020378378378378375,1.046449900464499,0.4824353563357366
58862.5,maxi,0.009364054054054053,0.002174054054054054,1.0279376135675349,0.460671750694181
58863.5,maxi,0.006478108108108108,0.0019783783783783784,0.7200981850639692,0.3391799064043216
58864.5,maxi,0.007451621621621621,0.002103243243243243,0.8651466949452103,0.45730977269347745
58865.5,maxi,0.004045135135135135,0.0019454054054054055,1.0500701918577444,0.8281004656621423
58866.5,maxi,0.006574054054054053,0.002061891891891892,1.5000000000000002,1.090482017732843
58867.5,maxi,0.007157297297297297,0.0020616216216216214,2.939281641961232,3.5741315806606058
58869.5,maxi,0.010101891891891892,0.0022148648648648646,0.8454050407209291,0.2774895869137212
58870.5,maxi,0.009807567567567567,0.0024789189189189185,2.9517684887459805,3.3826042370899705
58871.5,maxi,0.004946756756756756,0.0022578378378378377,2.0915676615473773,2.956139103653626
58872.5,maxi,0.008278108108108109,0.0024813513513513514,0.4522997359154929,0.249859649484861
58874.5,maxi,0.006085135135135135,0.0026359459459459455,0.5642883013400942,0.36799824715762663
58875.5,maxi,0.008914324324324324,0.002574054054054054,1.4133867276887873,0.9322402792581815
58876.5,maxi,0.01157108108108108,0.0027537837837837836,0.7975505507151077,0.47879871993920986
58877.5,maxi,0.013489459459459459,0.0029518918918918914,1.9903492189831857,1.1654299202552183
58879.5,maxi,0.013793513513513512,0.003698378378378378,1.5238214853889307,1.0180816665959398
58883.5,maxi,0.012288648648648648,0.0037118918918918917,1.260019550342131,1.0193448020475966
58884.5,maxi,0.00672027027027027,0.003344324324324324,4.279136104319479,10.656781214581578
58885.5,maxi,0.00923054054054054,0.0036605405405405406,5.794464075382804,11.613232844059342
58886.5,maxi,0.013374054054054053,0.0032397297297297296,2.3454755043227666,1.753061962910505
58887.5,maxi,0.007004054054054054,0.002344054054054054,1.4667039731393396,1.4377598046689501
58888.5,maxi,0.006614054054054054,0.0025286486486486483,1.0035531867643792,0.7209727511695051
58889.5,maxi,0.010118648648648648,0.0025391891891891893,5.129094412331407,9.569875663516681
58890.5,maxi,0.007104594594594595,0.002257297297297297,0.5644388596560119,0.352279388321155
58892.5,maxi,0.009571891891891893,0.002150810810810811,1.3060891279293123,0.6626619023010175
58894.5,maxi,0.007553243243243243,0.002626486486486486,0.9776473875384185,0.5213930082913102
58895.5,maxi,0.007088378378378378,0.0024175675675675674,1.706583610782945,1.0789853683329915
58896.5,maxi,0.009432702702702703,0.003388378378378378,21.1101243339254,247.23302213648236
58898.5,maxi,0.005845675675675675,0.0020837837837837836,0.6848297213622291,0.43607610594791923
58899.5,maxi,0.00741,0.0021205405405405405,1.1126546339484893,0.6410745535222901
58900.5,maxi,0.004658918918918919,0.001998918918918919,1.1119427811044578,0.9671064365908256
58901.5,maxi,0.016373513513513512,0.007763243243243243,-1.7656909197118191,-1.2829436028419385
58902.5,maxi,0.06302027027027027,0.014896216216216215,18.15668378018635,71.2501169762533
58909.5,maxi,0.02334108108108108,0.0032008108108108105,0.8017117878264702,0.2714508579740959
58910.5,maxi,0.011057027027027027,0.0019697297297297297,0.8309455587392549,0.3384957350588922
58911.5,maxi,0.01026216216216216,0.0020627027027027025,0.8703205473133985,0.4007016394997893
58912.5,maxi,0.003754054054054054,0.0018097297297297295,10.444625407166125,63.92135326965616
58916.5,maxi,0.005242702702702702,0.0019862162162162162,0.6619584192985241,0.37963012870177604
58917.5,maxi,0.004104324324324324,0.0019427027027027026,0.6610496941075453,0.496295998123448
58918.5,maxi,0.010555405405405404,0.003247027027027027,1.1038683859493108,0.850506478894635
58919.5,maxi,0.011047027027027027,0.0027378378378378376,0.8184615384615384,0.45759052958228996
58920.5,maxi,0.004579189189189189,0.002032972972972973,0.9807904614705233,0.6247596217821157
58925.5,maxi,0.010966486486486486,0.002078378378378378,1.0010455390334574,0.33297006533168294
58926.5,maxi,0.009403243243243242,0.002015945945945946,1.1396559048428205,0.5812420428996949
58927.5,maxi,0.005426216216216216,0.0018791891891891891,1.5513468013468013,1.0886642968456102
58928.5,maxi,0.008740540540540541,0.00206027027027027,0.4940850172638253,0.21998914264012479
58929.5,maxi,0.011113783783783783,0.002111081081081081,1.2954421023816043,0.4483609186325526
58930.5,maxi,0.013878648648648649,0.0024524324324324324,5.841596507639538,7.703079915892701
58931.5,maxi,0.011427297297297297,0.0033662162162162164,1.1726058818710576,0.7504261344917018
58933.5,maxi,0.004786756756756757,0.002083243243243243,0.4076268048870789,0.27739850711428166
58934.5,maxi,0.006629729729729729,0.001978108108108108,5.407734056987788,14.047849465218247
58937.5,maxi,0.006841891891891892,0.0021159459459459454,0.43378525602227336,0.24092338454841902
58938.5,maxi,0.005365405405405406,0.0019727027027027027,0.7470362622036262,0.7516591991926934
58939.5,maxi,0.00768972972972973,0.0021921621621621623,1.8493723849372385,1.7516660323913589
58950.5,maxi,0.013268648648648648,0.0033635135135135132,1.5678519901553085,1.0122365328892997
58952.5,maxi,0.007684594594594594,0.0037837837837837837,39.60454545454545,1240.4240966270584
58965.5,maxi,0.005139189189189189,0.0022002702702702704,2.527871621621622,2.7213821500853554
58990.5,maxi,0.005629189189189188,0.0021397297297297297,3.953907815631262,13.372771531329683
58999.5,maxi,0.006638918918918918,0.002070810810810811,27.13110539845758,297.52597387807646
59003.5,maxi,0.005972972972972973,0.002455945945945946,-1.1927502379098538,-0.582307318338787
59004.5,maxi,0.015093243243243242,0.004705135135135135,1.5475054229934924,2.159975431396116
59025.5,maxi,0.02665081081081081,0.007428918918918919,0.9942051381108751,0.7019518329680876
59072.5,maxi,0.0046005405405405405,0.002065135135135135,2.431908831908832,6.3962073230033605
59073.5,maxi,0.0042864864864864865,0.001976216216216216,-0.4875503478579275,-0.6589325352641511
59077.5,maxi,0.014882972972972973,0.0061778378378378376,2.4586466165413534,3.2312972502339745
59096.5,maxi,0.006882162162162162,0.003363243243243243,-3.0119426751592355,-15.562143188503091
59097.5,maxi,0.015447297297297297,0.004623783783783784,7.35304054054054,19.280829855385242
59098.5,maxi,0.028457837837837837,0.011854594594594594,0.5464444070269967,1.0739102283497486
59102.5,maxi,0.009273513513513514,0.004156216216216216,-3.98044925124792,-7.01911846622018
59111.5,maxi,0.008377297297297297,0.002579189189189189,0.5765443712762621,0.350416203664819
59127.5,maxi,0.014315675675675675,0.00274027027027027,3.782688019460774,4.5319648857288986
59128.5,maxi,0.0063194594594594596,0.00234972972972973,6.478052126200274,23.06605858425386
59132.0,bat,0.016546954545454545,0.006847136363636363,,
59135.5,maxi,0.007182432432432433,0.0022621621621621625,1.8144445832812695,1.3868615004048441
59139.5,maxi,0.005311621621621621,0.002451891891891892,0.9978887045694466,1.0404379648396964
59140.5,maxi,0.004831351351351351,0.002364864864864865,3.860632183908046,7.167817180715949
59143.5,maxi,0.007245675675675675,0.0028037837837837833,0.821544151641239,0.5506132835389577
59145.5,maxi,0.006789729729729729,0.0026732432432432433,3.2695269526952693,4.104834063612441
59146.5,maxi,0.008073513513513512,0.0022718918918918918,1.36183562992126,0.9114989735121605
59147.5,maxi,0.011158378378378379,0.002276216216216216,3.260514018691589,3.423485155811
59148.5,maxi,0.0073716216216216214,0.0025372972972972974,14.269230769230768,80.86593149644327
59149.5,maxi,0.009651891891891891,0.0028116216216216216,2.1642522843770893,2.768231413224697
59150.5,maxi,0.016612972972972973,0.00435054054054054,1.50415398535823,1.2090088756547752
59151.5,maxi,0.006100810810810811,0.002447027027027027,3.8448553054662375,8.140344429683644
59152.5,maxi,0.00985054054054054,0.0025283783783783785,0.8859509155839221,0.4940747331308113
59153.5,maxi,0.009135405405405405,0.0023570270270270267,6.547373358348967,14.406065608530042
59155.5,maxi,0.004917837837837838,0.0022467567567567566,-5.959021406727829,-17.096513588009834
59156.5,maxi,0.0046959459459459466,0.002328108108108108,0.9183506280720918,0.8260783745799382
59158.5,maxi,0.011062162162162163,0.002472972972972973,3.7160077145612345,4.708149133875774
59159.5,maxi,0.004779459459459459,0.0022445945945945944,0.3965526890144944,0.2363763193436054
59162.5,maxi,0.008419459459459459,0.0025056756756756753,0.7672317436661698,0.533577707969745
59168.5,maxi,0.009734594594594595,0.0031283783783783783,1.887667161961367,1.828267190367915
59169.5,maxi,0.009848378378378377,0.003864324324324324,-101.4274193548387,-5888.709467153093
59172.5,maxi,0.02545081081081081,0.008778918918918919,-1.6768581629341124,-0.9507116570905201
59173.0,bat,0.04306804545454545,0.01946827272727273,,
59174.0,bat,0.04296390909090909,0.020158272727272726,,
59178.5,maxi,0.014023513513513514,0.004789999999999999,9.820762368207625,76.34597702423325
59179.5,maxi,0.018074324324324324,0.007736486486486486,-17.91211225997046,-178.96099368013364
59190.5,maxi,0.008147837837837837,0.0025045945945945942,-2.0099647401502376,-1.8386048039028355
59191.5,maxi,0.011439729729729729,0.0025478378378378376,-5.813176895306859,-9.338823164374215
59192.5,maxi,0.0060894594594594585,0.0024075675675675674,-0.7943866002716162,-0.5037438102534887
59218.5,maxi,0.010634054054054053,0.0029637837837837838,2.9693425482899167,3.1463572461371374
59219.5,maxi,0.016744054054054054,0.0024602702702702702,1.3806970509383378,0.47197385680670706
59220.5,maxi,0.013663243243243244,0.002628918918918919,1.4840015800908553,0.8769995034878432
59221.5,maxi,0.009241351351351351,0.0026067567567567567,-3.6781818181818187,-6.568195253940334
59222.5,maxi,0.0065072972972972975,0.0032367567567567566,-2.4682651622002822,-7.542653198985812
59225.5,maxi,0.005768108108108108,0.002424864864864865,1.4516047510740462,2.1493903710929176
59229.5,maxi,0.007398108108108108,0.0022878378378378378,1.1026525770972613,0.754415298846986
59232.5,maxi,0.005169189189189189,0.0023378378378378375,-21.34011627906977,-307.64619928345496
59233.5,maxi,0.005138108108108108,0.0022794594594594594,2.3072069885950017,3.0614096246885736
59234.5,maxi,0.008864324324324324,0.0025481081081081083,-2.7450615849407387,-3.1763702137287746
59236.5,maxi,0.010631351351351351,0.003328108108108108,48.921348314606746,960.7002515467607
59240.5,maxi,0.012374324324324323,0.0034545945945945945,136.4512195121951,10533.56140568336
59241.5,maxi,0.011384324324324324,0.0036340540540540536,0.4287572489295973,0.3466305910598505
59242.5,maxi,0.01659027027027027,0.004778108108108108,4.480938416422287,9.096860392846372
59243.5,maxi,0.02031162162162162,0.004807027027027027,1.4644736842105261,0.9351548918545899
59246.5,maxi,0.014782702702702702,0.006775945945945945,4.374395579092794,13.737622734598661
59256.5,maxi,0.008625945945945946,0.0028905405405405403,2.801372628179249,2.420388884408397
59284.5,maxi,0.005551621621621621,0.0023767567567567565,-3.0425974025974027,-8.332530068659105
59291.5,maxi,0.005504054054054054,0.002158108108108108,-0.7096904713736596,-0.8926488701852001
59292.5,maxi,0.008456756756756756,0.0034027027027027025,-1.1254934800813494,-1.0646812174835871
59294.5,maxi,0.005812972972972973,0.002584054054054054,-0.8226058213203563,-0.48780431826167875
59295.5,maxi,0.011009729729729729,0.0036645945945945942,2.5750944584382873,2.997103188309311
59314.5,maxi,0.014215675675675674,0.003488108108108108,1.3952076152962416,1.675276317997001
59316.5,maxi,0.013477297297297297,0.0046478378378378375,1.2946280464463442,1.595501429285993
59318.5,maxi,0.031925945945945944,0.00675081081081081,2.9278643083421327,2.321118242690349
59321.5,maxi,0.009601891891891891,0.004643783783783783,-59.44884488448845,-1778.9698842261912
59324.5,maxi,0.006768648648648648,0.003016216216216216,1.283301707779886,1.8378573995376206
59329.0,bat,0.03951904545454545,0.014006545454545454,,
59329.5,maxi,0.007893783783783784,0.0026167567567567567,1.1339664578702766,0.7790598941685046
59390.5,maxi,0.024216756756756757,0.007482162162162162,7.095411176737847,21.983572844325767
59391.5,maxi,0.05210405405405406,0.009045945945945946,2.4658890758933816,1.6696338488432905
59403.0,bat,0.01748781818181818,0.007666954545454545,,
59430.0,bat,0.021171727272727273,0.009750727272727274,,
59441.0,bat,0.021704590909090906,0.009913454545454545,,
59442.0,bat,0.026868681818181816,0.009839363636363637,,
59450.0,bat,0.023286454545454544,0.009343227272727272,,
59460.5,maxi,0.009862432432432433,0.003614324324324324,-3.460146827477714,-5.8920958066179425
59463.5,maxi,0.022232162162162162,0.005134594594594594,2.1604447974583003,2.0792115578582027
59469.0,bat,0.013222181818181819,0.006231045454545454,,
59475.5,maxi,0.009193513513513512,0.003072162162162162,2.0823727185398653,1.6743563455184187
59487.0,bat,0.015251136363636364,0.006359681818181818,,
59494.5,maxi,0.005803783783783783,0.002361081081081081,1.7041800643086817,1.8031642083621622
59499.5,maxi,0.0054270270270270265,0.0024205405405405404,7.517431192660551,24.39187887003169
59502.5,maxi,0.006473243243243243,0.002354054054054054,9.603921568627449,43.72962058654218
59503.5,maxi,0.005912432432432432,0.00233,2.1234169928620767,2.583191747742081
59512.5,maxi,0.010604594594594594,0.00318,3.8527488496003874,5.361705994479568
59515.5,maxi,0.008404594594594594,0.002567837837837838,4.175736961451247,8.346968153407369
59516.0,bat,0.026595681818181817,0.012945045454545454,,
59516.5,maxi,0.006087837837837838,0.002397027027027027,-32.60989010989011,-434.01041107451067
59517.5,maxi,0.007886486486486486,0.0025329729729729727,19.530318602261048,105.27643654274029
59518.5,maxi,0.004784054054054054,0.0023386486486486483,1.453795379537954,1.6019266265357595
59520.5,maxi,0.007048648648648648,0.002395405405405405,-8.121892055791388,-24.780921420477874
59522.5,maxi,0.004906486486486486,0.0023491891891891893,-0.9579051628079731,-0.7454608410218039
59523.5,maxi,0.009768378378378378,0.004232702702702703,0.4278754298815438,0.7486307146496768
59524.5,maxi,0.004882432432432433,0.0023208108108108104,-1.8976634667632677,-1.833356970789857
59525.5,maxi,0.006677567567567567,0.0024354054054054053,2.3009868421052633,2.702340701366923
59527.5,maxi,0.005775675675675675,0.002481081081081081,-8.217225609756097,-31.611004948916168
59528.5,maxi,0.005653243243243244,0.002530810810810811,1.0696787612664662,0.8414833335540612
59532.5,maxi,0.0073845945945945944,0.0029572972972972972,1.599131496810965,1.41707101890635
59533.0,bat,0.023261863636363636,0.009499863636363636,,
59533.5,maxi,0.015957837837837836,0.0033713513513513515,1.1849952666456296,0.7359306879250191
59534.5,maxi,0.015512162162162162,0.0039018918918918917,2.342887102411744,1.5017749144923667
59536.5,maxi,0.014632162162162161,0.0051837837837837835,1.228565319649348,2.9088945623903477
59537.5,maxi,0.041137027027027026,0.007196756756756756,1.1347010515470164,0.5865159255551983
59538.5,maxi,0.014619189189189188,0.005752702702702702,-314.12345679012344,-46323.691858168524
59553.5,maxi,0.006447027027027027,0.0032035135135135137,-1.0021932830705962,-1.249221707611267
59554.5,maxi,0.009900540540540539,0.004256756756756757,0.9118952760387025,1.3337731596166955
59555.5,maxi,0.005159189189189188,0.0024654054054054054,-4.017511520737327,-21.156467602715267
59583.5,maxi,0.013113243243243243,0.0027554054054054053,1.130604159788709,0.535051083718723
59584.5,maxi,0.011091891891891891,0.002604324324324324,-9.770964833183049,-41.18089039307198
59585.5,maxi,0.008538378378378378,0.0027637837837837837,-113.42990654205607,-5869.875504663364
59592.0,bat,0.06733763636363636,0.02382304545454545,,
59606.5,maxi,0.010243243243243244,0.0037045945945945943,1.7106576948122425,3.0332370582917414
59609.5,maxi,0.017706486486486487,0.005172162162162162,-0.6893999150536982,-0.5913233623571876
59633.0,bat,0.01783081818181818,0.007746090909090909,,
59647.5,maxi,0.0058367567567567565,0.002393243243243243,-8.703355704697987,-30.1294512989914
59649.5,maxi,0.0054978378378378375,0.0023713513513513515,-1.380690120265258,-0.8603423033055135
59650.5,maxi,0.006051351351351351,0.0025716216216216214,3.9813051146384484,8.161497912676074
59653.5,maxi,0.005618108108108108,0.0025640540540540543,0.7964912280701755,1.0391966635698542
59656.5,maxi,0.008345135135135136,0.0033021621621621617,13.45235707121364,90.8246078744713
59657.5,maxi,0.01434108108108108,0.0031594594594594595,29.593475533249688,207.55585313435338
59658.5,maxi,0.009202162162162162,0.0029205405405405404,0.5062919463087249,0.4445156541743754
59660.5,maxi,0.006542162162162161,0.002725405405405405,0.08299695488988032,0.2942974378941795
59661.5,maxi,0.012117297297297297,0.00255,1.4424071462153267,0.6987033704404648
59662.5,maxi,0.005885675675675676,0.0026543243243243243,1.1430530791386642,1.0614790282843314
59666.5,maxi,0.007761621621621621,0.002438108108108108,4.190250079138968,6.47764383315502
59668.5,maxi,0.0062181081081081075,0.002385135135135135,1.1709103199639477,0.8506390450078593
59670.5,maxi,0.006602702702702703,0.0023037837837837838,-8.480952380952381,-47.40089053463
59671.5,maxi,0.006798648648648649,0.0022508108108108106,0.7196425281002395,0.47698929447760896
59680.5,maxi,0.009207027027027026,0.004552432432432432,-7.237233515121467,-12.947398936851313
59682.5,maxi,0.01270972972972973,0.004654594594594595,-4.129570465033724,-11.486429017649122
59683.5,maxi,0.025974864864864864,0.005023783783783784,1.4354110207768744,0.8338454063060143
59712.5,maxi,0.00574027027027027,0.0021805405405405406,-26.19158878504673,-545.0129446963317
59713.5,maxi,0.004885135135135135,0.002095135135135135,10.261764705882351,67.78013903030815
59717.5,maxi,0.011347837837837837,0.0028124324324324324,3.749585062240664,4.850183312109321
59720.5,maxi,0.005724054054054054,0.0021167567567567567,-8.616525423728815,-41.64734538482348
59723.5,maxi,0.005385945945945946,0.002215675675675676,3.516396845163968,7.4020676080022145
59730.0,bat,0.03710895454545454,0.014356227272727274,,
59755.5,maxi,0.00783081081081081,0.003277027027027027,0.31031756489656076,0.34723787754250895
59783.5,maxi,0.016385945945945946,0.00667027027027027,2.7663270257156722,4.17922178877122
59785.0,bat,0.02251459090909091,0.010303045454545455,,
59802.5,maxi,0.005094324324324324,0.00227027027027027,-0.5883615549725734,-1.0490873720217182
59807.5,maxi,0.005261351351351352,0.002367027027027027,3.240318302387268,9.434257123121949
59817.5,maxi,0.004705135135135135,0.0023313513513513514,-1.327476389193938,-0.7979743750860285
59824.5,maxi,0.006712972972972972,0.003008918918918919,-2.550241434812601,-3.567436092694848
59825.5,maxi,0.01599297297297297,0.004117027027027027,6.271290158082611,21.736351489914416
59828.5,maxi,0.015434594594594593,0.005474864864864865,-0.8291550603528319,-0.538822129261563
59855.0,bat,0.025708045454545456,0.00768840909090909,,
59860.0,bat,0.03013372727272727,0.01173090909090909,,
59863.5,maxi,0.014970810810810808,0.004687027027027026,1.9177893447642378,2.8942686583477006
59896.5,maxi,0.007855135135135135,0.0033659459459459457,-0.3075915277676687,-0.39391777484988993
59899.5,maxi,0.008526486486486486,0.0035867567567567566,7.368253968253969,79.5184656638339
59900.5,maxi,0.039082972972972974,0.013608108108108107,0.7329178784101925,0.7828753297483411
59930.5,maxi,0.007321621621621621,0.002822162162162162,-0.336926682289923,-0.34162136983277125
59947.5,maxi,0.019556216216216216,0.0031527027027027027,1.846264367816092,1.5519683396629984
59948.5,maxi,0.01665054054054054,0.003291891891891892,1.433813892529489,1.5703934424236121
59949.5,maxi,0.00787054054054054,0.002710810810810811,1.4034874290348744,1.873359980675299
59959.5,maxi,0.004967297297297297,0.0023821621621621623,-4.135658914728682,-10.727536933080382
59962.5,maxi,0.005464324324324324,0.0025318918918918916,3.2841463414634147,7.83268921118685
59963.5,maxi,0.009242432432432432,0.002694864864864865,1.9901375551518299,1.705025937017221
59966.5,maxi,0.005414864864864865,0.0027051351351351353,-4.650149253731343,-15.456468122961812
59969.5,maxi,0.01329162162162162,0.003598378378378378,6.194444444444444,10.73297912210645
59970.5,maxi,0.013200540540540541,0.004696756756756757,1.8436008676789586,1.2692012573431486
59972.5,maxi,0.01768837837837838,0.007438378378378379,1.9636596289187458,3.672000018059788
59973.5,maxi,0.04238783783783784,0.009076756756756756,0.7831171422869686,0.7385887144615246
59974.5,maxi,0.014776756756756756,0.006066216216216216,-2.289728131043112,-2.898725296238479
59979.5,maxi,0.005897567567567567,0.002882432432432432,-984.9999999999999,-665750.7953037162
60005.0,bat,0.09055822727272726,0.033304545454545455,,
60009.5,maxi,0.01083135135135135,0.003589189189189189,0.7030077375065449,0.49580669270025524
60010.5,maxi,0.04448459459459459,0.004462972972972973,0.4039592420576757,0.08173469404215895
60011.5,maxi,0.09743675675675675,0.004142972972972973,0.50461543560763,0.04135958138995368
60012.5,maxi,0.14158405405405405,0.005056216216216216,0.5721137335591489,0.03890740895556578
60013.5,maxi,0.18299486486486488,0.005591081081081081,0.5958178152225315,0.03542395910137073
60014.5,maxi,0.23341675675675674,0.0062629729729729725,0.6514488197757025,0.03415165416363952
60015.5,maxi,0.23983756756756758,0.006676486486486486,0.6420776086149276,0.03484573378856529
60016.5,maxi,0.2456835135135135,0.006322432432432432,0.6867842481317145,0.0346199862247589
60017.5,maxi,0.24846135135135133,0.006943783783783783,0.7094664311572025,0.03943445966198995
60018.5,maxi,0.19577324324324324,0.005972972972972973,0.6556155444866302,0.03878026881876122
60019.5,maxi,0.16077162162162162,0.004913513513513513,0.7113444598023643,0.04192138631511999
60020.0,bat,0.03787568181818182,0.018512136363636363,,
60020.5,maxi,0.13659297297297296,0.0043408108108108105,0.7631663782594036,0.04773493726791573
60021.5,maxi,0.12660594594594596,0.005372432432432432,0.8656989834362833,0.07589248559880135
60022.5,maxi,0.13407783783783783,0.006963783783783784,0.9210377651011558,0.09694578185264545
60023.5,maxi,0.08485783783783783,0.005999729729729729,0.8213988418935587,0.11145637452686104
60024.5,maxi,0.09422027027027027,0.004275405405405405,0.7403281634486772,0.06460305672784093
60025.5,maxi,0.09133351351351351,0.004744864864864864,0.7746040485647989,0.07966522100041482
60026.5,maxi,0.0877354054054054,0.004254324324324325,0.874356558578907,0.08472873081051963
60027.5,maxi,0.07803378378378378,0.004227027027027027,0.949645521695557,0.10507136043984316
60028.5,maxi,0.06750378378378379,0.0038132432432432433,0.7252492277964019,0.07967981054817508
60029.5,maxi,0.06714675675675676,0.0039818918918918915,0.7948677629017282,0.09048504702132269
60030.5,maxi,0.06837918918918919,0.003843513513513513,0.7129662147924423,0.07678085691011821
60031.5,maxi,0.0710072972972973,0.00393027027027027,0.5941959103491383,0.06125203398022141
60032.5,maxi,0.07138783783783784,0.0036697297297297294,0.5615382812408443,0.0548936600172862
60033.5,maxi,0.05700675675675675,0.003147027027027027,0.7547617823038283,0.0815273037387597
60034.5,maxi,0.04630756756756756,0.003082972972972973,0.5689412673169028,0.07236566177733321
60035.5,maxi,0.06234594594594594,0.0039416216216216216,0.5150817848856162,0.06100438285506332
60036.5,maxi,0.06711,0.0039759459459459455,0.5886799276672695,0.06286744019100482
60037.5,maxi,0.06810567567567567,0.004356216216216216,0.6696303873163246,0.07881186635922222
60038.5,maxi,0.06940324324324325,0.004429189189189189,0.5954734968938912,0.0726533565298743
60039.5,maxi,0.07198,0.004337837837837837,0.5630321227326944,0.06328100567649259
60040.5,maxi,0.07604243243243243,0.0044894594594594595,0.7288313005487218,0.08254508454171633
60041.5,maxi,0.07174918918918918,0.0046632432432432425,0.4779075055257675,0.05693705106874317
60042.5,maxi,0.06999216216216216,0.00474027027027027,0.4310598265471116,0.05449927158621366
60043.5,maxi,0.0731545945945946,0.005150540540540541,0.5695260528563664,0.07889189054717277
60045.5,maxi,0.06111189189189189,0.007252162162162162,0.5461506636552926,0.11823622206199089
60046.5,maxi,0.07709945945945947,0.008148918918918918,0.5857869371271863,0.11826170759822932
60047.5,maxi,0.09584432432432431,0.008752702702702701,0.5192423826516608,0.10097329730362267
60048.5,maxi,0.07933054054054053,0.009261621621621622,0.5189167424728216,0.11548138799831549
60049.5,maxi,0.07151648648648648,0.007645675675675675,0.3179416128775574,0.0707006587022362
60050.5,maxi,0.07624486486486487,0.006815405405405405,0.39359683903934123,0.06853996492144511
60051.5,maxi,0.07306783783783784,0.007473513513513513,0.47536768432227117,0.09404807105584997
60052.5,maxi,0.054220540540540534,0.006031351351351351,0.40011767085256206,0.08165619713413758
60053.0,bat,0.07316722727272727,0.024628,,
60053.5,maxi,0.054439999999999995,0.00513081081081081,0.5332751797795838,0.0912071328815213
60054.5,maxi,0.04919459459459459,0.004601891891891891,0.5911520007043183,0.10445760143221816
60055.5,maxi,0.04705972972972973,0.0040397297297297295,0.48020157186003437,0.07846540215728173
60056.5,maxi,0.06423864864864864,0.00405,0.4570110734006574,0.055320764209427616
60057.5,maxi,0.0561854054054054,0.02125783783783784,0.3520402698939702,0.3650806680362369
60058.5,maxi,0.035311081081081074,0.00396,0.4825109522711552,0.10560320903191736
60059.5,maxi,0.03623864864864865,0.003983513513513513,0.3891654941010932,0.08994581059361886
60060.5,maxi,0.02743891891891892,0.003667297297297297,0.7062291947021744,0.18169025449060164
60061.5,maxi,0.02089837837837838,0.003522432432432432,0.6276310829845061,0.1851412833710098
60062.5,maxi,0.014035135135135133,0.0031583783783783784,0.9359382261466413,0.375827808861155
60063.5,maxi,0.012860810810810811,0.003208378378378378,0.5984394144579868,0.26040363070835626
60064.5,maxi,0.008297567567567566,0.002859189189189189,4.380223342939481,6.433213084037593
60074.5,maxi,0.012548648648648648,0.004482702702702702,0.3330239273927393,0.2288824590852048
60075.5,maxi,0.018425945945945946,0.002663513513513513,0.2726676504344974,0.08999751667086806
60076.5,maxi,0.011114054054054053,0.002663513513513513,0.27852356720163945,0.11673062093004448
60077.5,maxi,0.01585945945945946,0.002688378378378378,0.3498166437940111,0.12145642848326348
60078.5,maxi,0.015503783783783783,0.0036854054054054055,0.13057245106846732,0.09006950281773987
60080.5,maxi,0.008614324324324324,0.0030378378378378376,0.18125868572563034,0.17657799904555924
60081.5,maxi,0.016778918918918917,0.00290027027027027,0.20376667538582263,0.08797875059603351
60082.5,maxi,0.016842702702702703,0.004664594594594594,0.3144574233959709,0.18663771989020467
60083.5,maxi,0.015806756756756756,0.0028445945945945942,0.4349813976422072,0.14056262411263645
60084.5,maxi,0.010536486486486486,0.002593243243243243,0.31553852703277985,0.14330822301492846
60085.5,maxi,0.00998027027027027,0.0025727027027027025,0.5513419843636657,0.24785556404840786
60086.5,maxi,0.017182432432432435,0.002760540540540541,0.37629794330183436,0.12518281844160575
60087.5,maxi,0.01801027027027027,0.0029116216216216215,0.48807121395578285,0.14673011723255133
60088.5,maxi,0.014632972972972972,0.0032016216216216218,0.3319030975051223,0.14682160448738477
60089.5,maxi,0.01695162162162162,0.003176756756756757,0.6847322540473225,0.21257780748072605
60090.5,maxi,0.01405081081081081,0.003083243243243243,0.2934588897934039,0.12570643405248766
60091.5,maxi,0.022618108108108107,0.0029916216216216217,0.5252049625139843,0.11527121019123884
60092.5,maxi,0.018194864864864865,0.0026962162162162163,0.4870029534296947,0.1143152708897455
60093.5,maxi,0.020337027027027024,0.0030948648648648647,0.5440198819509164,0.14234213139526397
60094.5,maxi,0.022498648648648648,0.003164324324324324,0.782054894888125,0.23074940723085538
60095.5,maxi,0.018494054054054052,0.0051872972972972975,0.1875145045254119,0.11256690260119082
60096.5,maxi,0.014801621621621621,0.0028835135135135133,1.4031879522785058,0.5591357652936682
60097.5,maxi,0.017645405405405403,0.00281,0.29318578033805803,0.09553274983815
60098.5,maxi,0.01759108108108108,0.002787297297297297,0.8541017347838872,0.24042683602360626
60099.5,maxi,0.01437918918918919,0.002759189189189189,0.5678169291936023,0.19126757207660913
60100.5,maxi,0.015863243243243244,0.002670810810810811,0.7027889172438936,0.2099059440194697
60101.5,maxi,0.013934864864864864,0.002594594594594594,0.5306151321374003,0.16418215866057576
60102.5,maxi,0.013876216216216215,0.0025470270270270268,0.6593271814040417,0.18819298536737472
60103.5,maxi,0.012186486486486485,0.0025635135135135133,0.6173708920187794,0.21418423990241767
60104.5,maxi,0.008988378378378379,0.002462162162162162,1.8994391419856342,1.2541754951851924
60105.5,maxi,0.0077021621621621615,0.0024805405405405405,0.29629779650032406,0.18224503712193607
60106.5,maxi,0.009552972972972973,0.002467027027027027,0.6724602936769553,0.30446311434972806
60107.5,maxi,0.010024054054054052,0.0026205405405405405,0.23440574007638007,0.1290427417638242
60108.5,maxi,0.006264054054054054,0.0025718918918918917,0.41334509976957395,0.25129369982880073
60109.5,maxi,0.010998648648648648,0.0027278378378378376,0.5617010504999367,0.2559578351907846
60110.5,maxi,0.008791621621621622,0.002762162162162162,0.8458088996205588,0.5208394943602774
60111.5,maxi,0.008078648648648648,0.0029124324324324327,0.1903778649597357,0.14318699518011224
60112.0,bat,0.15148513636363636,0.06306495454545454,,
60112.5,maxi,0.011023513513513512,0.0028929729729729728,0.7112388796084069,0.28110528629970977
60113.5,maxi,0.011364054054054053,0.002986216216216216,0.314212265883217,0.19039134057711027
60114.5,maxi,0.014684594594594595,0.0031178378378378373,1.2214273738333428,0.5863553084924349
60115.5,maxi,0.007655405405405405,0.0034024324324324322,0.3856245223741191,0.2652459267761783
60118.5,maxi,0.015148378378378378,0.005295945945945946,-2.1051001216948775,-2.491711048205758
60119.5,maxi,0.017193783783783785,0.0067281081081081075,0.39421873221804943,0.34247013734050386
60121.5,maxi,0.010305945945945945,0.004907567567567567,-6.533756491633007,-42.63192746809898
60125.0,bat,0.03641104545454546,0.016859636363636365,,
60129.5,maxi,0.0058154054054054055,0.0025132432432432433,0.7281658544132436,0.4951208332467851
60134.0,bat,0.03412531818181818,0.013783272727272726,,
60181.5,maxi,0.004996756756756757,0.0024048648648648647,-2.0733590733590734,-3.332923321840626
60186.5,maxi,0.00732,0.002745135135135135,10.926456542502388,58.86748802330259
60187.5,maxi,0.006139189189189188,0.002883243243243243,0.7470578202285519,0.578849472179353
60188.5,maxi,0.008948648648648649,0.003312162162162162,0.6339907192575406,0.4341838622302108
60190.5,maxi,0.020198108108108105,0.005222432432432432,1.1465452193597068,0.8356994754946134
60191.5,maxi,0.019625945945945945,0.004882972972972972,1.112685209253964,0.4875409519036741
60192.5,maxi,0.033125675675675675,0.008378648648648648,0.504796816433018,0.2688373670531683
60194.5,maxi,0.014393243243243242,0.004792432432432433,0.3962704708290686,0.2977191681683358
60202.5,maxi,0.007752432432432432,0.0038716216216216214,0.3511212466742683,0.27764207570281435
60238.5,maxi,0.005454054054054054,0.0023867567567567565,-0.488271954674221,-0.5001985494537805
60263.5,maxi,0.02557054054054054,0.0060799999999999995,-1.5906455058751718,-1.4343190522325269
60264.0,bat,0.044151499999999996,0.0196045,,
60283.5,maxi,0.010573783783783782,0.0038056756756756752,-1.0258493353028066,-0.45408582840530737
60294.5,maxi,0.00847027027027027,0.0022735135135135134,-9.55202063628547,-38.971083275695264
60311.5,maxi,0.016067837837837835,0.00444027027027027,1.8134726071200173,3.91371048149165
60312.5,maxi,0.019435675675675675,0.0034154054054054053,12.005357142857143,67.38379181969505
60313.5,maxi,0.011402702702702702,0.0037037837837837835,-0.9320452155625657,-1.1667226404931255
60324.5,maxi,0.007948378378378378,0.002725405405405405,0.4595173331790034,0.33028592002054746
60325.5,maxi,0.009513243243243243,0.0029605405405405405,0.4212066322976174,0.2123612120390274
60326.5,maxi,0.01695189189189189,0.003122162162162162,0.6865804725813642,0.2540763849701563
60327.5,maxi,0.015261351351351352,0.003354324324324324,0.50600777985881,0.21257279034750348
60328.5,maxi,0.013658378378378378,0.003268108108108108,0.18072167447874576,0.11165358467903407
60329.5,maxi,0.006419189189189189,0.003131081081081081,-0.10093113751650337,-0.16816549685496415
60330.5,maxi,0.011704864864864864,0.003202972972972973,0.17655325001494948,0.15588419944241264
60331.5,maxi,0.008841621621621621,0.0034548648648648644,0.18433335061971684,0.1495863512106053
60333.5,maxi,0.009792432432432432,0.0046500000000000005,-8.895394736842105,-58.07266167447958
60336.5,maxi,0.02277162162162162,0.006160540540540539,0.23442188195667743,0.1960436619508151
60350.5,maxi,0.009058378378378378,0.002894324324324324,0.11738639688976213,0.19134921018061218
60365.5,maxi,0.012859189189189189,0.0032635135135135134,0.6491620550257073,0.30471802066217957
60366.5,maxi,0.01074945945945946,0.002563243243243243,0.610907610907611,0.22707955159343246
60367.5,maxi,0.015657567567567567,0.00276,0.27181457859686536,0.10063847162557646
60368.5,maxi,0.011840540540540541,0.002581891891891892,0.6419761499148211,0.22241631696023106
60369.5,maxi,0.01377054054054054,0.0027475675675675674,0.2419438728206056,0.10967350708934503
60370.5,maxi,0.016954864864864864,0.002762972972972973,0.515098754012732,0.16882490092039626
60371.5,maxi,0.02081108108108108,0.0030137837837837834,0.29088087150052716,0.08403158777870524
60372.5,maxi,0.028815945945945946,0.003035675675675676,0.2662310788948946,0.06798833084092186
60373.5,maxi,0.021996756756756757,0.006412702702702703,0.41411514183588105,0.20467923693477313
60374.5,maxi,0.025985405405405403,0.0028602702702702704,0.39151176412471245,0.08277990760929407
60375.5,maxi,0.029805945945945947,0.0031175675675675675,0.28079155021270386,0.06438904007304301
60376.5,maxi,0.018565945945945947,0.0027745945945945945,0.4954446854663775,0.12388630780719279
60377.5,maxi,0.022934864864864866,0.003134324324324324,0.4770512917645276,0.10867098608374978
60378.5,maxi,0.02063,0.00298054054054054,0.3708057501179019,0.10513808305431237
60379.0,bat,0.03604927272727273,0.012885272727272728,,
60379.5,maxi,0.018117567567567567,0.0029889189189189185,0.14494351767556962,0.06394507354111238
60380.5,maxi,0.014887297297297297,0.0029405405405405404,0.2199422404620763,0.08775046623129808
60381.5,maxi,0.023323243243243242,0.0031635135135135136,0.34829250011711244,0.09583963752079915
60382.5,maxi,0.02098027027027027,0.002820810810810811,0.4301062337141712,0.11444935446278905
60383.0,bat,0.02051790909090909,0.010183500000000002,,
60383.5,maxi,0.017962432432432434,0.002724864864864865,0.429653545262635,0.13439096602935105
60384.5,maxi,0.009017027027027025,0.0030894594594594593,0.5796645133271809,0.3700813211442532
60385.5,maxi,0.014509729729729729,0.0030824324324324323,1.26511175898931,0.7126991946455283
60386.5,maxi,0.01316189189189189,0.006247837837837837,0.9728046813458869,0.7254760115537832
60387.5,maxi,0.012777567567567568,0.0027937837837837837,0.5567064376556968,0.2695869470284358
60389.5,maxi,0.007022972972972973,0.0026597297297297298,0.3626781770728769,0.49541747799450475
60406.5,maxi,0.016224054054054055,0.0035954054054054053,1.7728285077951005,1.3062039480190164
60409.5,maxi,0.010876486486486486,0.005311081081081081,-24.666666666666668,-687.2887773539346
60410.5,maxi,0.013544864864864864,0.004887297297297297,0.5292544825416797,1.4308458976335456
60436.0,bat,0.032675863636363635,0.015442409090909092,,
60479.5,maxi,0.01775972972972973,0.0035986486486486485,1.021382474146645,0.6801472684412811
60483.5,maxi,0.025355405405405405,0.009534324324324325,-7.167236272499431,-26.127013007177858
60492.5,maxi,0.006515135135135135,0.0024972972972972973,1.5985915492957745,1.729174077013777
60497.5,maxi,0.006556486486486486,0.0026570270270270266,1.878450510904377,1.942445351300502
60500.5,maxi,0.005601081081081081,0.002778108108108108,1.1489874638379944,2.063252130139893
60509.5,maxi,0.011089459459459458,0.0032294594594594593,0.7476200701453009,0.5352812842744624
60510.5,maxi,0.007901891891891891,0.0022294594594594592,0.6890102827763497,0.3348822284207022
60511.5,maxi,0.00897108108108108,0.002205135135135135,8.34375,30.132413646403947
60512.5,maxi,0.00457135135135135,0.002062162162162162,36.38251366120218,904.9887761367451
60514.5,maxi,0.004722972972972973,0.0020797297297297295,5.124695228143504,8.727735153973741
60529.5,maxi,0.005325675675675675,0.0024513513513513513,7.670634920634921,53.224845151991516
60535.0,bat,0.16792004545454547,0.067701,,
60552.5,maxi,0.015946216216216214,0.005257297297297297,1.4243315133697327,1.1648554616424251
60554.5,maxi,0.01959027027027027,0.0062345945945945945,1.4719721949915339,1.8701338285055913
60578.0,bat,0.044451590909090906,0.019645636363636365,,
60600.5,maxi,0.0065108108108108105,0.0027897297297297297,-0.965041305661898,-0.6989671160206241
60601.5,maxi,0.006313783783783783,0.002322972972972973,-1.7195708472068072,-1.5874116763361796
60603.5,maxi,0.006037837837837837,0.002680810810810811,-6.332374100719425,-23.459756733692398
60606.5,maxi,0.0070705405405405404,0.0025602702702702705,1.511019878997407,1.0681998102090062
60609.5,maxi,0.004645945945945946,0.0022618918918918918,7.757939308398023,28.78026780773379
60613.5,maxi,0.006104864864864864,0.002295135135135135,2.314889788573999,2.834664412855025
60614.5,maxi,0.004845675675675676,0.0022756756756756756,-10.730069930069929,-73.39544106126027
60617.5,maxi,0.005432702702702703,0.00249054054054054,-2.23961113229127,-2.383863358167796
60619.5,maxi,0.010562702702702702,0.0029194594594594597,-12.030154277699861,-48.48713081392955
60621.5,maxi,0.006351891891891891,0.002845135135135135,0.7674353598881901,0.9128993407822317
60623.5,maxi,0.006829459459459459,0.0030818918918918917,-1.2992258498821945,-2.965518832211936
60624.5,maxi,0.009826756756756757,0.003395135135135135,0.9484904850479324,1.1225252350418904
60627.5,maxi,0.042934594594594595,0.00703027027027027,0.39271719599056093,0.24012519365807955
60628.0,bat,0.03639790909090909,0.0136805,,
60634.5,maxi,0.01346108108108108,0.005189459459459459,-0.43527402421258854,-0.4443895161174288
60659.5,maxi,0.004494864864864865,0.002171081081081081,-1.3453784119106702,-1.1548673534079763
60660.5,maxi,0.007152432432432432,0.002278918918918919,-0.9259324730422486,-1.055874049543959
60676.5,maxi,0.020604054054054053,0.004156216216216216,0.9169730534741937,0.5152877071386132
60677.5,maxi,0.006384864864864864,0.003102972972972973,0.5414567590260286,0.6533198099527326
60678.5,maxi,0.006932972972972973,0.0024264864864864863,-1.7810282404055033,-1.3930342805733755
60696.5,maxi,0.007374594594594595,0.003255945945945946,2.9287925696594423,10.323455155519959
60697.5,maxi,0.011281891891891892,0.004586486486486486,1.960661345496009,2.132924660923806
60700.5,maxi,0.020593513513513514,0.007032972972972972,-2.5625834445927906,-2.4860556254281896
60706.5,maxi,0.009367567567567568,0.003215135135135135,1.3750199393842717,1.725421985977766
60707.5,maxi,0.006118108108108108,0.002837567567567567,1.8445908841295993,3.271580539234171
60710.5,maxi,0.009031891891891892,0.0029045945945945944,0.9430481899930828,0.8631073284159313
60726.0,bat,0.02780790909090909,0.01153831818181818,,
60728.5,maxi,0.010882702702702703,0.004002162162162162,3.0498919662148887,5.138884068125811
60733.5,maxi,0.006272432432432432,0.002298378378378378,2.015780881552694,2.100800156889661
60734.5,maxi,0.00628081081081081,0.0023905405405405407,2.326780626780627,3.7758344822522565
60737.5,maxi,0.006495135135135135,0.002457297297297297,-18.115384615384613,-156.2469370584376
60738.5,maxi,0.004574054054054054,0.002224594594594595,-3.706954760297097,-5.745736071678189
60739.5,maxi,0.006794594594594594,0.0023516216216216217,0.38138442992195926,0.2836965234523215
60746.0,bat,0.11283372727272727,0.05223590909090909,,
60747.5,maxi,0.007384324324324324,0.0025302702702702704,-10.476775956284152,-35.368262960245474
60748.5,maxi,0.008283513513513512,0.003036216216216216,4.51748606183477,14.5767577630562
60758.5,maxi,0.005327567567567568,0.002461081081081081,-0.9970660146699266,-0.6420545147334069
60768.5,maxi,0.01073027027027027,0.003449189189189189,2.9701594533029616,5.239049869755819
60770.5,maxi,0.013233783783783783,0.005692702702702702,1.5775193798449614,4.339655940619227
60772.5,maxi,0.025681081081081077,0.004198378378378378,2.381248745231881,2.0925957719705264
60778.0,bat,0.1586745,0.06354118181818182,,
60819.5,maxi,0.005665675675675675,0.002108108108108108,-0.6611075129533679,-0.35196999966788656
60821.0,bat,0.03246777272727273,0.010200363636363636,,
60842.5,maxi,0.008697297297297298,0.0033199999999999996,1.9804700430321085,4.257856211629454
60843.5,maxi,0.013597567567567567,0.006386486486486487,5.4476114010437575,24.901514335150758
60844.5,maxi,0.049107027027027024,0.012435405405405405,1.262491888384166,1.0887248188692296
60846.5,maxi,0.017823783783783784,0.008425945945945945,-3.0629963511483154,-4.75829265121432
60863.0,bat,0.07200354545454545,0.034271863636363635,,
60892.5,maxi,0.011918648648648647,0.0024224324324324323,1.5759323337178008,1.1419389196482836
60893.0,bat,0.1952929090909091,0.09032522727272728,,
60893.5,maxi,0.017089999999999998,0.0033437837837837834,25.337796086508753,172.25845475483789
60897.5,maxi,0.009135675675675674,0.0024448648648648648,0.3114011720831113,0.28018421622863143
60898.0,bat,0.027166863636363635,0.012246136363636365,,
60915.5,maxi,0.012162972972972972,0.0044032432432432435,5.886889460154241,14.434594203522195
60918.5,maxi,0.03547054054054054,0.016947567567567566,0.5333534106309291,1.1744091533009344
60924.0,bat,0.01829209090909091,0.0070764999999999995,,
60932.5,maxi,0.005244864864864865,0.002354054054054054,0.9203730272596844,4.570223966791141
60953.5,maxi,0.00509972972972973,0.00227,-0.958280456852792,-0.9591216442848737
60954.5,maxi,0.014882972972972973,0.00529972972972973,1.9124765883878403,1.7305167710280753
60976.5,maxi,0.00560027027027027,0.002370810810810811,-2.091774303195105,-2.6426937589169723
60978.5,maxi,0.008778378378378379,0.002415135135135135,-16.854166666666664,-99.21174511240763
60987.5,maxi,0.010915135135135133,0.0034205405405405404,1.916764611603804,1.5858684757036472
60990.5,maxi,0.019159999999999996,0.006495945945945946,-9.306537102473499,-30.300150686974952
60994.5,maxi,0.009842432432432432,0.0045213513513513515,13.040364583333332,157.6791301057814
61009.5,maxi,0.007936756756756756,0.003741081081081081,-1.2070484581497798,-0.8041095773412154
61010.5,maxi,0.031062702702702703,0.007418378378378378,1.0846439169139466,0.6202163358283663
61025.5,maxi,0.004773513513513513,0.002324594594594594,-5.298058252427184,-13.966715639372554
61026.5,maxi,0.00657135135135135,0.002722972972972973,3.8604041916167664,8.873477927569622
61029.0,bat,0.17958995454545457,0.08219745454545455,,
61035.0,bat,0.5116608181818182,0.19992527272727273,,
61041.5,maxi,0.01652810810810811,0.006298648648648648,0.47781413842851617,0.4508949018037276
61057.5,maxi,0.007716216216216216,0.0028586486486486483,0.9855720675227241,1.05503443265309
61058.5,maxi,0.01390918918918919,0.0032259459459459457,3.4737427681352915,4.925771930947977
61059.5,maxi,0.00956054054054054,0.0045000000000000005,-1.9052706552706553,-1.9300207393291886
61063.5,maxi,0.018448648648648647,0.0036591891891891892,1.8946159734626182,1.722440026409831
61077.5,maxi,0.011957837837837836,0.004297567567567567,-2.152969406118776,-2.5517908456694807
61092.5,maxi,0.00770054054054054,0.0023759459459459457,2.8704037027513496,3.9435207603405815
61093.5,maxi,0.00541081081081081,0.0023375675675675676,9.628238341968911,64.8026153005623
61094.5,maxi,0.004956756756756756,0.0022954054054054054,-1.9897307165677773,-2.397513804550324
61111.5,maxi,0.012947567567567566,0.0032378378378378377,-1.9102730819245772,-1.1301211400565534
61114.5,maxi,0.005534054054054054,0.002343513513513513,-1.230397185988568,-0.9724498300227322
61136.5,maxi,0.01873324324324324,0.007643783783783784,0.4194192824498509,0.3852790758477184
61142.5,maxi,0.0064129729729729724,0.0030005405405405406,-1.3119211233940842,-1.444878816464508
61146.5,maxi,0.009332972972972973,0.002618108108108108,2.557894736842105,2.9995019816498294
61148.5,maxi,0.007098378378378378,0.0030235135135135136,1.540374577832361,1.82955459519217
61172.5,maxi,0.007421621621621621,0.003171081081081081,7.554242749731472,26.67308270388353
61182.5,maxi,0.005122972972972973,0.002275135135135135,-6.668460710441335,-32.15280670826879
61184.5,maxi,0.022054594594594593,0.0036172972972972972,3.450980392156863,2.941832089812595
61187.5,maxi,0.009451891891891892,0.0025708108108108106,1.7741935483870968,1.2781848811202179
61202.5,maxi,0.006192972972972973,0.0027964864864864864,0.6874927687145668,0.703181761806434
61203.5,maxi,0.009665405405405406,0.002832432432432432,0.47547842256140077,0.3979029113234513
61204.5,maxi,0.010875675675675675,0.003187297297297297,1.9794831636648393,2.0220779535594513
61205.5,maxi,0.01186108108108108,0.003282972972972973,1.1145166058933675,0.870190476005162
61209.5,maxi,0.023809729729729726,0.0059713513513513505,6.992594206055326,16.212954807306392
61211.5,maxi,0.01312918918918919,0.005154594594594594,1.8046781883194278,1.6575418627730563
61212.5,maxi,0.009353243243243242,0.0046313513513513505,0.9924118434756731,1.8991852861033973
61215.5,maxi,0.007855675675675676,0.0032135135135135133,0.029394854103780368,0.35981310311197245
61219.5,maxi,0.009426756756756756,0.0026275675675675675,0.7697240689533446,0.3810630116187282
61221.5,maxi,0.011124054054054054,0.002975405405405405,0.586797992234113,0.31460876036728
61222.5,maxi,0.005411351351351352,0.0026970270270270267,0.6876900288454043,0.5181474173746818
61225.5,maxi,0.0070729729729729724,0.0026783783783783785,0.688959804454101,0.43770562718375966
61227.5,maxi,0.006432162162162162,0.002657567567567567,0.196147495872317,0.24251078529768688
61236.5,maxi,0.01759054054054054,0.0032437837837837836,0.7312204454391222,0.2712065395886725
61237.5,maxi,0.019464324324324322,0.005398378378378378,0.7217284247192362,0.37399701305757876
