mjd,inst,flux_crab,flux_err,hr,hr_err
55059.5,maxi,0.0047740540540540536,0.002169459459459459,0.5697823303457107,1.6792720706511204
55065.5,maxi,0.005753243243243243,0.0025935135135135134,0.8866815325359823,1.1773577456382287
55070.5,maxi,0.006013513513513513,0.002388108108108108,3.375308641975309,7.92767336840242
55079.5,maxi,0.005296216216216215,0.0023499999999999997,0.31301016158587375,0.6612860902073876
55081.5,maxi,0.005317027027027027,0.0025108108108108105,0.42937944408532647,0.36051715054315436
55084.5,maxi,0.006459189189189189,0.002502972972972973,1.6186666666666667,1.5631283065051096
55085.5,maxi,0.01999243243243243,0.0026435135135135135,0.7215861491203573,0.273409093433859
55098.5,maxi,0.008349189189189189,0.0029213513513513508,1.7676965832924636,1.6524522598750866
55104.5,maxi,0.004877567567567568,0.0020032432432432433,1.0404667328699106,1.198470139579443
55108.5,maxi,0.007281891891891892,0.0022329729729729728,3.45926477893691,3.7157714380140994
55110.5,maxi,0.007448378378378378,0.002249189189189189,-2.346878097125867,-3.1518132395614584
55114.5,maxi,0.00505054054054054,0.0022667567567567566,1.52638825149151,1.6117145451456003
55116.5,maxi,0.00806054054054054,0.002286216216216216,1.081652783866725,0.6383798681711366
55122.5,maxi,0.004869459459459459,0.0019608108108108107,0.9362920544022907,1.1329391135903508
55143.5,maxi,0.00837081081081081,0.0021527027027027027,0.44806790261335716,0.4295512094853489
55145.5,maxi,0.004575405405405405,0.002254324324324324,0.4985334057577404,0.45538012103641684
55152.5,maxi,0.01133945945945946,0.003932972972972973,0.668924852590641,0.9605941018753196
55159.5,maxi,0.010550810810810812,0.0022375675675675674,0.5053016127595117,0.37339376412066355
55160.5,maxi,0.007524054054054053,0.0035337837837837835,2.672314525415364,3.45510944885254
55161.5,maxi,0.01593324324324324,0.006502972972972972,1.0708948000154876,0.6685949144966881
55166.5,maxi,0.010033243243243244,0.004657567567567567,-0.1937026913372582,-0.3545111561514368
55169.5,maxi,0.009406486486486487,0.002204324324324324,0.31372149837133556,0.37689046456116454
55170.5,maxi,0.016186486486486486,0.0019464864864864864,0.49295496444561493,0.22942965068273288
55171.5,maxi,0.01455135135135135,0.0018537837837837837,1.5022421524663676,0.6685298363974429
55173.5,maxi,0.011864324324324323,0.002899189189189189,2.539157343489645,3.1237538813306753
55180.5,maxi,0.005718378378378378,0.002242162162162162,0.6615326821938393,0.5869699606209043
55182.5,maxi,0.004866216216216216,0.0017954054054054051,4.781609195402298,11.408224208523006
55185.5,maxi,0.009643243243243244,0.0033499999999999997,0.3596142069810166,0.2995150909233449
55188.5,maxi,0.004725945945945946,0.0021224324324324324,0.8513215859030837,0.8847263632675534
55192.5,maxi,0.006397837837837837,0.002025945945945946,5.168465227817746,10.820762420277065
55212.5,maxi,0.004824054054054054,0.002281891891891892,23.985645933014354,212.4622948209947
55215.5,maxi,0.006278378378378378,0.00251,0.7304167898315105,0.7596254785196845
55223.5,maxi,0.02688162162162162,0.004723243243243243,2.2668438330467406,1.4773980513973726
55225.5,maxi,0.014575135135135133,0.005148918918918918,1.0374445851804939,1.0123223657511717
55231.5,maxi,0.014018918918918918,0.004788378378378378,2.010295379335703,2.175462792544604
55238.5,maxi,0.007996486486486485,0.0021513513513513514,0.44028569466382805,0.2721053029364745
55247.5,maxi,0.00441,0.0019159459459459458,-0.25091029460443565,-0.537963156726364
55250.5,maxi,0.006505405405405405,0.0020197297297297294,4.049309664694281,7.376858665711732
55253.5,maxi,0.005781351351351351,0.0021145945945945945,1.1906067877956805,1.0131841023611754
55255.5,maxi,0.007233783783783783,0.0032456756756756755,5.317934782608695,21.32868817177703
55285.5,maxi,0.005457297297297298,0.0024686486486486486,-5.234359483614696,-20.96287033784544
55286.5,maxi,0.006102162162162162,0.0024840540540540536,-4.775941230486685,-8.928673870781372
55287.5,maxi,0.011984324324324324,0.0032324324324324322,40.70623145400593,617.206938854374
55294.5,maxi,0.022113243243243243,0.008197567567567567,1.9243103834940567,2.6001065714347367
55296.5,maxi,0.010953783783783784,0.004335675675675676,7.817427385892116,34.86645514713924
55303.5,maxi,0.01164945945945946,0.00388,6.804472178887155,19.80783878016324
55307.5,maxi,0.021943783783783782,0.006782432432432432,-4.24733153638814,-4.536586010137664
55321.5,maxi,0.008617297297297297,0.0025816216216216215,4.165100250626566,5.983143401883597
55325.5,maxi,0.013062972972972972,0.002597027027027027,0.2201888118297638,0.12954216517110262
55327.5,maxi,0.006345675675675675,0.002723243243243243,0.6823406478578893,0.545470883867055
55329.5,maxi,0.006138918918918919,0.0018986486486486486,0.8701170914100167,0.42494315064319316
55348.5,maxi,0.0044340540540540535,0.0018475675675675674,-1.8474214220323468,-2.0102273817186624
55372.5,maxi,0.013068108108108108,0.0047918918918918915,-2.2763578274760388,-9.527388418336962
55397.5,maxi,0.007873513513513513,0.0032902702702702702,1.353520944105823,1.2885826594999197
55398.5,maxi,0.00535945945945946,0.0022694594594594593,0.39064877576428275,0.5339705557139174
55421.5,maxi,0.006548378378378379,0.0025037837837837834,-0.195929957406531,-0.9376535445293308
55425.5,maxi,0.007281621621621622,0.0029467567567567567,2.8615560640732265,5.3562556081835275
55426.5,maxi,0.007011081081081081,0.0025808108108108106,1.409446537235584,1.080494131474154
55433.5,maxi,0.009495945945945945,0.004316486486486486,6.067484662576687,23.47876388832706
55440.5,maxi,0.01142162162162162,0.005192702702702703,2.9922318494173883,7.570662293264092
55442.5,maxi,0.011357567567567567,0.005274054054054054,-5.073422957600827,-10.078992098518597
55443.5,maxi,0.014269459459459458,0.004671891891891891,2.1160830741446772,1.8586898431042815
55447.5,maxi,0.014315675675675675,0.003449189189189189,3.5302,4.081989833559956
55462.5,maxi,0.005522972972972972,0.0024594594594594594,1.489997259523157,2.059940030474747
55466.5,maxi,0.008104864864864865,0.002625945945945946,0.9374936270011217,0.6173734557775801
55470.5,maxi,0.0054210810810810806,0.002083243243243243,1.9725711356062547,1.964963326062803
55473.5,maxi,0.006176486486486486,0.0020664864864864863,0.956445993031359,0.9265545350345251
55477.5,maxi,0.005724864864864864,0.0021148648648648648,0.5056702529805176,0.5716599774769003
55486.5,maxi,0.005073513513513514,0.00216054054054054,0.9643554687499999,0.8271529493867622
55495.5,maxi,0.009524864864864865,0.003215135135135135,2.6734154929577465,12.321112216498054
55501.5,maxi,0.010958378378378377,0.003701081081081081,2.0635191799968937,2.065452540737426
55504.5,maxi,0.015395675675675674,0.004385945945945945,4.6344982366143,9.389454911496232
55507.5,maxi,0.014066216216216216,0.0045770270270270265,1.8677358677358677,1.61806937477953
55511.5,maxi,0.013113243243243243,0.005672162162162162,2.2922221241281893,2.1308359674825943
55514.5,maxi,0.020145135135135137,0.00472054054054054,4.943051201671892,10.207767861345614
55518.5,maxi,0.011183243243243242,0.0037597297297297296,1.6589392342817,3.787214590575295
55525.5,maxi,0.006074864864864865,0.002478378378378378,0.5367811554151862,0.6182453246465036
55529.5,maxi,0.005373783783783784,0.002076216216216216,0.43534136546184743,0.5954155379412426
55535.5,maxi,0.004656756756756756,0.002008918918918919,0.8232424040807275,1.0004634099688487
55552.5,maxi,0.005075675675675676,0.002137027027027027,-19.981171548117157,-145.02670845975717
55558.5,maxi,0.005061891891891892,0.002173243243243243,1.0535363457760316,1.2615824915683889
55564.5,maxi,0.009412162162162162,0.0023867567567567565,3.0223663609930664,2.603233280617865
55566.5,maxi,0.010014324324324324,0.003139459459459459,2.049960505529226,2.2418719417904507
55568.5,maxi,0.010474864864864864,0.004343243243243243,0.2124458951252395,0.48868986702166684
55574.5,maxi,0.010302702702702702,0.004477027027027027,0.8039882166326762,1.93797465908676
55584.5,maxi,0.00914027027027027,0.0043278378378378375,0.9860596607525834,0.9692518376598915
55589.5,maxi,0.007556756756756756,0.0026586486486486487,0.6827949722935531,0.6853346772103102
55597.5,maxi,0.004596756756756756,0.002237027027027027,0.9889521836699464,0.9215533443316456
55599.5,maxi,0.004532702702702703,0.002038648648648649,0.5282434145654317,0.5403678184364944
55601.5,maxi,0.0069135135135135126,0.002324594594594594,0.17698765988617796,0.21657155846229575
55605.5,maxi,0.006237837837837838,0.0024508108108108107,-0.04946319018404907,-1.4932798246372447
55606.5,maxi,0.004719459459459459,0.002238108108108108,0.6075176194205169,0.6926118804610919
55607.5,maxi,0.007141621621621621,0.0034999999999999996,3.9398704902867716,21.552674501004528
55615.5,maxi,0.004861621621621621,0.002275135135135135,1.040224327982982,1.0714942279265496
55617.5,maxi,0.0060564864864864855,0.0024378378378378377,5.970394736842105,14.203571591189302
55636.5,maxi,0.013612702702702702,0.0032594594594594593,-199.60000000000002,-13975.055759869487
55642.5,maxi,0.01631054054054054,0.005068108108108108,1.6300746616892208,1.737332475738572
55654.5,maxi,0.012235405405405405,0.004088648648648649,1.4402951362746574,1.640116358602383
55659.5,maxi,0.018415135135135135,0.005811621621621622,6.332450331125828,14.545228035928892
55661.5,maxi,0.019835945945945944,0.005855135135135135,3.3838159900235554,4.5784948000502075
55662.5,maxi,0.030401621621621622,0.002291081081081081,2.4700057405281286,0.7005724094643584
55663.5,maxi,0.026386756756756755,0.002301891891891892,4.146291317412621,2.372842271378079
55664.5,maxi,0.011902702702702703,0.0022002702702702704,0.8914693032881122,1.0924623624093501
55668.5,maxi,0.004352702702702702,0.002095135135135135,-2.5531004989308625,-3.2095548547926427
55675.5,maxi,0.0045875675675675675,0.00211,0.42656533950107384,0.6474027610332442
55677.5,maxi,0.009210000000000001,0.002345135135135135,1.5678279377170383,0.8633373799451601
55679.5,maxi,0.006731351351351352,0.0028916216216216214,3.117420596727623,8.022240320358671
55683.5,maxi,0.009614864864864864,0.0023413513513513514,1.2051775147928994,0.9103365025753982
55688.5,maxi,0.012071351351351352,0.002507567567567567,2.216968412942989,1.0484516191226474
55689.5,maxi,0.011994594594594595,0.0025718918918918917,1.0907177033492823,0.4305272055947415
55690.5,maxi,0.01361162162162162,0.0025529729729729727,1.3658120778965315,0.514919821992399
55691.5,maxi,0.011385405405405403,0.0025389189189189186,1.3411661679924103,0.5568509412827494
55692.5,maxi,0.012286756756756757,0.0026083783783783783,0.30890559306918075,0.11779129506465105
55693.5,maxi,0.015605135135135135,0.0028345945945945947,0.6576939591108762,0.20465971441969427
55694.5,maxi,0.024619729729729728,0.0028727027027027024,0.5286576591728803,0.11094755930560318
55695.5,maxi,0.029604864864864862,0.002954054054054054,0.8341146015532078,0.13326905425049312
55696.5,maxi,0.04318432432432433,0.0032337837837837836,0.6301989150090417,0.08263244391580571
55697.5,maxi,0.042934594594594595,0.0033032432432432432,0.5347312880765883,0.06659844624700968
55698.5,maxi,0.04340486486486486,0.0033483783783783785,0.585172231054584,0.07988296969626894
55699.5,maxi,0.030680810810810807,0.0033324324324324325,0.2802593976698175,0.06502125400433402
55700.5,maxi,0.03882756756756757,0.003759189189189189,0.4985873605947955,0.08171756871701619
55701.5,maxi,0.029109459459459457,0.003547297297297297,0.3542854688187978,0.0717392762011949
55702.5,maxi,0.033714864864864864,0.0035435135135135133,0.4017700640786184,0.06844982344833318
55703.5,maxi,0.03644783783783784,0.003442702702702702,0.4264106550144952,0.07296329952653219
55704.5,maxi,0.02826054054054054,0.0033145945945945946,0.4135748664114905,0.08168134638509257
55705.5,maxi,0.037230270270270274,0.0030764864864864867,0.7345219729962184,0.109820416090209
55706.5,maxi,0.03541081081081081,0.0027032432432432434,0.47939233817701454,0.06337749978546565
55707.5,maxi,0.0346827027027027,0.00268972972972973,0.4716390997528995,0.06216956160649318
55708.5,maxi,0.02971135135135135,0.002713243243243243,0.3936174298186101,0.06619201492689665
55709.5,maxi,0.024378378378378376,0.002576216216216216,0.4868703601447941,0.0821831230676628
55710.5,maxi,0.02137864864864865,0.0026386486486486486,0.33393714092598853,0.0649856533865374
55711.5,maxi,0.02772297297297297,0.004569189189189189,0.6453447149272199,0.1433441577475653
55712.5,maxi,0.0201,0.004255135135135135,0.5240350179068842,0.16374586050324885
55713.5,maxi,0.016265135135135132,0.004185135135135135,0.308224236320913,0.11679251748700073
55714.5,maxi,0.02513135135135135,0.005522432432432432,0.4839400015423768,0.20812210378308243
55716.5,maxi,0.012794054054054054,0.004727837837837838,0.5511228396978165,0.26522643888826125
55717.5,maxi,0.015574864864864863,0.004894864864864864,0.4755814411081815,0.20276890312266516
55719.5,maxi,0.020523783783783785,0.005327027027027026,1.0339093399886066,0.43597085763977467
55720.5,maxi,0.017978108108108105,0.006653243243243243,0.6683924067436612,0.3008061734373613
55721.5,maxi,0.020394864864864862,0.005425945945945945,0.3870993621886157,0.20473737041093948
55722.5,maxi,0.025396756756756754,0.0076881081081081075,0.10947563280155291,0.1547631049367114
55723.5,maxi,0.028208918918918916,0.005941891891891892,0.6806321205439178,0.2332945220389934
55724.5,maxi,0.030233513513513513,0.005475945945945946,0.6735780697542451,0.26213188573182694
55725.5,maxi,0.03639567567567568,0.0062735135135135135,0.49298849145493984,0.16986732692896025
55726.5,maxi,0.023478108108108107,0.005142702702702702,0.39590019837749785,0.15222471533030124
55727.5,maxi,0.031207837837837836,0.0047491891891891895,0.6509188718087425,0.15482498333558634
55728.5,maxi,0.03157702702702703,0.004031621621621621,0.5414783173668423,0.1145588845297564
55729.5,maxi,0.027920810810810808,0.00366027027027027,0.4235585057920084,0.08888645753956131
55730.5,maxi,0.05824648648648648,0.0029354054054054053,0.5285957237440235,0.06192508532890564
55731.5,maxi,0.0741354054054054,0.004735135135135135,0.7951946630531087,0.11916518429620195
55732.5,maxi,0.025339729729729726,0.0036251351351351347,0.3962474533340675,0.09648977663740665
55733.5,maxi,0.03030027027027027,0.002507837837837838,0.33441430132273287,0.05278364117191531
55734.5,maxi,0.032107837837837834,0.009931891891891892,0.36980156062775815,0.2647479817200064
55735.5,maxi,0.029986216216216218,0.005717027027027027,0.5194013536805819,0.17390118317191575
55736.5,maxi,0.028055675675675674,0.006014054054054054,0.2481872776974469,0.11047253654221205
55737.5,maxi,0.030057567567567566,0.0026994594594594596,0.4069004084808403,0.06432816596207219
55738.5,maxi,0.024705405405405407,0.0026164864864864864,0.3858191653786708,0.06938167162061765
55739.5,maxi,0.027892702702702703,0.0025905405405405404,0.323203803170184,0.06159987734143572
55740.5,maxi,0.032935405405405405,0.0026597297297297298,0.43005771043616214,0.06123292107061247
55741.5,maxi,0.027614864864864863,0.0027316216216216214,0.41214612477623813,0.07183033519152675
55742.5,maxi,0.021506486486486488,0.0026308108108108108,0.3821935564474568,0.07853381529351253
55743.5,maxi,0.02353891891891892,0.002752972972972973,0.294768678987728,0.06607136319389303
55744.5,maxi,0.017492972972972972,0.0027005405405405403,0.28189698541078134,0.09054689667947889
55745.5,maxi,0.01836243243243243,0.0026802702702702704,0.36894304919790505,0.10521824711520648
55746.5,maxi,0.013533783783783783,0.0026710810810810807,0.21611618457577342,0.09372849111754154
55747.5,maxi,0.012033243243243242,0.002624054054054054,0.38280155000412236,0.13372253337352868
55748.5,maxi,0.03425621621621622,0.007781351351351351,0.5452262040363329,0.2450161784764229
55749.5,maxi,0.01976081081081081,0.0028551351351351353,0.24888487380723842,0.09082628606266487
55750.5,maxi,0.016256486486486487,0.002709459459459459,0.2542622039762643,0.08307049768342105
55751.5,maxi,0.019834864864864864,0.002817297297297297,0.21518806084134157,0.07352083165291784
55752.5,maxi,0.019736486486486488,0.0034297297297297296,0.15752260353280284,0.06718599190851708
55754.5,maxi,0.04427567567567567,0.009810270270270269,0.6533047617825568,0.28794481869067273
55756.5,maxi,0.045803243243243245,0.010421081081081082,0.5819494487037087,0.30064976114739683
55757.5,maxi,0.022999999999999996,0.009023783783783783,0.189368213100572,0.19403694862628454
55758.5,maxi,0.019296486486486485,0.007651891891891892,0.1815698507714358,0.21300779319591667
55759.5,maxi,0.022988648648648646,0.00997162162162162,0.10779588842053775,0.2371068860332983
55760.5,maxi,0.025148648648648644,0.008053513513513513,0.8137875809856592,0.36380506263414925
55761.5,maxi,0.011144324324324323,0.003181891891891892,0.15706739097889086,0.11398623395530517
55762.5,maxi,0.015051351351351352,0.0028194594594594595,0.4547753823919065,0.13104714471941925
55763.5,maxi,0.017217297297297294,0.002918108108108108,0.26162360886331393,0.09959948788269588
55764.5,maxi,0.00977918918918919,0.002794054054054054,0.10603642766741868,0.12633826479959895
55765.5,maxi,0.009235675675675676,0.002511351351351351,0.45835850796578365,0.1546649303051702
55766.5,maxi,0.010192162162162162,0.002361081081081081,0.141539340282736,0.10876889319919565
55767.5,maxi,0.012068918918918918,0.0023454054054054055,0.6404574062583105,0.21380433073063276
55768.5,maxi,0.011699729729729729,0.0024227027027027026,0.43869598011006505,0.1278253242044409
55769.5,maxi,0.012546216216216214,0.0023362162162162163,0.32324026740070777,0.113698198440109
55770.5,maxi,0.006708378378378378,0.0023827027027027024,0.23739849032304228,0.14277453572176066
55771.5,maxi,0.01237054054054054,0.0026254054054054054,0.2178743961352657,0.10483032475163345
55772.5,maxi,0.010545405405405404,0.0024102702702702705,0.3463527789097521,0.13132878954605517
55773.5,maxi,0.010574054054054054,0.0026316216216216216,0.22423351404330916,0.1301022534511561
55774.5,maxi,0.010588648648648648,0.0024991891891891892,0.1741884177341021,0.11303425732795257
55775.5,maxi,0.007433783783783784,0.0025778378378378377,0.11221552878179385,0.13410389060629324
55776.5,maxi,0.012918378378378378,0.00276,0.32476662005366796,0.1731274998671891
55777.5,maxi,0.011588918918918919,0.002869459459459459,0.33692439698732,0.1525816502701103
55778.5,maxi,0.01845243243243243,0.0030756756756756755,0.5305265464105747,0.20782906355967717
55779.5,maxi,0.00883945945945946,0.003209189189189189,0.4590576395242453,0.42759672224545325
55780.5,maxi,0.009253243243243241,0.004511621621621621,0.47811770590196734,0.3419147529826484
55782.5,maxi,0.012274864864864864,0.004689459459459459,0.3150817904008628,0.27017306090195625
55785.5,maxi,0.013926486486486485,0.004624324324324324,0.6734199645599527,0.5072158237495134
55786.5,maxi,0.039794864864864866,0.005455405405405405,0.899864931237721,0.35633485520288327
55789.5,maxi,0.018627567567567567,0.006554864864864864,0.9949896166397468,0.5688604444924087
55790.5,maxi,0.022935675675675678,0.006658918918918919,0.7683037635694133,0.6962228593261041
55793.5,maxi,0.02384864864864865,0.006535405405405406,0.3074124949124949,0.2656442330914739
55794.5,maxi,0.017615135135135133,0.006356486486486486,0.12926223074910614,0.2074566006680169
55795.5,maxi,0.015519189189189188,0.005344594594594594,1.0371040723981901,0.9738050985409418
55796.5,maxi,0.0224227027027027,0.004817027027027026,1.7304599782687433,1.2763757611390152
55797.5,maxi,0.012056486486486486,0.004671891891891891,0.08906866919563367,0.2808623656710932
55798.5,maxi,0.009942972972972973,0.004131621621621622,0.1710643156158823,0.20617964040847864
55799.5,maxi,0.00891135135135135,0.004315135135135135,0.5144264914772727,0.35443416698213137
55800.5,maxi,0.013284594594594594,0.002934324324324324,0.802689745345869,0.3923968267474998
55806.5,maxi,0.006149459459459459,0.0021297297297297297,0.7755019430051814,0.3813056112994263
55809.5,maxi,0.01128081081081081,0.0022764864864864864,0.7316498316498317,0.4018262403648154
55810.5,maxi,0.008568108108108107,0.002218918918918919,0.7259502923976608,0.3451161988755606
55811.5,maxi,0.009444324324324325,0.0023064864864864865,0.2669482107134919,0.2105785873657923
55812.5,maxi,0.005994054054054053,0.0023918918918918917,0.4773877292852625,0.35877918481069004
55814.5,maxi,0.008431081081081081,0.0024375675675675675,0.9228828101342486,0.588744004247708
55815.5,maxi,0.006947837837837837,0.0024578378378378378,0.9339369860482307,0.5515679843441073
55816.5,maxi,0.010288108108108108,0.00254027027027027,0.3471192101773172,0.22356781349683125
55817.5,maxi,0.00564,0.0024024324324324322,0.47298091042584434,0.660394166047053
55820.5,maxi,0.011498918918918919,0.004504594594594595,0.5605053736975962,0.70138924259423
55821.5,maxi,0.005166486486486486,0.002431081081081081,0.3844710297912268,0.47880504096148513
55822.5,maxi,0.00798,0.0022754054054054053,0.8567970956030658,0.4947806395656588
55823.5,maxi,0.005341891891891892,0.0022462162162162165,0.4814956855225312,0.2605180393920942
55828.5,maxi,0.005512972972972973,0.002218918918918919,0.16022715748909847,0.36012679065235303
55849.5,maxi,0.007614054054054053,0.003576216216216216,0.21257905832747714,0.6740357778803723
55850.5,maxi,0.00820027027027027,0.0034821621621621618,1.5782652043868395,1.7406382755413414
55858.5,maxi,0.010494864864864863,0.00427135135135135,1.1589453547367545,0.871071466589477
55880.5,maxi,0.00566972972972973,0.002361891891891892,3.65887380593263,3.782353447908613
55881.5,maxi,0.006501891891891891,0.002365135135135135,3.144219308700834,5.212542705743592
55882.5,maxi,0.01081216216216216,0.0023802702702702704,2.928384136348738,1.9828061057310262
55884.5,maxi,0.006179459459459459,0.0025794594594594593,1.1203721651482845,1.2616879886895886
55886.5,maxi,0.005327567567567568,0.0023375675675675676,1.9567578439259856,1.823168651735259
55890.5,maxi,0.007813513513513514,0.002148108108108108,0.628535246939637,0.437655225364047
55894.5,maxi,0.004037027027027027,0.00198,-6.817056396148556,-32.89165916572975
55904.5,maxi,0.00434972972972973,0.0018618918918918918,2.459599447513812,3.0740379999953302
55918.5,maxi,0.005564054054054054,0.002231351351351351,4.094605475040257,6.134049295169978
55921.5,maxi,0.00798081081081081,0.002592162162162162,1.6352571652925012,1.4978842383438247
55927.5,maxi,0.01374027027027027,0.004167027027027027,2.19702792723546,2.1532875065954964
55929.5,maxi,0.014998378378378379,0.004960270270270271,3.07060917721519,4.629589571141719
55932.5,maxi,0.010009459459459458,0.004925675675675676,-8.101845522898154,-39.262681327551036
55933.5,maxi,0.011934054054054054,0.005216216216216216,2.5270381231671557,2.767121048747347
55935.5,maxi,0.013156216216216215,0.00526,-2.47305957749822,-2.4435269194043534
55943.5,maxi,0.00749054054054054,0.0029486486486486486,-0.2538755335879577,-1.0544195046957967
55953.5,maxi,0.009018378378378378,0.0022556756756756755,0.7856550580431177,0.5316455365216647
55954.5,maxi,0.008034324324324323,0.002206756756756757,3.539422326307572,3.64376755118475
55958.5,maxi,0.005705135135135135,0.0022624324324324323,1.9889025893958079,1.8504420215369397
55970.5,maxi,0.00663027027027027,0.0023740540540540538,1.0837895739109735,1.4005061842983881
55979.5,maxi,0.0073502702702702705,0.00278,2.5771349862258957,2.9127940624777318
55988.5,maxi,0.007669459459459459,0.002908378378378378,1.2399247121346324,0.8522492732776389
55991.5,maxi,0.00727081081081081,0.0030999999999999995,1.218650877563967,0.8400045269799481
55992.5,maxi,0.008437297297297296,0.0034610810810810806,1.2112099392912608,1.2775571053897354
55997.5,maxi,0.012030540540540539,0.004965135135135135,2.7948240866035183,4.073096073473276
55998.5,maxi,0.010775135135135136,0.004824324324324325,0.3584484526753936,0.4902549312172476
55999.5,maxi,0.013204324324324323,0.004864594594594595,-3.725741626794259,-5.255512824735167
56004.5,maxi,0.01240189189189189,0.0054589189189189185,2.0526863342498327,1.5776435033452882
56007.5,maxi,0.012850270270270268,0.005445405405405405,2.3353054045410935,4.026437052707781
56008.5,maxi,0.016398648648648647,0.005104864864864864,11.960586617781852,82.98252537687046
56011.5,maxi,0.010320000000000001,0.003992702702702702,4.374718295431264,5.684094416095319
56012.5,maxi,0.013149999999999998,0.004675945945945946,0.5036079092868523,0.7731350294749381
56013.5,maxi,0.01240189189189189,0.004261891891891891,3.0723264711240663,3.9947497780933023
56014.5,maxi,0.01228189189189189,0.004160810810810811,9.10790990047145,29.688721201540574
56017.5,maxi,0.04145027027027027,0.009824324324324323,2.0536216737679878,1.528696976833153
56019.5,maxi,0.02301513513513513,0.0022556756756756755,2.592876601755625,1.0277664619363946
56020.5,maxi,0.02218162162162162,0.0023840540540540542,1.8302374569130602,0.7742500328235753
56021.5,maxi,0.004466486486486486,0.002205945945945946,-0.17545719586535916,-0.9516469316479014
56026.5,maxi,0.008232162162162162,0.0028286486486486483,0.6709090909090909,0.62092237153499
56029.5,maxi,0.009155135135135136,0.002913243243243243,-1.5123311173064553,-1.8784107175493
56032.5,maxi,0.006787027027027027,0.0029467567567567567,2.612127833925157,3.9137153513618053
56050.5,maxi,0.013593783783783784,0.003296216216216216,3.305661751319862,3.550247749600572
56072.5,maxi,0.03620324324324324,0.009762162162162162,3.8544278204609785,8.10623951770402
56074.5,maxi,0.026204054054054054,0.01045,-3.085977011494253,-3.305465161963648
56084.5,maxi,0.018377567567567567,0.008719729729729729,0.8774463569912757,0.5884704233971924
56088.5,maxi,0.02742216216216216,0.004157027027027027,3.224463468980884,2.7697592465746035
56089.5,maxi,0.04639675675675675,0.004148918918918919,2.4451890034364263,1.01349575503297
56090.5,maxi,0.02771378378378378,0.009394054054054054,5.93351577591758,15.142840999986536
56091.5,maxi,0.02317,0.005442972972972973,1.6674561819043108,1.6312541891881358
56092.5,maxi,0.02474972972972973,0.00349972972972973,1.456760572024796,0.6486563947076613
56093.5,maxi,0.022476216216216215,0.007912972972972972,9.560867422375555,59.611702771473915
56098.5,maxi,0.00817081081081081,0.003356756756756757,0.5518717304164685,0.43495404433016505
56106.5,maxi,0.008017567567567567,0.0036970270270270267,1.6555353167375024,1.3514283307111885
56107.5,maxi,0.029833513513513512,0.00654027027027027,1.802133187474361,1.0714161078582902
56108.5,maxi,0.016128648648648648,0.00678054054054054,-1.83369524919231,-1.1224148100807465
56112.5,maxi,0.006647567567567567,0.0029916216216216217,0.5727523886266835,0.32928166101621614
56144.5,maxi,0.02213378378378378,0.008135135135135134,-1.4292909342287181,-0.7824222496636918
56146.5,maxi,0.028827027027027028,0.009973513513513513,6.048670756646216,12.533312594512273
56153.5,maxi,0.04569756756756757,0.016175405405405404,0.2837129804159611,0.39880149062295056
56158.5,maxi,0.018244864864864863,0.007554054054054053,-48.5645438898451,-1053.6331561392374
56159.5,maxi,0.010854054054054053,0.004845135135135134,18.90569105691057,247.45087999875923
56160.5,maxi,0.022517297297297297,0.004746486486486487,1.3162513808763963,0.782151069587534
56161.5,maxi,0.0299127027027027,0.0059937837837837835,0.9406217481789801,0.4627457210466991
56164.5,maxi,0.01727864864864865,0.0041259459459459455,1.3139488409272584,1.1656168276269057
56165.5,maxi,0.0094427027027027,0.003669189189189189,3.5118630882924937,8.924106773913246
56169.5,maxi,0.012017567567567566,0.0034245945945945945,1.3357377049180328,1.0752542981458586
56177.5,maxi,0.010604054054054053,0.003966756756756757,0.5321115288220551,1.1053570199343552
56183.5,maxi,0.006748108108108108,0.0032843243243243243,0.9043478260869564,1.043169679623606
56217.5,maxi,0.02011,0.008137297297297296,0.5197117422636711,0.7141343645828742
56226.5,maxi,0.02375378378378378,0.008182972972972971,-2.4149732620320856,-4.081597007163599
56241.5,maxi,0.006434054054054054,0.0032010810810810812,0.6969526413122136,0.530902811565531
56242.5,maxi,0.0073821621621621624,0.003414324324324324,-5.6620926243567755,-26.915926828800814
56290.5,maxi,0.03960189189189189,0.007775675675675675,2.5997839324297782,3.2296040991944577
56295.5,maxi,0.02184297297297297,0.007762972972972972,1.148878982561951,1.2676666043086935
56298.5,maxi,0.016154594594594594,0.007991621621621621,2.0683303624480094,2.0073071022247464
56299.5,maxi,0.02176351351351351,0.008089459459459459,-8.876501501501501,-31.285128825128364
56303.5,maxi,0.013906756756756756,0.0059902702702702695,-0.06023355869698832,-0.3364574604636136
56326.5,maxi,0.00694027027027027,0.003148108108108108,0.12999879183278965,0.5896855355072803
56341.5,maxi,0.007694594594594594,0.003225135135135135,-6.836598184424273,-17.519462949379378
56355.5,maxi,0.020535405405405407,0.005308378378378378,19.9375,206.76244462949657
56356.5,maxi,0.01611216216216216,0.005773243243243243,-3.604598850287428,-8.321219370443007
56359.5,maxi,0.013137297297297297,0.006454594594594594,-2.4025748947759347,-6.400576309265493
56364.5,maxi,0.03182594594594594,0.009427297297297297,1.014639091646391,0.960004742435802
56383.5,maxi,0.0077954054054054055,0.0031727027027027024,-2.258437355524734,-6.288219466172883
56387.5,maxi,0.008274324324324324,0.0032208108108108106,2.349942819800686,2.4045397779452067
56389.5,maxi,0.009883783783783783,0.0032294594594594593,-6.299926308032425,-13.003276933002919
56394.5,maxi,0.007743513513513513,0.0034972972972972974,0.8372847011144884,1.528464049339161
56398.5,maxi,0.008498108108108107,0.0033505405405405402,1.931103948428687,2.5168423651840977
56399.5,maxi,0.007504324324324324,0.0034583783783783783,0.1430803387879286,0.43296404913911307
56400.5,maxi,0.009510540540540539,0.003662972972972973,0.9183124710245711,0.7835339790401906
56423.5,maxi,0.010541351351351352,0.003640810810810811,0.35181893589287827,0.3551231080361444
56425.5,maxi,0.008952702702702703,0.0035775675675675674,0.9526175991774483,0.6954408882105201
56458.5,maxi,0.007912972972972972,0.0035564864864864863,-0.10089195557051497,-0.4562880587189503
56463.5,maxi,0.006925945945945946,0.003201351351351351,-2.9244288224956065,-4.722767009327947
56465.5,maxi,0.010728378378378377,0.0036386486486486482,0.8424919188950926,0.6128951349228391
56466.5,maxi,0.011001891891891892,0.00342,1.1753204074926058,0.7684502992829564
56499.5,maxi,0.01355081081081081,0.004003783783783784,-5.135286225402504,-6.555701925953167
56506.5,maxi,0.029127297297297298,0.00779945945945946,2.010574018126888,2.3779856010116003
56511.5,maxi,0.047097297297297294,0.014666216216216216,1.4577825238428397,1.5342661289508632
56519.5,maxi,0.02115162162162162,0.009536216216216217,0.34227600787344176,1.0150618180677866
56523.5,maxi,0.032978918918918916,0.004490540540540541,1.6686554820415882,0.869162776393555
56524.5,maxi,0.041918648648648645,0.007357567567567567,1.368567454798331,0.7527464485831922
56526.5,maxi,0.03301243243243243,0.00535081081081081,1.4718203309692672,0.755055335515935
56527.5,maxi,0.018341621621621618,0.003648918918918919,9.09100998890122,21.412322009760757
56533.5,maxi,0.009690270270270269,0.0033994594594594593,-11.564102564102564,-53.729158252488794
56534.5,maxi,0.008531891891891892,0.003282972972972973,2.1082331174838114,2.5201838090518955
56536.5,maxi,0.011775675675675674,0.003663513513513513,3.4282131661442,4.633100942833634
56544.5,maxi,0.00743027027027027,0.003462162162162162,0.7824354478801403,1.1120405242628237
56573.5,maxi,0.017876756756756755,0.008261081081081081,0.49487624946496456,0.3845474773213854
56582.5,maxi,0.026034594594594593,0.011757297297297296,0.10118191482709024,0.15352318278496646
56583.5,maxi,0.04005702702702703,0.010967837837837837,0.053858683689192166,0.11702812598838319
56587.5,maxi,0.022065135135135135,0.010046756756756755,0.16386467173877856,0.3361669755869572
56590.5,maxi,0.025724864864864864,0.008738918918918918,0.48278149163074024,0.27999702221591727
56591.5,maxi,0.018403513513513513,0.008252162162162163,0.30609782847115596,0.4718793695144512
56592.5,maxi,0.02187,0.009475675675675676,0.9249999999999999,0.8179295032940564
56605.5,maxi,0.013226216216216216,0.0034389189189189184,0.6312952871429427,0.4046040228980779
56610.5,maxi,0.016819999999999998,0.0033648648648648646,-0.020940296886875865,-0.07349927835000082
56611.5,maxi,0.03719972972972973,0.004092162162162162,0.09509864260738417,0.039722249270520454
56612.5,maxi,0.018945945945945945,0.0041329729729729725,0.23193749451321216,0.14669557973159403
56613.5,maxi,0.042139189189189186,0.00447027027027027,0.08386228459929003,0.034736777123216586
56614.5,maxi,0.036755945945945945,0.006227837837837838,0.07894836764605373,0.06914487184326591
56615.5,maxi,0.01190162162162162,0.004654594594594595,1.6956289978678036,1.443152088452765
56616.5,maxi,0.020457837837837837,0.00336,0.41003768176248934,0.13749467404336768
56617.5,maxi,0.008925135135135135,0.0035756756756756755,0.20795445123130926,0.16075741559229276
56618.5,maxi,0.015784864864864863,0.003505135135135135,0.2817274556283739,0.11699587018952116
56619.5,maxi,0.019584054054054053,0.003641891891891892,0.32970781900552076,0.11584404227331946
56620.5,maxi,0.01027108108108108,0.0033527027027027024,0.08593063877124846,0.09999428327446166
56621.5,maxi,0.007908378378378378,0.003291351351351351,0.19341761714992442,0.17667935474683288
56642.5,maxi,0.0075167567567567565,0.0036918918918918916,0.5474213542275758,0.7832653810495682
56644.5,maxi,0.012533513513513513,0.004392162162162162,1.3175538181428725,1.3014312210319874
56653.5,maxi,0.0290127027027027,0.007501081081081081,1.4147927183723419,1.4491770937299246
56658.5,maxi,0.026703243243243243,0.007904864864864865,1.3495622548825417,0.9254007887760588
56667.5,maxi,0.011375405405405405,0.00437054054054054,-2.5953160412994207,-2.3853757766859958
56676.5,maxi,0.010212702702702702,0.0031851351351351352,14.81992337164751,99.0005668998231
56680.5,maxi,0.008323783783783784,0.003217027027027027,-60.43023255813954,-1892.9000523378272
56684.5,maxi,0.009821081081081082,0.0033967567567567566,0.45361407919547453,0.37834829014060845
56686.5,maxi,0.009380270270270271,0.004127027027027027,0.2531405200116857,0.48880833336298524
56707.5,maxi,0.007179729729729729,0.003427027027027027,5.250385445575085,9.339290182068032
56717.5,maxi,0.012207837837837838,0.0038705405405405403,1.9030303030303028,1.8803197764489643
56725.5,maxi,0.024996486486486485,0.007243783783783784,6.679137982639929,21.360099905425127
56739.5,maxi,0.01629945945945946,0.005632972972972972,1.922051965356429,2.1592270587938267
56740.5,maxi,0.01014945945945946,0.004709459459459459,-4.498679964799061,-9.846771323298311
56751.5,maxi,0.008238108108108108,0.003301891891891892,0.4146037228938783,0.5583509164247464
56755.5,maxi,0.02753216216216216,0.011188648648648648,0.21776592471022668,0.3826734814821363
56758.5,maxi,0.008478108108108107,0.0038316216216216217,-0.0006734762599618363,-0.637221013624336
56759.5,maxi,0.018396756756756758,0.0058981081081081075,2.239835685696229,2.4911964720658517
56763.5,maxi,0.007122972972972973,0.003254324324324324,2.586842105263158,4.046521598824194
56783.5,maxi,0.010340810810810811,0.003801351351351351,2.508829504610095,2.671636787763162
56792.5,maxi,0.014544324324324323,0.005961621621621622,0.8751768867924529,0.7358846626386609
56804.5,maxi,0.0183427027027027,0.006559189189189189,1.1735191637630662,1.0345800921122639
56826.5,maxi,0.006808648648648648,0.0032659459459459454,2.397917871602082,2.9450017315804224
56827.5,maxi,0.010444864864864864,0.0034537837837837837,-0.08134766707303558,-0.28958666736541255
56833.5,maxi,0.008275405405405405,0.003670810810810811,3.9107817494914268,7.253025611603865
56838.5,maxi,0.00884891891891892,0.003428648648648648,-0.023455027534162756,-1.066893518616953
56842.5,maxi,0.006630810810810811,0.003179189189189189,-1.540547083030743,-2.3291562337723417
56870.5,maxi,0.018273513513513515,0.008072702702702703,-0.19042728019720626,-2.2188675506878273
56876.5,maxi,0.020449459459459456,0.009692972972972972,2.168203223452941,2.732778078949632
56879.5,maxi,0.016697837837837837,0.008028378378378378,14.190101757631824,88.2182386926545
56886.5,maxi,0.017001891891891892,0.004391081081081081,3.773591549295775,5.027111696780717
56887.5,maxi,0.04133945945945946,0.003957297297297297,2.4092121212121214,1.0540293357420898
56888.5,maxi,0.038735135135135136,0.009725135135135135,0.399902148289819,0.3281746566597699
56889.5,maxi,0.028357837837837838,0.009907297297297297,0.43219588434488143,0.8552758182154077
56890.5,maxi,0.02481189189189189,0.003534054054054054,5.570458404074703,6.845157400444672
56895.5,maxi,0.01466,0.003442702702702702,7.291837495341037,16.701881879008965
56898.5,maxi,0.007771351351351351,0.0034327027027027026,0.4295770015130584,0.39501289055080807
56899.5,maxi,0.008808108108108108,0.0034472972972972972,1.6827208756841283,1.8535624479877677
56902.5,maxi,0.011684324324324324,0.003517027027027027,0.6970012133818687,0.42730569729937895
56906.5,maxi,0.011247027027027026,0.0055251351351351344,0.053888964300257906,0.5885751221098293
56911.5,maxi,0.008553243243243244,0.0031467567567567568,1.3197136371573248,1.5180556916607602
56920.5,maxi,0.006746756756756756,0.0032016216216216218,0.4878334308888703,0.49015593885303577
56935.5,maxi,0.020712972972972973,0.004605675675675676,4.648912058023572,8.003654372252559
56939.5,maxi,0.018557837837837838,0.006251621621621621,2.5994397759103642,2.633932969589199
56942.5,maxi,0.024857567567567566,0.008251621621621621,1.03038009485188,1.2184875716602848
56959.5,maxi,0.026577567567567566,0.007314594594594595,0.6177809902421395,0.5036686510025914
56960.5,maxi,0.04552945945945946,0.004268918918918918,1.6225287585279615,0.6371256688536809
56962.5,maxi,0.023409459459459457,0.0038216216216216212,1.7065903709550119,0.8666008112253432
56963.5,maxi,0.014823243243243243,0.0035145945945945943,1.5264081931236284,1.6062113680868073
56966.5,maxi,0.008460270270270269,0.0034294594594594593,0.694549226706903,0.6535854234560343
56970.5,maxi,0.010469459459459459,0.003788108108108108,1.6467626534758415,1.19748277973565
56973.5,maxi,0.009254594594594595,0.0031664864864864866,1.6027372591392042,2.003960540364887
56981.5,maxi,0.006586216216216216,0.0030818918918918917,0.25879214164443365,0.5790937640492704
57007.5,maxi,0.010342702702702704,0.004171621621621622,-3.7655847501287996,-6.3129124310255325
57009.5,maxi,0.013578918918918919,0.005204864864864865,4.222198414398972,8.050427137136497
57013.5,maxi,0.016676486486486487,0.007176486486486486,1.008900756564308,1.0039028543499289
57015.5,maxi,0.02902864864864865,0.00964864864864865,0.6706075871286111,0.8639604930220908
57019.5,maxi,0.02273135135135135,0.009524324324324323,0.36128469699171634,0.5641231500373467
57031.5,maxi,0.011831621621621623,0.004208108108108108,2.1482931412464765,2.5786701259447575
57032.5,maxi,0.05103675675675676,0.004010810810810811,1.5747261940979618,0.4584182005088046
57033.5,maxi,0.02959405405405405,0.0077659459459459455,0.494192535030794,0.29662874446872484
57042.5,maxi,0.008761351351351351,0.0033889189189189187,5.887213114754098,24.33071102646602
57044.5,maxi,0.008319189189189188,0.0031878378378378375,1.563733905579399,2.1687482291612183
57052.5,maxi,0.007588378378378379,0.0035913513513513512,2.716907458024209,6.812094882824556
57053.5,maxi,0.007705135135135135,0.0033967567567567566,-4.052631578947368,-53.01879723222203
57088.5,maxi,0.025188918918918918,0.007224594594594595,0.7384165651644335,0.6500401828851731
57112.5,maxi,0.010887027027027025,0.003411351351351351,0.5339685987952997,0.3266516726417746
57113.5,maxi,0.00901864864864865,0.0031667567567567564,0.2853890728476821,0.27359477846002594
57114.5,maxi,0.010793783783783784,0.0034543243243243243,0.19482996510023534,0.22186937091605097
57115.5,maxi,0.018307837837837834,0.0034778378378378374,0.13610701078934156,0.08122063829438377
57116.5,maxi,0.01657027027027027,0.0036586486486486487,0.13133637065403303,0.08524027271782929
57117.5,maxi,0.019560540540540537,0.0036935135135135132,0.32613832420673616,0.1222810699309653
57118.5,maxi,0.02223135135135135,0.0037686486486486486,0.07576674161920308,0.06437910290921535
57119.5,maxi,0.018356486486486485,0.0038948648648648647,0.1877118248810671,0.09767071090990531
57120.5,maxi,0.019258378378378377,0.004088918918918919,0.12319997955611207,0.07721996185133041
57122.5,maxi,0.020636756756756754,0.006876486486486486,0.06246675728384848,0.3052763925286043
57131.5,maxi,0.007508918918918918,0.003211081081081081,-0.29272436538077157,-0.5112831942509071
57151.5,maxi,0.01703891891891892,0.004341891891891892,3.489391064343626,4.374887127481662
57158.5,maxi,0.027796756756756753,0.009087567567567567,-28.114369501466275,-557.7265041125116
57166.5,maxi,0.044024594594594596,0.014151891891891892,1.0781259254871765,0.9915739587834327
57167.5,maxi,0.026782702702702704,0.01073945945945946,0.9155672823218997,0.8391012975173229
57181.5,maxi,0.0175727027027027,0.008422432432432432,1.0066709429121232,1.2723587799842802
57186.5,maxi,0.010208108108108106,0.0029543243243243243,1.8921204926546966,1.8096122385207678
57215.5,maxi,0.0063716216216216206,0.003028648648648649,-7.767656765676568,-26.36502285782002
57224.5,maxi,0.01406972972972973,0.003853513513513513,4.907364341085271,12.396592543361763
57231.5,maxi,0.030126756756756756,0.013145675675675676,0.6980364133474182,0.7806315125805499
57232.5,maxi,0.03803945945945946,0.008563783783783783,-126.97536945812809,-5039.966902234828
57244.5,maxi,0.01730297297297297,0.00831945945945946,1.3653236040609138,3.436783240424818
57253.5,maxi,0.00871027027027027,0.003289189189189189,1.1405338180426672,0.824657491267336
57257.5,maxi,0.010166756756756755,0.0037456756756756755,1.0597967208249872,0.7009107970778206
57266.5,maxi,0.025764864864864862,0.010842702702702703,2.4122336891526777,2.151010281652521
57299.5,maxi,0.020996756756756753,0.007463513513513514,1.2900036088054854,1.5163004633636215
57301.5,maxi,0.02653108108108108,0.007915135135135134,1.1154597630968373,1.1554283219724646
57303.5,maxi,0.040964864864864864,0.01288891891891892,6.005305039787799,24.311432453120396
57304.5,maxi,0.035725405405405405,0.012421621621621621,0.3531972225101047,0.45277069901297134
57328.5,maxi,0.010362162162162162,0.0035186486486486483,3.428601427971441,4.884079963841873
57330.5,maxi,0.007751621621621622,0.0032575675675675674,0.7192464501616758,0.9396751808606728
57335.5,maxi,0.006687837837837838,0.0033024324324324324,-7.404157043879907,-34.986741539460816
57336.5,maxi,0.0074175675675675675,0.003654054054054054,5.115083798882681,36.59329848225207
57337.5,maxi,0.011928108108108107,0.0035805405405405404,0.30041178741474717,0.3648195406606541
57367.5,maxi,0.013558918918918918,0.004024864864864865,0.9039340176823117,0.5742626212508746
57369.5,maxi,0.013619459459459459,0.005391081081081081,-0.10641399416909621,-0.774823670503815
57371.5,maxi,0.014636216216216216,0.0058048648648648645,0.35877221324717284,0.5727559183463932
57374.5,maxi,0.024237027027027028,0.007391081081081081,0.9422773630533066,1.4982698171264588
57375.5,maxi,0.028277297297297294,0.008663783783783784,0.7056089743589744,0.8724723536085096
57386.5,maxi,0.025642972972972973,0.009079459459459458,0.8121487824458121,0.9614894233642415
57387.5,maxi,0.026470810810810808,0.008686216216216217,-1.398330465812783,-1.2994513149414533
57397.5,maxi,0.02138945945945946,0.00552027027027027,0.46390252016967476,0.39601858883414315
57400.5,maxi,0.008055945945945945,0.0032294594594594593,-7.160873882820258,-40.195541563923534
57402.5,maxi,0.008976756756756757,0.003512162162162162,1.1521806371790906,1.416090341051638
57403.5,maxi,0.017294594594594596,0.003561351351351351,0.28314047799286257,0.12985445689521405
57404.5,maxi,0.011842162162162162,0.003662162162162162,0.19536056049213943,0.24610222245433822
57405.5,maxi,0.018681891891891893,0.0033467567567567564,0.36439517275240974,0.15196716377342867
57406.5,maxi,0.010353513513513513,0.00361,0.1320637202060127,0.13688644153428844
57407.5,maxi,0.010231621621621622,0.003490810810810811,0.225962833288446,0.1948977696085819
57408.5,maxi,0.016549729729729727,0.004187027027027027,0.2698090543842936,0.14058910012109768
57409.5,maxi,0.016923783783783782,0.004106486486486486,0.06010893633527824,0.09672274158148961
57410.5,maxi,0.027104054054054052,0.005793783783783784,0.23070705464567764,0.12559803325549826
57419.5,maxi,0.00698027027027027,0.0033362162162162163,-2.507789194564136,-2.2686870853581613
57437.5,maxi,0.0076891891891891885,0.00367,-22.555555555555557,-360.84072649071766
57440.5,maxi,0.02179378378378378,0.00425027027027027,1.1359484148307362,0.5296830953618079
57442.5,maxi,0.011524594594594593,0.005437837837837837,4.717720685111989,13.471561378845594
57448.5,maxi,0.03066297297297297,0.009022162162162162,1.1471431849472236,1.307582330052955
57449.5,maxi,0.033178108108108104,0.00869081081081081,3.2213590108326953,4.6999408964295695
57451.5,maxi,0.034171351351351346,0.01277972972972973,1.827977013940619,2.2362446075900064
57456.5,maxi,0.022615405405405405,0.010235405405405405,0.17011828935395815,0.2764710712702897
57469.5,maxi,0.010699189189189188,0.003412162162162162,3.0317460317460316,3.193849628885738
57472.5,maxi,0.007574594594594594,0.00318,0.6712949844148484,0.6110890510620229
57474.5,maxi,0.006608108108108107,0.0030545945945945944,-3.3357787810383748,-9.627706005546363
57475.5,maxi,0.009133243243243242,0.0038051351351351347,0.4956887486855942,0.7221024244946345
57476.5,maxi,0.010553513513513513,0.0035937837837837837,-5.690217391304349,-20.846877733612512
57482.5,maxi,0.01202027027027027,0.005687297297297297,2.40175074867542,5.897313835641078
57483.5,maxi,0.01076837837837838,0.00468027027027027,0.4178444715872739,0.47481598434750383
57484.5,maxi,0.009635945945945945,0.003677297297297297,0.5616731517509728,0.6441554863453657
57516.5,maxi,0.016793513513513512,0.00601,1.0544471519951264,1.0460820550482892
57520.5,maxi,0.041128648648648646,0.009768918918918918,2.5045533681532075,2.762340183536268
57530.5,maxi,0.027203513513513515,0.013159729729729728,0.8070368861299523,0.7032152905306748
57534.5,maxi,0.012625945945945946,0.006001891891891892,1.0173341303048415,2.0074667626013576
57546.5,maxi,0.00717054054054054,0.0035586486486486484,-2.5008297378028543,-5.305025964077494
57547.5,maxi,0.010565945945945945,0.0036167567567567567,0.2108256252141144,0.4008777355387146
57548.5,maxi,0.008408918918918918,0.0034594594594594594,5.260404949381328,18.078252227752728
57549.5,maxi,0.012512162162162162,0.0033751351351351353,1.4637263305540402,0.8217480887118781
57550.5,maxi,0.011728378378378378,0.003641891891891892,1.1014124917236812,1.0192441067170865
57555.5,maxi,0.025136486486486486,0.005610810810810811,0.5596539354294154,0.4336185833665287
57561.5,maxi,0.00674054054054054,0.002941891891891892,-2.435585804569762,-6.095659462694681
57565.5,maxi,0.006105135135135135,0.0027724324324324323,1.6337344310745199,2.0238992721146802
57571.5,maxi,0.006207567567567567,0.0026994594594594596,1.2980505216913785,1.0436882170162614
57575.5,maxi,0.0071140540540540545,0.0029064864864864863,2.523568170299037,6.861578527171667
57586.5,maxi,0.018163783783783784,0.005061891891891892,0.19410854213021186,0.3510309163754728
57592.5,maxi,0.029977297297297294,0.00905054054054054,0.25276918247455044,0.2766003876032325
57593.5,maxi,0.021864054054054054,0.009598918918918918,0.17358526063994192,0.18335605148065384
57603.5,maxi,0.027375405405405406,0.009245405405405405,0.6542211214165261,0.4997542209325537
57607.5,maxi,0.01444135135135135,0.004794324324324324,0.8668269230769231,2.282218866935171
57615.5,maxi,0.012232432432432432,0.003732972972972973,0.6293169608595548,0.9009714135806326
57623.5,maxi,0.009754054054054053,0.003503243243243243,-9.020408163265307,-24.52430686612133
57627.5,maxi,0.03382432432432433,0.008289729729729729,2.1679223072395524,1.8809708217640044
57658.5,maxi,0.008772702702702704,0.004345945945945946,-73.09956709956711,-2080.2194674271914
57661.5,maxi,0.021606216216216216,0.007613783783783784,0.7873821658172613,0.561986247415414
57663.5,maxi,0.020528378378378377,0.006630810810810811,5.0357706470278805,13.21902252737362
57665.5,maxi,0.06157027027027027,0.008301081081081081,1.3725874048748208,0.6252879404662989
57671.5,maxi,0.041026486486486484,0.01849189189189189,1.0591729203257225,1.532785869513101
57672.5,maxi,0.025432702702702703,0.011922432432432432,5.915175995383728,16.778169966072323
57675.5,maxi,0.020078918918918918,0.009528108108108108,0.6081085163590224,0.522900963003047
57676.5,maxi,0.017553513513513513,0.008407297297297297,3.8553702985653353,9.732010045829316
57679.5,maxi,0.009498378378378379,0.004603513513513513,0.38838138738224376,0.5332937611542483
57686.5,maxi,0.009466486486486486,0.0035494594594594592,0.7811863134184276,0.7922998951415544
57689.5,maxi,0.008486486486486486,0.0035364864864864862,-6.310914454277286,-21.668517865006162
57693.5,maxi,0.010046756756756755,0.003471351351351351,-2.830439952437574,-4.114325813852358
57698.5,maxi,0.00971972972972973,0.0033997297297297295,3.944564955410942,5.887423635084476
57706.5,maxi,0.0055602702702702705,0.002768108108108108,0.045837006170366214,0.32690981408472036
57728.5,maxi,0.010107027027027026,0.004055135135135135,-8.189655172413794,-29.98179838721565
57729.5,maxi,0.010764594594594595,0.004372162162162162,1.0548348036671857,0.8955739868473177
57733.5,maxi,0.01658189189189189,0.008267567567567568,0.5214905933429812,0.5258836810898287
57734.5,maxi,0.0229,0.007992162162162161,5.050563204005006,14.581763370672245
57750.5,maxi,0.010247027027027027,0.005096756756756756,0.10037551409667997,0.43919790502897543
57762.5,maxi,0.010124054054054053,0.0035529729729729728,1.8997862441845843,1.7295338625158443
57766.5,maxi,0.011018648648648648,0.003213783783783784,0.5779607685612907,0.412664140597743
57768.5,maxi,0.010192432432432433,0.003576216216216216,0.6589072720277029,0.47920169422745545
57772.5,maxi,0.008403513513513513,0.0037843243243243243,2.7471333735666863,10.481113967420953
57775.5,maxi,0.008175945945945945,0.0034705405405405405,0.8510020732550104,1.047574190409506
57776.5,maxi,0.009417297297297296,0.0036045945945945945,1.4981560849197646,1.1373783768855328
57777.5,maxi,0.007347297297297297,0.003215135135135135,1.1252538206690177,0.9001854081959924
57780.5,maxi,0.006641621621621621,0.0031581081081081077,1.037554691298007,0.9550206276917019
57788.5,maxi,0.006691621621621621,0.0032783783783783783,3.5789644012944986,6.900403086311313
57800.5,maxi,0.011412702702702702,0.00445081081081081,3.616306954436451,5.347191780129494
57806.5,maxi,0.019047027027027024,0.0055472972972972975,-10.60672268907563,-32.74273982598924
57808.5,maxi,0.03721783783783784,0.009361351351351351,0.4367757218772009,0.45669947910577696
57809.5,maxi,0.01901135135135135,0.009277027027027027,0.8613233712571461,1.0326515409884567
57810.5,maxi,0.027257027027027026,0.00965081081081081,-121.1725352112676,-4795.151256688049
57819.5,maxi,0.023955405405405406,0.008852702702702702,1.1662780269058295,0.9724866902526671
57824.5,maxi,0.018917297297297297,0.005001621621621622,1.7664815262014009,2.03949698298412
57834.5,maxi,0.01138162162162162,0.0037294594594594593,-17.135325131810195,-188.79988828021845
57835.5,maxi,0.009470810810810809,0.0032264864864864867,1.2697809161687488,0.8301751463165561
57840.5,maxi,0.00908108108108108,0.003771891891891892,0.5611725184221933,0.4034553893418613
57842.5,maxi,0.01235189189189189,0.003956486486486486,0.3458615536265064,0.21186262506825543
57849.5,maxi,0.009645135135135135,0.0035356756756756754,1.3875696631936032,1.2279851780668796
57858.5,maxi,0.012587027027027027,0.003968648648648649,0.6799530302041881,0.5005415117387685
57859.5,maxi,0.018364864864864862,0.003485135135135135,2.547216090262448,3.636673659725241
57860.5,maxi,0.007385135135135134,0.003296486486486486,1.2694815274759392,0.9410570218766877
57875.5,maxi,0.01617243243243243,0.005684864864864865,0.7525433443186702,0.5660800451680803
57878.5,maxi,0.018262162162162164,0.007687567567567567,0.26006891271056665,0.46484027548006307
57881.5,maxi,0.03986,0.00822162162162162,14.00599520383693,65.90194123343609
57895.5,maxi,0.03645,0.012517027027027026,1.3606495468277946,1.9247432316600055
57897.5,maxi,0.013535945945945945,0.004224324324324324,2.3119061583577714,2.0969479502195196
57910.5,maxi,0.00982162162162162,0.0030867567567567566,0.6975728778733787,0.7876932824215512
57911.5,maxi,0.007698918918918919,0.0031862162162162163,0.6938042752171009,0.574901102221958
57912.5,maxi,0.009114864864864864,0.003296216216216216,0.6241853261921662,0.43426245324881185
57913.5,maxi,0.008025675675675675,0.003432972972972973,2.58390022675737,9.41842656807593
57917.5,maxi,0.007955135135135134,0.0034751351351351347,0.6598245464611192,0.5524305183955831
57918.5,maxi,0.008117567567567567,0.0029345945945945945,0.4366936693669367,0.35829139668092747
57919.5,maxi,0.006246216216216216,0.0028086486486486486,2.195873526259378,2.8571674658127497
57930.5,maxi,0.005182432432432433,0.002139459459459459,-2.3864783047426843,-4.777763017269848
57946.5,maxi,0.006679189189189189,0.003262972972972973,-2.048882681564246,-4.993217064448474
57947.5,maxi,0.011491621621621621,0.004675135135135135,0.20710847834135507,0.5009373384930755
57948.5,maxi,0.010972702702702702,0.0043691891891891885,-5.054018445322793,-14.868723063332116
57953.5,maxi,0.027148108108108106,0.007901891891891891,1.3573617823883062,1.0770728185343004
57966.5,maxi,0.01914027027027027,0.008444054054054054,31.00348735832607,358.8708710412134
57967.5,maxi,0.015952972972972972,0.006960270270270271,17.5963149078727,310.14685691511926
57975.5,maxi,0.008584594594594593,0.003298378378378378,2.5398,3.265453257602589
57978.5,maxi,0.01027,0.003583783783783783,-4.059308072487644,-19.574143540406766
57980.5,maxi,0.011831351351351351,0.0034972972972972974,2.986644172641642,2.7623914144042394
57981.5,maxi,0.009063783783783785,0.003384054054054054,1.9190418435415404,2.010530550548421
57984.5,maxi,0.010906756756756756,0.0036656756756756757,1.1674122505161735,0.6322823256195946
57997.5,maxi,0.008675675675675674,0.0025664864864864863,1.1855442176870747,1.1327706920349125
57998.5,maxi,0.011648648648648648,0.0025967567567567566,2.9006349751158402,2.3290635316358834
57999.5,maxi,0.04641,0.0031716216216216217,1.2500559705289724,0.1972539084538498
58000.5,maxi,0.11421756756756757,0.0038897297297297295,1.0408779806187007,0.07634135269282544
58001.5,maxi,0.21633567567567566,0.005016486486486486,1.0783518231777967,0.057111723919263606
58002.5,maxi,0.2814262162162162,0.005385945945945946,1.1185049050888702,0.050790036710223925
58003.5,maxi,0.40107135135135136,0.006434864864864865,1.1470181806728974,0.043810791141126286
58004.5,maxi,0.4092145945945946,0.0063162162162162154,1.0590748341934755,0.03824267619862628
58005.5,maxi,0.5190748648648649,0.007219729729729729,1.0622094745516906,0.034388034700398196
58006.5,maxi,0.6107767567567567,0.007542162162162162,0.9756565727472952,0.02731993747584638
58007.5,maxi,0.8027875675675675,0.008839729729729729,0.8477989378013822,0.020477549680593475
58008.5,maxi,0.9664683783783783,0.010062972972972973,0.7437593151327212,0.016645682170534973
58009.5,maxi,1.0359221621621622,0.011155945945945945,0.7736281941649361,0.018058751573221763
58010.5,maxi,1.067111081081081,0.01082945945945946,0.7823341035949057,0.017262611375415595
58011.5,maxi,1.164564054054054,0.010822162162162162,0.7966782793907997,0.016088972327076276
58012.5,maxi,1.2619786486486486,0.011691891891891891,0.786450087668134,0.015803887282153702
58013.5,maxi,1.3971054054054053,0.011874594594594595,0.742936238388081,0.013554896361609418
58014.5,maxi,1.5896567567567568,0.013560810810810809,0.6876969518550037,0.012377006252044612
58015.5,maxi,1.8935297297297295,0.014394864864864866,0.5754390590008222,0.008950707002337807
58016.5,maxi,2.0031302702702702,0.01655972972972973,0.5801912973355061,0.009757806420442144
58017.5,maxi,1.8669713513513513,0.01614135135135135,0.52161070088636,0.009097821514626347
58018.5,maxi,1.7402218918918917,0.01768108108108108,0.4810603539215215,0.00975907056896178
58019.5,maxi,1.8257705405405404,0.02298972972972973,0.5295732590979867,0.013457829806306968
58020.5,maxi,1.7707940540540539,0.024584054054054054,0.45770774831912675,0.012639263290613562
58021.5,maxi,1.5562248648648649,0.039957027027027026,0.5160885586192605,0.026564330358108675
58022.5,maxi,1.8423308108108107,0.047136756756756756,0.6248005450297501,0.03290665366336418
58023.5,maxi,1.3738497297297296,0.049446756756756756,0.4262699472345682,0.03055146940075153
58024.5,maxi,1.47311,0.033465945945945944,0.43929363803456684,0.020049696708512386
58025.5,maxi,1.5569445945945946,0.04653081081081081,0.4732688852867684,0.028292771527106103
58026.5,maxi,1.5770199999999999,0.06364378378378378,0.7063418312683631,0.060068796495627914
58036.5,maxi,1.1403156756756756,0.05413918918918918,0.5119573972515107,0.04963405761364811
58037.5,maxi,0.879037027027027,0.04494378378378378,0.4411354866371302,0.046349767880700665
58038.5,maxi,0.8597475675675675,0.03242054054054054,0.4805529734564548,0.037674667480629
58039.5,maxi,0.9770275675675675,0.023343513513513513,0.40558390621004325,0.019420271137768102
58040.5,maxi,1.038827027027027,0.016736216216216217,0.3763695414250474,0.01210374464838935
58042.5,maxi,0.869905945945946,0.031769459459459456,0.3897444678100824,0.028467678858199872
58043.5,maxi,0.7242572972972973,0.016567027027027025,0.5176837282070144,0.02448742472599095
58044.5,maxi,0.6934664864864865,0.00941,0.5456413338575654,0.015265785860654106
58045.5,maxi,0.6845710810810811,0.009692432432432431,0.6128749296749599,0.01807067612633714
58046.5,maxi,0.650714054054054,0.009233783783783783,0.6828991018212084,0.02043599890159048
58047.5,maxi,0.6917483783783783,0.009968918918918919,0.6037743643644525,0.018076095986122222
58048.5,maxi,0.7438678378378378,0.011175405405405405,0.6043594440281154,0.018741908663157936
58049.5,maxi,0.7366389189189189,0.011319999999999998,0.5942227786230577,0.018884958310948757
58050.5,maxi,0.68048,0.011057297297297297,0.6271459250102313,0.021167843044221323
58051.5,maxi,0.6352543243243243,0.010794864864864863,0.6942195452511485,0.024715715454980476
58052.5,maxi,0.6610286486486486,0.010704324324324324,0.5733019784031638,0.018876371584578243
58053.5,maxi,0.6326172972972972,0.01021054054054054,0.5580767911385051,0.018297420828097374
58054.5,maxi,0.6763264864864864,0.011427567567567567,0.5335375091919746,0.018189521966012246
58055.5,maxi,0.7253443243243243,0.011472432432432431,0.4323783361922157,0.013697113482674175
58056.5,maxi,0.6868437837837837,0.011522162162162163,0.3895228516130999,0.013008243265707507
58057.5,maxi,0.7012718918918919,0.01171189189189189,0.402370152599074,0.013385727113449429
58058.5,maxi,0.6846929729729729,0.01256054054054054,0.3817670024968132,0.013892329251466455
58059.5,maxi,0.6106143243243243,0.01303054054054054,0.3060639532946685,0.013255614742041127
58060.5,maxi,0.530607027027027,0.014987567567567568,0.30913944970790325,0.017901274602477153
58061.5,maxi,0.4911216216216216,0.012229729729729728,0.27406984134744666,0.013979068215743129
58062.5,maxi,0.4456316216216216,0.00777027027027027,0.30293448430511727,0.010399088154066819
58063.5,maxi,0.43320918918918916,0.007688648648648649,0.3006643357383826,0.01058695244703373
58064.5,maxi,0.4490367567567567,0.007311081081081081,0.3323953156710319,0.010584021684803843
58065.5,maxi,0.4343424324324324,0.007252162162162162,0.34868065945631865,0.01140327982152772
58066.5,maxi,0.41211810810810806,0.0073267567567567565,0.3466576081786414,0.012088342160169048
58067.5,maxi,0.38014783783783784,0.006623513513513513,0.33823786361013547,0.011593409273723808
58068.5,maxi,0.3603864864864864,0.006658648648648648,0.29609260028721796,0.010878453772064069
58069.5,maxi,0.3678378378378378,0.006243513513513513,0.3163450520788529,0.01070334379025772
58070.5,maxi,0.3631767567567567,0.0063172972972972965,0.3006065359611147,0.010481028662608784
58071.5,maxi,0.33548,0.005868648648648648,0.278412587264201,0.009785216810401539
58072.5,maxi,0.3038408108108108,0.005804324324324324,0.2830120688446166,0.010707933747049222
58073.5,maxi,0.31046648648648645,0.0056464864864864866,0.26602161878629094,0.009806473402610956
58074.5,maxi,0.31610378378378373,0.005903513513513514,0.25208444000976266,0.009560875562057597
58075.5,maxi,0.27332216216216215,0.005815675675675675,0.2641915037029634,0.011321594491629224
58076.5,maxi,0.3262672972972973,0.008305405405405406,0.24769990905864034,0.01285315797840045
58077.5,maxi,0.3607327027027027,0.019756756756756755,0.23966241107820832,0.026923797822491456
58078.5,maxi,0.30351567567567567,0.012721351351351351,0.19733262623207562,0.017340841527088178
58079.5,maxi,0.3007156756756757,0.011758378378378379,0.22079000521070233,0.017529941472124815
58080.5,maxi,0.24417675675675674,0.0070481081081081075,0.23727970798473472,0.014157487878041462
58081.5,maxi,0.2640018918918919,0.005661351351351351,0.24501356848474737,0.010728155234866848
58082.5,maxi,0.2520948648648649,0.00608027027027027,0.25048846680275355,0.01216145313296832
58083.5,maxi,0.253844054054054,0.005883243243243243,0.246290964967281,0.011503884407260658
58084.5,maxi,0.23905675675675675,0.005572972972972973,0.23176221233062672,0.01097773569553699
58085.5,maxi,0.23781783783783783,0.005991621621621621,0.22609460059611838,0.01168400934659178
58086.5,maxi,0.22333513513513512,0.0058508108108108105,0.21952636476277257,0.011882325376389035
58087.5,maxi,0.2030054054054054,0.00547027027027027,0.2156328218883408,0.01205454029478443
58088.5,maxi,0.20554810810810809,0.0057754054054054045,0.2197110170835923,0.012597039566452166
58089.5,maxi,0.20808351351351348,0.006199999999999999,0.22198932772222868,0.013919600675268796
58090.5,maxi,0.19954243243243244,0.006393783783783784,0.235989196962031,0.01550375729192936
58091.5,maxi,0.20226162162162162,0.008053243243243243,0.2346534420823192,0.01911574668782131
58092.5,maxi,0.1918897297297297,0.008567027027027026,0.2185039706016201,0.020290277432824043
58093.5,maxi,0.1919543243243243,0.00879108108108108,0.23169116070300774,0.021701781803137598
58094.5,maxi,0.1976205405405405,0.008764054054054053,0.20339822585785614,0.018770652708359602
58095.5,maxi,0.22121135135135137,0.011718648648648649,0.19371900063638264,0.022338966911375012
58096.5,maxi,0.20040324324324324,0.011075675675675675,0.2580840682486287,0.028951116198133613
58097.5,maxi,0.20961540540540538,0.012564864864864864,0.2652324867973646,0.03204508360038192
58098.5,maxi,0.23867675675675676,0.014515405405405404,0.23106002707988568,0.029110141936932264
58099.5,maxi,0.16998891891891893,0.02644891891891892,0.14932832210204772,0.057241918808034524
58108.5,maxi,0.18717945945945944,0.03789945945945945,0.24463062830684673,0.09883140591799608
58109.5,maxi,0.12503243243243242,0.014414864864864865,0.212437814177826,0.05065346315930985
58110.5,maxi,0.12759567567567567,0.011599189189189188,0.07635234872604091,0.027264127418341402
58111.5,maxi,0.12185297297297296,0.010249729729729729,0.11759257357622559,0.02896300210325849
58112.5,maxi,0.11901594594594594,0.008788378378378377,0.11896257867603782,0.023870452194606873
58113.5,maxi,0.12326027027027027,0.005369459459459459,0.16064413947579567,0.016912623757553702
58114.5,maxi,0.10117594594594594,0.00558054054054054,0.14528391724392153,0.01830942895536792
58115.5,maxi,0.1049508108108108,0.005413783783783784,0.1233201373034763,0.015827624030851258
58116.5,maxi,0.10781054054054054,0.004957837837837837,0.14282066081728073,0.015111111328294449
58117.5,maxi,0.10418432432432431,0.007906486486486486,0.10662778980060464,0.022926157906092808
58120.5,maxi,0.11489621621621621,0.007576216216216216,0.14318053310582798,0.022194181421851863
58121.5,maxi,0.12837108108108106,0.005725405405405406,0.15690049402334713,0.01672428934553239
58122.5,maxi,0.11865405405405405,0.005610810810810811,0.14338776995440525,0.016689711840764114
58123.5,maxi,0.1294627027027027,0.005454594594594594,0.1874342495859677,0.01775183382767365
58124.5,maxi,0.11644027027027026,0.005423243243243243,0.20324336005480698,0.020248726318377663
58125.5,maxi,0.1188954054054054,0.005379189189189189,0.16416592726976503,0.0181335790805328
58126.5,maxi,0.1267743243243243,0.005547837837837837,0.16764736911228667,0.018062759083662783
58127.5,maxi,0.12845297297297295,0.006178108108108108,0.1980972466612883,0.020864008337320904
58128.5,maxi,0.13966324324324325,0.006167837837837838,0.20119537483739974,0.01979541298974766
58129.5,maxi,0.13906378378378378,0.00590972972972973,0.19625825311224235,0.018924651642300835
58130.5,maxi,0.14040837837837836,0.0072299999999999994,0.16128950800215722,0.019552722973265026
58131.5,maxi,0.15466135135135134,0.0069005405405405396,0.1914528029853278,0.01867524127154609
58132.5,maxi,0.13748999999999997,0.008238108108108108,0.14998512650005835,0.022445190692165305
58133.5,maxi,0.13197054054054053,0.008738108108108107,0.21418948261409657,0.029508895683460053
58134.5,maxi,0.12226135135135136,0.004957027027027027,0.2036719463642474,0.017002285391817185
58135.5,maxi,0.13209648648648648,0.004981351351351351,0.19669922600463796,0.015751271378490528
58136.5,maxi,0.11490864864864864,0.004581351351351352,0.17955268011108116,0.015289662884779745
58137.5,maxi,0.11873945945945945,0.004695405405405405,0.18703439464211039,0.015718424434627808
58138.5,maxi,0.12812648648648647,0.0044435135135135135,0.17570704626053282,0.013722740287004157
58139.5,maxi,0.12075513513513514,0.0045048648648648645,0.2127360462023633,0.01660685766437458
58140.5,maxi,0.11523027027027026,0.004215405405405405,0.1844141149227679,0.01462280824297558
58141.5,maxi,0.12171837837837837,0.004324864864864864,0.1753316044817788,0.013834846142505597
58142.5,maxi,0.1235072972972973,0.004174864864864865,0.17768507300500855,0.013509427065843103
58143.5,maxi,0.12434108108108108,0.00407054054054054,0.17362546837447565,0.012616189273859633
58144.5,maxi,0.13148513513513513,0.0042805405405405405,0.1866454143421937,0.013260848501105498
58145.5,maxi,0.11756918918918918,0.003964324324324324,0.18946201733543944,0.013891481066950413
58146.5,maxi,0.12445648648648648,0.00417027027027027,0.18475609756097564,0.013607872165645992
58147.5,maxi,0.12151027027027025,0.00401,0.20460147725912953,0.014351428495400505
58148.5,maxi,0.09385108108108108,0.0038727027027027025,0.17754069033979278,0.015771359736705546
58149.5,maxi,0.10809351351351351,0.003926216216216216,0.18541211042629435,0.015017012602779892
58150.5,maxi,0.09264189189189188,0.003906216216216216,0.14964298086418795,0.015173299990996267
58151.5,maxi,0.09893378378378379,0.0038540540540540538,0.18932536203563846,0.016186290776422696
58152.5,maxi,0.09277108108108106,0.003876756756756757,0.20503172071999726,0.018136029795191855
58153.5,maxi,0.08644648648648649,0.00372027027027027,0.16279411349320677,0.01612808820773382
58154.5,maxi,0.0971372972972973,0.0039724324324324324,0.19617884577506403,0.016870648684751105
58155.5,maxi,0.10291972972972972,0.004291621621621622,0.16678334046568924,0.01607464329289494
58156.5,maxi,0.09856081081081082,0.004007567567567567,0.15901442489619022,0.015262163012045072
58157.5,maxi,0.09342108108108108,0.004456216216216216,0.16835442334825745,0.018747647253856397
58158.5,maxi,0.08972351351351351,0.0040621621621621615,0.19740926050305793,0.019017107934754553
58159.5,maxi,0.09630972972972972,0.004388378378378378,0.17335454582859028,0.018395059305228972
58160.5,maxi,0.09169378378378377,0.004595405405405406,0.19196661450182578,0.0203061492483713
58161.5,maxi,0.0833208108108108,0.00462108108108108,0.14801034930371793,0.02000145745146288
58162.5,maxi,0.09057864864864865,0.004908378378378378,0.17551487754464748,0.022256088509024448
58163.5,maxi,0.07798783783783783,0.005694864864864865,0.16204186484218022,0.0269019569111279
58164.5,maxi,0.08510837837837837,0.006082702702702703,0.1625732150201989,0.02841631128454932
58165.5,maxi,0.08108567567567566,0.007486216216216216,0.1705755220358114,0.036270336956672915
58166.5,maxi,0.08175945945945945,0.006716216216216216,0.15043643331086115,0.028682230783663793
58167.5,maxi,0.06459945945945945,0.007970810810810811,0.15963089097924127,0.043631483586643864
58168.5,maxi,0.06976216216216216,0.008585135135135135,0.16924390702122938,0.04427860128263695
58169.5,maxi,0.07946135135135135,0.007857027027027027,0.24166563204249858,0.04793264449933383
58170.5,maxi,0.07759297297297298,0.010907297297297296,0.1778910201747266,0.05474491563679594
58171.5,maxi,0.13292567567567568,0.00890945945945946,0.27252692325169264,0.04134041816782221
58172.5,maxi,0.12316027027027027,0.037564594594594596,0.2854364866531482,0.18884716992955736
58173.5,maxi,0.06307135135135135,0.022268648648648647,0.1376960619947096,0.12534556757772405
58178.5,maxi,0.08807405405405405,0.013084864864864864,0.06836771490871835,0.05309831415207421
58179.5,maxi,0.07190864864864865,0.01299135135135135,0.15410988970367392,0.08447337910540594
58180.5,maxi,0.044645135135135135,0.009258918918918918,0.11605254466122368,0.0745907285142191
58181.5,maxi,0.06038243243243243,0.009822972972972972,0.1336883992493223,0.06021068229687898
58182.5,maxi,0.05297297297297297,0.007572972972972973,0.13539434425218294,0.05136032688658128
58183.5,maxi,0.030444324324324323,0.0064564864864864865,0.15357942325418075,0.07056442795227949
58184.5,maxi,0.04665459459459459,0.007386486486486486,0.09722858262112193,0.05807378551447564
58185.5,maxi,0.05014756756756756,0.005295945945945946,0.14092655134187526,0.039976908093175625
58186.5,maxi,0.03570324324324324,0.004793243243243243,0.08159005656095294,0.03942250287587299
58187.5,maxi,0.036347027027027023,0.01180135135135135,0.14516492236424464,0.09769790000102922
58189.5,maxi,0.019845675675675672,0.005781351351351351,0.036755693046603345,0.06893699460076554
58190.5,maxi,0.03931675675675675,0.004002432432432432,0.0970901340873067,0.030512357678022458
58191.5,maxi,0.03569486486486486,0.004051891891891892,0.07538871440362044,0.0314101390536525
58192.5,maxi,0.03488810810810811,0.004007567567567567,0.0739148149308929,0.03548239317691569
58193.5,maxi,0.0442554054054054,0.0041883783783783785,0.17047339369714767,0.043460070552485124
58194.5,maxi,0.0324927027027027,0.0037637837837837832,0.14450693663292088,0.043033355291693394
58195.5,maxi,0.034038648648648646,0.003819189189189189,0.16550308008213552,0.04740181099057692
58196.5,maxi,0.032846486486486484,0.003962702702702703,0.12111815301041197,0.044231778469251345
58197.5,maxi,0.03517135135135135,0.004525945945945946,0.1394178605906827,0.05772358812173385
58198.5,maxi,0.025192972972972974,0.0037205405405405403,0.07456013465534019,0.04670065409991229
58199.5,maxi,0.02566918918918919,0.0038105405405405406,0.25229347873123026,0.06939373848398661
58200.5,maxi,0.03467027027027027,0.00786027027027027,0.40801075897555844,0.17254066109006003
58201.5,maxi,0.018925405405405406,0.004391351351351351,0.08148268160303665,0.0761819317944679
58202.5,maxi,0.02799054054054054,0.00407,0.11433141681021945,0.06671202732468677
58203.5,maxi,0.02428297297297297,0.004496486486486486,0.06963597038325532,0.06994567883509806
58204.5,maxi,0.028683243243243242,0.00613081081081081,0.2509618091395327,0.11932585677322445
58205.5,maxi,0.01936216216216216,0.006159729729729729,0.2681169746196108,0.16677241851427535
58206.5,maxi,0.014106216216216216,0.0037635135135135134,0.1584229891481533,0.1334556240071401
58207.5,maxi,0.012837567567567567,0.003317837837837838,0.20424526311347427,0.10743077442644029
58208.5,maxi,0.00797027027027027,0.0031859459459459456,0.11332002362005456,0.13157917130438115
58209.5,maxi,0.010316756756756756,0.002993243243243243,-0.08074534161490683,-0.09189938886975144
58210.5,maxi,0.009995945945945944,0.002821621621621621,0.14534451932333928,0.11829027388441671
58211.5,maxi,0.00596027027027027,0.002843783783783784,-0.09216020915792149,-0.15258721727645524
58212.5,maxi,0.009506756756756756,0.0027281081081081083,-0.003241013553329405,-0.14418998515677403
58213.5,maxi,0.01160081081081081,0.0027097297297297295,0.3155702907047265,0.18032739727980385
58217.5,maxi,0.006417297297297298,0.002597297297297297,0.0049397352301916615,0.19487685253260845
58223.5,maxi,0.006037837837837837,0.002530810810810811,-7.134210526315789,-39.31633799859144
58233.5,maxi,0.010051081081081081,0.004348918918918919,0.3092783505154639,0.5093010242356709
58237.5,maxi,0.013698378378378378,0.005679189189189189,1.0774396093136827,1.162783010758894
58239.5,maxi,0.01961972972972973,0.0069335135135135135,0.3551984760968416,0.3347205908617175
58241.5,maxi,0.026302162162162163,0.00808972972972973,1.2866352295111323,1.2383562720037795
58254.5,maxi,0.027597027027027026,0.008313513513513513,0.45168351410511814,0.34833174614248635
58258.5,maxi,0.014673783783783784,0.004747297297297297,0.25883873349949227,0.22662603824037258
58263.5,maxi,0.010763243243243242,0.0033699999999999997,0.44270853933473087,0.24125078620528045
58264.5,maxi,0.007956756756756757,0.0034662162162162158,0.14706774213111773,0.1627599596053262
58265.5,maxi,0.014166486486486485,0.005897567567567567,0.1535201829076001,0.1754353276138453
58267.5,maxi,0.008826486486486486,0.003661081081081081,0.23383228133453562,0.2059138875637605
58269.5,maxi,0.008994864864864864,0.004036756756756756,0.4095262483994878,0.3709372002889245
58270.5,maxi,0.011304594594594595,0.0037316216216216214,0.7515253203172666,0.4273244954819347
58271.5,maxi,0.01130945945945946,0.0035467567567567565,0.8087298215802888,0.4354915577201873
58272.5,maxi,0.008150270270270269,0.003037297297297297,0.17786867123590536,0.26285542583710264
58273.5,maxi,0.011827837837837838,0.0034548648648648644,0.3561046511627907,0.34857914541699025
58274.5,maxi,0.0063951351351351346,0.0031105405405405405,0.7745043542708911,0.6486036194136704
58275.5,maxi,0.007549459459459459,0.003574054054054054,0.47399880454273763,0.3923860984406758
58280.5,maxi,0.007854324324324324,0.0031832432432432434,0.430438170592819,0.3212553613840326
58282.5,maxi,0.007662432432432432,0.0028937837837837836,0.943106353454257,0.6299811060621744
58286.5,maxi,0.00824,0.002725405405405405,0.49744488246459334,0.36000543246359024
58288.5,maxi,0.008072972972972972,0.0025564864864864867,1.7172382466500113,1.0022189885358608
58289.5,maxi,0.0062959459459459455,0.0026397297297297297,0.23566114710823136,0.5058683966089126
58290.5,maxi,0.012305675675675675,0.00264054054054054,0.9734280321843647,0.3331790184534651
58291.5,maxi,0.010870540540540539,0.002676216216216216,0.14652998938428874,0.13638300123113228
58292.5,maxi,0.009774054054054054,0.00261,0.28837440258208674,0.13579495840860337
58293.5,maxi,0.007995405405405406,0.0026481081081081077,0.5369025855314704,0.26307233136719754
58295.5,maxi,0.005672432432432432,0.0026597297297297298,1.0348528563185226,0.7661091956356262
58296.5,maxi,0.009000000000000001,0.0026816216216216217,0.6686291935125528,0.30780727694908727
58297.5,maxi,0.012582972972972973,0.002857027027027027,0.6499114053902826,0.27140372493971343
58298.5,maxi,0.0076762162162162155,0.0027335135135135133,0.6609867888918847,0.2990730756212711
58299.5,maxi,0.007492702702702703,0.002841351351351351,0.39652792524952224,0.2600480062378193
58300.5,maxi,0.00816243243243243,0.003022972972972973,1.3887845064315651,1.2661530253903968
58302.5,maxi,0.008602432432432432,0.003148918918918919,0.8931064155272971,0.6531069195143835
58304.5,maxi,0.007837837837837838,0.003494324324324324,-0.39342881213142383,-2.3045792726262926
58305.5,maxi,0.007594324324324324,0.0033324324324324325,0.30693210433791035,0.25525258083090907
58306.5,maxi,0.016264324324324324,0.003884324324324324,1.748093282487533,0.9244327297355062
58311.5,maxi,0.016158648648648646,0.0058851351351351345,0.384136360401395,0.3395234650395009
58313.5,maxi,0.03353810810810811,0.008671621621621621,0.1539066302272472,0.14699592115507723
58314.5,maxi,0.03595918918918919,0.00945,-13.74238067855089,-48.08198164335805
58315.5,maxi,0.04696297297297297,0.01117054054054054,0.5531536081823347,0.2936607583391151
58326.5,maxi,0.027665405405405404,0.00835972972972973,2.6846535299491063,2.575046367621912
58327.5,maxi,0.018697837837837836,0.007623513513513513,0.7272380225233823,1.3918269208299876
58329.5,maxi,0.021991621621621618,0.004877297297297297,0.7522725671200056,0.35476539197730395
58336.5,maxi,0.00887135135135135,0.003365405405405405,1.3467818108217515,1.3675776898656535
58338.5,maxi,0.01119,0.0036543243243243244,1.181548110249216,0.8303377621619108
58339.5,maxi,0.007455675675675675,0.0034348648648648648,0.42183590148821287,0.3982100791562792
58340.5,maxi,0.0070494594594594584,0.0034016216216216214,0.5918180061823802,0.3243292189336401
58341.5,maxi,0.011065945945945945,0.0032586486486486485,0.6205511368201173,0.5153615018817443
58343.5,maxi,0.00817027027027027,0.0035391891891891894,0.6651514040618813,0.5236914312928599
58349.5,maxi,0.023235675675675676,0.007988648648648648,0.947781437705871,0.9228587048714523
58350.5,maxi,0.008342972972972972,0.003963243243243243,-3.1779741243294417,-3.212603982454954
58351.5,maxi,0.006707837837837838,0.003262972972972973,0.34865353506518226,0.4825304592195314
58356.5,maxi,0.007316486486486486,0.0027545945945945944,1.649601063829787,1.9385082975431684
58357.5,maxi,0.0065616216216216215,0.002705405405405405,0.6524396254312469,0.5214204775446855
58358.5,maxi,0.008033783783783784,0.002688378378378378,1.3198688071810805,1.2902141214294796
58362.5,maxi,0.008408378378378378,0.0025948648648648647,2.9539945584961664,3.469063852534511
58368.5,maxi,0.005427837837837838,0.0025956756756756755,1.2788321167883212,1.9927344719096092
58381.5,maxi,0.015164324324324322,0.004588918918918919,0.7967179748123648,0.40111153370930824
58384.5,maxi,0.01915162162162162,0.008014324324324324,-0.1517907902217169,-0.31926205970859706
58386.5,maxi,0.03582324324324324,0.00677108108108108,0.7387700019278967,0.36621449719954374
58387.5,maxi,0.05633162162162162,0.008497297297297297,1.802103448275862,0.9695471754999274
58388.5,maxi,0.04004486486486486,0.01528216216216216,0.19096358932290025,0.289186800429293
58398.5,maxi,0.028654594594594594,0.00939,0.9152217812130075,0.7294754062825236
58414.5,maxi,0.013153783783783783,0.0031172972972972972,1.5562540929927964,1.3318159651175359
58416.5,maxi,0.007398108108108108,0.003346216216216216,1.7377368284453671,1.5853822381686973
58417.5,maxi,0.006864594594594595,0.0034283783783783783,0.2154566744730679,0.28024276447292223
58418.5,maxi,0.007612702702702702,0.0033097297297297297,0.0742334167709637,0.2017292731180896
58419.5,maxi,0.012694054054054054,0.00374027027027027,0.27651672802945415,0.20295856421314204
58420.5,maxi,0.010948648648648647,0.00395027027027027,0.3029830957905204,0.22146480865724077
58421.5,maxi,0.015922162162162162,0.005572702702702702,0.8635013721288674,0.5124280672197611
58423.5,maxi,0.009024864864864864,0.003273243243243243,0.41005278647171484,0.2558755862565139
58429.5,maxi,0.006892432432432432,0.002656486486486486,0.3744246098574155,0.49526065091643384
58437.5,maxi,0.008187297297297298,0.002649189189189189,2.160657575191481,2.0490311867035103
58443.5,maxi,0.007227027027027027,0.0025143243243243244,0.728676763650857,0.5135989151579449
58451.5,maxi,0.009345405405405405,0.0033383783783783785,2.4040907957096533,3.504510499996646
58452.5,maxi,0.010334054054054053,0.0035905405405405404,0.645078911078196,0.3557375446237023
58453.5,maxi,0.019238918918918917,0.00508054054054054,0.4964814074370251,0.3402639171679368
58457.5,maxi,0.013131081081081082,0.005567837837837838,0.9043860038139164,0.5486167609229079
58458.5,maxi,0.014192972972972971,0.006661081081081081,6.959999999999999,25.251767642718328
58459.5,maxi,0.026723243243243242,0.006877297297297297,1.527841286230548,1.338726573532951
58460.5,maxi,0.020624324324324324,0.00986027027027027,1.263457262526501,1.3203915539912434
58471.5,maxi,0.017156486486486485,0.007628108108108107,1.5840944531075964,1.8092476994403943
58474.5,maxi,0.009634864864864864,0.0034145945945945944,4.0492887859741975,8.560748482465986
58483.5,maxi,0.008717567567567567,0.003192432432432432,2.856283566058002,3.9164769171194496
58484.5,maxi,0.008790000000000001,0.0030508108108108106,1.1499528079282682,0.958586836135085
58487.5,maxi,0.007314594594594595,0.0029454054054054053,4.978781925343811,11.009949318367246
58488.5,maxi,0.007516216216216216,0.0030724324324324323,0.30749141919116546,0.3862884848615389
58490.5,maxi,0.017548378378378377,0.0031316216216216216,0.9764031687173437,0.4541235827588028
58495.5,maxi,0.01213027027027027,0.0030927027027027026,1.5053045859000682,1.5311430651389935
58496.5,maxi,0.0065321621621621615,0.0028510810810810808,0.5198098256735341,0.3903310947170287
58498.5,maxi,0.005348108108108108,0.0025478378378378376,0.26416752843846947,0.20256534501580725
58500.5,maxi,0.008067837837837837,0.0026627027027027023,0.3953531340939535,0.2119096172463668
58502.5,maxi,0.006006486486486487,0.002476216216216216,0.27113376429637,0.245822267034346
58512.5,maxi,0.004991621621621621,0.0023181081081081077,1.07057745187901,1.2906832892935924
58523.5,maxi,0.008303783783783783,0.0032764864864864864,0.1607047517351842,0.5027969801857819
58526.5,maxi,0.009904054054054054,0.004874324324324324,0.8770201845044047,0.7250809998896672
58528.5,maxi,0.016148648648648647,0.005231081081081081,5.137644690488173,11.437165416498294
58530.5,maxi,0.023034324324324323,0.006191351351351351,0.6142945374691188,0.38212835708275467
58532.5,maxi,0.045177567567567564,0.009637567567567567,1.1188485607008762,1.0734782308887858
58542.5,maxi,0.01789081081081081,0.007754864864864865,0.11317112953649586,0.30803773533209594
58543.5,maxi,0.0203254054054054,0.008881351351351352,0.5621949896974298,0.6082294838452111
58553.5,maxi,0.008198648648648648,0.002913243243243243,0.8638575321136628,0.6443846884871629
58556.5,maxi,0.008602432432432432,0.002998108108108108,1.7499320097905902,1.489518377748226
58564.5,maxi,0.01079027027027027,0.004064054054054054,0.9333863591171209,0.9566454960127468
58565.5,maxi,0.013118648648648647,0.003983783783783784,0.3495138791038467,0.23890726724224723
58568.5,maxi,0.007357027027027026,0.0032475675675675674,1.076221208412151,0.850697638385856
58569.5,maxi,0.00839945945945946,0.0032551351351351346,0.4072809352934367,0.3137792568728197
58571.5,maxi,0.00836027027027027,0.002991081081081081,0.24976716156248288,0.25824990764785316
58572.5,maxi,0.005696756756756756,0.002815405405405405,0.2961579811011147,0.25631233125767994
58585.5,maxi,0.007445135135135134,0.0033199999999999996,-1.2268477685658845,-1.4885658146151095
58600.5,maxi,0.011179999999999999,0.00367027027027027,1.1789770146270557,0.7926104520771036
58604.5,maxi,0.01566081081081081,0.0056254054054054045,1.553715862593967,1.4648136029775154
58615.5,maxi,0.015329729729729728,0.006485405405405405,1.5405910326086956,3.3121565546040475
58620.5,maxi,0.018422702702702704,0.005074324324324324,5.161668094830048,12.734803126060415
58625.5,maxi,0.015788648648648648,0.0038470270270270267,41.72708757637474,512.5210199388056
58626.5,maxi,0.007293783783783783,0.003384054054054054,0.2854432381153157,0.5880515996549223
58627.5,maxi,0.01924081081081081,0.005248378378378378,1.4868158210147824,1.0262647320838445
58632.5,maxi,0.011986486486486486,0.0032416216216216215,2.327666428060129,2.4808104440808627
58636.5,maxi,0.009696756756756757,0.0031899999999999997,2.0267341040462425,1.821463232399787
58637.5,maxi,0.010662162162162162,0.003894324324324324,0.36967179372029485,0.2555886953825441
58639.5,maxi,0.008009189189189189,0.0035994594594594594,1.190741857659831,1.426991292710871
58640.5,maxi,0.006705135135135135,0.0030262162162162163,0.5023316912972086,0.34808099671208353
58644.5,maxi,0.005961351351351351,0.002675405405405405,1.3291801644654873,0.8852555130694953
58645.5,maxi,0.005554324324324324,0.0025462162162162164,88.16666666666667,5477.347345960095
58673.5,maxi,0.013397837837837837,0.0037697297297297296,0.7766969535008017,0.7438389645369945
58677.5,maxi,0.019811351351351352,0.006453243243243242,0.6142307441466118,0.7424686985721237
58678.5,maxi,0.029616486486486484,0.010995135135135135,4.115384615384616,10.020127033243206
58686.5,maxi,0.016205135135135135,0.007795675675675675,3.0314341846758346,11.36895381584895
58687.5,maxi,0.014354054054054053,0.005911621621621621,0.5883024349750968,0.40192957982892236
58689.5,maxi,0.013813243243243243,0.004988378378378379,0.8144779650990832,0.7194372795703232
58700.5,maxi,0.009319189189189189,0.002987567567567567,0.5920036347114948,0.3272455478521903
58701.5,maxi,0.008058648648648649,0.0031256756756756756,0.5298639455782314,0.39210742645586677
58702.5,maxi,0.01331054054054054,0.0033383783783783785,1.0535836645196657,0.5820118688020633
58703.5,maxi,0.010455675675675674,0.003278918918918919,0.3152074783401733,0.2112763485774098
58705.5,maxi,0.008793513513513514,0.0032797297297297297,1.0176819197512872,0.7854549790679811
58707.5,maxi,0.010343243243243242,0.00324,0.3538833646869121,0.29781146926017527
58710.5,maxi,0.012833783783783782,0.005550810810810811,0.34671461261850284,0.562226018715071
58711.5,maxi,0.013533243243243242,0.005551891891891892,2.5407446434843695,4.400301399965304
58713.5,maxi,0.009887567567567567,0.0030448648648648646,0.12853107344632766,0.1410097885512716
58716.5,maxi,0.005342972972972973,0.0026086486486486486,0.28871193371354786,0.22696781202041183
58717.5,maxi,0.0053478378378378376,0.0026591891891891892,0.6409793297210515,0.5129857315671172
58718.5,maxi,0.010363243243243244,0.0032194594594594597,0.16770596737559365,0.20255363572089102
58719.5,maxi,0.009194594594594594,0.003809459459459459,4.094037615046019,9.809006217180169
58744.5,maxi,0.02433216216216216,0.003577297297297297,1.2202749417155718,0.36955788059623945
58745.5,maxi,0.019424054054054053,0.0037148648648648646,0.44461122785950163,0.17201857431195372
58749.5,maxi,0.034377027027027024,0.0049640540540540545,0.4520315193302142,0.19952139509532485
58752.5,maxi,0.015355405405405404,0.006068918918918919,-0.052399643605365184,-0.19724674989251453
58753.5,maxi,0.020425405405405404,0.006078918918918919,0.5381586566299942,0.43778144607471486
58756.5,maxi,0.01718351351351351,0.006386486486486487,0.9851487130218967,0.6488864014225592
58757.5,maxi,0.01933891891891892,0.0065,0.4231181834435902,0.34960333923556813
58760.5,maxi,0.012799459459459457,0.005432162162162161,1.0320358903070896,0.8616150509648328
58762.5,maxi,0.020504864864864865,0.004534054054054054,0.8762714761945466,0.4078497447028568
58765.5,maxi,0.040485405405405406,0.0154827027027027,1.3528191359531365,1.6718419573225283
58767.5,maxi,0.03234162162162162,0.004001621621621622,1.7729048519218653,0.8961198303164629
58768.5,maxi,0.009826756756756757,0.0031070270270270265,4.765383231378194,9.571713137756568
58773.5,maxi,0.0059464864864864865,0.002747297297297297,0.3716253956432694,0.42180677162995683
58777.5,maxi,0.016766756756756755,0.004707567567567567,0.14609862266112267,0.11133432330192423
58778.5,maxi,0.011022972972972974,0.002858918918918919,0.1507644347162803,0.14040447542132167
58779.5,maxi,0.009411351351351351,0.0028443243243243244,0.0736796158882584,0.12140732016223671
58780.5,maxi,0.011395405405405405,0.0028770270270270268,0.0896917126824797,0.09547843990374048
58781.5,maxi,0.008306216216216215,0.0030010810810810807,0.23678920160827113,0.17340994892225833
58782.5,maxi,0.009821891891891891,0.00321027027027027,0.20908860759493672,0.13143580809705308
58785.5,maxi,0.008826486486486486,0.0027778378378378378,0.43458805981866,0.1868393677059581
58786.5,maxi,0.006145945945945946,0.0025248648648648645,-0.07971856836953196,-0.22392367266933605
58790.5,maxi,0.00878945945945946,0.002321351351351351,0.34205925206410875,0.1828719548018982
58804.5,maxi,0.009978108108108107,0.004981351351351351,-0.2216429245863952,-0.3013412338961569
58808.5,maxi,0.005336486486486486,0.002552162162162162,2.3681214421252372,10.346200271317539
58814.5,maxi,0.009356486486486485,0.003135945945945946,0.1883262260127932,0.24052760100176723
58816.5,maxi,0.0067764864864864865,0.0029783783783783784,0.37006781750924783,0.35341496263437455
58819.5,maxi,0.012412432432432433,0.00415027027027027,0.9724618676237146,0.6304767683564176
58820.5,maxi,0.017425405405405405,0.004773783783783784,26.82871125611745,299.83175028549255
58822.5,maxi,0.022116486486486484,0.00495054054054054,2.3170353524912137,1.9256962454526185
58823.5,maxi,0.024611891891891894,0.006478648648648648,0.8881630206772552,0.4724956089106804
58824.5,maxi,0.013616486486486487,0.006720810810810811,-0.7955439056356488,-0.6931278428649397
58825.5,maxi,0.015615405405405406,0.007577837837837838,1.03390250705011,0.6325120647197627
58829.5,maxi,0.018160540540540542,0.005712972972972973,0.47290158481706124,0.33755498004674694
58832.5,maxi,0.009708108108108108,0.004514054054054055,0.09765104113242384,0.22649474030214706
58834.5,maxi,0.016543513513513512,0.005007027027027027,0.8352989019926799,0.8217806571820584
58835.5,maxi,0.009954864864864865,0.0039024324324324323,0.4287336024217962,0.803103548512586
58836.5,maxi,0.007224864864864864,0.0032935135135135135,1.5538955823293172,1.7107406490969863
58845.5,maxi,0.009467567567567567,0.0034705405405405405,0.31274946093499106,0.2543708478303001
58848.5,maxi,0.010604054054054053,0.004204594594594594,0.2109851193516532,0.22589457258199855
58849.5,maxi,0.007654594594594594,0.0026486486486486482,0.180213110796924,0.14122982913572574
58850.5,maxi,0.008731891891891892,0.0029675675675675675,0.08503983475951607,0.1289941636449861
58851.5,maxi,0.011554864864864864,0.002836756756756757,0.13272518366352146,0.1464919011786824
58852.5,maxi,0.006288108108108107,0.002857027027027027,-0.10714506650170122,-0.2657586714074016
58853.5,maxi,0.007826486486486487,0.002445945945945946,1.655142979086641,1.7518071908039887
58855.5,maxi,0.0078072972972972965,0.0028545945945945947,0.5982788969293956,0.3652216797888274
58857.5,maxi,0.01115972972972973,0.0033518918918918916,0.35374360564253604,0.28880916677287494
58858.5,maxi,0.021186756756756756,0.0028564864864864866,0.16767629367347808,0.08780722212188027
58859.5,maxi,0.009432162162162161,0.002585135135135135,0.17289251844046366,0.0988833363265225
58860.5,maxi,0.00918108108108108,0.00257027027027027,0.218949462573568,0.10971755116684362
58861.5,maxi,0.008464864864864865,0.002413243243243243,0.8720564481849868,0.4588090068481022
58889.5,maxi,0.01496189189189189,0.0032943243243243243,0.4602488441153253,0.20766472856731694
58890.5,maxi,0.03241594594594595,0.0034967567567567564,0.630488278720373,0.1672005152801539
58892.5,maxi,0.015947297297297297,0.0042132432432432435,0.3177093106165797,0.238397007511933
58895.5,maxi,0.040869189189189185,0.0047716216216216216,0.7511150308680863,0.23067483887355827
58899.5,maxi,0.013093513513513514,0.005204594594594594,0.27676517939282425,0.25129127793468836
58908.5,maxi,0.010407027027027026,0.004060810810810811,0.16347010550996482,0.273564389093816
58917.5,maxi,0.006437027027027027,0.0027135135135135133,-0.05300615316183557,-0.28914299611387495
58920.5,maxi,0.007055675675675676,0.0026659459459459456,0.4762611275964391,0.9811341348502697
58922.5,maxi,0.008629189189189188,0.002845405405405405,0.07362648522392606,0.10516761396545181
58923.5,maxi,0.008284324324324324,0.002852162162162162,0.38680892337536377,0.2359098259903625
58924.5,maxi,0.0062156756756756755,0.0028072972972972973,0.23905431605752814,0.13069385056897215
58925.5,maxi,0.00731,0.002973513513513513,-0.10703493291429952,-0.12940662483939108
58926.5,maxi,0.01022162162162162,0.002928918918918919,-0.02041042706600111,-0.11448959705360845
58927.5,maxi,0.011765135135135135,0.003715135135135135,0.3540374324432257,0.16868267730548483
58928.5,maxi,0.013966756756756757,0.003481081081081081,0.19653017180974802,0.14531948470491504
58931.5,maxi,0.009783783783783783,0.002776216216216216,0.9171597633136096,0.39312784381675114
58932.5,maxi,0.007243243243243243,0.0025694594594594593,0.12983305105250423,0.1817795385867398
58934.5,maxi,0.005891891891891892,0.0023759459459459457,0.13310064596790996,0.18947361756984274
58935.5,maxi,0.006404054054054054,0.0024156756756756755,-0.0650207440658369,-0.24281811859796623
58936.5,maxi,0.005387567567567568,0.002228108108108108,9.54251700680272,61.438141797988465
58937.5,maxi,0.005631081081081081,0.0022635135135135134,1.5142041593040643,0.9622077306713155
58950.5,maxi,0.005487567567567567,0.0023572972972972974,0.6867862969004893,3.647875715032521
58962.5,maxi,0.018417027027027025,0.003933513513513513,1.242283546952655,0.6599214400225007
58963.5,maxi,0.013767837837837837,0.003916216216216216,0.6530952380952382,0.41714087483133666
58964.5,maxi,0.008554594594594594,0.0034183783783783782,0.4669206789054382,0.21512014342180397
58967.5,maxi,0.023930270270270268,0.005986486486486486,0.5442304208683051,0.3031034991851552
58968.5,maxi,0.06743972972972972,0.009427027027027027,1.0863172432377808,0.3863844460933222
58970.5,maxi,0.022084864864864863,0.007012432432432433,0.7228972550994712,0.4770092948237557
58971.5,maxi,0.035473243243243247,0.007214594594594594,0.4271675038217952,0.1658606885798061
58972.5,maxi,0.016923783783783782,0.006803243243243243,0.14074590193993178,0.3437032438427381
58973.5,maxi,0.016835135135135133,0.005827027027027027,1.077203753040658,0.8527556306181168
58974.5,maxi,0.02688054054054054,0.006870810810810811,0.3811838718901916,0.18847511040781023
58975.5,maxi,0.015274864864864863,0.007562702702702703,0.3118950793005287,0.26023504256160657
58976.5,maxi,0.01872432432432432,0.006824054054054054,0.9522371786807564,0.6968643873612347
58977.5,maxi,0.020434054054054056,0.006212972972972973,1.3039490142355115,0.9880611819554262
58983.5,maxi,0.02571054054054054,0.007891891891891892,115.3498452012384,4689.841286931689
58984.5,maxi,0.039117837837837836,0.003715135135135135,1.7128852860778585,0.5898664531084717
58986.5,maxi,0.02405405405405405,0.004284324324324324,1.1417154364105468,0.7092948381265864
58987.5,maxi,0.015857297297297297,0.003421081081081081,0.882854783964774,0.6782278758509129
58988.5,maxi,0.013426486486486486,0.003724864864864865,-0.045796637309847885,-0.42394962226885613
58990.5,maxi,0.010798918918918918,0.0033799999999999998,1.7426710097719869,1.091757811330084
58992.5,maxi,0.007890270270270271,0.00323,0.20240174003614864,0.15229046587592307
58994.5,maxi,0.009364864864864864,0.0028599999999999997,0.42443416123650335,0.16720948196290195
58995.5,maxi,0.010921621621621622,0.0030786486486486485,0.3884507042253521,0.24231748018830918
58996.5,maxi,0.0070586486486486485,0.00275027027027027,0.07882861855413438,0.13024324714706784
58997.5,maxi,0.013369189189189189,0.00296027027027027,0.15357274441386187,0.09809066296457569
58998.5,maxi,0.007948918918918918,0.0027956756756756756,0.24337487465979085,0.16696161866567286
58999.5,maxi,0.01312189189189189,0.0030029729729729726,0.28610368786745055,0.13444469563293865
59002.5,maxi,0.013680810810810809,0.00380054054054054,1.854380964183914,1.8192510931829646
59003.5,maxi,0.007321081081081081,0.002738378378378378,0.20394674723822115,0.38152315913620555
59005.5,maxi,0.007215135135135135,0.0027816216216216215,0.09957484895949877,0.22132218806016327
59007.5,maxi,0.008641351351351351,0.0025648648648648647,0.564033570376065,0.30477462110278364
59009.5,maxi,0.0069324324324324315,0.0025024324324324325,0.10011039743075069,0.18051291462282582
59033.5,maxi,0.008148648648648648,0.0037235135135135133,1.4203703703703703,4.287953847627063
59037.5,maxi,0.012778918918918917,0.005185945945945946,0.42954271301677815,0.44322037651152363
59038.5,maxi,0.02042027027027027,0.006018918918918919,-3.4681440443213294,-6.816928642993447
59039.5,maxi,0.03470621621621622,0.0065875675675675675,1.2545923672353372,0.6096375171308775
59040.5,maxi,0.04908162162162162,0.005904864864864865,1.425857519788918,0.5497505183995235
59041.5,maxi,0.01230027027027027,0.004675135135135135,0.16584633352798864,0.11622085110372392
59042.5,maxi,0.016647837837837836,0.00707108108108108,0.20108251448498826,0.19836947471537222
59069.5,maxi,0.009933243243243243,0.002834864864864865,1.2724596598342783,0.914019135650894
59070.5,maxi,0.006356756756756756,0.0029921621621621618,-0.09923952576637854,-0.2040824783181479
59072.5,maxi,0.007827297297297297,0.0027916216216216216,-0.06517285531370039,-0.10037257107706962
59073.5,maxi,0.011482702702702702,0.0033629729729729727,0.3438825546764538,0.17026900314710575
59074.5,maxi,0.014129459459459459,0.004648648648648649,1.7348584836486287,1.1902438539558113
59075.5,maxi,0.017412972972972972,0.0035897297297297296,0.9181172538643643,0.572709256940532
59076.5,maxi,0.009543243243243243,0.0025570270270270272,0.3116241362004401,0.15712706108171504
59080.5,maxi,0.005374864864864864,0.002542972972972973,0.5460142235431482,0.4748644901797949
59107.5,maxi,0.008354054054054054,0.0035835135135135134,0.6536548293491778,0.45762584366077835
59108.5,maxi,0.014276216216216216,0.003688108108108108,0.6409711146553252,0.30100908641478047
59109.5,maxi,0.01171135135135135,0.004723783783783784,1.0516344120995285,0.8543843649668994
59110.5,maxi,0.019753513513513513,0.006700810810810811,0.5305692199578356,0.591021523267548
59112.5,maxi,0.03076081081081081,0.006202162162162162,2.3474078488124626,2.062553490042386
59113.5,maxi,0.033897567567567566,0.006137567567567568,0.9871301831473936,0.5072970302497782
59116.5,maxi,0.021504864864864862,0.007462702702702702,0.3885959320855305,0.6597777595729325
59117.5,maxi,0.013848918918918918,0.006158918918918919,0.5438385573207385,0.4956088019231884
59118.5,maxi,0.013430270270270269,0.0061648648648648646,1.985945713979187,2.4559129833576976
59119.5,maxi,0.014457027027027025,0.006792972972972973,-0.06155046587414513,-0.2196840919617495
59120.5,maxi,0.020041081081081078,0.00702054054054054,1.0715069495245062,2.7974706454533167
59121.5,maxi,0.026341081081081078,0.006429189189189189,0.6152275379229872,0.3591089941394685
59122.5,maxi,0.02742189189189189,0.00696,2.0167895632444695,1.4249969183194449
59123.5,maxi,0.013606756756756756,0.005998648648648648,0.15983606557377047,0.6399574100050376
59126.5,maxi,0.016697837837837837,0.0044883783783783784,0.6398350515463918,0.33273261928622605
59137.5,maxi,0.013384324324324322,0.0030048648648648645,0.0232666690603569,0.15466152432152774
59138.5,maxi,0.008452432432432433,0.0031281081081081076,0.33567405182125426,0.19918455846755845
59139.5,maxi,0.011041891891891892,0.0030535135135135137,0.9553682740737047,0.3746281540969078
59140.5,maxi,0.012268918918918919,0.003132432432432432,0.3692879201539632,0.23582326641636067
59141.5,maxi,0.016574324324324322,0.0032664864864864864,0.3279761764080263,0.1321146874936024
59143.5,maxi,0.012854054054054053,0.0031416216216216216,0.4078038379530917,0.23688321589854183
59144.5,maxi,0.00914054054054054,0.0032535135135135134,0.35619000738370665,0.27114108281231464
59145.5,maxi,0.00845,0.003388108108108108,0.05541046537239232,0.15490795972868548
59146.5,maxi,0.013146216216216216,0.003797027027027027,0.23234142169000133,0.1362130219222396
59148.5,maxi,0.012034864864864865,0.0035567567567567565,1.2688520792308584,1.1141932740327984
59149.5,maxi,0.007695945945945946,0.0028016216216216216,0.7676391475274158,0.5862560917198946
59150.5,maxi,0.008008648648648647,0.0027148648648648646,0.5943298969072165,0.5072606303698541
59152.5,maxi,0.006731351351351352,0.002973513513513513,0.15331577316392933,0.174598727387079
59153.5,maxi,0.011670270270270271,0.002888378378378378,0.1556220012516515,0.14786311079141415
59154.5,maxi,0.008112162162162161,0.0028045945945945946,0.4040253225035834,0.2840979679492808
59170.5,maxi,0.011104864864864865,0.002784864864864865,4.062293880542323,7.154234575432199
59178.5,maxi,0.009244594594594594,0.0033467567567567564,4.75282000980873,13.078698918763125
59180.5,maxi,0.00908,0.0038375675675675672,6.344537815126051,17.289630773548716
59181.5,maxi,0.014511891891891891,0.00398081081081081,1.4447637292464879,1.1221290246276552
59182.5,maxi,0.009933513513513514,0.004591351351351351,1.0455978809283553,0.6784093220042581
59186.5,maxi,0.035474324324324326,0.006296216216216216,1.3377692626346314,0.8203734694024111
59190.5,maxi,0.04066297297297297,0.007923243243243243,0.3965971272229822,0.2165568527988292
59191.5,maxi,0.024856216216216212,0.008145405405405405,0.7044085762466875,0.49421262671715593
59192.5,maxi,0.02671918918918919,0.007239459459459459,0.6246298279881546,0.43024816450441367
59217.5,maxi,0.006521081081081081,0.002911351351351351,-0.11097194388777555,-1.1298643359205967
59218.5,maxi,0.018503513513513512,0.00421108108108108,0.3567083607636603,0.1866043658202669
59219.5,maxi,0.012477297297297296,0.0036981081081081083,0.35150600842740465,0.1663434063355936
59222.5,maxi,0.019653513513513514,0.0031556756756756757,0.27660745918513907,0.12136250146603314
59223.5,maxi,0.006915135135135135,0.0027102702702702704,-0.10723019088287894,-0.14825568610081918
59254.5,maxi,0.01209081081081081,0.004901351351351351,0.13860180255419843,0.24808357784412335
59255.5,maxi,0.02621432432432432,0.006492702702702702,0.5537636981384888,0.2752141120758675
59261.5,maxi,0.02222378378378378,0.00830054054054054,0.5443516570226197,0.49798384424965547
59262.5,maxi,0.0182027027027027,0.008332972972972972,0.4826049620535196,0.3596485646740383
59265.5,maxi,0.03029,0.010059729729729728,1.7777276825969341,2.2828205996017195
59289.5,maxi,0.010488108108108107,0.0029364864864864864,0.4737611697806662,0.22755576418613624
59290.5,maxi,0.006598918918918919,0.0030518918918918917,0.03740364400840925,0.19706737884535536
59291.5,maxi,0.013555675675675675,0.0035967567567567566,0.2520348503955061,0.16137799045044524
59292.5,maxi,0.02151216216216216,0.00889054054054054,0.010558868253344495,0.18577509005539797
59294.5,maxi,0.01690054054054054,0.0029037837837837836,0.35505189578479135,0.19545446418324408
59296.5,maxi,0.007921891891891892,0.0027843243243243243,0.4872275204359673,0.4106722037092292
59301.5,maxi,0.006465135135135135,0.0023521621621621623,0.21287929871881323,0.24429691210961602
59304.5,maxi,0.00496972972972973,0.0022654054054054053,1.7716666666666667,1.9280353939810326
59322.5,maxi,0.006677837837837838,0.0032624324324324323,4.546506986027945,10.404426153002237
59328.5,maxi,0.010159189189189188,0.0044589189189189185,0.33100636313090753,0.42963683978454004
59329.5,maxi,0.012972702702702702,0.004992432432432432,0.6289390579856212,0.3087665543727117
59331.5,maxi,0.012518378378378377,0.005824864864864865,0.35921356977640706,0.6670659856247811
59335.5,maxi,0.018065945945945946,0.006588378378378378,0.811952825410607,0.5339494208526177
59336.5,maxi,0.03143,0.008955135135135133,0.9528578277313162,0.594659107197328
59337.5,maxi,0.032434324324324325,0.007648918918918919,0.6985181833606697,0.4200013280970363
59354.5,maxi,0.011978378378378377,0.004582162162162162,-0.2180234650543439,-0.5249144001670828
59360.5,maxi,0.013271891891891891,0.00409054054054054,0.34412161867839874,0.30068637454921554
59365.5,maxi,0.01592918918918919,0.00522945945945946,2.025207296849088,2.0535930028444493
59367.5,maxi,0.010037297297297297,0.0030802702702702697,0.30163440860215057,0.2131928115072913
59368.5,maxi,0.006768918918918919,0.0030118918918918916,0.1586746433502071,0.21253289581959717
59369.5,maxi,0.010997567567567567,0.002754054054054054,0.24390338917023766,0.1696566750118279
59370.5,maxi,0.009496756756756757,0.0028356756756756753,0.6038049501292945,0.3365100724645982
59371.5,maxi,0.00704054054054054,0.002876756756756757,0.16205048480137463,0.17945055333599563
59373.5,maxi,0.005514054054054054,0.002715135135135135,0.7029380801990621,0.5234611247442692
59375.5,maxi,0.01157027027027027,0.0026802702702702704,1.2510452299505892,0.6911296124839168
59376.0,bat,0.021776863636363636,0.010558818181818181,,
59399.5,maxi,0.015826486486486484,0.00393027027027027,1.1604801066903756,0.6844413906284613
59400.5,maxi,0.010851351351351351,0.004207027027027027,0.297885159968669,0.38146229261306835
59401.5,maxi,0.01578135135135135,0.0053608108108108106,0.1396688098431935,0.1752965316266876
59403.5,maxi,0.019437567567567565,0.00597054054054054,0.4741057658822944,0.24672559383552786
59427.5,maxi,0.013578378378378378,0.005507567567567567,0.1605290109987977,0.38337087133401637
59432.5,maxi,0.013938648648648648,0.0040716216216216215,-10.365543071161047,-48.6069847360435
59434.5,maxi,0.014926216216216216,0.002977027027027027,0.4946152083537923,0.1861379171172156
59435.5,maxi,0.01187135135135135,0.0031708108108108105,0.29791354872788095,0.15979616502007324
59437.5,maxi,0.01887162162162162,0.00413027027027027,0.27329338291036426,0.12150189769545892
59440.5,maxi,0.014065675675675675,0.0029959459459459456,0.972772109992568,0.4548842585479492
59442.5,maxi,0.017738918918918916,0.002998378378378378,0.7913521714394084,0.24414986203660755
59443.5,maxi,0.011375405405405405,0.0027981081081081076,0.7126928364136246,0.2950861138915219
59445.5,maxi,0.008121891891891891,0.002883243243243243,-0.17296913799219582,-0.30438221982544456
59469.5,maxi,0.009746216216216217,0.003598108108108108,0.14833795013850418,0.24502931777418613
59470.5,maxi,0.010732972972972972,0.003582162162162162,0.43174179091614234,0.25747502894529145
59471.5,maxi,0.00869081081081081,0.0037186486486486484,0.3108893519026209,0.21598733293067324
59472.5,maxi,0.009785405405405406,0.0037824324324324324,2.030064845745726,2.5993822974109433
59473.5,maxi,0.021322432432432432,0.004464864864864864,0.8401583401583401,0.5993740933635623
59474.5,maxi,0.013524594594594595,0.004452162162162162,0.13223114169215086,0.2042368678818476
59475.5,maxi,0.01413810810810811,0.00662027027027027,10.088007736943906,54.4241136784118
59476.5,maxi,0.012315135135135135,0.005899999999999999,1.0958141526603147,0.7759143407907495
59477.5,maxi,0.03927,0.006858918918918919,0.6756324625422286,0.3360376317566894
59499.5,maxi,0.016114594594594595,0.0075462162162162165,2.9619270757065452,5.800346444940388
59501.0,bat,0.02730790909090909,0.009949318181818182,,
59501.5,maxi,0.014157027027027026,0.004792702702702702,-15.64078866296981,-73.45565731941073
59506.5,maxi,0.018613783783783783,0.0031772972972972974,0.34470390435269943,0.1944346648383232
59507.5,maxi,0.0075464864864864855,0.0030413513513513515,0.4865241218219387,0.26272616403920707
59508.5,maxi,0.01573054054054054,0.0030013513513513514,0.4591082161175619,0.1757227426260679
59509.5,maxi,0.008639459459459459,0.0032064864864864862,0.37596544715447155,0.27808759587829796
59510.5,maxi,0.021347297297297296,0.004166486486486486,0.48321803214747605,0.1606607840229108
59515.5,maxi,0.01079918918918919,0.002973513513513513,1.026082771896054,0.653888071954
59516.5,maxi,0.007257297297297297,0.0027235135135135133,0.19083388316500027,0.21558261668419104
59543.5,maxi,0.007877297297297296,0.0035827027027027026,0.6272289838664025,0.8920434418061438
59544.5,maxi,0.014915405405405405,0.003109189189189189,0.7743019441555326,0.4977610805542461
59547.5,maxi,0.011071351351351351,0.004236756756756757,3.105351170568562,11.005344378995607
59550.5,maxi,0.042540540540540545,0.00890027027027027,0.7923913448288704,0.34670028404215564
59551.5,maxi,0.017695675675675676,0.008128108108108108,0.09373730076308304,0.13585615850119676
59553.5,maxi,0.01670810810810811,0.00737108108108108,0.9994200166745205,0.6726443014980057
59555.5,maxi,0.017747297297297297,0.0068272972972972966,0.11176880222841226,0.33807888962119015
59573.0,bat,0.02191772727272727,0.010273727272727271,,
59577.5,maxi,0.012608648648648647,0.004195405405405406,1.4412069859934291,1.0610074585679807
59578.5,maxi,0.009434054054054054,0.003882162162162162,2.8819245199735155,4.0595792523500505
59579.5,maxi,0.006769999999999999,0.0030718918918918917,0.3266740916051789,0.3618664224571056
59580.5,maxi,0.009096756756756757,0.002831081081081081,2.3939754935330155,2.17506491674293
59581.5,maxi,0.011672702702702702,0.0031472972972972973,0.32475689462776985,0.1689939651694961
59582.5,maxi,0.01371162162162162,0.00342,0.2254784330193773,0.16008270605048056
59583.5,maxi,0.011251891891891892,0.0039521621621621626,0.4635969063081291,0.23746995046200525
59585.5,maxi,0.010467027027027027,0.0032851351351351346,1.1912448460391263,0.7694322507284269
59586.5,maxi,0.017372162162162162,0.0031089189189189184,0.3707803524172207,0.1724469042181851
59594.5,maxi,0.008846216216216217,0.0026775675675675672,5.617422312786552,13.064830682950337
59605.5,maxi,0.0059878378378378375,0.0025470270270270268,2.210233592880979,5.842250696275189
59616.5,maxi,0.009824864864864865,0.0035789189189189188,1.1263577118030412,0.7805235219498937
59619.5,maxi,0.022388918918918917,0.0043089189189189185,0.5232728541521283,0.252658041760116
59620.5,maxi,0.02301756756756757,0.004598108108108108,0.34387737327991635,0.2403247810846911
59621.5,maxi,0.01116,0.0049475675675675675,0.3705652598459369,0.4230608743970371
59644.5,maxi,0.017239729729729727,0.0074624324324324325,0.9053030303030303,1.2270416650650406
59645.5,maxi,0.024528378378378377,0.00581972972972973,1.2936439267886854,1.0233686342903516
59650.5,maxi,0.009143783783783783,0.004512972972972973,2.042234664070107,2.129213301816168
59651.5,maxi,0.007826216216216215,0.0035475675675675673,0.20210481099656355,0.6048077956912868
59652.5,maxi,0.008601351351351351,0.0031083783783783783,0.22849621232471926,0.2739342945149024
59653.5,maxi,0.006455675675675675,0.0030483783783783786,0.3222550718727699,0.2680229783888475
59654.5,maxi,0.00784108108108108,0.0032386486486486485,-0.0822418282871468,-0.19416985434003792
59655.5,maxi,0.013433513513513512,0.004159189189189189,0.2501029625765355,0.18019710304801626
59656.5,maxi,0.02415,0.005668918918918919,0.5452942293605361,0.2878903836549647
59658.5,maxi,0.00709972972972973,0.00315,0.3678587003924989,0.2836439389215813
59662.5,maxi,0.01215135135135135,0.002712702702702703,6.453488372093024,9.568351014999472
59683.5,maxi,0.005796756756756756,0.002778918918918919,1.9244781006958658,2.1325083465539
59686.0,bat,0.027124545454545457,0.011551272727272728,,
59691.5,maxi,0.018645945945945944,0.0038656756756756754,1.2265823978869919,0.4650652220803918
59693.5,maxi,0.012372972972972972,0.004321621621621622,0.35668494306199916,0.2794885209847346
59695.5,maxi,0.013745675675675676,0.005948378378378378,-7.149718957588145,-28.300868005675582
59699.5,maxi,0.018964594594594594,0.006943513513513513,0.014658576771190208,0.12809223604510786
59700.5,maxi,0.01499189189189189,0.005985675675675675,2.142947037231253,2.667198085350174
59702.5,maxi,0.04737810810810811,0.012446486486486486,1.844447900466563,1.3156021791172228
59715.5,maxi,0.01795027027027027,0.007637027027027027,5.31456043956044,38.94888175281635
59718.5,maxi,0.008308648648648647,0.0029456756756756756,1.2363636363636363,1.0262556508744334
59722.5,maxi,0.02706162162162162,0.012039459459459459,3.330520850235275,10.127051767692253
59723.5,maxi,0.009178108108108108,0.0039370270270270265,0.2699098879688261,0.3949925684074899
59726.0,bat,0.11587049999999999,0.042177727272727276,,
59726.5,maxi,0.012755405405405405,0.002906756756756757,0.6368132362197644,0.26027572596246773
59728.5,maxi,0.01703324324324324,0.0038964864864864863,0.6841671367206144,0.33121666148205725
59729.5,maxi,0.011834594594594594,0.00379054054054054,0.5429885415854704,0.5452687267523934
59731.5,maxi,0.010245675675675674,0.0028986486486486484,1.1303497187576426,0.863347234712626
59732.5,maxi,0.006319189189189189,0.002755945945945946,0.15089675787537368,0.23330600137038546
59758.5,maxi,0.00600054054054054,0.0029564864864864864,1.1373608382449247,1.2200649068160323
59766.5,maxi,0.014549459459459459,0.004251351351351351,0.3863357384509446,0.1995623249598681
59767.5,maxi,0.027322702702702702,0.005057837837837838,0.8091794316952338,0.29922121454721945
59768.5,maxi,0.014653783783783784,0.0060337837837837836,0.2562007131145408,0.24366254329827736
59770.5,maxi,0.016817297297297296,0.007263783783783784,1.2689487870619947,1.160023463704392
59791.5,maxi,0.013105405405405404,0.005376756756756756,2.05922454196847,7.96208100422985
59793.5,maxi,0.009905135135135135,0.0036454054054054054,-326.08,-77398.68121196936
59796.5,maxi,0.011701891891891893,0.004652972972972972,0.5689391037916507,0.8036595743683623
59797.5,maxi,0.01925378378378378,0.0048886486486486485,0.28602748516122134,0.2074345374450151
59798.5,maxi,0.005851351351351351,0.0027645945945945945,0.2318886144172468,0.201103003741318
59799.5,maxi,0.00976162162162162,0.0029775675675675676,1.0308462958080675,0.5061512982574148
59801.5,maxi,0.01100027027027027,0.003745945945945946,0.3919976684153551,0.26506971439677335
59804.5,maxi,0.007451621621621621,0.0029481081081081076,0.6033310338030945,0.5314305790270668
59805.5,maxi,0.009629189189189188,0.0029348648648648648,0.5439447138159728,0.30395648432851113
59807.5,maxi,0.00549945945945946,0.0025845945945945944,-12.450090744101635,-97.04805878978131
59808.5,maxi,0.007996216216216216,0.002464324324324324,1.0226177233963665,0.7000444750069363
59829.0,bat,0.06282672727272727,0.0142485,,
59835.5,maxi,0.009080810810810809,0.003204864864864865,0.1706110332316319,0.1923958802137084
59839.5,maxi,0.015278918918918917,0.00483027027027027,0.35623291795988327,0.36217034378377866
59840.5,maxi,0.038981621621621616,0.004918918918918919,1.3716300106420716,0.5613991405081081
59844.5,maxi,0.028424594594594593,0.0071708108108108105,15.511254019292604,68.36978824364418
59855.0,bat,0.041257136363636364,0.006648863636363637,,
59865.5,maxi,0.017656216216216214,0.00678,0.46175005189952256,0.6218172107851045
59870.5,maxi,0.009517567567567569,0.003209189189189189,0.36868408986703344,0.2570708232490713
59872.5,maxi,0.00946108108108108,0.0033867567567567565,0.3689258739389078,0.20026865758949058
59878.5,maxi,0.008195675675675675,0.0028551351351351353,0.6797429503165164,0.531948828606036
59887.5,maxi,0.0059489189189189185,0.002657837837837838,-1.3593749999999998,-1.3152661892350306
59892.0,bat,0.08693668181818182,0.028549863636363637,,
59898.5,maxi,0.011606756756756756,0.004221891891891891,-37.98015873015873,-1053.357672029709
59899.5,maxi,0.0065343243243243245,0.003254324324324324,4.415413533834586,9.56809794653327
59907.5,maxi,0.013547297297297298,0.003577297297297297,0.8461093247588425,0.47712383738198194
59909.5,maxi,0.009190810810810811,0.0043821621621621615,-3.643051771117167,-16.17550155059653
59910.5,maxi,0.025525135135135133,0.004247837837837837,4.829545454545454,9.363405168946962
59913.5,maxi,0.02746081081081081,0.006246486486486486,1.5030997835071838,0.8634774400895099
59916.5,maxi,0.019822162162162163,0.00766972972972973,0.7504715517035553,0.4288293106852938
59919.5,maxi,0.020130000000000002,0.007836756756756756,1.085694508537148,0.9255477712387638
59941.5,maxi,0.011131891891891892,0.004382972972972973,1.0924688210569835,0.7544152555286884
59942.5,maxi,0.008993783783783784,0.003371081081081081,0.13498920086393087,0.629758610078834
59943.5,maxi,0.008335405405405404,0.0030010810810810807,0.5012853470437018,0.405138538353038
59944.5,maxi,0.012788108108108107,0.0031208108108108108,0.3909181013912852,0.20372486793126326
59945.5,maxi,0.020043513513513515,0.003702432432432432,0.22665735357561065,0.11923492344137866
59946.5,maxi,0.013413243243243243,0.004113783783783784,0.7000997672098438,0.30631444438201316
59947.0,bat,0.05724318181818182,0.025676727272727275,,
59949.5,maxi,0.019996756756756755,0.0036427027027027027,0.39183410731527885,0.15278381736133004
59950.5,maxi,0.01528108108108108,0.0031143243243243243,0.38587161144578314,0.249911498218548
59951.5,maxi,0.009367297297297298,0.002805945945945946,0.025442958528460388,0.19757006312741157
59952.5,maxi,0.008452432432432433,0.0028586486486486483,0.2951710905020787,0.24521272513919404
59964.0,bat,0.0262485,0.012956090909090908,,
59972.0,bat,0.04820304545454546,0.021292045454545456,,
59979.5,maxi,0.008294864864864865,0.0038527027027027024,0.0554527644754027,0.3044166683813057
59982.5,maxi,0.008719729729729729,0.004303783783783784,0.3548099004848176,0.43310842506208486
59983.5,maxi,0.020218108108108108,0.004084864864864865,0.7103657473588787,0.27378285932768565
59985.5,maxi,0.014186756756756756,0.006032972972972973,0.11789349378620029,0.23979138263634053
59986.5,maxi,0.03782918918918919,0.00749,1.2475899687810903,0.6262528649762222
60008.5,maxi,0.021614864864864865,0.006753243243243242,0.3683053463679312,0.528865460817827
60014.5,maxi,0.008627027027027025,0.004001081081081081,0.7514631513154156,0.4925147294793346
60015.5,maxi,0.013637837837837837,0.0031597297297297298,0.5778328573737809,0.32660876215849916
60016.5,maxi,0.009413513513513513,0.0029448648648648648,0.348549668562832,0.2394029539949479
60017.5,maxi,0.006971621621621621,0.003143783783783784,0.3660907836825855,0.3497486671013358
60019.5,maxi,0.009598378378378377,0.0038532432432432434,-0.011019085343896291,-0.20564017768302856
60022.5,maxi,0.00896972972972973,0.0030578378378378376,0.5768963117606124,0.4364565337492366
60025.5,maxi,0.00762081081081081,0.0028248648648648645,0.3077054501964805,0.3922932950335449
60043.0,bat,0.053635136363636364,0.025722272727272726,,
60049.0,bat,0.04689572727272727,0.023367590909090907,,
60058.5,maxi,0.011151621621621621,0.004191081081081081,2.70983606557377,4.066075908795053
60059.5,maxi,0.029406486486486486,0.005195405405405406,1.4947739150193138,0.8231276567788502
60062.5,maxi,0.02343027027027027,0.006003513513513513,0.0733352409761681,0.16251367173060005
60063.5,maxi,0.017114594594594596,0.0065427027027027025,0.1497016026285791,0.15864883541931002
60065.5,maxi,0.03108864864864865,0.011261891891891892,0.9066829159101649,0.6613222477168517
60071.0,bat,0.075555,0.02879218181818182,,
60087.0,bat,0.11466204545454545,0.052149,,
60089.5,maxi,0.00927864864864865,0.0030456756756756754,0.529621698786581,0.657690254769593
60090.5,maxi,0.0058732432432432435,0.0027118918918918916,0.9546400788868193,0.6991957318004101
60091.5,maxi,0.00924216216216216,0.0038564864864864866,0.7908974455579836,0.6206803928903023
60094.5,maxi,0.008203243243243242,0.002883783783783784,0.032540474427886316,0.1333646008155555
60096.5,maxi,0.010690810810810811,0.0028708108108108105,0.10927969793784491,0.1504088239367993
60097.5,maxi,0.007268648648648649,0.0027656756756756756,0.392531332594424,0.39017211237231164
60098.5,maxi,0.012623513513513512,0.002579189189189189,0.3296925566343042,0.2356107322527893
60099.0,bat,0.034912227272727275,0.0164675,,
60126.5,maxi,0.007031081081081081,0.0033383783783783785,1.523854215548256,1.5307742086185439
60127.5,maxi,0.014891891891891893,0.003676216216216216,0.8878545882122385,0.3861156092436769
60129.5,maxi,0.02775810810810811,0.004317567567567567,0.399003273382618,0.12893926699680586
60130.5,maxi,0.019265675675675675,0.0043172972972972965,0.381777514975448,0.17476227440156347
60131.5,maxi,0.032956216216216215,0.005301621621621622,0.67332922627604,0.23824316559125186
60132.0,bat,0.059649181818181816,0.022313545454545457,,
60134.5,maxi,0.013124054054054052,0.006515405405405405,0.24737653343468255,0.214107645761718
60135.5,maxi,0.014252972972972972,0.006473243243243243,0.03371085620250714,0.22554406539030375
60150.0,bat,0.07195404545454545,0.02951390909090909,,
60157.5,maxi,0.008386756756756757,0.0038621621621621623,0.6959581083292423,0.6480185797699035
60158.5,maxi,0.015184864864864863,0.0038216216216216212,0.5891402322759577,0.3304577705554872
60159.5,maxi,0.012852972972972972,0.003621081081081081,-28.582746478873236,-302.86609304153825
60160.5,maxi,0.01108054054054054,0.0030005405405405406,0.5106067267531326,0.3046752577432924
60161.5,maxi,0.008493243243243243,0.002841891891891892,0.16502611026387543,0.2041765749418464
60163.5,maxi,0.013874054054054053,0.0029478378378378378,0.3542164561283715,0.16753298768763256
60164.5,maxi,0.008958108108108109,0.003795135135135135,0.1482079785340744,0.15825112107487188
60168.5,maxi,0.007142162162162162,0.003458108108108108,0.34910992997553364,0.4637185042735413
60169.5,maxi,0.009263243243243242,0.002795945945945946,0.31756135511705214,0.3123404310527786
60171.5,maxi,0.0054329729729729725,0.002485135135135135,0.6998679771160334,0.7148144004217891
60173.5,maxi,0.009621351351351351,0.0026518918918918915,1.979675780304863,2.2496882903057682
60185.0,bat,0.03392172727272727,0.016378363636363635,,
60199.5,maxi,0.010328648648648648,0.0033235135135135136,0.5951457947075679,0.3405863095087791
60200.5,maxi,0.009885135135135135,0.003595135135135135,0.4337903891322288,0.19236619697220983
60201.5,maxi,0.010034054054054053,0.003663783783783784,0.2518565598447849,0.18503400039625023
60203.5,maxi,0.026236756756756754,0.005129189189189189,0.568948726688416,0.23399807874061312
60204.0,bat,0.07266690909090909,0.033458863636363634,,
60204.5,maxi,0.03385864864864865,0.0054421621621621626,0.6951996772892295,0.29117699403594033
60205.5,maxi,0.06561513513513513,0.021410540540540538,1.27816029143898,1.098210709412788
60226.5,maxi,0.01380972972972973,0.005764864864864864,0.5383782808694868,0.9202929287208688
60227.5,maxi,0.013464054054054054,0.005358108108108108,0.7822169996083039,1.0803999439752998
60231.5,maxi,0.011492972972972972,0.003767027027027027,4.50058582308143,8.360786549109038
60232.5,maxi,0.007595675675675676,0.00374,0.13535393424819825,0.6041611736370022
60233.5,maxi,0.007962162162162162,0.003165945945945946,0.10484088094340638,0.2622496670176027
60235.5,maxi,0.01002918918918919,0.0029686486486486486,0.5165737201579046,0.3413121664383159
60236.5,maxi,0.009986486486486486,0.00344027027027027,0.5496079320847644,0.41428526593196274
60237.5,maxi,0.010124054054054053,0.00397027027027027,0.05414328161109277,0.24000620761144129
60241.5,maxi,0.0072781081081081085,0.002878648648648649,0.20555496660659386,0.2359243451631183
60242.5,maxi,0.007889189189189188,0.002954054054054054,0.41795423430471346,0.3338860335647877
60243.5,maxi,0.006064054054054053,0.0027754054054054053,0.22283927763379818,0.17978770125631527
60244.5,maxi,0.007562702702702703,0.002838378378378378,1.1610693024823096,0.8300616192429762
60246.5,maxi,0.005844594594594594,0.0026640540540540537,-0.040644171779141106,-0.5042505537051983
60247.5,maxi,0.006857837837837838,0.002697297297297297,0.25341772151898734,0.3621588595166303
60262.5,maxi,0.008681621621621621,0.0029208108108108107,5.123389301054276,10.093919451558254
60273.5,maxi,0.014179189189189189,0.004108648648648648,1.0893376015759666,0.47397670680271176
60274.5,maxi,0.014729459459459459,0.003923513513513514,1.6499797324685854,2.227600893254731
60275.5,maxi,0.01979405405405405,0.004939459459459459,0.7528040706899382,0.5095571628744531
60276.5,maxi,0.01868,0.006165405405405405,1.2241821107204576,0.8645317371537398
60277.5,maxi,0.029988108108108105,0.007064324324324325,0.21799652918805157,0.1961454669372621
60281.5,maxi,0.019086756756756758,0.008688918918918917,0.10482356232266314,0.255571629170909
60282.5,maxi,0.01745621621621622,0.006916486486486486,0.3543671087226604,0.33000720924847
60283.5,maxi,0.016609729729729728,0.00714027027027027,0.5548521242590696,0.41550622650418556
60293.0,bat,0.06345231818181818,0.02607718181818182,,
60303.5,maxi,0.01536108108108108,0.00406,1.785842733366029,1.173842281078834
60304.5,maxi,0.008148378378378379,0.003898108108108108,1.002413515687852,1.5063487966707214
60306.5,maxi,0.007246216216216217,0.0029205405405405404,0.4632039138128448,0.27644144848512664
60307.5,maxi,0.013827837837837836,0.0030121621621621623,0.20257595596291053,0.1278661452489354
60308.5,maxi,0.013276756756756757,0.0033067567567567563,0.04977512066695919,0.13113375544889475
60309.5,maxi,0.023362972972972972,0.004148108108108108,0.42678484701311314,0.21605356104896306
60313.5,maxi,0.010684054054054053,0.0035478378378378376,0.3694970254191455,0.229254528909483
60314.5,maxi,0.013433783783783782,0.0027645945945945945,1.3168214654282766,0.7528100374804829
60316.5,maxi,0.007956216216216215,0.002605945945945946,0.6314557044360608,0.3358140302185264
60317.0,bat,0.05612559090909091,0.023176772727272726,,
60319.5,maxi,0.009109729729729728,0.0026499999999999996,1.482403898213319,1.0786270171200374
60327.0,bat,0.04610304545454545,0.020266136363636365,,
60330.5,maxi,0.005189189189189188,0.0025621621621621624,2.311931984755204,3.3629280650719515
60341.5,maxi,0.0075875675675675675,0.003292162162162162,0.33211359912616056,0.2853381960826322
60342.5,maxi,0.010841351351351352,0.0033081081081081077,0.514755991914525,0.3340359687673349
60344.5,maxi,0.011868648648648648,0.003574324324324324,0.6123054114158636,0.34757138159988504
60345.5,maxi,0.012335405405405404,0.0039132432432432435,0.2560215831340045,0.16604798161711584
60346.5,maxi,0.031307567567567564,0.004411891891891892,1.126458856551928,0.4013678827366035
60347.5,maxi,0.016885945945945946,0.00427,0.6205697577936703,0.30690832556495523
60348.5,maxi,0.012865135135135134,0.004258918918918919,0.7890531153705541,0.4440149426642602
60352.5,maxi,0.024877297297297297,0.0071508108108108105,0.4463840842764609,0.2450653436868464
60353.5,maxi,0.017766486486486488,0.006971081081081081,0.119341711980986,0.3615656786460093
60357.0,bat,0.1665666818181818,0.039559863636363636,,
60358.0,bat,0.06733336363636364,0.01978240909090909,,
60371.0,bat,0.03772695454545455,0.013223772727272728,,
60371.5,maxi,0.019963243243243244,0.006095945945945945,1.3761179763774152,1.196459610700888
60372.5,maxi,0.010299189189189189,0.004957027027027027,0.1961619072570081,0.5161322057794844
60377.5,maxi,0.008638378378378378,0.0038175675675675676,1.3490767735665694,1.0997252645443822
60378.5,maxi,0.01515108108108108,0.0032075675675675673,0.008526075427224514,0.08479101095426568
60379.5,maxi,0.01620972972972973,0.0029308108108108107,0.1713767694073421,0.07583683579517334
60380.5,maxi,0.011419189189189188,0.0029954054054054055,0.15731938195957088,0.0928424371758114
60381.5,maxi,0.01952378378378378,0.0035745945945945944,0.15566364437728245,0.08534056854778792
60382.5,maxi,0.020294054054054055,0.004307027027027026,0.12428446580729736,0.07104905834691017
60383.5,maxi,0.010088378378378378,0.004712432432432433,-0.0031315935591338146,-0.15271682583126875
60384.5,maxi,0.010143243243243243,0.003921081081081081,1.1967163271511099,3.038868226151586
60385.5,maxi,0.014663513513513513,0.002951351351351351,0.18899126727635288,0.15206149623202433
60387.5,maxi,0.00983027027027027,0.0026981081081081082,0.08989190214299261,0.10836193073458394
60392.5,maxi,0.006474864864864864,0.0027683783783783783,0.1725011880247109,0.22514423034451955
60414.5,maxi,0.01127135135135135,0.0030786486486486485,1.966119500984898,1.5715629283852717
60416.5,maxi,0.006645675675675675,0.0030648648648648647,0.8141654170031146,0.741263783899843
60418.5,maxi,0.016146486486486488,0.0037354054054054052,0.3700347297590623,0.16463046638892964
60421.5,maxi,0.01573918918918919,0.004161081081081081,1.9737791932059447,1.4784557899769195
60422.5,maxi,0.03321891891891892,0.004968648648648649,0.6626603783153304,0.2391108386703352
60425.5,maxi,0.015497297297297296,0.005825405405405405,0.1406697373334993,0.17276477397878462
60426.5,maxi,0.02324162162162162,0.006881351351351352,0.6931874354019684,0.3400434354203861
60427.5,maxi,0.01891864864864865,0.006393243243243242,0.17808392315470173,0.12550077680555372
60428.5,maxi,0.018224054054054053,0.006517027027027026,0.21554154382491553,0.20466721719532788
60443.5,maxi,0.019945675675675675,0.008565135135135134,4.2830436208592975,10.023518495067819
60446.5,maxi,0.026935945945945946,0.013155405405405406,-9.455634715025907,-58.670157369570184
60451.5,maxi,0.006573243243243243,0.0027935135135135135,-0.004954976416218018,-0.19949018927808115
60452.5,maxi,0.013726486486486486,0.002830810810810811,1.3949141665329698,0.7024417355301693
60453.5,maxi,0.016626216216216214,0.0029154054054054052,0.8747171667486473,0.3352782222362594
60455.5,maxi,0.014738378378378377,0.0038037837837837834,0.2772404191397377,0.22671835102549412
60456.5,maxi,0.008765675675675674,0.003860810810810811,50.0334928229665,1560.662668758696
60459.5,maxi,0.010351621621621622,0.002965135135135135,0.7111697198659919,0.4227602251560623
60460.5,maxi,0.008860810810810811,0.002897837837837838,0.6163547135357224,0.3229780840049275
60461.5,maxi,0.005402162162162162,0.00259,1.5955678670360112,2.2090272825546076
60462.5,maxi,0.009959189189189189,0.0038918918918918917,1.7345616813012812,1.8387505130395854
60463.5,maxi,0.007617837837837837,0.002684864864864865,0.38468794214746105,0.3518052225141598
60465.5,maxi,0.005962162162162162,0.002644054054054054,0.181990415691519,0.45301825463315365
60489.5,maxi,0.007003513513513512,0.003139459459459459,0.4708483458892892,0.43219871720568037
60490.5,maxi,0.008205675675675674,0.003556216216216216,0.45820042530568844,0.3898450934760202
60491.5,maxi,0.012472162162162162,0.003569189189189189,0.49189859953908877,0.21664837794957975
60492.5,maxi,0.018598648648648648,0.004214324324324324,0.7412204688497673,0.3688001314441477
60493.5,maxi,0.02164,0.004192702702702703,0.8042992444397147,0.42269710396842464
60494.5,maxi,0.04022081081081081,0.0045213513513513515,0.8893481465880371,0.24798757253694184
60495.5,maxi,0.04160405405405405,0.007059189189189189,0.6576977070659803,0.29833379736200843
60498.5,maxi,0.020645675675675674,0.007441081081081081,0.2677078524901267,0.2958942642417779
60500.5,maxi,0.023852162162162162,0.0075840540540540536,0.22457309856773663,0.2708208947257576
60503.5,maxi,0.013935945945945945,0.006809189189189189,0.7736109369120783,1.6115578629548095
60506.5,maxi,0.02036081081081081,0.006047567567567567,1.2600297176820208,1.2157113829062105
60519.5,maxi,0.006648648648648649,0.002706216216216216,4.640133460438513,10.561271005671482
60520.5,maxi,0.011611891891891891,0.0026627027027027023,0.21968787515006002,0.3013728684737121
60521.5,maxi,0.007338108108108108,0.0028162162162162162,0.08714198659354053,0.16867440041193477
60522.5,maxi,0.01265054054054054,0.0026472972972972973,0.7917855105533371,0.3657913887325907
60528.5,maxi,0.008891621621621621,0.003489189189189189,0.5272385723231058,0.339699148317441
60529.5,maxi,0.011535405405405404,0.004112432432432432,-2.4578968847775813,-2.292300805967935
60531.5,maxi,0.006183243243243243,0.0028354054054054055,0.6193169914100146,0.3690624016946048
60532.5,maxi,0.008722702702702702,0.0027394594594594593,0.04876654919516144,0.19312042786425526
60562.5,maxi,0.00783081081081081,0.003344054054054054,0.6137265273737107,0.4131799168739131
60563.5,maxi,0.009042702702702703,0.0031840540540540537,0.3163704767090738,0.24460670094367618
60564.5,maxi,0.007618648648648648,0.0034778378378378374,0.3658575856378054,0.23482401529364264
60565.5,maxi,0.009709459459459458,0.0040383783783783786,0.18205513341579782,0.26470533757947984
60566.5,maxi,0.013448648648648647,0.004783243243243243,0.10586080586080587,0.21084973373532068
60567.5,maxi,0.03042081081081081,0.005047297297297297,0.7491496830018232,0.29164271166007666
60571.5,maxi,0.022063513513513513,0.006967297297297297,0.2622269286582735,0.22075208671833815
60572.5,maxi,0.026357027027027025,0.007005675675675675,0.2340176349365435,0.12883563441378867
60573.5,maxi,0.022036756756756756,0.006951081081081081,0.36254850751774303,0.18334933135472042
60574.5,maxi,0.02803972972972973,0.007865675675675676,0.23281087549286933,0.22796805506183235
60576.5,maxi,0.01679081081081081,0.006427297297297297,0.210801393728223,0.45335558974081297
60578.5,maxi,0.014168918918918917,0.004905405405405405,0.15824468085106383,0.2745058733509084
60589.5,maxi,0.0321527027027027,0.00940837837837838,4.3495395948434625,7.969560770714498
60594.5,maxi,0.011553243243243243,0.004496486486486486,0.23763942067587812,0.6080849388452206
60595.0,bat,0.020914,0.008938272727272727,,
60595.5,maxi,0.01122027027027027,0.00423027027027027,1411.0,599011.1516470507
60596.5,maxi,0.013668918918918919,0.0038705405405405403,0.8051831992850759,0.5142983516171217
60597.5,maxi,0.006793783783783783,0.0028005405405405405,-0.041853826455648384,-0.1794501160015848
60598.5,maxi,0.010721891891891891,0.0030578378378378376,0.4385492465478714,0.3145526595575783
60599.5,maxi,0.011648918918918918,0.003135945945945946,0.0640165053904048,0.13513605227435976
60600.5,maxi,0.014405405405405405,0.004222972972972972,0.30057942494807044,0.15564959735250555
60604.5,maxi,0.006896216216216216,0.002985945945945946,0.5430984274898077,0.32435442175429036
60605.5,maxi,0.005761621621621621,0.002649189189189189,0.09026593392710504,0.12760023985703942
60606.5,maxi,0.01426,0.0030645945945945944,0.21941031274581607,0.1296555328638852
60610.5,maxi,0.006096486486486486,0.002577027027027027,0.25303591972389106,0.2641303339966894
60626.5,maxi,0.008358648648648648,0.002763243243243243,19.760223048327138,185.91562628070216
60632.0,bat,0.03995172727272727,0.014461636363636364,,
60632.5,maxi,0.006768918918918919,0.0031440540540540536,1.2356784819190834,0.7526756105615804
60637.5,maxi,0.021511081081081077,0.006852702702702702,0.07595955473939558,0.10573647530432694
60638.5,maxi,0.014774054054054053,0.005021081081081081,0.39657008474952293,0.18675308430369686
60640.5,maxi,0.049477297297297294,0.006543783783783784,0.6756304584733926,0.1978878877516329
60643.5,maxi,0.01830189189189189,0.007625945945945946,0.05274481029250431,0.15665047884186997
60645.5,maxi,0.030699189189189187,0.006811351351351351,0.3657562109545256,0.1710136459035226
60669.5,maxi,0.014385675675675674,0.0029637837837837838,0.5372007208444177,0.24230748276540098
60670.5,maxi,0.0075770270270270265,0.002846756756756757,0.20308200330214637,0.16855788217743362
60671.5,maxi,0.012626756756756756,0.002937027027027027,0.19312821449222436,0.13688407026535185
60672.5,maxi,0.01899945945945946,0.003982972972972973,0.29275252044892525,0.15390863087792273
60673.5,maxi,0.021187567567567567,0.0037767567567567567,0.348753274073463,0.13636883203358074
60676.5,maxi,0.011037837837837837,0.0036294594594594594,0.18981785155658712,0.14682218735114727
60677.5,maxi,0.011866216216216216,0.0034235135135135134,0.47120183261065207,0.26457725499753665
60678.5,maxi,0.007988378378378378,0.002739189189189189,0.5508144475920679,0.3236922829839256
60679.5,maxi,0.015215405405405405,0.0027897297297297297,0.48175817799376225,0.1850189016409354
60696.0,bat,0.031161545454545456,0.007627999999999999,,
60705.5,maxi,0.0068970270270270265,0.0032645945945945945,0.5330144873699851,0.28001373550573216
60706.5,maxi,0.013874324324324323,0.0032535135135135134,1.5458605290278253,0.8352025365129833
60708.5,maxi,0.013358648648648648,0.0035140540540540537,0.30047416266497534,0.16829682866552764
60710.5,maxi,0.021794864864864864,0.004002162162162162,0.6199151098305294,0.2309950572326837
60711.5,maxi,0.014147297297297298,0.00411027027027027,0.3477022511913239,0.17625760119509123
60713.5,maxi,0.01843945945945946,0.006454054054054054,0.08522529530984503,0.1783750107579706
60715.0,bat,0.05737568181818181,0.025190727272727274,,
60717.5,maxi,0.013508918918918918,0.006443783783783783,1.7306777121706178,1.8582285728698364
60719.5,maxi,0.030909189189189185,0.007534054054054054,0.45528652946812925,0.19955146851203823
60734.5,maxi,0.01632972972972973,0.0061532432432432425,-1.9876169510181618,-1.9218331937216833
60739.5,maxi,0.009387837837837839,0.0039381081081081085,3.6858137510879025,22.14389915830644
60740.5,maxi,0.012735945945945945,0.004234594594594594,2.5554089709762535,4.245703421479408
60741.5,maxi,0.013304594594594593,0.003686756756756757,0.42143853177994695,0.29218009804276923
60742.5,maxi,0.01115027027027027,0.0029156756756756755,0.10345577723910747,0.13780361142933223
60743.5,maxi,0.010468918918918917,0.0029024324324324322,0.10778504994832931,0.15017723737337035
60744.5,maxi,0.015098378378378376,0.003133243243243243,0.4405895918981249,0.1945008944115341
60745.5,maxi,0.017887837837837834,0.0038335135135135136,0.21192428898588736,0.12116221408995696
60746.5,maxi,0.012403513513513514,0.004401891891891892,-0.037626877042935436,-0.15492435922460074
60750.0,bat,0.03599009090909091,0.016813454545454545,,
60750.5,maxi,0.011213243243243243,0.0029424324324324323,2.415076634344698,3.776891707232532
60751.5,maxi,0.007652162162162162,0.0029551351351351346,0.28199880934662896,0.17897356546956777
60754.5,maxi,0.006012432432432432,0.002718108108108108,0.35854537004763565,0.2687026286638431
60757.5,maxi,0.006084324324324325,0.0025145945945945943,0.4161702127659575,0.4145395873842835
60765.0,bat,0.02847190909090909,0.014129636363636363,,
60780.5,maxi,0.009715945945945947,0.003732972972972973,0.1998325892857143,0.31259507888912613
60783.5,maxi,0.009148108108108108,0.004220810810810811,0.8546263345195729,1.442956187103271
60784.5,maxi,0.020119189189189188,0.004495405405405405,1.2243425488873905,0.7468533476295202
60785.5,maxi,0.03175594594594595,0.005051621621621621,0.35786594107492903,0.11677446653255558
60789.5,maxi,0.022389459459459457,0.008573783783783784,0.1568840200794813,0.15866380007366268
60807.5,maxi,0.024357297297297294,0.00682,0.5060902705126289,0.4568004012202558
60808.5,maxi,0.013743243243243242,0.005798378378378378,-10.273343373493976,-31.72780134186975
60814.5,maxi,0.008622162162162161,0.0028894594594594597,0.2855319536876652,0.4215169813971074
60816.5,maxi,0.008811351351351351,0.002768108108108108,0.8260948738960211,0.552584775533076
60817.5,maxi,0.01015081081081081,0.0031037837837837837,0.3642094812608588,0.257924922909834
60818.5,maxi,0.024881621621621622,0.004079189189189189,0.133097441480675,0.06929579961521623
60819.0,bat,0.03095540909090909,0.010637409090909091,,
60820.5,maxi,0.00909891891891892,0.0033878378378378376,0.7963203463203463,0.7773201128938896
60821.5,maxi,0.013162702702702703,0.0030324324324324326,0.3384680164216288,0.171949508391395
60822.5,maxi,0.009773243243243242,0.0027345945945945944,0.23098072296685102,0.13369226028817885
60823.5,maxi,0.007646756756756756,0.0028656756756756754,0.29410290154791,0.28628387107116654
60824.5,maxi,0.006889189189189188,0.0025854054054054052,1.1137191854233655,0.7101715180232344
60825.5,maxi,0.005558378378378378,0.0025948648648648647,0.45808470382768157,0.33240561978708044
60852.5,maxi,0.008803513513513512,0.003204054054054054,0.24750547578486248,0.15077426984026895
60854.5,maxi,0.015686216216216214,0.0035694594594594593,0.4781464657655662,0.17238895391728645
60855.5,maxi,0.0176527027027027,0.0038859459459459457,0.34526389103853894,0.12458376062319755
60856.5,maxi,0.0181927027027027,0.004222162162162162,0.4769679781932323,0.19791853453171282
60857.5,maxi,0.017537837837837838,0.0041837837837837835,0.16205323791923879,0.11771000260385843
60858.5,maxi,0.04390486486486486,0.00505054054054054,0.3495097567348286,0.10714788455633385
60861.5,maxi,0.06589675675675676,0.009302702702702703,0.47383936946484917,0.1802850775675029
60868.0,bat,0.06313768181818182,0.031027954545454543,,
60883.5,maxi,0.010802702702702702,0.00409081081081081,2.0598148915596077,2.238444372832949
60885.5,maxi,0.00975027027027027,0.003914324324324324,0.2659147869674186,0.8096973056365384
60886.5,maxi,0.009298108108108109,0.003652972972972973,0.9513513513513514,2.029072680486565
60887.5,maxi,0.011858108108108107,0.0027494594594594593,0.2748736948467497,0.15125552842094234
60888.5,maxi,0.0062735135135135135,0.0028027027027027027,0.17596984069074548,0.17803322631905755
60889.5,maxi,0.01818216216216216,0.0030445945945945948,0.2884046467999134,0.12142460911167738
60891.5,maxi,0.012388648648648647,0.0034189189189189188,0.4344958581754867,0.16313499489194996
60894.5,maxi,0.006760540540540541,0.0029970270270270266,0.33078672654108593,0.2815573990344251
60895.5,maxi,0.014894864864864864,0.002874864864864865,0.3865519052814482,0.19365766255250141
60897.5,maxi,0.00796,0.0026135135135135134,0.6190587959159722,0.556457774853992
60899.5,maxi,0.010244324324324323,0.002605945945945946,0.47058217413704273,0.4533261100489605
60900.5,maxi,0.007707837837837838,0.0026067567567567567,0.25630739997888735,0.21600324027826648
60901.5,maxi,0.005678918918918918,0.0025686486486486484,0.6297674418604652,0.9229263065188761
60907.0,bat,0.022841863636363636,0.008031227272727273,,
60922.5,maxi,0.003827297297297297,0.0013532432432432433,1.17379679144385,0.6526003832048658
60924.5,maxi,0.0066583783783783785,0.00295027027027027,0.5687258007743752,0.46007415571649907
60925.5,maxi,0.006576756756756757,0.0031256756756756756,0.23884657236126225,0.32606053273139846
60926.5,maxi,0.008388108108108108,0.0034164864864864863,0.4179316215065967,0.38848002281925237
60927.5,maxi,0.00968054054054054,0.0036078378378378378,0.452479149482174,0.5281295535078476
60928.5,maxi,0.01138027027027027,0.003640810810810811,0.22845271363435798,0.2013622684326592
60929.0,bat,0.030565727272727272,0.014312818181818182,,
60929.5,maxi,0.012718108108108108,0.004339729729729729,0.4578212290502793,0.38638447133344234
60933.5,maxi,0.01712054054054054,0.0067127027027027025,2.117085283163022,2.4765903541525485
60934.0,bat,0.04153477272727273,0.014138772727272726,,
60934.5,maxi,0.032202162162162165,0.006855945945945946,0.3482142857142857,0.1673790785181146
60935.5,maxi,0.022483513513513513,0.007561351351351351,0.14994545312865268,0.20253025283319376
60943.5,maxi,0.016322162162162163,0.007141351351351351,18.417707150964816,246.3205599644337
60952.5,maxi,0.026915945945945943,0.009528378378378378,-0.939980946332169,-2.030712728908816
60956.0,bat,0.027339363636363634,0.010977045454545455,,
60956.5,maxi,0.014272432432432432,0.004002432432432432,3.088243959929287,3.1082770288250505
60958.5,maxi,0.010988108108108107,0.003535135135135135,0.7114278242677824,0.9105813739097568
60960.5,maxi,0.012490540540540539,0.0028718918918918916,0.5187283600881334,0.40058171152742156
60968.5,maxi,0.007811351351351351,0.002807837837837838,0.25665236051502144,0.2484543277169304
60971.0,bat,0.022004409090909092,0.010813681818181818,,
60999.5,maxi,0.015368378378378377,0.0034913513513513514,0.8837427099740326,0.3280800017410048
61000.5,maxi,0.017642432432432433,0.003912432432432432,0.531194646723086,0.22789356814092696
61001.5,maxi,0.02175945945945946,0.0038375675675675672,0.609748186589609,0.20893445452610682
61002.5,maxi,0.014536486486486486,0.005311891891891892,0.609358281037624,0.285972732990623
61003.5,maxi,0.028359189189189185,0.005878378378378377,0.5540926649751994,0.23131889047753415
61009.5,maxi,0.01884702702702703,0.009091891891891893,0.21632858429108628,0.37357394623340706
61019.0,bat,0.03305804545454545,0.015763545454545454,,
61028.5,maxi,0.033342432432432435,0.009912972972972974,0.36023858050593455,0.190403409883259
61029.5,maxi,0.05215891891891891,0.006591081081081081,0.2925082183194976,0.07493726742144244
61030.5,maxi,0.05272216216216216,0.005735405405405405,0.3074824145264191,0.06645986593390048
61031.5,maxi,0.03707486486486486,0.0059618918918918915,0.3123469305367412,0.09902503930387495
61032.5,maxi,0.054809189189189186,0.004639189189189189,0.4335019472671114,0.06942001399389026
61033.5,maxi,0.05068891891891891,0.0038886486486486484,0.5435135783779792,0.07990539473806342
61034.5,maxi,0.043554324324324316,0.003762432432432432,0.44113603085604086,0.06791208222596065
61035.5,maxi,0.023978108108108107,0.005422162162162162,0.40333056415678575,0.13411964119930786
61036.5,maxi,0.03000837837837838,0.00631,0.30114854233004174,0.1327657671472394
61037.5,maxi,0.034330540540540536,0.006061081081081081,0.25313309166235115,0.11345657147202722
61039.5,maxi,0.02226135135135135,0.0040656756756756755,0.17148588732862274,0.08084331234012962
61040.5,maxi,0.01880054054054054,0.004009459459459459,0.22854303387536196,0.11023459271512895
61041.5,maxi,0.031212972972972968,0.003904324324324324,0.5447017193533704,0.12399767577837496
61042.5,maxi,0.021013513513513514,0.0042202702702702705,0.1542154215421542,0.07802358710846097
61043.5,maxi,0.009727837837837837,0.004524864864864865,0.10938032585724998,0.11935935556907512
61044.5,maxi,0.020976216216216214,0.004688378378378378,0.3814508787900007,0.153742392389481
61045.5,maxi,0.018971891891891888,0.003585135135135135,0.21163946284240653,0.09244450779928697
61046.5,maxi,0.020411351351351352,0.003368378378378378,0.30647103205817666,0.093378113969257
61047.5,maxi,0.016454324324324324,0.0036491891891891892,0.2354485521479551,0.11782980072822098
61048.5,maxi,0.015247297297297296,0.0033491891891891893,0.19274346499546466,0.09125030376151265
61049.5,maxi,0.019961351351351353,0.0035535135135135133,0.2967007777322964,0.10069126297780238
61050.5,maxi,0.01785081081081081,0.0034840540540540537,0.3218396902021113,0.10733174396359506
61051.5,maxi,0.015522972972972972,0.00356027027027027,0.34737061914871403,0.11200781913812304
61052.5,maxi,0.011518378378378378,0.003441081081081081,0.3792667195872197,0.1537358550328333
61053.5,maxi,0.017883513513513513,0.003556216216216216,0.3664010648721599,0.1176755382429
61054.5,maxi,0.01548135135135135,0.003516486486486486,0.43631741349531333,0.1272241609717912
61055.5,maxi,0.01502027027027027,0.0036254054054054054,0.17216347625038253,0.09988416375850927
61056.5,maxi,0.01960324324324324,0.0035435135135135133,0.26593645700798435,0.1099468381964677
61057.5,maxi,0.011944054054054054,0.0036205405405405405,0.1817784835252084,0.11687964697806033
61058.5,maxi,0.010419459459459459,0.003622972972972973,0.2093837408643869,0.1086680302016684
61059.5,maxi,0.009460810810810811,0.0038775675675675673,0.23668885191347755,0.1230444276758186
61060.5,maxi,0.01960162162162162,0.0035948648648648648,0.42768325899024984,0.1311936049577411
61061.5,maxi,0.011759189189189188,0.0040008108108108105,0.12580847638020906,0.08821345156217227
61062.5,maxi,0.01424081081081081,0.0036678378378378375,0.03342789664183798,0.07926619398471758
61063.5,maxi,0.012785675675675675,0.003074324324324324,0.3201818358615325,0.13143697894736575
61064.5,maxi,0.016784054054054053,0.004064864864864864,0.2110675601635268,0.09413877430264943
61065.5,maxi,0.022663513513513513,0.004235945945945945,0.42196924305971634,0.10544213528647832
61066.5,maxi,0.0262772972972973,0.004133783783783784,0.5199067570279574,0.12603905947399163
61067.5,maxi,0.018056486486486483,0.004453783783783784,0.20521255740258346,0.09717655149289614
61068.5,maxi,0.023137027027027027,0.004579189189189189,0.451160489245566,0.13098580997751644
61069.5,maxi,0.02888108108108108,0.004348648648648649,0.22557781972274651,0.08666534461663361
61070.5,maxi,0.025156216216216214,0.004322702702702703,0.22543346241858825,0.07627776812062541
61071.5,maxi,0.04584567567567567,0.004985945945945945,0.2916749886518384,0.07388319219077757
61072.5,maxi,0.038614054054054055,0.004681351351351351,0.5866559553507251,0.1302111715203368
61073.5,maxi,0.02241135135135135,0.005911351351351351,0.4007831091925397,0.14436132781395952
61074.5,maxi,0.042926216216216215,0.00714027027027027,0.3219662408759124,0.12063326568494948
61075.5,maxi,0.020081621621621623,0.007574054054054054,0.3311093460418322,0.1361028486481408
61076.5,maxi,0.06600378378378377,0.007968378378378377,0.45336245587842255,0.1271714513013598
61078.5,maxi,0.07006567567567568,0.01722189189189189,0.6769309288873767,0.4522161364270982
61079.5,maxi,0.03524432432432432,0.010468648648648647,1.1940491990493534,0.9001806861183378
61082.5,maxi,0.04043054054054054,0.0099527027027027,0.523846349037567,0.23841093234883845
61098.5,maxi,0.03861351351351351,0.004969189189189189,0.8165401854338926,0.19068970881471625
61099.5,maxi,0.03356972972972973,0.004844054054054054,0.5472633259465771,0.11872200451290733
61100.5,maxi,0.04256891891891892,0.005221891891891892,0.45182634162214935,0.09123606562819458
61101.5,maxi,0.03813459459459459,0.004729459459459459,0.4523892328023927,0.09154330186461497
61102.5,maxi,0.045949459459459455,0.004657567567567567,0.3833515881708653,0.07813008819015205
61103.5,maxi,0.04609351351351351,0.004186756756756756,0.4372248983669473,0.07985285442264035
61104.5,maxi,0.04598513513513513,0.004211621621621621,0.4607093994024739,0.07649472824157029
61105.5,maxi,0.03800405405405405,0.004011621621621621,0.476727580461746,0.10234621716436675
61106.5,maxi,0.037153513513513516,0.004298648648648648,0.37121017746418644,0.08507411591749615
61107.5,maxi,0.03644513513513513,0.003977837837837838,0.39420161403181414,0.08698717640502214
61108.5,maxi,0.04387189189189189,0.005352972972972973,0.44350467698225365,0.11111139980782025
61109.5,maxi,0.02325810810810811,0.005637567567567567,0.2664676166352998,0.1364579908414616
61110.5,maxi,0.013760810810810811,0.006644594594594594,0.14946724838987324,0.16374503366587398
61111.5,maxi,0.017277297297297295,0.004475945945945946,0.4818373158350873,0.20710994193615054
61112.5,maxi,0.01627081081081081,0.0036481081081081077,0.4243101405112578,0.21535431492686258
61113.5,maxi,0.014056756756756756,0.0036048648648648643,0.37127449218047814,0.22234949809918256
61114.5,maxi,0.017136216216216214,0.003428918918918919,0.44902918896558863,0.1609511036464823
61115.5,maxi,0.010217027027027028,0.003833243243243243,0.3371304319605361,0.2131442437448799
61117.5,maxi,0.010573243243243243,0.0036321621621621617,0.5772340118377365,0.49261469446535605
61119.5,maxi,0.007174324324324324,0.0032818918918918914,0.12285748059419206,0.20191195014159455
61126.5,maxi,0.010607027027027028,0.0034594594594594594,0.5965631929046563,0.3706106638267273
61131.5,maxi,0.0073102702702702695,0.0032986486486486486,1.0397326401782399,0.9862833720562263
61134.5,maxi,0.009636756756756756,0.003762162162162162,11.51764705882353,58.451808671096266
61139.5,maxi,0.013357297297297297,0.004127027027027027,0.4898741326448281,0.2997367784083494
61142.5,maxi,0.016768108108108106,0.004447837837837838,3.2683874980562897,3.5937585547410773
61143.5,maxi,0.01849189189189189,0.004052972972972973,1.3162123385939741,0.7583811391759774
61146.5,maxi,0.01303081081081081,0.0052240540540540534,0.7277357501310764,0.7307021176929128
61147.5,maxi,0.015246216216216217,0.004624864864864864,0.5271152053517574,0.4384727346827622
61148.5,maxi,0.01713945945945946,0.006288108108108107,0.36512123041723604,0.1664563505787581
61149.5,maxi,0.061962702702702696,0.007508648648648648,0.7783813675102466,0.24622775555861284
61152.5,maxi,0.026054594594594593,0.010704594594594595,0.5043176981656378,0.3535527639740834
61160.5,maxi,0.02495432432432432,0.007969459459459458,5.1110310021629415,8.52078247228047
61161.5,maxi,0.01371081081081081,0.006694324324324324,3.5970645792563603,7.236552919464234
61162.5,maxi,0.04732891891891892,0.010328108108108107,4.115062353858145,5.599800259135297
61163.5,maxi,0.060440810810810805,0.027749459459459457,0.2698640209227218,0.4027322355393391
61169.5,maxi,0.035829999999999994,0.006066756756756757,16.550072568940497,77.62790811197438
61170.5,maxi,0.012027297297297297,0.0051283783783783775,-1.5414197996337393,-1.6588052609846797
61171.5,maxi,0.02028,0.0048767567567567565,6.974817221770918,15.794150562984871
61172.5,maxi,0.01731945945945946,0.004642702702702702,1.2791712104689203,0.7867878504188961
61173.5,maxi,0.026315945945945943,0.004748648648648648,0.8644891415975754,0.27660088696952095
61174.5,maxi,0.05121567567567567,0.005999189189189189,0.8374508748756583,0.22632608830912557
61175.5,maxi,0.039655945945945945,0.006209459459459459,0.6342412451361867,0.17657000066213313
61176.5,maxi,0.0506127027027027,0.00651,0.5494377385742288,0.1355029945099373
61177.5,maxi,0.02647054054054054,0.009195135135135134,1.1161623404560448,0.6463547221603673
61178.5,maxi,0.018386486486486484,0.004154864864864865,1.134675477690692,0.529014077880449
61179.5,maxi,0.012922162162162161,0.003958108108108108,1.8866742596810935,1.5860976864737373
61180.5,maxi,0.023053783783783782,0.004603243243243242,0.6518898985908074,0.24887968787957848
61181.5,maxi,0.0381,0.006511081081081081,0.3784621066021091,0.12299097282001095
61182.5,maxi,0.03467378378378378,0.0070267567567567565,0.2629195275737777,0.12380857988768014
61183.5,maxi,0.017416756756756756,0.007244594594594594,2.5420961049390978,4.31801412315854
61184.5,maxi,0.01594243243243243,0.0039983783783783785,0.7001102178423237,0.2678050391001443
61186.5,maxi,0.008631621621621621,0.003347297297297297,0.4579472244285588,0.5190074570175609
61188.5,maxi,0.008413783783783784,0.0033043243243243243,0.08185391833629216,0.3277705643238519
61189.5,maxi,0.010355405405405405,0.003701081081081081,0.30290400645334764,0.40749708260465767
61199.5,maxi,0.008234324324324324,0.003462972972972973,-4.646634615384616,-10.512958724645834
61208.5,maxi,0.00926972972972973,0.0036748648648648645,-24.389355742296917,-201.91345350413576
61215.5,maxi,0.010730810810810811,0.0039854054054054055,1.0660187667560321,1.0272181018362385
61217.5,maxi,0.012043783783783783,0.004278378378378378,0.19889530504644742,0.32961210086616766
61219.5,maxi,0.01512081081081081,0.0049640540540540545,0.4685021194443278,0.34647387565931875
61221.5,maxi,0.017937297297297296,0.00577972972972973,0.402156017248138,0.3636035880205908
61224.5,maxi,0.02134189189189189,0.009192162162162162,2.140108688862515,1.978034214835471
61225.5,maxi,0.029593783783783783,0.010288918918918918,3.804486919899571,5.339908746341835
61226.5,maxi,0.024584054054054054,0.01025027027027027,-22.148554336989033,-332.0731284449479
61230.5,maxi,0.032135135135135134,0.01025108108108108,0.6501457725947523,0.4372127779080688
61231.5,maxi,0.050283243243243236,0.011505945945945945,0.2825519396947968,0.3429808551147407
61232.5,maxi,0.028717837837837837,0.008429189189189189,1.0146776323688318,0.5923820408121635
61233.5,maxi,0.023295405405405405,0.007664594594594594,0.6099161502005104,0.406815461555023
61234.5,maxi,0.028846216216216216,0.007510540540540541,8.142648896293212,18.08183879352798
61235.5,maxi,0.07735945945945945,0.020643243243243244,3.621503221188261,3.105008623675774
