mjd,inst,flux_crab,flux_err,hr,hr_err
55061.5,maxi,0.005424324324324325,0.0021654054054054054,0.7388429752066116,0.5923966404729516
55064.5,maxi,0.006384864864864864,0.002217297297297297,5.053008595988539,9.061831454069962
55067.5,maxi,0.004714594594594595,0.0022527027027027025,7.163179916317991,23.050567822780142
55068.5,maxi,0.004605135135135135,0.0022481081081081084,0.972425678586816,2.236460416907204
55070.5,maxi,0.005872432432432432,0.0023767567567567565,1.1546224544963057,1.0561088409351844
55082.5,maxi,0.007686216216216216,0.002935945945945946,2.008521739130435,1.8310775807508082
55086.5,maxi,0.005692972972972972,0.002517027027027027,0.7229086489771116,0.9709468396187024
55089.5,maxi,0.008583513513513514,0.002633243243243243,5.818911685994648,10.139775302886628
55090.5,maxi,0.007844864864864864,0.0036940540540540538,8.284496753246753,19.05172988358079
55103.5,maxi,0.009906216216216216,0.0023967567567567565,2.516284680337756,2.3329660013586837
55107.5,maxi,0.004862972972972972,0.002146486486486486,48.26256983240224,993.4927630802056
55108.5,maxi,0.005195945945945945,0.0021205405405405405,1.5927123126652953,2.067109779281268
55109.5,maxi,0.008248378378378378,0.00208027027027027,1.8185654008438816,1.6569070400446322
55124.5,maxi,0.010211081081081081,0.002234324324324324,0.8302100583979779,0.4366145986264634
55139.5,maxi,0.00760081081081081,0.002055405405405405,1.3052292839903459,0.9490998557213707
55179.5,maxi,0.005861081081081081,0.0022748648648648643,0.1304176205889319,0.2968649813180724
55185.5,maxi,0.0037778378378378378,0.001861081081081081,0.705226218824414,0.5243354472413259
55191.5,maxi,0.00705,0.0030827027027027025,-48.57216494845361,-1350.2757110437965
55192.5,maxi,0.01009054054054054,0.0022267567567567565,0.8108747044917257,0.47215714964706185
55227.5,maxi,0.019017567567567565,0.0041837837837837835,0.666639417967792,0.3421112662498687
55233.5,maxi,0.013772432432432433,0.004663783783783784,0.90001665001665,0.8862197633280288
55240.5,maxi,0.004956756756756756,0.0024394594594594594,0.6392312789927105,0.6934069082846736
55243.5,maxi,0.008081621621621621,0.002739189189189189,0.061624649859943974,0.24836969808636725
55246.5,maxi,0.009487837837837836,0.004251891891891892,1.6223958333333333,1.34581135861653
55250.5,maxi,0.005259459459459459,0.0019172972972972971,2.149742756566477,2.3320678348345365
55257.5,maxi,0.00724027027027027,0.0022235135135135133,11.986328125,49.76164532917055
55261.5,maxi,0.006735675675675675,0.0023572972972972974,1.1608600437985268,0.6419037033092827
55262.5,maxi,0.006623783783783783,0.0021645945945945946,1.2336374454581516,1.2141443518646216
55277.5,maxi,0.006380540540540541,0.0020470270270270268,0.2860423577443225,0.3119505621975192
55282.5,maxi,0.0047043243243243245,0.0021324324324324324,0.8941241685144125,0.7092617678661353
55283.5,maxi,0.005842972972972972,0.0022016216216216218,5.105222135619641,16.36427510639904
55284.5,maxi,0.004418108108108108,0.002092972972972973,0.8391598728755009,0.6688337561639828
55297.5,maxi,0.015999459459459457,0.0041175675675675675,1.9896770778189519,1.0173604444176458
55307.5,maxi,0.011303513513513512,0.004857837837837838,1.3389562467053242,1.2798926295492714
55312.5,maxi,0.010381621621621621,0.0027424324324324323,0.6005097164702135,0.4219601458118989
55313.5,maxi,0.009905135135135135,0.0025527027027027025,1.1070488851959561,0.9052174181872662
55314.5,maxi,0.005315405405405405,0.0023343243243243244,0.5762815608263198,0.6962381146915203
55317.5,maxi,0.005488108108108108,0.0022335135135135137,2.5728580362726703,3.475820110301525
55318.5,maxi,0.005479459459459459,0.0022813513513513513,0.9457755359394704,0.8471795602521943
55320.5,maxi,0.006369459459459459,0.0022516216216216215,3.1900282220131704,4.357745373956389
55323.5,maxi,0.00562972972972973,0.002497837837837838,0.35898760330578516,0.3320556706294474
55330.5,maxi,0.005775675675675675,0.0021751351351351348,0.6469025608330677,0.5026496874710242
55332.5,maxi,0.018608108108108104,0.0047127027027027025,0.3407723169508525,0.3305396407226258
55340.5,maxi,0.0047740540540540536,0.0018954054054054054,0.6295119182746878,0.4255585337966575
55354.5,maxi,0.0049535135135135135,0.0019616216216216216,0.9793196463359808,0.7093839818134696
55359.5,maxi,0.005346486486486487,0.0021586486486486482,0.11448054552747694,0.267719802735629
55363.5,maxi,0.006368378378378378,0.002684324324324324,-643.1428571428571,-207092.21688091772
55374.5,maxi,0.007751891891891891,0.0036994594594594596,-3.2441727168513563,-7.434450518178746
55380.5,maxi,0.008731081081081081,0.002998918918918919,-5.321482986287456,-12.973446554742468
55381.5,maxi,0.0073456756756756746,0.003494324324324324,1.9549061094948426,1.7737933143779925
55382.5,maxi,0.008562432432432432,0.0025594594594594592,2.265596160944998,1.9420426045180135
55383.5,maxi,0.005308378378378378,0.002532702702702703,1.7252130131680867,1.6160767313435478
55384.5,maxi,0.005547837837837837,0.0024127027027027025,1.369745815251085,0.8560521378863847
55393.5,maxi,0.005521081081081082,0.0022532432432432435,10.065088757396449,46.08411919065814
55396.5,maxi,0.005512972972972973,0.002488108108108108,-2.7799589803691767,-3.641788242584351
55400.5,maxi,0.006809729729729729,0.0025564864864864867,0.733895525884282,0.6407325792358053
55402.5,maxi,0.01678189189189189,0.005505675675675676,0.23181301227499115,0.3652773906973841
55404.5,maxi,0.008192972972972973,0.002362972972972973,1.265446224256293,0.8703141485719312
55411.5,maxi,0.0060540540540540535,0.002176756756756757,1.5377713978108738,1.2410254950124804
55419.5,maxi,0.006673243243243243,0.002231081081081081,0.8764902241297091,0.6121388555080808
55424.5,maxi,0.006092162162162161,0.002315135135135135,0.5240742931503608,0.5126115956221793
55429.5,maxi,0.0059559459459459455,0.002457027027027027,2.897233201581028,3.959297784857245
55431.5,maxi,0.006025135135135135,0.0026445945945945946,0.7647198105761641,0.4298731991958459
55433.5,maxi,0.006793783783783783,0.0029462162162162157,0.13829039812646368,0.5337244875919867
55441.5,maxi,0.011676486486486486,0.0048437837837837835,0.11481559759061609,0.4030434691255195
55450.5,maxi,0.012175675675675676,0.0029783783783783784,4.55336094297547,7.0614461205826835
55451.5,maxi,0.00889135135135135,0.0027743243243243242,1.2934114755647983,0.6901495817618328
55454.5,maxi,0.006242702702702703,0.0026608108108108104,0.6444608023555392,0.6552554435445732
55456.5,maxi,0.005624864864864865,0.0021843243243243244,0.20351023819473466,0.30517731921260544
55457.5,maxi,0.00844027027027027,0.002261351351351351,0.6476259589467137,0.47392662524544393
55459.5,maxi,0.004698648648648648,0.0023235135135135135,1.2640692640692641,2.327459131018302
55460.5,maxi,0.014702702702702701,0.0023997297297297295,1.4915653567053058,0.6975155854095728
55461.5,maxi,0.006062162162162162,0.0023899999999999998,4.4387917329093804,14.747197902053896
55463.5,maxi,0.006487567567567567,0.002355135135135135,0.6897800776196636,0.6271285760121071
55464.5,maxi,0.005451081081081081,0.002369189189189189,-5.237945492662473,-22.27729926186618
55470.5,maxi,0.0052167567567567566,0.0023986486486486484,2.9950998869204675,4.954154462068139
55472.5,maxi,0.006828108108108109,0.003021351351351351,2.3577639751552795,4.0389520575698095
55473.5,maxi,0.0141,0.006113783783783783,-3.8803049920874697,-5.811499978252237
55474.5,maxi,0.014976756756756755,0.002554054054054054,1.5594393785883147,0.6718872520126455
55478.5,maxi,0.005928918918918919,0.0023645945945945943,1.2280640668523677,0.7451192392418894
55480.5,maxi,0.006329189189189189,0.0022737837837837837,0.4604696820962018,0.3168280893546855
55486.5,maxi,0.004812432432432432,0.0021902702702702704,2.577168367346939,3.295792603147078
55492.5,maxi,0.006752432432432432,0.0031421621621621617,-1.5289689781021898,-2.136251794369661
55493.5,maxi,0.005482702702702702,0.002205135135135135,0.9727031664326938,0.8116811530382264
55495.5,maxi,0.005779459459459459,0.0023975675675675674,0.8666666666666667,1.0584547230886452
55496.5,maxi,0.006739189189189188,0.002331081081081081,0.7661205073995772,0.6486623195236931
55503.5,maxi,0.008989459459459458,0.002936216216216216,1.01121942247563,1.2266413577695285
55511.5,maxi,0.009307297297297297,0.004570810810810811,3.792165141918836,6.669763639917058
55515.5,maxi,0.010542702702702703,0.00477972972972973,0.5289573641756647,0.3943211829972497
55521.5,maxi,0.009591891891891892,0.002855675675675676,1.7656716417910447,1.3904070125414874
55522.5,maxi,0.005404864864864864,0.002602972972972973,0.36085603112840464,0.3525583991524493
55545.5,maxi,0.004712972972972972,0.0021632432432432433,0.2394693521835964,0.3652589418388215
55546.5,maxi,0.006697837837837837,0.0020716216216216214,0.7392718497534362,0.4533149949940212
55563.5,maxi,0.005952162162162162,0.002328378378378378,1.048171275646744,1.2446050736337406
55565.5,maxi,0.004907027027027026,0.002314324324324324,0.05296729915220024,0.29868865506167547
55567.5,maxi,0.007768378378378378,0.002906756756756757,0.9346647646219686,0.48351489690946775
55574.5,maxi,0.011372972972972972,0.0034037837837837836,0.5379086085914769,1.0342889180137678
55579.5,maxi,0.01348108108108108,0.004855135135135135,1.4332241791308966,1.134820330926454
55592.5,maxi,0.006471351351351351,0.00274972972972973,0.583123984040195,0.7668964715533888
55597.5,maxi,0.00819918918918919,0.0025210810810810808,0.9941027801179444,0.7355085765465618
55601.5,maxi,0.007545405405405404,0.0022527027027027025,1.2249059878507378,0.9168453590559166
55602.5,maxi,0.004618648648648648,0.0021824324324324325,1.0133295916935599,0.7718068404227068
55603.5,maxi,0.005189189189189188,0.002197027027027027,-17.715536105032825,-140.6475224357321
55607.5,maxi,0.006724864864864865,0.0022445945945945944,1.1168680682006291,0.9965435313650467
55608.5,maxi,0.008838918918918918,0.0023562162162162163,2.409358047016275,2.473149883944133
55609.5,maxi,0.005472702702702703,0.0023386486486486483,0.8194921070693205,0.8861238400061326
55614.5,maxi,0.012307837837837838,0.003415135135135135,0.27505678591709254,0.4102110038704514
55625.5,maxi,0.018374324324324325,0.006481621621621621,11.364720652856246,80.91392192769266
55631.5,maxi,0.005366216216216216,0.0026308108108108108,0.9913005654632451,2.6527023484487815
55640.5,maxi,0.0066254054054054054,0.002755135135135135,1.5064478311840561,1.1708141479670837
55642.5,maxi,0.008965135135135135,0.003176756756756757,1.0665669409124907,0.7926500988830543
55644.5,maxi,0.012116486486486487,0.00336027027027027,0.9867045858514042,0.5484847993502868
55652.5,maxi,0.008678918918918919,0.004323513513513513,4.692383778437191,11.298205507046593
55660.5,maxi,0.011732702702702701,0.004098378378378379,1.1593982098647877,1.017269438317783
55662.5,maxi,0.008872432432432433,0.002918108108108108,1.358215748748293,1.1881934110568684
55664.5,maxi,0.006747297297297297,0.002664594594594594,0.7759318866161353,0.5602586680534403
55666.5,maxi,0.00554081081081081,0.0024386486486486485,1.5033343918704352,2.333746901704602
55667.5,maxi,0.006852162162162162,0.0023397297297297294,2.313746826260428,3.566346809361416
55672.5,maxi,0.007202972972972973,0.0022464864864864863,53.08071748878924,898.0079297652686
55675.5,maxi,0.004967837837837838,0.0023102702702702703,0.716924040066778,0.5102132294740512
55679.5,maxi,0.005513513513513513,0.0023256756756756757,0.8024675972083749,0.6533779794786051
55681.5,maxi,0.008493513513513514,0.002424324324324324,3.4635045465716394,4.004782727502249
55683.5,maxi,0.006837567567567567,0.002367297297297297,0.9262856558634087,0.5670763598768775
55685.5,maxi,0.01123216216216216,0.004003513513513513,1.6240185448291335,0.999858504234986
55686.5,maxi,0.011244864864864864,0.002407297297297297,0.9361593462717059,0.8882435347645563
55696.5,maxi,0.006590810810810811,0.002472972972972973,1.1520440545081203,0.603505737359872
55697.5,maxi,0.006143243243243243,0.0025754054054054052,-5.9872549019607835,-26.39769746754016
55698.5,maxi,0.005052972972972973,0.0024697297297297297,-19.140161725067383,-202.4938761900189
55708.5,maxi,0.005563783783783784,0.002418378378378378,1.4236658932714619,0.8847567400215529
55714.5,maxi,0.006326216216216216,0.0028435135135135136,1.2321464093892978,1.3444856427697145
55718.5,maxi,0.013005945945945944,0.0040940540540540535,1.7620178870877585,1.6501054218574633
55721.5,maxi,0.012871621621621622,0.004705945945945946,0.4704531097455923,0.49547022509160205
55725.5,maxi,0.01008243243243243,0.004745945945945945,0.18386960203217612,0.3363318600813346
55727.5,maxi,0.012044324324324323,0.004396486486486486,0.6513641005689831,0.43557991776419663
55731.5,maxi,0.010432162162162162,0.003297027027027027,51.599999999999994,2450.5103178294166
55741.5,maxi,0.007646486486486487,0.002208378378378378,1.0276483694551346,0.5532995722599223
55742.5,maxi,0.00518081081081081,0.002209459459459459,0.3643997634535777,0.4695090917483629
55745.5,maxi,0.006299459459459459,0.0023818918918918916,1.541095890410959,1.1187901890671013
55747.5,maxi,0.006417567567567567,0.002592972972972973,0.8133205689277899,0.4044845843091103
55748.5,maxi,0.006648378378378378,0.002424054054054054,0.9593716143011917,0.5468035529764592
55750.5,maxi,0.0054329729729729725,0.002474864864864865,0.8194859533771668,0.8283764195241221
55758.5,maxi,0.024955405405405404,0.012083243243243242,1.035598705501618,1.1577185241795347
55761.5,maxi,0.010632162162162161,0.003215405405405405,0.91916446097718,0.5279320807630791
55765.5,maxi,0.004668378378378378,0.002306216216216216,1.548545966228893,1.6855694756502473
55772.5,maxi,0.005326486486486487,0.0022327027027027025,2.2884380347103397,2.2537900069125625
55781.5,maxi,0.005425675675675676,0.0026164864864864864,4.661051766639277,7.638775289672813
55786.5,maxi,0.007933513513513514,0.0033097297297297297,0.2165508909694956,1.5739090971450067
55796.5,maxi,0.013634054054054053,0.004915945945945945,0.9648911867259828,0.6965259305173667
55799.5,maxi,0.012785675675675675,0.004642972972972973,1.4973514790970581,1.1275066872185242
55801.5,maxi,0.008413243243243242,0.003965405405405405,1.9277283986594784,2.1152781770568025
55803.5,maxi,0.009724054054054052,0.002981081081081081,1.0494483450351053,0.7408188317636096
55804.5,maxi,0.008447567567567567,0.0028056756756756752,2.4867256637168142,2.461650452973571
55809.5,maxi,0.0060481081081081075,0.0022564864864864863,0.9422076143522322,0.7205008393876977
55810.5,maxi,0.006319729729729729,0.002321081081081081,15.767503302509908,85.76652121960484
55811.5,maxi,0.005298378378378378,0.002287567567567567,0.386748688987495,0.414993962281174
55813.5,maxi,0.007401621621621621,0.002295135135135135,0.5339441899208663,0.366145068502489
55815.5,maxi,0.004794864864864865,0.002361891891891892,0.12222222222222223,1.0386500238433716
55817.5,maxi,0.006945945945945946,0.0024424324324324323,1.3896517079705293,1.1911410633725372
55819.5,maxi,0.006459729729729729,0.0024378378378378377,1.2530480791350356,1.53323433647474
55821.5,maxi,0.00876081081081081,0.00244027027027027,1.3410404624277457,0.9734279577461182
55823.5,maxi,0.00583,0.0025105405405405406,2.0936147186147185,2.777783557047964
55825.5,maxi,0.011321081081081081,0.00356,0.8828584611835275,0.47593328069442975
55826.5,maxi,0.013234324324324323,0.005871621621621622,1.6065040650406504,2.637314434225854
55827.5,maxi,0.013259189189189188,0.002522432432432432,2.3233522324592486,1.8128697943755667
55830.5,maxi,0.006117567567567567,0.0023981081081081083,0.7398198655334265,0.6165989844842966
55831.5,maxi,0.008708648648648648,0.0023581081081081082,5.364163614163614,6.6844606372847055
55845.5,maxi,0.005136756756756756,0.0022335135135135137,2.3839329719073437,2.423375934543295
55848.5,maxi,0.007184324324324324,0.0028727027027027024,1.551878736122972,1.9229167081492622
55853.5,maxi,0.005825675675675676,0.002476486486486486,3.366990775367739,3.387173023503838
55854.5,maxi,0.01122918918918919,0.0030927027027027026,2.0349520905923346,1.2113821475803732
55855.5,maxi,0.007752162162162162,0.002851891891891892,0.7982817464987644,0.6824052103842951
55856.5,maxi,0.008475405405405404,0.003067567567567568,16.882863340563993,174.49897381481532
55858.5,maxi,0.01048891891891892,0.0032772972972972972,0.25827450261300083,0.4892920143841849
55862.5,maxi,0.013189189189189189,0.004589459459459459,0.7290247549426816,0.7443889192694069
55872.5,maxi,0.010327297297297297,0.0037724324324324324,0.563396193621274,0.6048946297092059
55878.5,maxi,0.005877027027027027,0.0023759459459459457,0.6219337694194604,0.48093021332878055
55880.5,maxi,0.00467081081081081,0.002306216216216216,2.8113511770396644,3.8955533112712315
55883.5,maxi,0.0055143243243243245,0.00226,0.3578674481514878,0.44569029881813615
55886.5,maxi,0.006626756756756756,0.0023856756756756754,0.6635449184876864,0.42646008871744634
55888.5,maxi,0.007235675675675676,0.002005945945945946,1.1058998060025105,0.6108042354344745
55891.5,maxi,0.006664594594594594,0.002047837837837838,1.9272218334499651,1.450438815018538
55892.5,maxi,0.004708918918918919,0.0020427027027027024,2.1213009864036256,2.4637539065922955
55894.5,maxi,0.007513513513513512,0.0021018918918918918,0.8110425462812602,0.3210331399718056
55895.5,maxi,0.006677837837837838,0.0022481081081081084,9.112200435729847,21.87695272001897
55896.5,maxi,0.007522162162162162,0.0021308108108108108,0.5927968090098545,0.48733983034000894
55899.5,maxi,0.007761621621621621,0.002105945945945946,3.677808727948004,6.040325727297371
55901.5,maxi,0.005473783783783784,0.00221,1.9900617781359118,2.434230217980301
55902.5,maxi,0.004941081081081081,0.0022816216216216215,0.6073952549217566,0.5798433192969883
55904.5,maxi,0.004451351351351351,0.001937027027027027,1.731792717086835,1.5759848378236736
55916.5,maxi,0.005384864864864865,0.0019478378378378377,1.5319630010277492,1.2873194912901034
55938.5,maxi,0.01351027027027027,0.004149729729729729,0.34048334048334045,0.4995126139263012
55946.5,maxi,0.009397837837837836,0.0030010810810810807,4.971421408874405,5.864346078618497
55947.5,maxi,0.006801621621621621,0.0029027027027027025,0.41737528344671204,0.7161007247390638
55953.5,maxi,0.005469729729729729,0.0026429729729729725,106.75,6247.962166629227
55954.5,maxi,0.006652702702702702,0.00234972972972973,0.41253524970435734,0.3884876082694358
55956.5,maxi,0.005902702702702702,0.002215405405405405,1.6067700987306064,1.0137174178257162
55960.5,maxi,0.004853513513513513,0.0022737837837837837,1.032168001942219,0.7024890884374154
55961.5,maxi,0.007329459459459459,0.0022986486486486486,2.0148354195642093,2.0940004078154
55969.5,maxi,0.019545675675675674,0.008853513513513513,1.0603131278668638,0.8386136592308984
55972.5,maxi,0.0063218918918918916,0.0026356756756756756,0.7623007623007623,0.5595918449344015
55982.5,maxi,0.010176486486486485,0.002649459459459459,1.5017191583000964,1.1077288996447583
56001.5,maxi,0.012065405405405405,0.0032418918918918917,0.5489742633345767,0.43885386695511164
56003.5,maxi,0.00986972972972973,0.004201891891891892,0.800429760945474,0.6031619416329359
56017.5,maxi,0.009904864864864865,0.004418918918918918,10.507356430944471,35.136140867426306
56018.5,maxi,0.012723513513513513,0.00513,1.8753765890219707,1.2883098056441644
56020.5,maxi,0.00961081081081081,0.003751351351351351,7.3701923076923075,34.309219286961586
56026.5,maxi,0.008747567567567567,0.0032462162162162165,0.1734119720696902,0.3782418932193339
56027.5,maxi,0.009433513513513512,0.003367297297297297,0.5927351229585133,0.6397447584432645
56032.5,maxi,0.008089189189189189,0.0031545945945945946,2.3469431842730613,3.002900352169065
56033.5,maxi,0.014915945945945946,0.0032454054054054052,1.2247718160880319,0.7936582010000152
56036.5,maxi,0.011333243243243241,0.0038281081081081077,1.0812115160592446,0.8153454005540517
56038.5,maxi,0.00812027027027027,0.0036464864864864865,1.0991579558652729,1.3868947171588333
56039.5,maxi,0.010457567567567567,0.00422,0.7290309018288837,0.958183856833126
56043.5,maxi,0.016006216216216215,0.0038699999999999997,1.6070003988831272,1.2439936164985856
56046.5,maxi,0.009717297297297298,0.003758918918918919,0.9330911024459411,0.7622208653479133
56068.5,maxi,0.011123783783783783,0.004223513513513513,2.402045271745375,1.9961386084985804
56074.5,maxi,0.022021081081081077,0.006325675675675675,1.4073749601784007,1.3902128799022027
56087.5,maxi,0.016686486486486487,0.006928108108108108,0.07243520840797803,0.5781372921471052
56096.5,maxi,0.01585756756756757,0.005485945945945946,0.8992745535714286,1.702800703386801
56099.5,maxi,0.013475945945945946,0.005547567567567567,0.4444991385675609,0.3983697970852652
56105.5,maxi,0.012253513513513514,0.003884054054054054,0.7590701493303227,0.4510298360264577
56107.5,maxi,0.00882135135135135,0.0039216216216216215,0.623718068245385,0.7109090031586266
56112.5,maxi,0.007828648648648647,0.0035129729729729726,-3.833145179498758,-5.466281424503328
56115.5,maxi,0.012064864864864864,0.0033575675675675673,3.7445141065830723,6.149268737051295
56130.5,maxi,0.013136216216216216,0.0027345945945945944,1.9393895136556156,1.483248196580109
56132.5,maxi,0.007102702702702703,0.0035283783783783785,0.3960444475504927,0.42026126823592813
56136.5,maxi,0.007826216216216215,0.0037067567567567565,1.1146207226609235,2.2326399507840518
56139.5,maxi,0.009234864864864864,0.00417027027027027,0.25493032450937847,0.32259657874745595
56154.5,maxi,0.021607567567567567,0.009457567567567568,0.5059399699364787,0.8356872295916323
56156.5,maxi,0.016386486486486485,0.007585135135135135,2.3160753077480085,3.034146306457326
56162.5,maxi,0.012475135135135134,0.005158108108108108,1.7246054938632378,2.0196351155009724
56174.5,maxi,0.008502432432432433,0.003829459459459459,1.7145688800792867,1.6129362503711406
56175.5,maxi,0.007954324324324323,0.003969189189189189,-15.696428571428573,-164.48530495804434
56179.5,maxi,0.008174324324324325,0.0038051351351351347,1.4955689970459982,1.6967895912023956
56187.5,maxi,0.019306216216216213,0.004205135135135135,1.1059685097034053,0.757546532899098
56200.5,maxi,0.008764054054054053,0.00341027027027027,1.5745518146042852,4.653244491748024
56216.5,maxi,0.009146486486486485,0.004175405405405405,0.6806528874301429,0.6963046168486078
56222.5,maxi,0.02003,0.007001351351351351,0.26460600180192667,0.7315070928353695
56228.5,maxi,0.01957243243243243,0.00895162162162162,0.5996514250563871,0.46257874036551255
56236.5,maxi,0.011321351351351351,0.0042191891891891885,5.49499799919968,17.061410660688278
56252.5,maxi,0.006709999999999999,0.003303513513513513,0.30854797060186717,0.3664286104857621
56259.5,maxi,0.008053513513513513,0.0031824324324324325,0.36055069153660696,0.3426806979958963
56265.5,maxi,0.006881081081081081,0.003036216216216216,-4.528203062046737,-10.265719090974466
56282.5,maxi,0.0071813513513513515,0.0033975675675675674,0.1477505473550392,0.35741609806133007
56288.5,maxi,0.01127054054054054,0.004496216216216217,2.2059310552461238,2.659448698725485
56289.5,maxi,0.014817297297297296,0.004436486486486486,2.6039025602783994,2.4120512595045245
56319.5,maxi,0.010247837837837837,0.0034875675675675676,0.6811456260275158,0.6225868519633209
56321.5,maxi,0.008202432432432433,0.0035359459459459457,1.9875265061743794,1.7643445913062101
56325.5,maxi,0.007760270270270269,0.0036321621621621617,0.8931446694315686,0.7238876123161861
56326.5,maxi,0.010043783783783783,0.00376027027027027,0.08701421800947867,0.3682252893403539
56327.5,maxi,0.012472972972972972,0.0036391891891891888,2.293692198245198,2.1455942414768328
56329.5,maxi,0.008997567567567567,0.00394972972972973,1.305170731707317,2.2103986395333846
56356.5,maxi,0.008977567567567568,0.003898378378378378,0.792046668309917,0.674247860705331
56357.5,maxi,0.008585405405405406,0.003919189189189189,0.8560801816615771,0.6552102866335385
56361.5,maxi,0.008902972972972972,0.00445,0.603333983232599,0.8032415643901982
56363.5,maxi,0.013856216216216216,0.005317567567567568,0.398550271824033,0.5450577109626831
56371.5,maxi,0.012675405405405406,0.006251621621621621,0.26688284223882697,1.361198266752555
56375.5,maxi,0.02154108108108108,0.007417027027027026,0.21857546487942703,0.39213322257013167
56379.5,maxi,0.014404594594594594,0.005807837837837838,3.8478305572691753,8.058884914555122
56381.5,maxi,0.013439729729729729,0.004763243243243244,1.2480386718440446,0.9738708587286287
56382.5,maxi,0.010606486486486487,0.0041813513513513515,1.7295496607032697,1.7203503559018436
56389.5,maxi,0.006895945945945945,0.0034345945945945945,0.5572009594326832,0.6784798024678118
56392.5,maxi,0.007405945945945945,0.0036048648648648643,1.1813023255813955,0.95567547738302
56394.5,maxi,0.01290162162162162,0.003495945945945946,1.610060415024954,1.5442223632652672
56403.5,maxi,0.022489729729729728,0.005411891891891891,1.4123348442472756,0.8145898176376967
56404.5,maxi,0.01599918918918919,0.003575135135135135,2.0533553355335536,1.827845242587866
56435.5,maxi,0.01053945945945946,0.0041694594594594596,0.2134874972339013,0.3400315702661599
56439.5,maxi,0.0161027027027027,0.006604324324324323,0.5954028850356986,0.44607029661567454
56440.5,maxi,0.009038108108108107,0.004494054054054054,1.879107183322003,2.038253735523352
56450.5,maxi,0.017228918918918916,0.007178648648648649,0.285443169350295,0.3466738243684247
56452.5,maxi,0.013239999999999998,0.004841081081081081,5.8702010968921385,28.623640044445835
56457.5,maxi,0.007907837837837838,0.003825405405405405,0.8647243979210893,0.6268238074218899
56464.5,maxi,0.012123783783783783,0.003608918918918919,1.576388388676799,0.9417082432001649
56465.5,maxi,0.008601891891891892,0.0037864864864864864,0.588966041011175,0.40988444478591807
56470.5,maxi,0.008411891891891891,0.0037386486486486485,0.8674302264349658,0.5875890275143371
56474.5,maxi,0.012824864864864864,0.004416756756756756,1.1887057172921782,0.8793908071584849
56475.5,maxi,0.010582972972972973,0.004282162162162162,20.051975051975056,346.8865303724682
56477.5,maxi,0.010307567567567566,0.00406027027027027,1.3508034325865346,0.7393631593205519
56482.5,maxi,0.00899945945945946,0.0038645945945945943,0.9477051460361613,1.2463038529142958
56491.5,maxi,0.011543513513513513,0.003352972972972973,1.1685966363385718,1.1643084615457808
56496.5,maxi,0.008335135135135134,0.003672432432432432,-64.56650246305419,-1795.3726417417358
56505.5,maxi,0.008452432432432433,0.004212432432432432,0.4292071197411003,0.5756265625203416
56514.5,maxi,0.017924864864864866,0.008008648648648647,3.7008893877903466,4.517986646637266
56518.5,maxi,0.01901135135135135,0.007927027027027026,0.6182603847226094,0.4446149740407599
56534.5,maxi,0.012103783783783783,0.003749189189189189,2.2505152278452023,1.901897530040171
56536.5,maxi,0.010457567567567567,0.0038786486486486484,1.8189581554227157,3.0856416701630294
56537.5,maxi,0.011180810810810812,0.003957297297297297,3.0178716490658,6.143952192027919
56542.5,maxi,0.012906216216216215,0.0036483783783783784,0.7325467059980334,0.7461942983870328
56547.5,maxi,0.009545945945945945,0.003978108108108108,1.5006212895209168,1.7916684255892708
56550.5,maxi,0.01242081081081081,0.0037964864864864865,26.302395209580837,245.23538325294302
56561.5,maxi,0.008698918918918918,0.0036067567567567562,1.3378914405010438,1.0846307018137242
56569.5,maxi,0.011982972972972973,0.003765675675675675,0.8765966430908899,0.8650844856374187
56576.5,maxi,0.00916135135135135,0.004084054054054054,-1.3535739418920278,-1.094219894259083
56577.5,maxi,0.014039189189189187,0.0044245945945945945,0.6277634961439589,0.5865597392086748
56598.5,maxi,0.010647297297297296,0.003915135135135135,1.305088932806324,2.7295928673730017
56603.5,maxi,0.009216486486486486,0.0032318918918918917,0.6478055367994598,0.8453410263991179
56605.5,maxi,0.010820810810810811,0.0037394594594594593,1.1539302394912054,1.0275744579626431
56617.5,maxi,0.008522972972972973,0.003823783783783784,0.5480796586059744,1.0074836802691136
56622.5,maxi,0.019353243243243244,0.003920810810810811,0.6739130434782609,0.3749823773656333
56627.5,maxi,0.009751891891891892,0.0041908108108108105,0.3557086041323116,0.3533889697513119
56628.5,maxi,0.011789189189189189,0.0035845945945945945,0.5771505376344086,0.5907901560852636
56631.5,maxi,0.009725135135135135,0.0035448648648648646,0.8580328487823298,0.7333889990830378
56637.5,maxi,0.009175405405405405,0.003474864864864865,2.034041224234853,4.090438760925124
56644.5,maxi,0.00899081081081081,0.003652162162162162,5.547659334461365,17.835001726197163
56649.5,maxi,0.011457027027027026,0.0038735135135135133,28.32553606237817,321.67588884598376
56675.5,maxi,0.02115,0.01004,5.4210589506543405,11.320000202996782
56678.5,maxi,0.011978918918918918,0.0036799999999999997,0.6779173603753595,1.1029477352633628
56682.5,maxi,0.00853162162162162,0.003884324324324324,0.8742151826484018,0.6411382163465065
56683.5,maxi,0.012724324324324323,0.0035948648648648648,1.2035902851108766,1.0621798108759786
56688.5,maxi,0.009157027027027026,0.003617837837837838,0.0910328398842947,0.9833801329494464
56690.5,maxi,0.01037054054054054,0.004273243243243243,0.6778455284552846,0.7251202618459386
56693.5,maxi,0.02197324324324324,0.007201351351351351,0.1961667787491594,0.795467373047747
56694.5,maxi,0.022845135135135135,0.004155135135135135,1.1502660387743868,0.656887321913192
56695.5,maxi,0.012205675675675674,0.003808108108108108,-5.699365750528541,-15.7322966664415
56698.5,maxi,0.0075675675675675675,0.00358,1.3755224660397076,1.3041307121423051
56700.5,maxi,0.009714864864864864,0.004324594594594595,2.024358790657687,2.342083286839724
56719.5,maxi,0.010348378378378377,0.004006216216216216,4.038798022061621,10.533093503914577
56729.5,maxi,0.012227027027027028,0.006017297297297297,-0.18665481086288022,-0.3390991169582137
56733.5,maxi,0.018329189189189188,0.007585945945945945,0.28653816179144803,0.3171904615453405
56735.5,maxi,0.014092162162162162,0.0066099999999999996,-0.18224299065420557,-0.8193837748826924
56736.5,maxi,0.01804054054054054,0.007505675675675676,1.492257915414837,1.3813980129069128
56739.5,maxi,0.018716486486486484,0.006581891891891891,5.767662263067203,18.86604901795434
56743.5,maxi,0.0059937837837837835,0.0028335135135135136,-0.05590669413695569,-0.17618266938186888
56756.5,maxi,0.02550837837837838,0.010533243243243243,1.0474572299039138,0.9387854492877244
56757.5,maxi,0.011987027027027027,0.004027297297297297,0.4840731070496084,0.3279769198022928
56758.5,maxi,0.008403783783783784,0.003564324324324324,0.45628362175124765,0.42351937781575905
56767.5,maxi,0.011224324324324323,0.003798648648648648,2.513185813882995,5.386490031764526
56798.5,maxi,0.009507297297297298,0.004266486486486486,2.107618283881315,2.5482849380947967
56802.5,maxi,0.015997837837837838,0.006578378378378378,3.5287846481876333,9.68539220029735
56818.5,maxi,0.018794054054054054,0.004263783783783783,3.045243128964059,3.2990795392736563
56828.5,maxi,0.00961027027027027,0.003644054054054054,0.36001177608613366,0.2690416466610255
56833.5,maxi,0.011011351351351352,0.003820810810810811,5.937065148640102,12.877708261441207
56838.5,maxi,0.01274,0.0038897297297297295,1.719083969465649,2.4090971750445163
56839.5,maxi,0.009564054054054054,0.003906756756756757,0.5489969771915362,0.4253124805093756
56841.5,maxi,0.020310540540540538,0.008602162162162162,0.7692758812272362,0.5903772655397275
56843.5,maxi,0.011427027027027026,0.0038878378378378376,1.623316247466921,1.4596076865687952
56856.5,maxi,0.008363513513513512,0.0035497297297297295,1.3412856974967682,1.2116537515331243
56860.5,maxi,0.00690945945945946,0.0030694594594594597,0.48946010851196303,0.5479134911222312
56870.5,maxi,0.011032432432432432,0.005093243243243243,-1.9184807359504508,-1.5630148060825668
56872.5,maxi,0.012088918918918917,0.005793243243243242,1.45229754790851,1.0988446961254892
56889.5,maxi,0.014117837837837837,0.004593783783783784,1.0116422947131607,0.6293898666419817
56894.5,maxi,0.008932702702702702,0.003658378378378378,0.9308156140907647,0.6949819233006946
56895.5,maxi,0.011260270270270269,0.003827567567567567,1.1928944841566202,1.0598481194355933
56900.5,maxi,0.013354324324324323,0.0046075675675675675,1.665275670207385,2.071067524143799
56901.5,maxi,0.00832054054054054,0.003706216216216216,18.439560439560438,137.03508756002898
56903.5,maxi,0.007378378378378379,0.0036278378378378374,0.7530502684236212,0.7624384185169278
56913.5,maxi,0.016195135135135135,0.00409972972972973,0.7354824382841704,0.3315622515980417
56917.5,maxi,0.00891027027027027,0.0036918918918918916,0.6780735107731305,0.6259937379705102
56942.5,maxi,0.01352054054054054,0.00485972972972973,0.5595938297636223,0.4863580270384318
56945.5,maxi,0.011165945945945945,0.005357567567567567,0.6117198279360442,0.929876164266858
56949.5,maxi,0.0316754054054054,0.013977297297297296,0.7663459462053411,0.6671555087884404
56959.5,maxi,0.014285405405405405,0.006141081081081081,-0.32232335094930514,-0.4626263533619669
56960.5,maxi,0.01600864864864865,0.004855135135135135,1.3604114934373892,1.5810542722415102
56966.5,maxi,0.008325945945945946,0.0036845945945945943,0.4836075714462452,0.4165806760656159
56967.5,maxi,0.009246486486486486,0.0038597297297297294,0.8710104781404312,1.031818678385976
56973.5,maxi,0.008156486486486486,0.003434054054054054,1.1995548961424332,0.9357460717368813
56974.5,maxi,0.008793513513513514,0.0032818918918918914,0.686460933765337,0.3789463680110721
56976.5,maxi,0.009919189189189189,0.003265135135135135,4.100054975261132,7.152478324831658
56978.5,maxi,0.012483243243243243,0.003419189189189189,0.6658941676322905,0.38360201827521573
56979.5,maxi,0.00791945945945946,0.003222432432432432,2.8938390527794504,3.6329209848746364
56985.5,maxi,0.01331135135135135,0.0045532432432432435,0.6908873311677209,0.5495416058184781
56986.5,maxi,0.008664594594594593,0.00392,-12.418356456776948,-90.84266987424564
56992.5,maxi,0.00730108108108108,0.003253243243243243,0.2918651996881227,0.23658822656395978
57000.5,maxi,0.006448108108108108,0.0031894594594594596,0.9990756906644757,0.8163489722277383
57008.5,maxi,0.011115945945945945,0.0037035135135135133,0.5005224660397073,0.7734157462963824
57017.5,maxi,0.012601891891891892,0.005964054054054054,1.615698787492023,2.226527218492886
57041.5,maxi,0.010314594594594594,0.004979459459459459,2.0764183185235816,2.7166305118062057
57044.5,maxi,0.008289459459459459,0.0037648648648648648,3.0658658658658657,4.278169841596403
57045.5,maxi,0.007474864864864865,0.0036783783783783785,0.15076629368404307,0.3136094516982595
57046.5,maxi,0.014228378378378377,0.0040137837837837835,1.4103247697527872,1.5243770930853289
57058.5,maxi,0.011587567567567568,0.003709189189189189,1.4272659455427081,1.0338172409244053
57072.5,maxi,0.007053243243243242,0.0032567567567567566,0.5909227532311391,1.7969425355689312
57084.5,maxi,0.010333783783783784,0.0038948648648648647,-1.93999491482329,-3.4874360560567856
57102.5,maxi,0.015394864864864863,0.005457027027027027,-0.32586112629852376,-4.6368508926477165
57104.5,maxi,0.012816486486486485,0.005048378378378378,-0.5470896211887897,-0.5370816031068214
57105.5,maxi,0.013142972972972972,0.004658648648648648,1.9392405063291138,4.022101299732233
57106.5,maxi,0.00983810810810811,0.00412054054054054,-1.5008267879288961,-2.5314707584032656
57113.5,maxi,0.007714594594594594,0.0034829729729729726,1.463031423290203,1.7177366051683114
57116.5,maxi,0.009634594594594594,0.003513513513513513,0.34920154851197677,0.3611386353154082
57125.5,maxi,0.008287567567567567,0.003704054054054054,0.45582826690685285,0.5095857484902505
57128.5,maxi,0.037215135135135136,0.013228918918918918,3.4983540136743483,7.5215982674753326
57129.5,maxi,0.017634054054054053,0.0041554054054054055,3.500210762961922,3.451718179907473
57142.5,maxi,0.008104594594594594,0.0033797297297297295,0.7296701829349712,0.47333245209715574
57171.5,maxi,0.016272972972972973,0.007099189189189188,2.7865740287699383,3.409734973817777
57179.5,maxi,0.01176054054054054,0.0045532432432432435,2.9775430929837334,3.0546571393354047
57183.5,maxi,0.007492972972972973,0.0036348648648648644,0.3328386817535398,0.3698970973426699
57184.5,maxi,0.010546486486486486,0.004361621621621621,1.7108020231213872,2.712507916738901
57192.5,maxi,0.007758648648648649,0.0032005405405405403,0.45763239875389405,0.46603612836500796
57201.5,maxi,0.01039972972972973,0.00379054054054054,-2.659625829812915,-3.9865792447805655
57222.5,maxi,0.00805081081081081,0.003651351351351351,0.21521511540954183,0.2877898483732141
57223.5,maxi,0.011470270270270269,0.0036432432432432433,0.4388590469077644,0.19805900013039068
57224.5,maxi,0.011411351351351351,0.003526216216216216,0.42845271730098056,0.26308554104306847
57228.5,maxi,0.011602702702702703,0.0041035135135135134,0.10977384344873582,0.18819329069250945
57229.5,maxi,0.013588378378378379,0.004654594594594595,0.9530680068087864,0.896998322411998
57231.5,maxi,0.01721297297297297,0.005107297297297297,0.6226519337016574,0.27099273468092444
57236.5,maxi,0.016814054054054055,0.006917837837837838,-3.6720266149154424,-12.123730847592018
57259.5,maxi,0.008050540540540541,0.0036467567567567563,1.7064232966420507,1.9669214428002226
57260.5,maxi,0.016767567567567566,0.0037235135135135133,1.0177560975609756,0.6328562632647144
57261.5,maxi,0.013864864864864863,0.0037913513513513513,2.8742450677761373,3.0332363335802173
57262.5,maxi,0.007962162162162162,0.003820810810810811,-0.0015246807699637887,-0.5582248364224275
57263.5,maxi,0.009587567567567568,0.0039972972972972965,0.20251265704106505,0.4098359763304155
57274.5,maxi,0.00974972972972973,0.0036321621621621617,1.4172999861821196,1.4743781611089457
57292.5,maxi,0.007146756756756757,0.0034689189189189185,0.9033461873367336,0.980950828057386
57298.5,maxi,0.008645675675675674,0.003978108108108108,0.4771798661218813,0.6183039073370836
57309.5,maxi,0.01537216216216216,0.007611621621621621,-9.311493018259936,-98.8520332856136
57312.5,maxi,0.013668108108108108,0.006762702702702702,1.8095712861415751,3.30320499669842
57323.5,maxi,0.008673783783783784,0.004044054054054054,0.2180150865256619,0.4515293300683631
57327.5,maxi,0.008889999999999999,0.0035570270270270272,0.405403301152289,0.48269525310374245
57330.5,maxi,0.009014594594594595,0.003538648648648649,6.4968115942028986,24.629675964238075
57331.5,maxi,0.01187972972972973,0.0036713513513513514,-122.35882352941175,-4672.797041503206
57335.5,maxi,0.011543783783783783,0.003775945945945946,1.3565025828015802,0.888474029483464
57346.5,maxi,0.012328108108108108,0.0036899999999999997,1.695099139543584,1.5495226619649123
57348.5,maxi,0.010722432432432432,0.003672702702702703,0.45060710538150206,0.4756857019834401
57366.5,maxi,0.00985,0.003631891891891892,0.8998410174880763,0.6880134038147143
57383.5,maxi,0.022666756756756754,0.006576756756756757,0.9651735318842322,0.8682094706171718
57385.5,maxi,0.02169243243243243,0.007963243243243243,3.176240560949299,5.631963645226032
57389.5,maxi,0.015084324324324324,0.00640972972972973,6.945888107612351,24.022821364858785
57397.5,maxi,0.014051081081081081,0.004249729729729729,18.666666666666664,148.55369057971424
57405.5,maxi,0.009174864864864863,0.0036589189189189185,0.6615446500402252,0.6132486346096195
57418.5,maxi,0.010174054054054053,0.0038735135135135133,-7.289443378119001,-16.874523259345654
57425.5,maxi,0.010221891891891892,0.00325,1.552564336557766,0.9700722276377978
57444.5,maxi,0.00792945945945946,0.003898378378378378,1.1743552488194695,1.1540847507071714
57470.5,maxi,0.01178054054054054,0.0039086486486486485,1.192790888810614,1.1682986204079273
57471.5,maxi,0.007706486486486487,0.0037743243243243242,3.3101604278074865,9.045979773975505
57474.5,maxi,0.0074613513513513505,0.00356027027027027,0.5696587003436976,0.544265153610538
57482.5,maxi,0.012232972972972971,0.003912972972972973,-2.9643237486687966,-6.029921807616279
57486.5,maxi,0.012468378378378378,0.003987297297297297,2.4699196848007277,3.120956174977278
57490.5,maxi,0.008748918918918918,0.003615945945945946,0.39650413983440663,0.6124053571341049
57504.5,maxi,0.0073772972972972976,0.0034097297297297296,2.4918798665183535,3.5018100070952825
57516.5,maxi,0.010015135135135134,0.003947297297297297,2.1623968736430745,1.6276508625837423
57520.5,maxi,0.012887297297297297,0.004871891891891892,0.24650055178021726,0.43089421183262117
57521.5,maxi,0.010017027027027026,0.0044305405405405405,0.6046203161268929,0.45266544101877115
57525.5,maxi,0.02362216216216216,0.006748108108108108,9.657142857142857,63.20664994224329
57536.5,maxi,0.027628648648648647,0.007288648648648648,1.0480369824467373,1.0871408567354572
57538.5,maxi,0.015558918918918918,0.005444054054054054,7.248409893992933,23.368003367165862
57586.5,maxi,0.008754054054054054,0.003904324324324324,0.8019632740769682,0.4109064709036161
57593.5,maxi,0.013574594594594595,0.005442972972972973,1.2078420982911642,1.7014534115710171
57598.5,maxi,0.019734324324324322,0.008707837837837837,-38.57228400342173,-406.4764059570498
57611.5,maxi,0.010342432432432432,0.004479459459459459,-0.15301882180395993,-0.5402423783849991
57620.5,maxi,0.008962162162162163,0.0035816216216216215,2.4706872799632635,2.6894054056420162
57630.5,maxi,0.00865945945945946,0.0038816216216216214,0.7814149947201688,1.3369061391629329
57635.5,maxi,0.010655135135135135,0.003756216216216216,1.2386541471048513,0.9750109622787203
57656.5,maxi,0.007275135135135135,0.0036294594594594594,0.36068722654999463,0.6576673449092986
57658.5,maxi,0.009988108108108108,0.004244594594594594,1.8649109511178477,1.3375165001740623
57659.5,maxi,0.012818918918918919,0.005288648648648648,1.0640610104861774,1.2902335902265165
57669.5,maxi,0.019414594594594593,0.007141621621621621,1.170439898205374,0.6200289621564198
57670.5,maxi,0.015385135135135135,0.007268378378378378,0.7397299792291715,0.8307136932969754
57679.5,maxi,0.01819054054054054,0.007147027027027027,1.7857142857142858,1.591151777612839
57684.5,maxi,0.00988189189189189,0.004260810810810811,3.262998790810157,5.219425102467551
57686.5,maxi,0.015994054054054054,0.0038808108108108106,0.4851565207346656,0.4024426864496181
57688.5,maxi,0.01121027027027027,0.0036837837837837835,0.551965811965812,0.3965610580127338
57689.5,maxi,0.007936486486486486,0.0036716216216216213,-1.4626637946508705,-0.963191725595722
57694.5,maxi,0.011050270270270269,0.0035545945945945944,1.512690790601955,1.0704009935619565
57713.5,maxi,0.010932162162162161,0.004511891891891892,6.91016713091922,20.25180408695674
57716.5,maxi,0.014372702702702701,0.0035021621621621622,1.8309574870695093,1.6497715678581648
57717.5,maxi,0.008414594594594593,0.0032827027027027026,7.399630826026765,18.803637693445054
57733.5,maxi,0.010424594594594595,0.004113243243243243,0.6312752452394691,0.6334034862453988
57746.5,maxi,0.02918162162162162,0.008573513513513513,4.6742025937609535,9.966420102729392
57755.5,maxi,0.018377027027027027,0.004979729729729729,0.7596510099199235,0.5932712943612669
57758.5,maxi,0.010448108108108107,0.003957837837837838,0.5015798319327731,0.4776946132037978
57759.5,maxi,0.011456486486486487,0.003812972972972973,1.3021476698483998,0.7919652009669286
57765.5,maxi,0.012459999999999999,0.003584324324324324,0.4265589497601616,0.3204322266728586
57766.5,maxi,0.016757567567567567,0.0036464864864864865,7.470253884046987,18.5198552506783
57767.5,maxi,0.00829108108108108,0.0036413513513513514,-2.5124530075187965,-4.0070263833374975
57771.5,maxi,0.014886756756756755,0.0039048648648648647,0.578218841159984,0.42943427115840327
57779.5,maxi,0.007571351351351351,0.0036572972972972973,0.8891873158897937,0.7061070117033081
57784.5,maxi,0.01121081081081081,0.003529189189189189,1.0806910703647314,0.6022037953332804
57790.5,maxi,0.010885945945945946,0.0033235135135135136,2.1510198744769875,1.771719536563561
57796.5,maxi,0.009682702702702701,0.0034318918918918914,1.757370947203448,1.194762528460341
57811.5,maxi,0.015024324324324323,0.006676756756756757,4.236036807190242,8.837180040156806
57833.5,maxi,0.007388918918918918,0.0036008108108108107,3.522947236965345,7.2027147968551075
57835.5,maxi,0.010075135135135135,0.0035091891891891893,1.0253691783415373,0.6598904130033036
57851.5,maxi,0.014425135135135134,0.003642432432432432,-8.583955223880597,-32.93166213194225
57868.5,maxi,0.011478648648648648,0.003626486486486486,0.9766355140186914,0.5377417523027052
57886.5,maxi,0.02957945945945946,0.006908378378378378,2.266896816263905,1.9946626010735504
57899.5,maxi,0.010733783783783783,0.005237837837837838,-0.18245117129875496,-0.4556758560668091
57900.5,maxi,0.01281972972972973,0.0047186486486486484,2.245431255337319,3.4125571973476903
57903.5,maxi,0.008524864864864864,0.004053783783783784,0.21850844927768004,0.34099514217576726
57905.5,maxi,0.00924081081081081,0.003688378378378378,1.6439272727272727,1.8121854328758258
57910.5,maxi,0.006226756756756756,0.0029727027027027027,1.3013856812933027,1.0389821947596702
57913.5,maxi,0.009660270270270268,0.003542972972972973,1.0369490414550222,0.7623805984717176
57914.5,maxi,0.009848648648648648,0.0035186486486486483,0.15908736956860303,0.21281351842834512
57923.5,maxi,0.01314027027027027,0.0033802702702702705,3.2840341076154074,5.521530152493701
57926.5,maxi,0.006615135135135135,0.002872432432432432,0.47990028046120287,0.5028700212116345
57930.5,maxi,0.004918918918918919,0.0024494594594594594,0.6829268292682926,0.6268763735259548
57948.5,maxi,0.005984864864864865,0.00289027027027027,0.09459797424034012,0.26940744007583733
57951.5,maxi,0.012237297297297296,0.0037208108108108106,0.36825272501794926,0.37198260464087446
57952.5,maxi,0.008851351351351351,0.003386216216216216,0.08455945992729791,0.4055300117160634
57953.5,maxi,0.01209162162162162,0.003841351351351351,10.039776692254012,39.8618670905199
57954.5,maxi,0.011715405405405404,0.004505945945945946,1.152680984212772,0.7498351702624474
57955.5,maxi,0.010714594594594593,0.005128648648648648,1.048869973583798,1.5991773111484389
57958.5,maxi,0.016625135135135135,0.00599054054054054,-6.639892183288409,-14.665637890457722
57964.5,maxi,0.020655135135135137,0.007658378378378378,3.5148749555529215,6.0882458432882745
57965.5,maxi,0.018041081081081083,0.007498648648648648,0.18310207106682588,0.46306271083464473
57974.5,maxi,0.009638378378378379,0.0043218918918918915,-0.5081112398609501,-1.0899723408716273
57980.5,maxi,0.00899945945945946,0.003555405405405405,0.9117030459982736,1.0597935184848026
57982.5,maxi,0.007417837837837838,0.0035864864864864864,0.8418089524688511,0.7494978450763683
57984.5,maxi,0.00873,0.0037294594594594593,0.5335728282168517,0.4737497686294278
57995.5,maxi,0.015029189189189189,0.004522972972972973,6.25949074074074,10.37043286988304
57996.5,maxi,0.011226486486486486,0.0033799999999999998,7.100403078050567,14.252611173219366
58024.5,maxi,0.008991891891891892,0.003670810810810811,2.473847623596847,3.545909955038019
58037.5,maxi,0.015408648648648647,0.007313513513513514,-1.299290780141844,-25.548054433408687
58044.5,maxi,0.012344864864864864,0.004458648648648649,1.0960191669738297,1.959540950098964
58053.5,maxi,0.01753216216216216,0.0036454054054054054,1.5770601576844152,1.3440628110284611
58055.5,maxi,0.01051027027027027,0.0036616216216216213,2.849932401982875,9.122720158461618
58068.5,maxi,0.00942,0.0036078378378378378,0.5213596692696371,0.4780098196861606
58079.5,maxi,0.007547297297297297,0.002802972972972973,0.33943823915900134,0.3815405635477713
58091.5,maxi,0.006795135135135135,0.0030556756756756755,1.1589223924864063,0.9275912640444866
58093.5,maxi,0.007354054054054054,0.003183783783783784,0.9538786673296866,0.8642021263700052
58095.5,maxi,0.013158108108108107,0.0035867567567567566,13.682259488084732,66.69186394076597
58103.5,maxi,0.028717837837837837,0.006648918918918919,2.5016264467811484,1.976412476828152
58107.5,maxi,0.023938108108108105,0.008133783783783783,2.4366330851219153,2.483329168721041
58109.5,maxi,0.03657351351351351,0.01777810810810811,44.861491628614914,943.7241295592984
58116.5,maxi,0.010142972972972973,0.004816216216216216,-2.7368060315284444,-5.001729882522585
58117.5,maxi,0.010141891891891892,0.004522432432432433,2.840557939914163,4.931280541930698
58125.5,maxi,0.007405135135135135,0.003585945945945946,7.265806451612903,29.996320644549318
58127.5,maxi,0.00893108108108108,0.0035127027027027024,0.9121271991720765,0.7803188479955869
58137.5,maxi,0.009772162162162161,0.004028648648648649,0.2625536126690861,0.21276075803715105
58139.5,maxi,0.014967297297297295,0.006728918918918918,8.240060774879716,23.056992424726168
58140.5,maxi,0.012377567567567567,0.00357,0.8095298602287166,0.46734219543703526
58165.5,maxi,0.008028108108108108,0.0032959459459459455,1.3557663800770827,0.8861114789424084
58174.5,maxi,0.011911621621621621,0.005758378378378378,2.26020197856554,2.239147068077418
58212.5,maxi,0.015105135135135134,0.0034986486486486483,3.378357487922705,4.043210692063431
58240.5,maxi,0.007652432432432432,0.003824324324324324,0.24902142196284963,0.4209976587107255
58247.5,maxi,0.013922972972972972,0.006196486486486486,0.786413492157094,0.6683186274413625
58314.5,maxi,0.010406486486486484,0.004151621621621622,0.6075135214149978,0.5372569866804686
58315.5,maxi,0.013474054054054054,0.004785945945945946,-1.3963636363636365,-4.069289582281478
58319.5,maxi,0.017797837837837834,0.006769729729729729,0.08009264903084237,0.5813541422588347
58332.5,maxi,0.018114054054054054,0.005131891891891892,0.8379796839729119,0.6107511162247636
58335.5,maxi,0.010765405405405404,0.004265945945945946,2.5743368291178284,4.30596165661321
58344.5,maxi,0.009387027027027026,0.0037583783783783783,1.261187883225039,1.0106620978094696
58348.5,maxi,0.011151621621621621,0.0040467567567567565,1.6592876712328768,1.561843438199675
58351.5,maxi,0.00886135135135135,0.00406054054054054,1.611888941623161,1.6640889062821589
58352.5,maxi,0.009298918918918918,0.003876756756756757,0.24580221261301735,0.3632742957784845
58357.5,maxi,0.01393918918918919,0.003332162162162162,1.6213502596653202,1.1161209347187406
58370.5,maxi,0.005460810810810811,0.0026870270270270267,0.4176980198019802,0.479602037675276
58380.5,maxi,0.008094594594594594,0.0031402702702702703,0.5143693453964876,0.48513757464914925
58383.5,maxi,0.011893783783783782,0.0033929729729729728,4.142955801104972,15.209036318217976
58385.5,maxi,0.012956216216216216,0.0035105405405405406,1.676979912260448,2.361623185981486
58392.5,maxi,0.025445675675675673,0.007562702702702703,2.0396078050674693,1.2474830113918702
58404.5,maxi,0.010996486486486486,0.005108378378378378,3.0961392884178647,7.348178184120351
58408.5,maxi,0.009642162162162161,0.00409081081081081,0.6488799395922477,0.9768231847079896
58416.5,maxi,0.010358108108108107,0.003674324324324324,1.6370544349267755,1.790792887056985
58429.5,maxi,0.016453243243243244,0.0037637837837837832,0.9418234223300971,0.6085994122345377
58432.5,maxi,0.007418648648648649,0.0031708108108108105,16.65069860279441,177.70733269402785
58434.5,maxi,0.007808378378378378,0.0029264864864864864,1.7104316546762592,4.24726741193067
58435.5,maxi,0.00852027027027027,0.002993783783783784,0.8098828442176081,0.7185354599971046
58464.5,maxi,0.01839054054054054,0.006216216216216216,2.541404612159329,3.263172676118102
58477.5,maxi,0.01425027027027027,0.004451081081081081,5.377017678708685,15.245583612173386
58478.5,maxi,0.008033783783783784,0.0037772972972972972,8.642642642642642,47.05414820598905
58479.5,maxi,0.00848135135135135,0.003774864864864865,0.5035731887629374,0.40729390152367173
58481.5,maxi,0.008563243243243241,0.003963513513513513,4.555555555555556,16.711154838183937
58494.5,maxi,0.006732432432432433,0.0031356756756756752,0.6554819592121318,0.5716223277274753
58497.5,maxi,0.007297567567567567,0.0035854054054054053,1.0694164989939638,1.0413841737657488
58501.5,maxi,0.013239189189189189,0.003224594594594595,1.4798412901574298,1.1681485016968807
58507.5,maxi,0.005336756756756756,0.002495945945945946,0.24220549838734448,0.5838054455319207
58508.5,maxi,0.007781081081081081,0.002682432432432432,0.5906668819635071,0.40370594254829745
58509.5,maxi,0.1423564864864865,0.004194864864864865,1.055031058566049,0.07008520816628215
58510.5,maxi,0.5406475675675675,0.00737027027027027,1.0627746798522417,0.034735055871728045
58511.5,maxi,0.9385783783783783,0.009201891891891892,1.0327856110063713,0.02438825376837467
58512.5,maxi,1.2538532432432432,0.010517837837837838,0.9663300721354159,0.019257689424539745
58513.5,maxi,1.4853772972972972,0.011735675675675676,0.9608292990256025,0.018038511728963886
58514.5,maxi,1.6699027027027025,0.01201027027027027,0.9893098838453672,0.016992940360302917
58515.5,maxi,1.7441935135135134,0.012645135135135136,0.9726444577753696,0.01678766310110079
58516.5,maxi,1.803465945945946,0.012444864864864864,0.9450430876092736,0.015302073192540832
58517.5,maxi,1.9323872972972973,0.013274594594594595,0.940577796731971,0.015037084228599952
58518.5,maxi,1.9453021621621622,0.012928648648648648,0.7524331412536983,0.011030487044421404
58519.5,maxi,2.177871621621622,0.014607837837837838,0.5594508463003431,0.007867526204110666
58520.5,maxi,2.36322,0.01468108108108108,0.4745857223297278,0.006084963566739417
58521.5,maxi,2.4244375675675673,0.015978108108108107,0.4284650956741679,0.0057917645880036835
58522.5,maxi,2.5997545945945943,0.015407567567567568,0.3489469506706438,0.004233668083056702
58523.5,maxi,2.598413783783784,0.01656216216216216,0.3115911118668383,0.004069894248408703
58524.5,maxi,2.602737297297297,0.016564864864864862,0.3233345094952007,0.004206412343133316
58525.5,maxi,2.4167997297297297,0.016625675675675675,0.29052266336257554,0.00411903620097359
58526.5,maxi,2.2689775675675676,0.016134864864864866,0.27311274839526095,0.004023359664338229
58527.5,maxi,2.324427567567567,0.016915405405405405,0.3311270617903555,0.004922499870947088
58528.5,maxi,2.2445262162162165,0.01757837837837838,0.29811181113894947,0.004793809155760903
58529.5,maxi,1.9449208108108107,0.01656891891891892,0.25900729930086214,0.004580202617631781
58530.5,maxi,1.7195435135135135,0.015611621621621621,0.20664320386147897,0.004028457289473939
58531.5,maxi,1.7068864864864863,0.017378918918918917,0.21230266219434482,0.004612065146377448
58532.5,maxi,1.7594283783783782,0.020567567567567568,0.24058184112029712,0.005910144663211012
58533.5,maxi,2.009491891891892,0.021947027027027024,0.268167563920752,0.00606413315226863
58534.5,maxi,1.607923243243243,0.022206486486486484,0.19900732116759715,0.005944092102656903
58535.5,maxi,1.6102959459459458,0.019792432432432432,0.1949533147463685,0.005190907414436923
58536.5,maxi,1.7663751351351349,0.02559162162162162,0.23992732015506824,0.007235924771662315
58537.5,maxi,1.6200056756756755,0.032819189189189184,0.22457880243417955,0.009715128139773445
58538.5,maxi,1.8402116216216216,0.07715027027027026,0.24005650880833945,0.021149961078594206
58539.5,maxi,1.944706216216216,0.05040891891891892,0.2612411247556681,0.014225126409165125
58540.5,maxi,1.8459445945945945,0.03689864864864865,0.24352542902051294,0.010290782233079656
58541.5,maxi,1.6126959459459458,0.03944621621621621,0.20700923808515984,0.010983399167657138
58542.5,maxi,1.5586605405405405,0.03339108108108108,0.20249204302387713,0.009446892476437848
58543.5,maxi,1.4345037837837837,0.036978648648648645,0.18807166444074544,0.010696143436349162
58544.5,maxi,1.4577454054054053,0.03126027027027027,0.18313174814438662,0.008714890020406667
58545.5,maxi,1.399439189189189,0.06052918918918918,0.20757490105168266,0.019671875465965497
58550.5,maxi,1.2996978378378377,0.07385864864864865,0.1735618908242226,0.022921925779514442
58553.5,maxi,1.202113243243243,0.021213243243243245,0.19766838041547613,0.0076008059913034295
58554.5,maxi,1.0893475675675675,0.013571891891891891,0.17949845853512209,0.0049531008301261096
58555.5,maxi,1.0877127027027025,0.012525675675675675,0.17596451075902114,0.004528379101939492
58556.5,maxi,1.2238867567567568,0.01450891891891892,0.21363644664138817,0.005498426224540165
58557.5,maxi,0.6623762162162161,0.01391864864864865,0.18206488389876113,0.008561712223372903
58558.5,maxi,0.8644632432432432,0.011624054054054053,0.1658083727346027,0.005067283444815452
58559.5,maxi,0.8078464864864864,0.01100135135135135,0.14298506599551697,0.004652021483881637
58560.5,maxi,0.8686821621621621,0.011459459459459458,0.19142272779529354,0.005563559747246288
58561.5,maxi,0.8429827027027026,0.012041081081081081,0.21268583117096093,0.006575370465842617
58562.5,maxi,0.8278689189189188,0.012046756756756757,0.19308223393653157,0.006187568335873534
58563.5,maxi,0.7456683783783784,0.012286486486486486,0.17910152689411396,0.0066384310562062855
58564.5,maxi,0.7118372972972973,0.011785405405405404,0.17464219407643916,0.006552514713619165
58565.5,maxi,0.6629502702702703,0.012508378378378378,0.17348923289261126,0.0074122974903556
58566.5,maxi,0.6519910810810811,0.011725945945945946,0.1632971303131345,0.006788156641265669
58567.5,maxi,0.6347483783783783,0.012209459459459459,0.16830328112840706,0.007399533043257198
58568.5,maxi,0.6291356756756756,0.01200108108108108,0.18725227911732129,0.00790141292282113
58569.5,maxi,0.6588383783783783,0.01311027027027027,0.21284434492862717,0.00914967485809792
58570.5,maxi,0.5843386486486486,0.011683783783783782,0.1883010431498649,0.008373939107799202
58571.5,maxi,0.5888951351351351,0.012645405405405406,0.19548739282208175,0.009297779289380323
58572.5,maxi,0.6365943243243243,0.03721783783783784,0.1932054173223961,0.02525671463183565
58573.5,maxi,0.5115889189189189,0.013498378378378379,0.15933537617820726,0.009662159959689314
58574.5,maxi,0.567457027027027,0.008677837837837836,0.24849182719674984,0.007927744870037624
58575.5,maxi,0.48174567567567567,0.007494054054054054,0.1953465594745563,0.00659576127595582
58576.5,maxi,0.45179405405405404,0.007735945945945945,0.18943046998690835,0.0070606890802254125
58577.5,maxi,0.34919594594594594,0.010787837837837837,0.12671094195668203,0.009953954975165508
58578.5,maxi,0.3264267567567567,0.006974324324324325,0.10670944603065075,0.0060518337475667485
58579.5,maxi,0.36444405405405406,0.006396486486486486,0.13647001075748574,0.005903938944684644
58580.5,maxi,0.3798762162162162,0.006666486486486487,0.1755020439623966,0.006967334612531076
58581.5,maxi,0.3343394594594594,0.006083243243243243,0.1492477206216589,0.006501383798986483
58582.5,maxi,0.3397843243243243,0.006345945945945946,0.18951745782659868,0.007749626028460849
58583.5,maxi,0.3085716216216216,0.005901891891891891,0.1584363297024821,0.006997232862496899
58584.5,maxi,0.28437486486486485,0.00860972972972973,0.14462809556380776,0.010601417846207271
58585.5,maxi,0.30249540540540537,0.007129729729729729,0.17105399474462452,0.00910004365040942
58586.5,maxi,0.2948397297297297,0.005912162162162162,0.1810431721966041,0.008260993296400404
58587.5,maxi,0.24045297297297297,0.005301621621621622,0.14191560499557512,0.007572344185502671
58588.5,maxi,0.22409972972972972,0.005357567567567567,0.14673472382026115,0.008408420811522864
58589.5,maxi,0.22546729729729728,0.0051767567567567565,0.1469079719450537,0.008126208960431149
58590.5,maxi,0.19937945945945945,0.005259189189189189,0.11085974436937199,0.00810464705798663
58591.5,maxi,0.2049472972972973,0.005344594594594594,0.14855531700250912,0.009504578284433613
58592.5,maxi,0.19789756756756757,0.00514,0.15357118562053418,0.0096070872257266
58593.5,maxi,0.1689318918918919,0.0049937837837837834,0.10492851522876098,0.009121416166838087
58594.5,maxi,0.17117054054054054,0.004874054054054054,0.10954848260547742,0.00876228047977787
58595.5,maxi,0.15569054054054052,0.0050313513513513515,0.10882790700426985,0.009894599657575838
58596.5,maxi,0.14333540540540538,0.0049535135135135135,0.09444587814528016,0.009947579428016856
58597.5,maxi,0.14938027027027026,0.005041891891891892,0.11266546353145618,0.010612125331245002
58598.5,maxi,0.16124486486486486,0.005031081081081081,0.16434950062641984,0.012005110966617796
58599.5,maxi,0.17469459459459458,0.00552945945945946,0.1980571987424064,0.013474999328611813
58600.5,maxi,0.2055627027027027,0.005623243243243243,0.3517718074197483,0.018771099351918532
58601.5,maxi,0.21679270270270268,0.0059937837837837835,0.5102466073252591,0.026640309206910354
58602.5,maxi,0.19302945945945946,0.005581891891891892,0.6613693595589737,0.03651642320622701
58603.5,maxi,0.18513567567567565,0.006005945945945945,0.725983724435871,0.04498641872780776
58604.5,maxi,0.1678635135135135,0.005711621621621621,0.8925698113207546,0.05987650650576375
58605.5,maxi,0.14733648648648648,0.005975405405405405,0.904258921307799,0.0717042547558243
58606.5,maxi,0.13724108108108107,0.005734594594594595,0.816856101222389,0.06784300784238935
58607.5,maxi,0.11326891891891891,0.005586486486486486,0.859943430646754,0.07826181236100484
58608.5,maxi,0.09837756756756756,0.006198648648648649,0.9234763460718853,0.1092914818887957
58609.5,maxi,0.10435567567567568,0.0073740540540540534,1.0312121609990226,0.1469831700447622
58610.5,maxi,0.10270810810810811,0.013526486486486487,0.7676864814897645,0.23252191397900004
58611.5,maxi,0.05207594594594594,0.007499459459459458,0.8794499527856469,0.2272688636390031
58612.5,maxi,0.02463189189189189,0.007245945945945946,1.1847812261511068,0.6861833884980486
58613.5,maxi,0.03131648648648649,0.007289459459459459,2.8560899207665376,1.84213230780496
58614.5,maxi,0.027077027027027023,0.00671054054054054,0.8921543717004036,0.423269756301315
58625.5,maxi,0.013825945945945946,0.005316216216216216,0.3414334949471348,0.48574017741549974
58626.5,maxi,0.015683243243243244,0.004642702702702702,1.5232930414897095,0.9530697736611795
58632.5,maxi,0.00971135135135135,0.003711351351351351,0.5385900614422766,0.3731339699439125
58633.5,maxi,0.025438378378378375,0.003984864864864865,0.8025455887003267,0.2438412153252017
58634.5,maxi,0.044054054054054055,0.004402972972972973,0.8270389020537124,0.1400950024429505
58635.5,maxi,0.06259621621621622,0.004335675675675676,0.7507913911626426,0.09968794873973903
58636.5,maxi,0.09427675675675676,0.00480054054054054,0.8594030565420375,0.08688968670749521
58637.5,maxi,0.10455702702702703,0.00492972972972973,0.9239709993122117,0.08825290042342071
58638.5,maxi,0.13451945945945945,0.0054091891891891895,1.0094924632703681,0.08773987431500059
58639.5,maxi,0.1645245945945946,0.005735945945945945,0.9865455022695696,0.07749144386940217
58640.5,maxi,0.1692645945945946,0.0060883783783783774,0.9909810440651051,0.07800683522682168
58641.5,maxi,0.2083235135135135,0.007352972972972973,0.9030775436824434,0.06919831358757887
58642.5,maxi,0.22335135135135134,0.009445405405405404,0.9267228854879447,0.09148777315026228
58643.5,maxi,0.2424662162162162,0.007685405405405405,0.9867652511107464,0.07266335206837085
58644.5,maxi,0.2658048648648648,0.01362027027027027,0.8447651347083383,0.09044931623112716
58645.5,maxi,0.26454324324324324,0.00964081081081081,0.9202409263889846,0.07327171975558558
58646.5,maxi,0.2959872972972973,0.006167837837837838,0.9772967532045339,0.04534918997924129
58647.5,maxi,0.2967913513513513,0.00570027027027027,0.8906237036538742,0.037060557727164205
58648.5,maxi,0.3002535135135135,0.005670810810810811,0.8447804994783543,0.03392436280025147
58649.5,maxi,0.3169681081081081,0.005697837837837837,0.9566377672755477,0.03793672188516176
58650.5,maxi,0.31072594594594594,0.005782702702702702,0.9282403245258195,0.03819263852690795
58651.5,maxi,0.30422675675675676,0.005674324324324324,1.0142955712264206,0.04191302123420839
58652.5,maxi,0.3076121621621622,0.005721351351351351,0.9809890127575244,0.04093965482277647
58653.5,maxi,0.29841027027027023,0.00550027027027027,0.9532566856450747,0.03873114414617391
58654.5,maxi,0.30940513513513507,0.005652162162162162,0.8647338091461804,0.03485872232488627
58655.5,maxi,0.2885862162162162,0.005834054054054054,0.956963063034657,0.043244567576540896
58656.5,maxi,0.28251297297297295,0.005298918918918918,0.8926573910883759,0.03732774506580436
58657.5,maxi,0.26121189189189187,0.00545081081081081,1.0372437485920252,0.0488643210280865
58658.5,maxi,0.2555091891891892,0.005169729729729729,1.0662939958592133,0.04933031140423735
58659.5,maxi,0.2545245945945946,0.005368378378378378,0.9313346821163632,0.04293687667104025
58660.5,maxi,0.24322324324324324,0.005006486486486486,1.0124798448274837,0.04647498438151901
58661.5,maxi,0.2507072972972973,0.005286756756756756,1.112521385084441,0.05470979585460561
58662.5,maxi,0.2369416216216216,0.005047027027027026,1.015160144111129,0.04848227386480602
58663.5,maxi,0.2168989189189189,0.005039189189189188,1.0555017494560657,0.05466877402184448
58664.5,maxi,0.20065972972972973,0.004757027027027026,0.9902463676563485,0.052001164078957086
58665.5,maxi,0.19765918918918918,0.005132162162162161,1.054148744938344,0.06141204039965999
58666.5,maxi,0.1998072972972973,0.005073243243243243,1.1014024155764657,0.06357901604081098
58667.5,maxi,0.18608918918918918,0.005167027027027027,1.023814230811811,0.06307668011670965
58668.5,maxi,0.16523,0.005007567567567567,0.9643511098518647,0.06221870642923483
58669.5,maxi,0.16440054054054054,0.005144054054054054,1.0936811752151308,0.07411830463896535
58670.5,maxi,0.15590567567567568,0.00473,1.0201445465270744,0.06555903538697953
58671.5,maxi,0.16386297297297295,0.005317567567567568,1.0216334382651275,0.06961867991653081
58672.5,maxi,0.1574827027027027,0.005233243243243243,1.0796596624829595,0.07550894592831438
58673.5,maxi,0.1456756756756757,0.005283783783783784,1.0795490538182795,0.08465006260939105
58674.5,maxi,0.15556405405405405,0.004863243243243243,1.1473837102215019,0.0795203976102856
58675.5,maxi,0.12819351351351352,0.005045135135135135,1.038157733421294,0.08472560005252397
58676.5,maxi,0.13055054054054052,0.005166216216216216,0.98514901786717,0.07610842516040198
58677.5,maxi,0.14543108108108108,0.006829999999999999,0.8992799939127623,0.08505712676015224
58678.5,maxi,0.12680513513513514,0.005608378378378378,1.0069882981372085,0.09088150574448249
58679.5,maxi,0.13144999999999998,0.006269189189189189,1.0479973841511685,0.10188166380315072
58680.5,maxi,0.12623135135135136,0.0063786486486486485,1.345915352891281,0.14760435891616655
58681.5,maxi,0.15067486486486487,0.008475135135135134,1.2195586889707435,0.15012393544352173
58682.5,maxi,0.1478927027027027,0.019017837837837837,0.9275353397428006,0.2732090742701162
58684.5,maxi,0.12415297297297297,0.012709459459459458,1.4224940925990144,0.32190344374453106
58685.5,maxi,0.16111783783783784,0.018795135135135137,1.2735148990708107,0.3525347874595284
58686.5,maxi,0.08174135135135135,0.00779,0.9893114591101169,0.17862641133328885
58687.5,maxi,0.0854227027027027,0.00630054054054054,0.9570802846210645,0.14214455660524264
58688.5,maxi,0.08832459459459459,0.00711,0.938091143594153,0.15570453152094757
58689.5,maxi,0.0768462162162162,0.006038648648648648,1.1220592047280833,0.1847743929496222
58690.5,maxi,0.07573702702702702,0.0058662162162162156,0.7482632992682701,0.10944994276231415
58691.5,maxi,0.06956891891891892,0.005614594594594595,0.7615534349332953,0.12589073397454673
58692.5,maxi,0.05320378378378378,0.005379999999999999,1.1199752317836462,0.2542884662177698
58693.5,maxi,0.0446027027027027,0.005032432432432433,1.0705953569032933,0.21942886401138142
58694.5,maxi,0.029290270270270268,0.0052475675675675675,0.7497331133540373,0.2696004879074118
58695.5,maxi,0.05348135135135135,0.011763243243243243,1.1464622517254095,0.7577166381173394
58696.5,maxi,0.024558108108108108,0.004759189189189189,1.0820387235019515,0.46760767993439767
58697.5,maxi,0.028481891891891892,0.009214054054054052,0.5718738760340487,0.5119252669627317
58699.5,maxi,0.02986108108108108,0.012368648648648648,0.9091028849953893,0.930372926743479
58707.5,maxi,0.01097972972972973,0.0035175675675675677,0.6259411362080767,0.46510614112546117
58708.5,maxi,0.00979027027027027,0.003554324324324324,5.145137157107232,17.67880787756694
58720.5,maxi,0.013333513513513513,0.005518648648648648,35.16590909090909,657.1558236570845
58729.5,maxi,0.008282432432432431,0.0028002702702702702,8.218627450980392,38.80052289642162
58732.5,maxi,0.006341351351351351,0.002685945945945946,-5.036199095022624,-9.327585333063022
58734.5,maxi,0.006326216216216216,0.0027118918918918916,0.3991887377714149,0.5515227971942076
58742.5,maxi,0.007878108108108108,0.0033116216216216216,1.2318855184923916,0.8953629647249818
58743.5,maxi,0.00848162162162162,0.0032305405405405403,0.7260543949546708,0.4195534946191953
58744.5,maxi,0.01814081081081081,0.0033959459459459457,0.5056151454896799,0.1719934251312922
58745.5,maxi,0.009660270270270268,0.0033499999999999997,0.510143753796315,0.24315210409688057
58746.5,maxi,0.013458108108108107,0.0036232432432432428,2.0021822149481725,0.9401813445021766
58747.5,maxi,0.024588378378378378,0.0036197297297297297,1.1443832100256681,0.340488930393152
58748.5,maxi,0.020206216216216214,0.0038337837837837834,1.4562768240343347,0.50712946584076
58749.5,maxi,0.011864054054054054,0.0037983783783783784,0.798992406542056,0.5563623113050411
58750.5,maxi,0.015846216216216215,0.003943243243243243,0.7691346099210182,0.4319176863520872
58751.5,maxi,0.014822702702702702,0.004402162162162162,1.2527092250250433,0.515463828926319
58752.5,maxi,0.012716486486486487,0.003707027027027027,2.781858182433576,2.8273058223659095
58753.5,maxi,0.01950918918918919,0.004316756756756757,0.9816314787766123,0.40099462650708545
58758.5,maxi,0.022164864864864863,0.006439459459459459,1.0252060943502095,0.6912306732614623
58760.5,maxi,0.013989729729729729,0.006207567567567567,1.2373297002724795,2.211435034268798
58761.5,maxi,0.015015675675675676,0.006418378378378378,1.2654738878143132,2.8471281909715853
58764.5,maxi,0.03648945945945946,0.005701891891891892,1.1283077366789243,0.5075679115940332
58765.5,maxi,0.014697297297297296,0.004780810810810811,2.9412559081701555,4.4020715653661
58766.5,maxi,0.012928648648648648,0.004546756756756757,2.4935776942355887,3.292868875390977
58768.5,maxi,0.008664054054054054,0.004097027027027027,1.539435098008952,1.9581865353652745
58772.5,maxi,0.007044864864864864,0.0032418918918918917,0.47083859501426495,0.27131633107787356
58773.5,maxi,0.00888891891891892,0.0031116216216216215,0.22277172080476562,0.5294224108849095
58778.5,maxi,0.010059729729729728,0.003058378378378378,0.3748694224742576,0.2633849377450941
58784.5,maxi,0.00643081081081081,0.003092162162162162,2.1217443973349486,2.8644480828625234
58785.5,maxi,0.00592,0.0029589189189189184,6.246478873239436,121.49127874529408
58786.5,maxi,0.00744054054054054,0.0030154054054054055,1.9487924182207275,1.7807159931713672
58791.5,maxi,0.014975135135135135,0.0031921621621621623,1.5280244577085456,1.3492886670558877
58793.5,maxi,0.007678378378378379,0.0027464864864864863,1.178488998307432,1.0669938580705327
58799.5,maxi,0.006484594594594595,0.003038108108108108,-0.7846877098723976,-0.8017281858276378
58800.5,maxi,0.01010135135135135,0.0038808108108108106,-7.28717424629535,-25.943577484892927
58805.5,maxi,0.006448378378378378,0.0024859459459459455,0.7703074804956402,1.1344912307990036
58808.5,maxi,0.008201621621621621,0.00253972972972973,1.3484025760828386,0.9156421622521684
58810.5,maxi,0.010482702702702703,0.003058378378378378,1.3480648977522391,0.7696646784612258
58811.5,maxi,0.008444324324324324,0.00267972972972973,1.140362100953234,0.45891248444605
58812.5,maxi,0.015073243243243243,0.0028335135135135136,1.4171738072054527,0.5257159695555974
58813.5,maxi,0.011248918918918918,0.002897297297297297,0.36578595661560603,0.16100942479568384
58814.5,maxi,0.00835918918918919,0.002968918918918919,0.9335095200912967,0.4156869715734943
58815.5,maxi,0.012565135135135134,0.003031891891891892,5.7515979081929105,8.511140899859933
58816.5,maxi,0.008068918918918918,0.002823513513513513,1.0342350332594235,0.5789104224570256
58817.5,maxi,0.011125135135135134,0.0031740540540540537,3.4617710583153354,3.8674529502780466
58819.5,maxi,0.008488378378378377,0.003287567567567567,2.916868442292171,12.447185820459678
58830.5,maxi,0.01440945945945946,0.006306756756756757,2.5587770163415917,6.525710409113762
58834.5,maxi,0.013224594594594595,0.004852702702702702,0.8619660511098676,0.6687480542441309
58837.5,maxi,0.00935972972972973,0.0033748648648648646,0.47688696280245574,0.3551845926702904
58840.5,maxi,0.011191621621621621,0.003932972972972973,0.7310798488993097,0.502369929401537
58843.5,maxi,0.007208918918918918,0.003381621621621622,0.8241108964890353,0.81568802663534
58850.5,maxi,0.0074708108108108105,0.002981081081081081,1.5123330714846817,1.5355780319345516
58851.5,maxi,0.008297567567567566,0.0029367567567567567,1.9227489768076398,2.102047145637987
58852.5,maxi,0.006488108108108108,0.0031497297297297293,0.4500879765395895,0.6544438562031861
58853.5,maxi,0.009555135135135133,0.003053243243243243,0.3506178822389145,0.4097941811723921
58854.5,maxi,0.010169189189189189,0.003156216216216216,0.7783400144575147,0.4469659656485583
58856.5,maxi,0.01469189189189189,0.0032308108108108106,1.3554126042818375,0.9967895695225191
58865.5,maxi,0.011058108108108108,0.0028116216216216216,2.2726109994518544,2.054529275516582
58880.5,maxi,0.006728378378378378,0.0024237837837837836,0.17356599220345273,0.680121106039647
58882.5,maxi,0.005976486486486486,0.0026286486486486486,1.0009839291571008,1.0136085889828004
58884.5,maxi,0.011299459459459458,0.002724054054054054,1.9344743771521165,1.056502645813373
58885.5,maxi,0.0071248648648648645,0.0027537837837837836,0.5870017174365,0.46494584519421633
58886.5,maxi,0.012198378378378378,0.0029208108108108107,0.8109554777388693,0.3095623029775896
58887.5,maxi,0.009269459459459459,0.0029556756756756756,0.9813876194432903,0.5638311216915626
58888.5,maxi,0.006686216216216216,0.0028656756756756754,0.8186062478544456,0.4147705564619157
58889.5,maxi,0.007878918918918919,0.0029248648648648647,0.7181058830599123,0.35069387665035345
58896.5,maxi,0.009744324324324325,0.004040810810810811,2.6485836909871243,2.802254164360864
58897.5,maxi,0.008469189189189189,0.003633513513513513,0.5202978971962617,0.8604039540404324
58899.5,maxi,0.010868108108108107,0.003898108108108108,0.4418952618453865,0.42583781946636
58902.5,maxi,0.013944324324324324,0.004355405405405405,0.9567844476553263,1.1953443237224262
58908.5,maxi,0.012696756756756756,0.004502972972972972,0.12358154112179832,0.3472107572425757
58910.5,maxi,0.010977027027027027,0.004418378378378379,1.037239926257572,0.5694691183102589
58912.5,maxi,0.008532432432432431,0.00412054054054054,0.6553792327877046,0.9794449333560696
58917.5,maxi,0.00707972972972973,0.0033848648648648646,-3.1597887091449324,-6.83205565958014
58921.5,maxi,0.008414324324324323,0.0030908108108108107,3.464222614840989,8.537301244892882
58924.5,maxi,0.008845675675675676,0.0029216216216216215,0.7469135802469136,1.9713914156585266
58927.5,maxi,0.0065851351351351355,0.0029802702702702703,0.7169556025369979,0.5189976747108138
58931.5,maxi,0.012293513513513512,0.0032462162162162165,4.59421265141319,6.298212778537558
58933.5,maxi,0.01076837837837838,0.0034594594594594594,1.23177808727948,1.1801030547050104
58936.5,maxi,0.013672162162162162,0.0034140540540540543,1.2070377076281191,0.7172688158012038
58940.5,maxi,0.008993513513513513,0.0026064864864864864,0.6794327445652173,0.4252717627158147
58951.5,maxi,0.005712162162162162,0.002361351351351351,1.0340639028254555,0.7561071065765889
58957.5,maxi,0.006259189189189189,0.0027059459459459457,0.6764165503049901,0.3906102959502403
58972.5,maxi,0.04510216216216216,0.0055237837837837835,2.5334112397747797,1.1911038707944837
58973.5,maxi,0.02276972972972973,0.008128648648648647,3.3148642634623946,4.781528766895613
58981.5,maxi,0.019728918918918918,0.005386756756756757,2.036293677204659,1.9212997987279163
58984.5,maxi,0.013612162162162161,0.005005405405405405,0.5786710772328492,0.6405588935678763
58986.5,maxi,0.011758378378378379,0.004347567567567567,2.395008051529791,3.064542376904207
58988.5,maxi,0.015954864864864866,0.004652162162162162,0.4760286098718221,0.5317743128039893
58989.5,maxi,0.023420270270270268,0.0046983783783783786,0.9599027147834088,0.7013837809239903
58990.5,maxi,0.03382189189189189,0.006481351351351351,19.93552101324122,120.37096276771472
59002.5,maxi,0.011581081081081081,0.003354864864864865,0.28383167773174267,0.27021309696444207
59003.5,maxi,0.008350540540540541,0.0034108108108108106,1.05875941339675,0.8887651274268837
59006.5,maxi,0.007224594594594595,0.0032070270270270268,0.9767932489451475,0.8514912206980088
59009.5,maxi,0.010974594594594595,0.003331891891891892,1.5646666666666667,1.583215826154125
59029.5,maxi,0.007587027027027027,0.002821621621621621,1.3177651680488869,1.5868509019868693
59030.5,maxi,0.00616081081081081,0.002768108108108108,2.696619015203086,2.9319882238000643
59032.5,maxi,0.005943243243243242,0.002895945945945946,1.5654761904761905,1.863902602728259
59036.5,maxi,0.007715405405405405,0.0031921621621621623,1.3825922985311632,0.8405586673133966
59037.5,maxi,0.010004864864864864,0.003448108108108108,1.724105312943402,1.6674533966926453
59041.5,maxi,0.016866216216216215,0.003801081081081081,1.117741935483871,1.055287188912343
59042.5,maxi,0.026113243243243243,0.008688108108108107,-0.15467919901920718,-2.437735029240809
59071.5,maxi,0.00879081081081081,0.0032394594594594593,0.38011136734349515,0.31553146382102054
59082.5,maxi,0.01478189189189189,0.0032835135135135135,1.164471184293857,0.5123338528308653
59083.5,maxi,0.0068697297297297295,0.0031756756756756753,-1.0209059233449478,-3.8911844698560993
59096.5,maxi,0.00483027027027027,0.002381621621621622,1.1325515280739162,1.1046872133809649
59097.5,maxi,0.007675405405405405,0.002586216216216216,1.303922388559003,0.623802455356294
59098.5,maxi,0.012315135135135135,0.0025745945945945944,0.461302936402538,0.17204994077738764
59099.5,maxi,0.010097297297297296,0.0025897297297297296,0.9017584874974588,0.31684838528442355
59100.5,maxi,0.01260243243243243,0.0026481081081081077,1.3264910921766073,0.607988563123553
59101.5,maxi,0.012914864864864865,0.00287027027027027,1.1786105505909483,0.4540650943817785
59102.5,maxi,0.010971891891891891,0.0027454054054054052,1.164743781839976,0.55106707365227
59103.5,maxi,0.008136756756756756,0.0028845945945945944,1.0352158390133075,0.579884674041407
59106.5,maxi,0.006477567567567567,0.0029024324324324322,1.7178489042675893,1.410868667094154
59111.5,maxi,0.007221891891891892,0.00337027027027027,1.0677854557420203,1.2001737105098806
59115.5,maxi,0.008436486486486486,0.004085405405405405,1.2394156231365534,2.752328143858649
59116.5,maxi,0.010122162162162161,0.00427135135135135,1.156095463341217,1.9695300530481958
59117.5,maxi,0.029016756756756756,0.004780810810810811,2.3123498318116287,1.3482834026808934
59127.5,maxi,0.022222702702702702,0.004991081081081081,0.44963031423290206,0.29304111676313677
59129.5,maxi,0.021698108108108106,0.00703,1.1046610892948607,1.3858984316460448
59130.5,maxi,0.011052702702702703,0.00433054054054054,2.6105699481865283,4.201016308682347
59132.5,maxi,0.00783972972972973,0.003791891891891892,1.0324154757755315,1.048902476051148
59141.5,maxi,0.007507567567567567,0.0036254054054054054,0.6814477003687173,0.7095462191115328
59149.5,maxi,0.013143513513513514,0.00326,0.7019262593499702,0.44238281363327464
59155.5,maxi,0.020193243243243245,0.0034024324324324322,2.948921319796954,2.624074615555942
59157.5,maxi,0.007057297297297297,0.0031113513513513513,0.39291923502449816,0.3984512161032989
59177.5,maxi,0.007777837837837838,0.003061351351351351,0.5490989334314087,0.670287465652255
59183.5,maxi,0.010043783783783783,0.0035002702702702703,3.9969401947148815,6.117115139817333
59190.5,maxi,0.024933513513513514,0.004666216216216216,1.2372597738451399,0.546074029862028
59191.5,maxi,0.01647135135135135,0.007002162162162162,-1.7924648786717752,-4.294856425182039
59194.5,maxi,0.030306756756756755,0.00563081081081081,2.5588948644943583,2.298645883437433
59197.5,maxi,0.01934891891891892,0.005061891891891892,1.5259690904484418,0.9281521807844865
59201.5,maxi,0.015117027027027025,0.004171351351351351,2.3887449092928548,3.4320426944761935
59218.5,maxi,0.04784567567567567,0.011285135135135134,2.0712037037037034,1.8754159218475015
59219.5,maxi,0.04126189189189189,0.007716756756756757,1.4309047404376323,0.8293132517712779
59220.5,maxi,0.01104945945945946,0.0035302702702702704,1.2503434065934067,3.1882064923278906
59221.5,maxi,0.006732432432432433,0.0031716216216216217,0.9889316650625603,1.247662750786928
59222.5,maxi,0.008534594594594595,0.0033948648648648647,0.4893837389953392,0.629047228952702
59223.5,maxi,0.011895405405405403,0.003439189189189189,1.5987637362637364,1.604042431446513
59225.5,maxi,0.012991081081081081,0.004171621621621622,1.8096522493016087,1.4184823503267077
59228.5,maxi,0.0067491891891891895,0.0032781081081081076,0.643030303030303,1.2211853309022076
59247.5,maxi,0.007198648648648648,0.0028327027027027028,0.10474198047419805,0.6118634578181069
59252.5,maxi,0.009099459459459457,0.0033129729729729726,0.16667449396515288,0.24144699797498245
59259.5,maxi,0.021652432432432433,0.004851621621621622,1.4703814940251774,0.8149500948121292
59263.5,maxi,0.02763351351351351,0.004901081081081081,2.540082361015786,1.2846812447203113
59266.5,maxi,0.013541081081081081,0.0056359459459459455,-15.425166825548141,-140.02615443452532
59268.5,maxi,0.015787837837837836,0.005716756756756757,-3.6151710210778747,-4.119283553218795
59291.5,maxi,0.05836216216216216,0.02032189189189189,1.7484591371167852,2.370438591500246
59292.5,maxi,0.008668648648648648,0.0033516216216216217,13.090595340811042,63.48900746050543
59297.5,maxi,0.01159108108108108,0.0034045945945945944,0.3637693883523559,0.2465934802754344
59300.5,maxi,0.012643243243243243,0.0034213513513513512,1.10699260943718,0.9279611401851935
59317.5,maxi,0.0071708108108108105,0.0028399999999999996,11.952885747938751,69.9257519813449
59336.5,maxi,0.035504864864864864,0.005586216216216216,6.730450236966825,10.310385764102637
59343.5,maxi,0.018952162162162164,0.00530027027027027,0.0414570336083719,0.49038197024958957
59344.5,maxi,0.025976486486486487,0.012445675675675675,0.8620969855832241,0.7154532944054643
59364.5,maxi,0.057345675675675674,0.014314054054054054,2.633856932986778,2.3346372095466488
59365.5,maxi,0.011394594594594595,0.005052432432432432,0.23334422708809935,0.3611820965312789
59366.5,maxi,0.012076216216216216,0.0034529729729729725,0.9970203035132701,0.6163799877827636
59367.5,maxi,0.011146216216216216,0.0036286486486486486,0.015740519914142617,0.439464493723656
59368.5,maxi,0.007724864864864864,0.0035789189189189188,4.0983729662077595,7.159081439147356
59371.0,bat,0.07992650000000001,0.030931272727272727,,
59373.5,maxi,0.020276216216216218,0.003684054054054054,1.8452910641453466,1.1307383196121
59377.5,maxi,0.006278918918918918,0.0030243243243243245,2.9406028368794326,3.4890378227509276
59398.5,maxi,0.00673,0.0032605405405405404,0.19083409715857014,0.4489856471527328
59404.5,maxi,0.018439189189189187,0.00405081081081081,1.0853613906678865,0.8136280208110547
59405.5,maxi,0.027258108108108105,0.006161621621621621,1.302840405966896,1.0732849264742568
59408.5,maxi,0.02045108108108108,0.005826486486486486,1.6340688589336312,1.432704586948865
59416.5,maxi,0.014829189189189188,0.005037837837837838,3.9268047456263826,6.717483277880324
59436.5,maxi,0.030189999999999998,0.007778648648648649,2.111653366748005,1.7405459137541495
59437.5,maxi,0.022601891891891893,0.0064883783783783785,1.022179643499971,0.8601336256133852
59439.5,maxi,0.008758108108108108,0.0034956756756756753,-0.19197687025659557,-0.38236997175645493
59441.5,maxi,0.009564054054054054,0.003492162162162162,2.1159049909801566,2.236961632644027
59444.5,maxi,0.013256756756756758,0.006512972972972973,28.642857142857146,1922.9784049814741
59445.5,maxi,0.01940135135135135,0.005264864864864865,1.0481494578029231,0.7759137312715362
59446.5,maxi,0.021687027027027024,0.003741081081081081,1.0877515689244752,0.46924113004886636
59465.0,bat,0.039021045454545454,0.015772681818181818,,
59472.5,maxi,0.007386486486486486,0.0031318918918918914,0.8589929663949983,0.7173167007655817
59477.5,maxi,0.007952162162162163,0.0038699999999999997,-0.4672526226254607,-1.7777755346133652
59478.5,maxi,0.011712702702702702,0.004031621621621621,-5.565439672801636,-16.461838625634307
59485.5,maxi,0.01563216216216216,0.005633243243243243,0.6733411093831,0.33912973429285037
59508.5,maxi,0.031243243243243242,0.007619729729729729,0.8613001303025914,0.7282373567837968
59509.5,maxi,0.030039999999999997,0.006975675675675675,3.607001133786848,6.318073569374986
59518.5,maxi,0.019716216216216217,0.004434324324324324,2.5037418147801684,2.969643307560122
59519.5,maxi,0.00851108108108108,0.0033797297297297295,1.0090687395214144,0.5746540819028384
59527.5,maxi,0.007809189189189189,0.0032724324324324323,0.7550521874306018,0.7399321614991826
59531.5,maxi,0.012174594594594594,0.0034513513513513513,1.801437986818454,1.4273985490747376
59536.5,maxi,0.007823513513513514,0.0027786486486486486,0.587468982630273,0.7863929923885484
59537.5,maxi,0.006373513513513513,0.002855675675675676,0.19489406500855375,0.5820972547149155
59550.5,maxi,0.017214594594594596,0.007561351351351351,0.2314110265652116,0.3793320304762457
59554.5,maxi,0.02206189189189189,0.009387297297297297,0.38022074196528427,0.6945882119380951
59557.5,maxi,0.010285675675675674,0.005025135135135135,2.833981841763943,4.806677201999623
59563.5,maxi,0.011727297297297297,0.00455972972972973,-0.04807219031993438,-0.5401958614167477
59568.0,bat,0.024173954545454544,0.011637545454545454,,
59575.0,bat,0.052230818181818184,0.024884772727272728,,
59580.5,maxi,0.04048108108108108,0.007525405405405405,1.1934641648017443,0.5773086287359144
59581.5,maxi,0.033595405405405405,0.0073586486486486484,1.9062108262108262,1.383897194734285
59582.5,maxi,0.016862162162162162,0.00742081081081081,2.9785714285714286,3.940966943657748
59592.5,maxi,0.009241621621621622,0.003962432432432432,4.317685589519651,6.9303899903708555
59627.5,maxi,0.022206486486486484,0.005634594594594594,2.7128842380640945,3.0150592870944037
59628.5,maxi,0.02092243243243243,0.009953783783783783,-0.047225323636802555,-0.4173073112393038
59633.5,maxi,0.015408648648648647,0.005497567567567568,0.7158952011478982,0.562633354594202
59653.0,bat,0.1369045909090909,0.051437590909090905,,
59653.5,maxi,0.0268827027027027,0.011819189189189188,0.4231558691468891,0.6764208486107242
59654.5,maxi,0.03292918918918919,0.009778918918918918,1.037809135159054,1.1079222120169172
59655.5,maxi,0.044797567567567566,0.007706756756756756,1.919771735481705,0.8416848339742673
59663.5,maxi,0.03278054054054054,0.006502162162162162,1.2575908221797323,0.6884934212713542
59664.5,maxi,0.029442162162162163,0.0035237837837837835,1.1416485256283395,0.4400835474589824
59668.5,maxi,0.008305675675675675,0.0029616216216216216,50.09398496240601,906.9299344869085
59681.5,maxi,0.00577054054054054,0.0026435135135135135,-19.15174129353234,-196.79344286343107
59682.5,maxi,0.00718081081081081,0.0025405405405405407,0.7300186451211933,0.6357397080783426
59683.5,maxi,0.006894324324324324,0.002642432432432432,606.6153846153848,109494.18663215275
59687.5,maxi,0.006912432432432432,0.002872972972972973,4.893032384690874,22.547841987080822
59688.5,maxi,0.008118648648648648,0.0029499999999999995,1.639669136653455,1.5951856149021795
59692.5,maxi,0.00963216216216216,0.0030883783783783782,1.1807630929928914,0.5576038515497801
59696.5,maxi,0.008055405405405405,0.0034662162162162158,2.248498934727871,2.4880986659041655
59700.5,maxi,0.013395405405405406,0.004814864864864865,5.730704697986578,37.01586841776386
59706.0,bat,0.03542813636363636,0.01604740909090909,,
59726.5,maxi,0.031037297297297296,0.007712162162162162,0.7455220010372202,0.6116926521701003
59729.5,maxi,0.007531081081081081,0.003624594594594594,0.20298687382802033,0.38800427774123786
59737.5,maxi,0.01622054054054054,0.0032372972972972975,1.5564965329089464,0.6292199239501364
59738.5,maxi,0.016579459459459458,0.0031356756756756752,0.8364879716693125,0.3927261742990948
59742.0,bat,0.050284999999999996,0.023061363636363637,,
59744.5,maxi,0.006273243243243243,0.00274972972972973,1.8689492325855963,3.809802793758334
59745.5,maxi,0.005828108108108108,0.0026224324324324324,-2.203021978021978,-2.838814817519578
59754.0,bat,0.058485045454545456,0.022870272727272725,,
59768.5,maxi,0.01882243243243243,0.0042629729729729724,0.7105666156202143,0.4163325508630269
59773.5,maxi,0.010551891891891891,0.005106756756756756,0.09167634533488192,0.5839184686260877
59775.5,maxi,0.00905108108108108,0.004462972972972973,-0.15956029313790807,-1.1092194809606435
59799.5,maxi,0.03696,0.007104864864864864,1.0607151951689766,0.6376869100543437
59801.5,maxi,0.01486216216216216,0.006708648648648648,4.647972389991372,20.640385829528938
59806.5,maxi,0.009045135135135133,0.0038864864864864863,5.167605167273932,13.28707815973885
59809.5,maxi,0.02256054054054054,0.0041778378378378375,4.419526341227646,5.32162473260579
59810.5,maxi,0.019638108108108107,0.0030262162162162163,0.7785177337167651,0.2998556870792715
59811.5,maxi,0.008912162162162162,0.0029921621621621618,0.8550306979075304,0.766174585960983
59813.0,bat,0.018599681818181817,0.00874190909090909,,
59815.5,maxi,0.006078918918918919,0.0028351351351351348,1.726530612244898,1.7130551725875653
59820.5,maxi,0.006978648648648648,0.0025656756756756755,0.4414845854534571,0.6358248812061145
59824.5,maxi,0.005012162162162162,0.002481621621621621,4.72468987595038,8.567347213283393
59831.5,maxi,0.00853972972972973,0.0026254054054054054,1.2163645038167938,0.8254640706295835
59844.0,bat,0.03054218181818182,0.01345690909090909,,
59845.5,maxi,0.008952702702702703,0.004446486486486487,2.9718731298623577,6.4967438693625095
59846.5,maxi,0.03859783783783784,0.011545405405405405,8.290929619872037,31.69218906301487
59850.5,maxi,0.014632432432432433,0.00493972972972973,12.955410225921524,65.1714161537686
59872.5,maxi,0.05335297297297297,0.016984864864864863,0.7637431376300722,0.5304546595414019
59873.5,maxi,0.05607432432432432,0.009637297297297297,2.8572859288933397,1.7927130716364423
59877.0,bat,0.05308690909090909,0.024594045454545455,,
59877.5,maxi,0.013065945945945946,0.003715945945945946,0.8500314776508678,0.39006316147483405
59880.5,maxi,0.024257567567567567,0.008194324324324324,-11.978839177750906,-88.97851744009151
59882.5,maxi,0.016632972972972972,0.0038586486486486484,0.6518093556928508,0.32500318608389384
59891.5,maxi,0.009625675675675675,0.0032556756756756755,2.8565267395054628,2.540029063819641
59892.5,maxi,0.010142432432432432,0.004841351351351351,0.01153915499729551,0.4770596914273459
59895.5,maxi,0.011383513513513513,0.003442162162162162,0.7859718125204851,0.5982556782554808
59899.5,maxi,0.007227567567567567,0.002565405405405405,8.863125638406537,40.55152709886278
59904.5,maxi,0.006202972972972972,0.0028756756756756754,3.061212477928193,8.807467510257311
59915.5,maxi,0.010549459459459459,0.003983513513513513,4.059897735573411,9.442153890353268
59917.5,maxi,0.014899729729729728,0.004754054054054054,0.30162662932241735,0.3718810239228447
59925.5,maxi,0.010074864864864863,0.004916216216216216,1.5242404654169361,1.9600009872668063
59944.5,maxi,0.04281,0.009724594594594594,0.9391130661160735,0.5133842112029893
59945.5,maxi,0.037243513513513515,0.007698918918918919,2.0888443553774216,1.6001541677917492
59946.5,maxi,0.036394054054054055,0.008025945945945946,1.582015931372549,0.84084856584031
59948.0,bat,0.08691790909090909,0.033427454545454545,,
59950.5,maxi,0.013087297297297297,0.0036616216216216213,0.9237809342509884,0.6460255463116678
59952.5,maxi,0.01038054054054054,0.0038859459459459457,-41.50512820512821,-681.0794099063579
59953.5,maxi,0.03352594594594595,0.006077837837837838,1.3404614044454437,0.5151353123196171
59955.5,maxi,0.013625945945945945,0.003638108108108108,1.6038748137108794,1.6869826955371858
59966.5,maxi,0.007355945945945946,0.002848378378378378,0.9604661791590494,0.7528268755971151
59975.5,maxi,0.007674324324324324,0.0029954054054054055,0.9413231626815315,0.9653462186893731
59987.5,maxi,0.010522972972972972,0.0038691891891891894,0.49590242043072225,0.4116083434007143
59990.5,maxi,0.017605135135135137,0.00469945945945946,1.2630368667012832,0.8286449120195134
59998.5,maxi,0.012495405405405407,0.005851891891891892,0.4199576710046381,0.44925510680898867
60003.0,bat,0.08151118181818182,0.03779904545454545,,
60011.0,bat,0.034187409090909095,0.016454636363636362,,
60016.5,maxi,0.04901081081081081,0.014858378378378377,-4.920940584478421,-10.203672986177656
60017.5,maxi,0.04414297297297297,0.007879459459459458,1.0126780846577175,0.5030407258075046
60018.5,maxi,0.03551027027027027,0.007499459459459458,1.277258779406751,0.7011286348445568
60019.5,maxi,0.03638621621621622,0.008037027027027027,1.3511150442477877,0.7917147783978474
60021.0,bat,0.025018727272727276,0.011727318181818183,,
60021.5,maxi,0.013454054054054053,0.003594594594594594,0.8021556448666424,0.48250930221508825
60022.5,maxi,0.007435945945945945,0.0034216216216216215,4.045020463847203,8.878456414496872
60026.5,maxi,0.05384729729729729,0.008356756756756756,1.095265914977313,0.4293436181045679
60027.5,maxi,0.009172702702702701,0.004377837837837838,0.5033022652922658,0.4831102623015443
60028.5,maxi,0.010129729729729729,0.0033875675675675673,4.300398117987695,8.510906316932685
60029.5,maxi,0.011275675675675676,0.0034416216216216215,11.254127781765973,43.093415423014626
60041.5,maxi,0.0056594594594594596,0.002617027027027027,1.2711404846636163,1.2389796571196179
60063.5,maxi,0.018223513513513513,0.004294054054054054,7.011627906976745,15.556256537206217
60070.5,maxi,0.011957837837837836,0.004507837837837837,0.1968117104471626,0.6890110083901754
60091.5,maxi,0.017934594594594594,0.006776216216216216,1.2958034026465026,1.424595427141403
60096.5,maxi,0.00652081081081081,0.003217297297297297,2.5546161650321273,5.49507019630906
60099.5,maxi,0.02263054054054054,0.006627027027027027,0.7820555007129538,0.5109933662041137
60100.5,maxi,0.018316756756756754,0.0032324324324324322,1.919731465265616,0.8469611967164683
60102.0,bat,0.12365290909090909,0.04141613636363636,,
60102.5,maxi,0.0072689189189189185,0.0031037837837837837,0.2758378251699086,0.5524406941616138
60107.0,bat,0.11900431818181818,0.05577186363636364,,
60119.5,maxi,0.005997837837837838,0.0025716216216216214,1.8821656050955413,2.4054493818722906
60131.5,maxi,0.01434027027027027,0.003473783783783784,1.945502587250908,1.2442740423909644
60161.5,maxi,0.03287594594594594,0.011297027027027028,0.38190580001147384,0.5425026813522089
60162.5,maxi,0.0351227027027027,0.007427567567567567,4.87099739543435,10.288548937490937
60163.5,maxi,0.019817567567567567,0.00822972972972973,1.1942150458112495,0.9429520225019613
60165.5,maxi,0.010488378378378379,0.004452972972972973,7.514376996805112,71.05396253162147
60166.5,maxi,0.009590540540540541,0.0032216216216216214,1.0868556701030927,2.1147310566583797
60170.5,maxi,0.009453783783783785,0.003725135135135135,0.9351719662556781,0.5831537716822442
60173.5,maxi,0.024038648648648644,0.0031921621621621623,2.2290551181102365,0.9923464628822926
60189.5,maxi,0.005721351351351351,0.0025337837837837835,1.2201012855473314,1.2824118053165459
60193.0,bat,0.03281036363636364,0.015850863636363635,,
60194.5,maxi,0.005682972972972973,0.002675945945945946,-3.807089859851607,-13.973614460940533
60199.5,maxi,0.0067859459459459455,0.0028248648648648645,-0.2476580796252927,-0.633873186865656
60201.5,maxi,0.00674054054054054,0.003047297297297297,0.4207399103139013,0.5640379269397529
60208.5,maxi,0.014259189189189189,0.004264324324324324,1.2050078247261344,1.0151949177477242
60216.5,maxi,0.012798108108108107,0.006377027027027027,-0.0837268261765172,-0.28777071857489134
60234.5,maxi,0.024986486486486485,0.007831081081081081,0.7251390633411088,0.5823647653390694
60235.5,maxi,0.026012972972972972,0.006978108108108109,1.7945213446551123,1.3485637862891873
60236.5,maxi,0.014316216216216216,0.0065486486486486485,0.3627510651247718,0.5713882522099074
60237.5,maxi,0.027855405405405403,0.013414864864864864,0.7548856713347575,0.8761936503128427
60241.5,maxi,0.010849189189189187,0.003603513513513513,1.4106045448049165,1.6076126860330462
60243.5,maxi,0.013736216216216216,0.004057297297297297,0.47143243975088,0.49804772524471286
60244.5,maxi,0.03819432432432432,0.006521891891891891,2.378062570674708,1.3109863360706897
60245.5,maxi,0.010657837837837837,0.004622702702702703,-1.8462680237489397,-3.405957090847456
60246.5,maxi,0.013494594594594594,0.003211891891891892,3.095517841601392,3.3836824255736215
60247.0,bat,0.2170138181818182,0.05975545454545455,,
60259.5,maxi,0.012139189189189189,0.0029305405405405404,0.43264522323571764,0.49039425124009045
60262.5,maxi,0.006270270270270269,0.0027535135135135134,1.2036007413290972,0.6388821005216935
60275.5,maxi,0.007874594594594594,0.0035072972972972974,1.6852659110723627,3.0258236686449265
60281.5,maxi,0.01738189189189189,0.005048918918918919,0.3642305908151647,0.3273027918270831
60284.0,bat,0.02156768181818182,0.009131454545454545,,
60284.5,maxi,0.020185945945945947,0.005053243243243242,-3.4906042741341192,-4.9337978450758095
60295.0,bat,0.04764231818181818,0.014252409090909092,,
60306.5,maxi,0.02640189189189189,0.010808648648648648,1.9405936134756565,1.9098572708009527
60307.5,maxi,0.02760162162162162,0.006467567567567567,2.354679802955665,2.188800483091259
60308.5,maxi,0.03164810810810811,0.007738108108108108,0.4114382580267592,0.29305069527737543
60309.5,maxi,0.10059783783783784,0.015012702702702703,2.306215043282508,0.9806222443551957
60311.5,maxi,0.012104324324324324,0.003444054054054054,0.9977975677487313,0.7809302121877367
60316.5,maxi,0.01316135135135135,0.00464081081081081,1.047243497383787,0.8807136732794585
60317.5,maxi,0.025370810810810808,0.006207567567567567,1.3575705448410467,0.6339799534576459
60318.5,maxi,0.020233783783783783,0.0034564864864864864,6.196711509715994,10.410872949517522
60322.5,maxi,0.00788,0.0029921621621621618,0.371339940985095,0.37617989333589236
60324.0,bat,0.03504195454545454,0.014218454545454546,,
60330.5,maxi,0.0062394594594594585,0.002751081081081081,1.0456234037613188,0.7843386853051679
60339.5,maxi,0.005876216216216216,0.0028835135135135133,3.855935459085671,7.444141737462204
60347.5,maxi,0.009488378378378378,0.003481621621621621,0.6506183328613235,0.5987485002602093
60353.5,maxi,0.008559189189189189,0.004185675675675676,0.6648902821316615,2.3127068849626053
60354.5,maxi,0.016639729729729727,0.004288108108108108,-3.7283778397768037,-4.9342270596732405
60357.5,maxi,0.00763081081081081,0.003381351351351351,4.133037694013304,10.784304458850762
60360.5,maxi,0.013647567567567567,0.0049429729729729725,2.77494615936827,4.265743671981568
60380.5,maxi,0.04147459459459459,0.012618108108108107,1.9415001213690426,1.8096947533702876
60381.5,maxi,0.026972702702702703,0.006869189189189189,1.310429019881409,0.7467982543114104
60382.5,maxi,0.01725972972972973,0.007414864864864865,1.1748843617754159,1.011707233110291
60383.5,maxi,0.013409189189189189,0.004355675675675675,-51.63834422657953,-847.1826802353389
60384.5,maxi,0.011023513513513512,0.003565405405405405,0.24826942521583573,0.22618772388306785
60387.5,maxi,0.010689999999999998,0.0039045945945945944,1.0641754670999186,1.020609458580555
60388.5,maxi,0.010938918918918919,0.003929459459459459,0.6103978587306628,0.36159997413255707
60389.5,maxi,0.03688216216216216,0.005687567567567568,3.296870672943783,2.1500383109092915
60391.5,maxi,0.016035135135135135,0.0038089189189189185,0.7864464980053526,0.38466251875909047
60401.5,maxi,0.009325675675675675,0.002866216216216216,2.2056281407035176,2.3221511198217413
60421.5,maxi,0.007475945945945946,0.0030978378378378377,0.7897292525014715,0.8980133194439786
60425.5,maxi,0.009155405405405406,0.003867837837837838,3.805314256515074,5.934472544814739
60427.5,maxi,0.012516216216216215,0.005067027027027027,1.205109163819991,0.9581596491945226
60429.5,maxi,0.011497027027027026,0.004969459459459459,0.6848891873740766,1.2800930008474163
60432.5,maxi,0.010305405405405404,0.0046832432432432425,1.8302741635687736,1.9001402184101295
60453.5,maxi,0.030190540540540538,0.00897054054054054,0.739287412980499,0.43059686975258993
60455.5,maxi,0.019963783783783783,0.006413243243243243,-0.0977287859732189,-0.32417969374482974
60463.5,maxi,0.009442432432432432,0.003966216216216216,3.563917525773196,8.645691674418458
60473.0,bat,0.02560490909090909,0.011093045454545454,,
60495.0,bat,0.018871045454545453,0.00907059090909091,,
60497.0,bat,0.025393090909090907,0.011723636363636363,,
60500.5,maxi,0.010286756756756756,0.004731351351351352,0.8209978827211636,0.47427891215702556
60510.5,maxi,0.010076486486486486,0.004159189189189189,-7.694385216773276,-38.43571943909028
60524.5,maxi,0.016082162162162163,0.004514324324324324,0.43143826898599913,0.3290632894050833
60528.5,maxi,0.010344054054054055,0.0033859459459459457,1.0199740596627755,0.73803397381723
60531.5,maxi,0.011076756756756756,0.003307027027027027,0.2311779920056431,0.2537214528508589
60532.5,maxi,0.0073881081081081075,0.0034159459459459454,0.8947156760234859,0.6476552066153943
60536.0,bat,0.03294131818181818,0.015503409090909092,,
60536.5,maxi,0.019282702702702704,0.0038737837837837835,3.0100685518423305,4.109476421885964
60538.5,maxi,0.007129729729729729,0.0029178378378378377,1.075365745529777,1.0075138994950648
60539.5,maxi,0.006703783783783783,0.0030778378378378377,1.3085447954427756,0.8669657560575234
60542.5,maxi,0.007684324324324324,0.0028672972972972974,-2.2125030887076846,-2.629807363296245
60543.5,maxi,0.007638918918918919,0.002686756756756757,4.050700466977986,5.918077974038142
60554.5,maxi,0.006211621621621621,0.002565135135135135,0.8294774631033107,1.0905014203031245
60567.5,maxi,0.010422432432432432,0.003542162162162162,1.0076586433260393,0.8737992093806398
60570.5,maxi,0.00870081081081081,0.00394972972972973,0.4607487922705314,0.44344269088310007
60571.5,maxi,0.01347918918918919,0.0037037837837837835,0.5933621154883972,0.5594565628786508
60572.5,maxi,0.020469189189189187,0.004861351351351351,0.654795376444861,0.3928183294801296
60579.5,maxi,0.014204594594594593,0.004594054054054054,1.5644270903460349,0.9885580700360126
60598.5,maxi,0.032938108108108106,0.01428918918918919,-0.9092631998936029,-0.9563641119853896
60599.5,maxi,0.024777567567567566,0.009334054054054053,0.7123655913978494,0.7463113040674473
60600.5,maxi,0.043022162162162154,0.00777054054054054,1.0144880686493476,0.5526396607544873
60602.5,maxi,0.009959459459459459,0.0035345945945945943,4.032930845225027,6.988217606001633
60603.5,maxi,0.010502972972972972,0.0034616216216216216,0.6618675721561968,0.49161890648542206
60609.5,maxi,0.01816,0.003625945945945946,2.071334724476389,1.1259065275724847
60615.0,bat,0.07473813636363637,0.019949500000000002,,
60623.5,maxi,0.006404054054054054,0.002851891891891892,1.229051987767584,1.210509860855918
60634.5,maxi,0.006919729729729729,0.0030116216216216217,1.1811453945121257,0.8759493017916842
60641.5,maxi,0.00875081081081081,0.003823513513513513,-1.0253437584254517,-1.0653645069421473
60642.5,maxi,0.009586486486486486,0.00403,1.5394772665396133,1.5813199712218227
60644.5,maxi,0.01426162162162162,0.004086486486486486,1.343198992443325,0.6688759221333961
60646.0,bat,0.10353863636363636,0.038049454545454546,,
60669.5,maxi,0.05952513513513513,0.016494054054054054,6.778980743948651,13.907234946308868
60670.5,maxi,0.04049486486486486,0.008598918918918917,34.38691232528589,316.73945789065095
60671.5,maxi,0.021328108108108108,0.007474054054054054,0.29041162620768046,0.3453866744113682
60673.5,maxi,0.02560837837837838,0.007047567567567567,2.261883956658511,2.8979702298786307
60674.5,maxi,0.008262702702702702,0.003722972972972973,0.4368539859807533,0.4054562726492909
60677.5,maxi,0.011855405405405405,0.0035367567567567565,0.8982819743659667,0.7658793163479442
60680.5,maxi,0.01948243243243243,0.008604324324324324,1.1887429643527205,1.0823010413862977
60681.5,maxi,0.01444027027027027,0.004089189189189189,0.864872139973082,0.4877096033383274
60682.5,maxi,0.008168108108108108,0.003129189189189189,4.42199824715162,9.40168765056944
60693.5,maxi,0.0058308108108108105,0.002800810810810811,-9.280188679245283,-42.34529446088285
60697.5,maxi,0.009041891891891892,0.002743243243243243,1.677769049489395,1.4406175455960943
60710.5,maxi,0.00839,0.003301621621621621,0.6288549868766404,0.5041072953803952
60714.5,maxi,0.009417837837837837,0.004472702702702703,8.958662613981764,37.13201745465647
60715.5,maxi,0.010108378378378377,0.0038856756756756755,2.9040093649400056,5.295380619827263
60717.0,bat,0.040060090909090906,0.017115681818181818,,
60717.5,maxi,0.022760270270270267,0.004402702702702702,1.9180450502867592,1.1511884963088581
60719.5,maxi,0.0571272972972973,0.018989729729729732,1.1904533307730467,0.8565370325548413
60743.5,maxi,0.02459081081081081,0.007270540540540541,0.8225186720200319,0.6935961313926027
60744.5,maxi,0.02958324324324324,0.007474864864864865,0.6328803742481621,0.5310930691089215
60745.5,maxi,0.028580270270270266,0.007541081081081081,0.6939004070037421,0.423595618101085
60754.5,maxi,0.0155727027027027,0.00365054054054054,0.9603244016856166,0.634334646566196
60755.5,maxi,0.007874864864864864,0.0032883783783783783,0.21247522686971942,0.5194845007598844
60757.5,maxi,0.006287837837837837,0.0029478378378378378,1.9424148606811147,3.1443567382190243
60775.5,maxi,0.00611972972972973,0.002825945945945946,1.080909090909091,0.556730531029939
60781.5,maxi,0.00809,0.0031583783783783784,1.806442731277533,2.898965338700805
60786.5,maxi,0.008961621621621622,0.003642162162162162,1.308203195117573,1.6621242396888711
60790.5,maxi,0.021186486486486487,0.007077027027027027,1.4164977249177815,0.9306994431140482
60793.5,maxi,0.009918918918918919,0.004508108108108108,4.751344642118329,14.162215529984172
60796.5,maxi,0.009818108108108107,0.004399729729729729,1.014720898570456,0.9427387033751344
60818.5,maxi,0.013862972972972972,0.006138378378378378,2.193832599118943,4.021509303469269
60819.5,maxi,0.014858108108108108,0.004364324324324324,0.6461188915375448,0.34083409291587863
60827.5,maxi,0.01335027027027027,0.003101081081081081,2.417328793038214,2.5055017431766
60842.5,maxi,0.005482972972972972,0.002494054054054054,0.5409958816922502,0.5792164981122678
60851.0,bat,0.02712390909090909,0.013510363636363636,,
60852.5,maxi,0.006872702702702702,0.0028316216216216217,0.5481687330768135,0.3719259412434277
60859.5,maxi,0.0066194594594594595,0.0032986486486486486,0.3995535714285714,0.37058935177006314
60861.5,maxi,0.008044054054054055,0.0035648648648648647,1.3379714390333213,3.322522777692938
60862.5,maxi,0.01798837837837838,0.00469054054054054,2.1097772009517626,1.6451802321344042
60875.0,bat,0.025282863636363635,0.012019681818181818,,
60888.5,maxi,0.028229189189189187,0.00935108108108108,0.3930159732638615,0.3999814190256873
60889.5,maxi,0.029497837837837836,0.009081891891891892,0.9270559132282514,0.6931923983587199
60894.5,maxi,0.009248918918918918,0.0033310810810810807,0.2131728045325779,0.32888805073663563
60900.5,maxi,0.01552135135135135,0.0030494594594594592,11.680803571428573,25.62460005838139
60902.0,bat,0.039302363636363635,0.017702454545454546,,
60912.5,maxi,0.005877837837837838,0.0024929729729729726,1.1230009407337724,1.503136081454007
60918.0,bat,0.027823045454545454,0.011027363636363637,,
60920.5,maxi,0.012479189189189189,0.005729459459459459,6.918431868479292,19.43314687479703
60921.0,bat,0.07445372727272727,0.0248975,,
60926.5,maxi,0.009094594594594593,0.0028851351351351353,3.2553380782918153,4.626486263314402
60935.5,maxi,0.011144324324324323,0.004225945945945946,0.5744514106583072,0.39824875097057544
60971.0,bat,0.01994627272727273,0.008905636363636364,,
60971.5,maxi,0.017275135135135136,0.005564594594594594,5.929626749611198,23.6870914559758
60972.5,maxi,0.013374054054054053,0.0034299999999999995,2.4044715447154474,2.2693057263183682
60974.0,bat,0.026717636363636364,0.010672045454545453,,
60985.0,bat,0.11992922727272727,0.040785909090909095,,
60996.5,maxi,0.006034864864864865,0.0026875675675675672,-11.78907435508346,-82.51003744836194
61007.5,maxi,0.02365297297297297,0.0046310810810810815,0.5485548030144044,0.3666717390431495
61011.5,maxi,0.011186216216216216,0.0053478378378378376,0.3008005263735059,0.3185263035335026
61013.5,maxi,0.012931621621621621,0.005139189189189189,0.039375400156505654,0.2717354623182216
61015.5,maxi,0.013253513513513513,0.004716756756756756,0.5177161449033846,0.3551336854501752
61025.0,bat,0.05328513636363637,0.021593681818181817,,
61034.5,maxi,0.028154594594594594,0.012041081081081081,1.3797187268689861,2.5879930174669923
61036.0,bat,0.036350045454545454,0.01716290909090909,,
61036.5,maxi,0.04851837837837838,0.010081621621621621,1.2715444722772646,0.9563234662661851
61037.5,maxi,0.013775135135135135,0.0050586486486486485,1.7509107468123861,2.988673193338592
61039.5,maxi,0.011755945945945945,0.0038686486486486484,0.3879249980549288,0.5167538183981267
61040.5,maxi,0.008317027027027026,0.0036502702702702703,0.381157486047076,0.39408207454787236
61043.5,maxi,0.023834324324324325,0.007468648648648648,21.407605466428993,167.89611466031323
61059.5,maxi,0.011919999999999998,0.00404972972972973,7.519967400163,25.763696021482946
61060.5,maxi,0.01165081081081081,0.0038710810810810813,-6.1173225450533275,-18.697251131142977
61062.5,maxi,0.007802432432432432,0.0037802702702702698,1.0776654411764706,0.854158931119731
61067.5,maxi,0.02895054054054054,0.00471,0.3026578914061511,0.10639912098587649
61068.5,maxi,0.04492513513513514,0.00496054054054054,0.122600807725672,0.046245435445804846
61069.5,maxi,0.04822729729729729,0.005599189189189189,0.1344486500596659,0.0432337345798015
61070.5,maxi,0.037429459459459455,0.004987027027027027,0.1709597082001679,0.05772657688585273
61071.5,maxi,0.02461810810810811,0.005002162162162162,0.3503445681815129,0.12258095160485408
61072.5,maxi,0.026616756756756756,0.005014594594594595,0.2931617959362626,0.11890952416841842
61073.5,maxi,0.018694324324324323,0.004844054054054054,0.1669277412834765,0.10129050956535239
61074.5,maxi,0.026767297297297297,0.0050302702702702705,0.2983636537332987,0.11933925974056471
61075.5,maxi,0.014514864864864864,0.00542027027027027,0.14907562099542862,0.16249395035053585
61076.5,maxi,0.022269189189189187,0.005481621621621622,0.15531043865936173,0.10664371134343315
61077.5,maxi,0.02767351351351351,0.005571351351351351,0.4133671742808799,0.15713234088002923
61078.5,maxi,0.03086216216216216,0.005747027027027027,0.261627372430551,0.12287567770557115
61079.5,maxi,0.021105675675675672,0.005737837837837837,0.28049622713902034,0.12232807940767894
61080.5,maxi,0.029617567567567567,0.005756756756756756,0.7746551114255394,0.24258104803486422
61081.5,maxi,0.023485675675675676,0.008172162162162162,1.1575025403635542,0.837010226248524
61100.5,maxi,0.02069108108108108,0.006734594594594594,0.21735909822866342,0.1835172456221507
61101.5,maxi,0.02363081081081081,0.00690945945945946,0.08505593544499462,0.14789408837420887
61102.5,maxi,0.03241027027027027,0.00671972972972973,0.2874225127875072,0.13232019774313786
61103.5,maxi,0.015388108108108107,0.0068213513513513515,0.25607984805035194,0.2208597570588934
61104.5,maxi,0.02241216216216216,0.006458108108108107,0.07287547840060897,0.11080485777891724
61105.5,maxi,0.01863189189189189,0.006248918918918918,0.1871455845895193,0.15011196377316247
61106.5,maxi,0.028297027027027025,0.005576756756756757,0.19729614517995253,0.11589928316700855
61107.5,maxi,0.015274324324324325,0.005688108108108107,-0.04819185382565664,-0.17496677170741276
61108.5,maxi,0.03429324324324324,0.0056572972972972965,0.40717056612922786,0.15923200745189242
61109.5,maxi,0.02812,0.005766216216216216,0.7065813736426344,0.30554018709726466
61111.5,maxi,0.01355,0.005846486486486486,0.2709647179137549,0.21800960408364414
61116.5,maxi,0.062029189189189184,0.009492702702702702,0.9197222915107673,0.32723327644679384
61118.5,maxi,0.016564324324324323,0.0040916216216216215,41.50887573964498,530.6141555115281
61133.5,maxi,0.007902432432432433,0.0035708108108108106,0.06063084709370687,0.2926593331060132
61134.5,maxi,0.007835405405405406,0.003715945945945946,0.16136590612276253,0.23720994926592953
61135.5,maxi,0.00784081081081081,0.003555405405405405,1.2457443934071872,1.4054233132643685
61138.5,maxi,0.014652972972972972,0.004030810810810811,0.5312378046617234,0.2711649135775069
61139.5,maxi,0.008594594594594595,0.003884324324324324,0.30640181980664555,0.2694854977572418
61145.5,maxi,0.012477027027027026,0.004081621621621622,0.2853567611251597,0.17595662670409012
61147.5,maxi,0.010279459459459458,0.004286216216216217,0.3257260771813114,0.22419761166517813
61151.5,maxi,0.012504054054054053,0.004806216216216216,0.3123546511627907,0.5666634063486136
61152.5,maxi,0.015525945945945944,0.00479027027027027,1.412910971555227,1.211220577507785
61154.5,maxi,0.02163,0.009587297297297296,0.17338213383429424,0.49987505836195256
61158.5,maxi,0.03595324324324324,0.01045162162162162,-6.238131450298751,-11.222297684022571
61164.5,maxi,0.015372432432432432,0.007134054054054054,15.034539473684209,131.84829123278237
61165.5,maxi,0.036729459459459456,0.007405135135135135,-6.740139211136891,-9.003247641649628
61168.5,maxi,0.026437027027027025,0.008682162162162162,-1.0608195729229706,-0.8280936540700196
61172.5,maxi,0.02089189189189189,0.00642054054054054,0.8072715361939077,0.44348358538838195
61175.5,maxi,0.013517837837837837,0.006363513513513513,0.7672870249017038,0.685583868058216
61177.5,maxi,0.019412972972972974,0.009139729729729729,0.5895553400748026,0.8179815528956569
61181.5,maxi,0.06076216216216216,0.015248378378378377,21.616504854368934,148.32608059257953
61182.5,maxi,0.038447567567567564,0.008253513513513513,2.9323660714285715,2.4579940523668107
61185.5,maxi,0.014769189189189189,0.005236216216216216,1.2978177150192554,2.5484708812439196
61188.5,maxi,0.015217837837837837,0.00705054054054054,1.1303773009254552,1.6999184620240206
61189.5,maxi,0.04785378378378378,0.009104324324324325,1.0650969755396156,0.3849499888019373
61190.5,maxi,0.014186756756756756,0.005561891891891891,1.257849259988023,1.2000176380884409
61191.5,maxi,0.011317027027027027,0.004196486486486486,0.5966552641581148,0.5701156807566735
61194.5,maxi,0.009138378378378378,0.003676216216216216,-27.526162790697672,-454.7335584850517
61198.5,maxi,0.008064594594594594,0.003619189189189189,0.6121478873239437,0.4033636504735896
61202.5,maxi,0.008015405405405405,0.003547297297297297,1.054266666666667,1.1092725376530612
61206.5,maxi,0.009695405405405406,0.0034545945945945945,0.47531069316142754,0.40735921635710226
61210.5,maxi,0.01017081081081081,0.003513513513513513,-0.06239778588501699,-0.6925621152298206
61214.5,maxi,0.008548378378378378,0.0040018918918918915,-9.130883301096066,-37.354761788289665
61216.5,maxi,0.00822972972972973,0.003929459459459459,28.267307692307696,328.61406179497806
61217.5,maxi,0.00902081081081081,0.004281351351351352,9.96551724137931,35.561501183509336
61219.5,maxi,0.012799459459459457,0.004398108108108108,3.9731774415405776,18.969640528439065
61222.5,maxi,0.008844324324324325,0.004386486486486487,1.2551736388666845,0.9780907825325664
61223.5,maxi,0.013108378378378378,0.00474027027027027,1.177817691962281,0.8505629057134866
61234.5,maxi,0.014498378378378377,0.006308378378378378,0.3171887995564181,0.2960550661188813
61236.5,maxi,0.021515405405405405,0.008570810810810809,1.2813264806656877,1.3603736380150773
61237.5,maxi,0.03126135135135135,0.012728918918918919,6.103617412630288,23.578146665530404
