mjd,inst,flux_crab,flux_err,hr,hr_err
55054.5,maxi,0.1938589189189189,0.022643243243243242,0.6356151772509862,0.13477443514285384
55055.5,maxi,0.14361756756756755,0.01259081081081081,0.928200976344879,0.1634645049696354
55056.5,maxi,0.14014459459459458,0.009229729729729729,0.5801240253942148,0.06907323793049688
55057.5,maxi,0.14168,0.0063018918918918915,0.7564570006331462,0.06035675636370808
55058.5,maxi,0.10970135135135135,0.006355675675675675,0.7732480032389856,0.07793224826008156
55059.5,maxi,0.0943281081081081,0.006335945945945946,0.8774802325097127,0.10739152097198458
55060.5,maxi,0.10738648648648648,0.006384054054054054,0.768306372060703,0.08241893800834145
55061.5,maxi,0.0995127027027027,0.006485405405405405,0.6896551724137931,0.07660481785809672
55062.5,maxi,0.1196508108108108,0.006798648648648649,0.7873153912787447,0.07932766334607776
55063.5,maxi,0.12476675675675676,0.006699729729729729,0.7036696699388886,0.06434414353938503
55064.5,maxi,0.1063108108108108,0.006810270270270271,0.6502376232894705,0.08044182552600504
55065.5,maxi,0.12361594594594594,0.007499189189189189,0.6550653552140676,0.06897103518981156
55066.5,maxi,0.08223648648648649,0.006945135135135135,0.7226138812083035,0.10765962737593981
55067.5,maxi,0.05346783783783784,0.007091081081081081,0.5489263151261166,0.12422758531285143
55068.5,maxi,0.05292783783783784,0.007195675675675675,0.4436097793068111,0.13652002393098955
55069.5,maxi,0.03797135135135135,0.007407567567567567,0.6409843163667854,0.2083388878652231
55070.5,maxi,0.04793405405405406,0.007261081081081081,0.7899086781286669,0.2392502120377094
55073.5,maxi,0.061669999999999996,0.010733513513513513,1.836531676505516,0.8483324663170817
55076.5,maxi,0.019863783783783784,0.005972972972972973,0.3275492558050165,0.17474586804097128
55084.5,maxi,0.013595135135135133,0.006402972972972973,2.7882647426930722,3.142874901384682
55135.5,maxi,0.028119729729729728,0.00875108108108108,77.37010676156584,3207.681082188561
55138.5,maxi,0.04822675675675675,0.010944324324324324,0.5199214475535407,0.24616940364312065
55144.5,maxi,0.0434172972972973,0.014876216216216216,-7.090377697841727,-21.060046490342014
55146.5,maxi,0.03922918918918919,0.010098918918918919,0.05810040666704852,0.13365761566436646
55154.5,maxi,0.06294459459459459,0.024683243243243242,0.22226812958117184,0.3586469383055025
55161.5,maxi,0.02299918918918919,0.007728108108108108,2.155278401702329,2.801872796726784
55178.5,maxi,0.05613243243243243,0.005772162162162162,1.7160485387113313,0.6390223372174606
55179.5,maxi,0.05284216216216216,0.004361081081081081,0.9783507549361209,0.17646808899159777
55180.5,maxi,0.08747648648648648,0.005203513513513513,0.7840211113584872,0.09522082139701082
55189.5,maxi,0.038443513513513515,0.010602972972972973,1.6766270212481624,1.3710448703132776
55209.5,maxi,0.03632837837837838,0.011896486486486486,1.9377722954175634,1.7510635828633903
55214.5,maxi,0.05122783783783783,0.010958648648648648,1.618975159575519,0.9930116132340031
55216.5,maxi,0.03489162162162162,0.009595405405405405,0.10870260502454702,0.1435663678463674
55217.5,maxi,0.028835135135135134,0.007544594594594594,0.1565708371452598,0.12988410580418236
55240.5,maxi,0.018536486486486484,0.007553513513513513,1.2779783393501805,1.3762536313799871
55241.5,maxi,0.025977837837837834,0.00974054054054054,1.0265644765235509,1.2331777963229613
55244.5,maxi,0.030650540540540536,0.01483216216216216,0.12255035791576493,0.18137786235807973
55245.5,maxi,0.09556648648648648,0.01861189189189189,0.9729062706342075,0.30384049893963494
55284.5,maxi,0.046686216216216214,0.01119108108108108,1.2916095232870701,0.5784111543564023
55286.5,maxi,0.026854054054054055,0.00949027027027027,0.9401122414986034,0.7637069408411603
55287.5,maxi,0.02103135135135135,0.00815918918918919,0.32941146638943125,0.2103004074060614
55344.5,maxi,0.025970810810810808,0.007151351351351351,0.4241308350481967,0.3200237218635135
55350.5,maxi,0.033407027027027025,0.014101891891891892,0.0415113099676858,0.22517802545915622
55354.5,maxi,0.026504324324324324,0.009285945945945945,-9.44821012497352,-52.29859615682954
55356.5,maxi,0.01883216216216216,0.008232702702702701,0.12048821616413058,0.2056820846614832
55365.5,maxi,0.03427189189189189,0.01104135135135135,0.9210584120439991,0.5545302817179351
55412.5,maxi,0.014877297297297296,0.006245135135135135,0.19411890049009164,0.1985456022761146
55415.5,maxi,0.04032162162162162,0.007252432432432432,0.4375530637936587,0.21989270272595748
55416.5,maxi,0.029100810810810812,0.009493513513513512,0.9145263682004896,1.1374973541887254
55425.5,maxi,0.04660243243243243,0.010303783783783783,2.588827796516195,1.6104688419126543
55427.5,maxi,0.03253810810810811,0.008214324324324325,-0.038201809107922646,-0.11623247384951482
55435.5,maxi,0.02571162162162162,0.007564594594594594,2.463698939858313,2.4760191309157524
55484.5,maxi,0.015738918918918918,0.006178378378378377,0.23918875758543598,0.17851577561384427
55505.5,maxi,0.014978378378378376,0.006563243243243243,1.25366262034324,1.139962952740498
55521.5,maxi,0.12251054054054053,0.008652162162162162,1.2754129028346743,0.22762333348992422
55545.5,maxi,0.06424648648648648,0.01625108108108108,1.0868252235037192,0.6542093027276285
55546.5,maxi,0.06859297297297297,0.006726216216216216,1.2335036997482645,0.32408593069226277
55547.5,maxi,0.07379324324324325,0.004935945945945946,1.4618434710400663,0.29863818080009513
55548.5,maxi,0.08748189189189189,0.004119459459459459,1.5161476939097234,0.2238052096873319
55549.5,maxi,0.06075756756756757,0.004871081081081081,1.4421088421768435,0.3829986331641155
55550.5,maxi,0.02850027027027027,0.005205405405405405,1.222072615841768,0.8565133986035297
55551.5,maxi,0.018546216216216216,0.005475675675675675,0.656047619047619,0.6212678511271977
55552.5,maxi,0.016098108108108106,0.006018378378378378,3.5279255319148937,12.099919045582737
55553.5,maxi,0.014458918918918918,0.0067978378378378375,1.3519984917043741,2.3705270694176948
55555.5,maxi,0.024933783783783782,0.006588918918918919,0.48519010775145965,0.3183378027958937
55556.5,maxi,0.023674594594594593,0.009204054054054054,1.418867801473945,1.1458049770297556
55559.5,maxi,0.03165,0.011116756756756756,0.6370055295618886,0.5529005298044856
55565.5,maxi,0.06501027027027027,0.01213027027027027,1.7948941507586882,0.9266072973321365
55568.5,maxi,0.03531702702702703,0.007711891891891891,0.30728522043446715,0.16274012743648933
55569.5,maxi,0.02206135135135135,0.007292972972972973,0.10764822204592012,0.16223837906771604
55570.5,maxi,0.013942972972972973,0.00684054054054054,0.6155558713466912,0.3999218162549231
55635.5,maxi,0.02306243243243243,0.011228378378378378,-4.026375992464002,-8.761186972942705
55636.5,maxi,0.03692864864864865,0.016764864864864865,1.2713388826185101,2.2861801849170793
55646.5,maxi,0.0345754054054054,0.00983081081081081,1.6917772211398707,1.2931302872367925
55661.5,maxi,0.0380127027027027,0.00659918918918919,2.406618259730984,2.3092966932907912
55679.5,maxi,0.0353754054054054,0.009649999999999999,0.8281678470674112,0.5291396486384963
55708.5,maxi,0.014958108108108107,0.00727027027027027,-0.07722501734906315,-0.27533368808251374
55716.5,maxi,0.04757027027027027,0.007577567567567567,0.8130982426350007,0.23478882181501884
55750.5,maxi,0.04723216216216216,0.01096,3.2499732934515544,5.154479532141758
55753.5,maxi,0.018189459459459458,0.008550270270270268,-31.99003558718861,-524.9557948780092
55758.5,maxi,0.028665945945945945,0.012152432432432431,0.6156181150550796,0.7001346855633735
55759.5,maxi,0.07370378378378378,0.019522432432432433,1.2256464519542356,0.7943861143295468
55767.5,maxi,0.022444054054054054,0.007872432432432432,2.6157623373434813,6.228499543842456
55770.5,maxi,0.039906756756756756,0.013982702702702701,0.76485969475524,0.47529010149584033
55771.5,maxi,0.05597297297297297,0.017292972972972973,0.34281314776428784,0.3884213931147839
55779.5,maxi,0.019137837837837835,0.008362972972972973,-0.04603660366036604,-0.18288383331060995
55781.5,maxi,0.01901378378378378,0.007874594594594594,0.20683348075740993,0.22683290633405115
55787.5,maxi,0.021172702702702703,0.006794594594594594,-6.000491098833641,-12.875830825854433
55803.5,maxi,0.02214108108108108,0.005721621621621622,-6.496816353887399,-15.195526293563733
55822.5,maxi,0.029868108108108107,0.011405675675675676,0.6387777547539729,0.4513952229641985
55839.5,maxi,0.02723108108108108,0.007670810810810811,3.0788263085913217,7.054588268685155
55852.5,maxi,0.019227027027027024,0.0076572972972972966,0.2530560826153224,0.23474360855837242
55859.5,maxi,0.060445135135135136,0.01025054054054054,0.8653991695473419,0.27697644389279474
55875.5,maxi,0.040500810810810806,0.006944594594594594,4.891129876474283,5.677817180961721
55989.5,maxi,0.04114621621621621,0.016463783783783784,1.2746000652954619,1.0555375642559648
55990.5,maxi,0.03615243243243243,0.016705945945945946,0.5147200513863612,1.3865408697242696
55992.5,maxi,0.08903405405405405,0.02140108108108108,1.8346097121319713,1.1780359021699176
55994.5,maxi,0.024658378378378375,0.008734054054054053,0.1328543036232992,0.15731421100836962
55995.5,maxi,0.021065675675675674,0.007916216216216215,0.12539745026193866,0.2280764577403281
56002.5,maxi,0.02987081081081081,0.0077505405405405405,-29.761822125813445,-259.22275626912653
56035.5,maxi,0.024808108108108105,0.009607027027027027,0.4147575544624034,0.36700643584967085
56036.5,maxi,0.0400027027027027,0.009952972972972972,5.837685185185185,14.831143029117213
56056.5,maxi,0.029958378378378378,0.014782702702702702,-0.3065913591283932,-0.2441627888050802
56057.5,maxi,0.03723351351351351,0.01839108108108108,-1.2544292364343779,-4.862270053819977
56063.5,maxi,0.033105675675675676,0.009473243243243243,18.702048417132215,119.20344998634616
56065.5,maxi,0.028973243243243244,0.009532702702702702,0.0896728007058845,0.16307561520616484
56066.5,maxi,0.022431891891891893,0.008038648648648648,0.016971720627246938,0.1521850910484148
56074.5,maxi,0.042337027027027026,0.009164054054054054,0.6279171757040378,0.2217839647836633
56106.5,maxi,0.02228351351351351,0.010634054054054053,1.9731242380582954,3.472439636272634
56109.5,maxi,0.03157378378378378,0.012287837837837837,0.2646080812058367,0.26240595503094866
56114.5,maxi,0.04726675675675675,0.00786027027027027,1.584594168636722,0.7367206657629274
56126.5,maxi,0.025847027027027025,0.012638648648648648,-1.7094569446794112,-1.9728004581207756
56128.5,maxi,0.07328675675675675,0.021596486486486488,0.5521138043623387,0.590082208691405
56136.5,maxi,0.02551324324324324,0.012519189189189189,0.6034993877682542,0.4174707514722882
56151.5,maxi,0.0997035135135135,0.03782945945945946,6.314780168381665,82.71425702515694
56152.5,maxi,0.059917027027027024,0.02545297297297297,4.562685372628407,14.700552518819723
56187.5,maxi,0.027589999999999996,0.007947837837837837,1.94974615554411,1.6525551651962247
56200.5,maxi,0.03742162162162162,0.015068648648648647,1.087331790184001,0.97062159827256
56201.5,maxi,0.05973864864864865,0.01906162162162162,1.385483242681748,1.0753400614109927
56203.5,maxi,0.05070027027027027,0.02006297297297297,3.4428072473259115,21.878621122943176
56212.5,maxi,0.024850810810810812,0.00843972972972973,-0.058514187041324904,-0.15309188880305394
56227.5,maxi,0.0418981081081081,0.014105675675675675,0.7213890617843596,0.42902309283054374
56291.5,maxi,0.05669918918918919,0.022406756756756758,0.9488946923876005,0.6814591466593702
56318.5,maxi,0.019728108108108107,0.006641351351351351,2.0837825247887136,2.6772927749497946
56319.5,maxi,0.09904216216216216,0.007236756756756757,0.9157674862735737,0.13315977702875287
56320.5,maxi,0.06080216216216216,0.00722027027027027,0.6607589569641722,0.12934152607649757
56342.5,maxi,0.030367027027027024,0.008072972972972972,0.22628905526601234,0.19558042272689397
56353.5,maxi,0.03514432432432433,0.01542027027027027,-7.7786982248520715,-25.173755582206578
56363.5,maxi,0.013664864864864864,0.006825405405405405,12.230798919336165,86.9929601378209
56370.5,maxi,0.055157837837837835,0.023017837837837837,0.5112784646966153,0.6136210551119785
56372.5,maxi,0.024988108108108104,0.009818378378378378,8.68082788671024,42.96571758291683
56385.5,maxi,0.05806486486486486,0.022015945945945945,1.3042852281353892,1.1435906074918636
56391.5,maxi,0.03898459459459459,0.006817567567567568,0.7096795533328041,0.24088583043035136
56398.5,maxi,0.05200162162162162,0.009992432432432431,0.9028797915685024,0.4168477386286248
56412.5,maxi,0.02302108108108108,0.00723135135135135,0.10275501467710374,0.19066026512314035
56421.5,maxi,0.03877837837837837,0.018545945945945944,0.32144897725974175,0.6915192751445844
56430.5,maxi,0.01593108108108108,0.006918918918918919,0.11357617733661736,0.24309930787172104
56436.5,maxi,0.018302162162162162,0.007627027027027026,1.1517253218884118,0.9303636276398793
56440.5,maxi,0.07087864864864865,0.005687027027027027,1.1869879010644002,0.21197409952016805
56445.5,maxi,0.028834054054054054,0.009181621621621621,1.254346081840064,1.1731272175384775
56488.5,maxi,0.022264054054054055,0.01001108108108108,1.2868781506186668,1.9316617498762823
56491.5,maxi,0.04691378378378379,0.015328108108108108,0.07655560719537374,0.20694390191739118
56498.5,maxi,0.03476027027027027,0.010562702702702702,2.520010168506682,2.6455014209375163
56515.5,maxi,0.09438567567567567,0.021759999999999998,1.8179173068294605,1.4506128074085523
56560.5,maxi,0.01752189189189189,0.008212702702702702,0.3519071520850541,0.33481405584549495
56562.5,maxi,0.0285727027027027,0.013705675675675676,0.7570664629488159,1.0118366296734158
56571.5,maxi,0.03528027027027027,0.010532162162162162,1.8322970279356203,1.383022169907168
56581.5,maxi,0.018268648648648647,0.007026216216216216,1.0681281618887015,0.8499572889533562
56654.5,maxi,0.09524432432432432,0.03094405405405405,9.219501425073261,28.913988835178607
56687.5,maxi,0.01882567567567567,0.00941162162162162,2.7992708556723143,8.198303308912685
56705.5,maxi,0.016795135135135135,0.008231621621621622,-0.1409069419273501,-0.2941198142940879
56711.5,maxi,0.05532432432432432,0.018243783783783784,0.6699307942187279,0.7127324138970945
56734.5,maxi,0.044046756756756754,0.01860189189189189,0.44982042730970795,0.3591974432562632
56735.5,maxi,0.035455405405405406,0.013919189189189189,2.5515567324666986,4.1185805170642045
56761.5,maxi,0.036136756756756754,0.01075864864864865,0.5968913810306786,0.3674560120723354
56778.5,maxi,0.02568027027027027,0.009225945945945946,0.5466104813778889,0.37917569762513276
56779.5,maxi,0.04305648648648649,0.012889999999999999,1.095561320074939,0.6116018261071862
56781.5,maxi,0.034590270270270264,0.015190270270270268,1.1834921845215403,2.048295085581348
56791.5,maxi,0.021236756756756753,0.007896216216216216,0.19695973388001392,0.19557732421192234
56799.5,maxi,0.023989999999999997,0.00702054054054054,0.8009770249091334,0.3285518100146088
56808.5,maxi,0.02722918918918919,0.01049054054054054,0.8183488749437962,0.5646040453696635
56834.5,maxi,0.05106216216216215,0.011396216216216216,1.291297751409615,1.0068725636762983
56851.5,maxi,0.036415945945945945,0.009114054054054055,0.3374330655957162,0.21687111470755358
56872.5,maxi,0.03051216216216216,0.008696216216216216,1.0567441100145079,0.558665798269829
56924.5,maxi,0.04394108108108108,0.009222972972972972,0.4613378375021734,0.24863141844911804
56934.5,maxi,0.023173783783783784,0.011494594594594594,-15.23322597960279,-126.79371841921387
56936.5,maxi,0.01885189189189189,0.008565135135135134,-0.07959409223349745,-0.16030537665953629
56944.5,maxi,0.01730216216216216,0.0066808108108108106,1.175776511670649,0.8940195513622015
57049.5,maxi,0.04428972972972973,0.015438108108108107,0.6221699381554181,0.5223452087007826
57051.5,maxi,0.050568108108108106,0.010673513513513512,0.7280690986597628,0.32146985811940804
57052.5,maxi,0.03794081081081081,0.011423513513513513,0.8523908523908524,0.5662122504698481
57065.5,maxi,0.016502702702702703,0.007238108108108108,0.1253313253012048,0.4035440057726192
57072.5,maxi,0.06798162162162161,0.024694594594594596,0.33795787070665145,0.5205787364369039
57079.5,maxi,0.09640918918918918,0.016424864864864865,0.9441992484208844,0.40277975661387316
57081.5,maxi,0.03305297297297297,0.008665405405405405,0.3164059835306729,0.17105947066761543
57089.5,maxi,0.028995675675675677,0.00769027027027027,1.7758834637172918,1.0279092806534955
57098.5,maxi,0.15422135135135134,0.04993297297297297,5.183371228415166,14.98992306400332
57138.5,maxi,0.01842216216216216,0.008385135135135134,0.45596927203191995,0.2991420390352661
57139.5,maxi,0.020719729729729727,0.008997027027027026,0.20490755048755796,0.22453160069927092
57140.5,maxi,0.02863891891891892,0.009880810810810811,0.6668231122236129,0.6539606656542413
57141.5,maxi,0.031191621621621618,0.012878378378378377,0.4348218265169684,0.2930989828626811
57151.5,maxi,0.04340594594594594,0.015595405405405403,1.3718940501229904,1.5380764519279584
57153.5,maxi,0.031228378378378375,0.008506216216216216,0.03174841526069096,0.1675703784642928
57195.5,maxi,0.04021405405405405,0.011446486486486485,0.9588939032697549,0.7884992639095024
57210.5,maxi,0.017626486486486487,0.007882972972972972,0.31930367181459113,0.33538081491606214
57214.5,maxi,0.040184324324324325,0.014967567567567567,1.1976889114223548,1.1803012236842652
57223.5,maxi,0.02678891891891892,0.00887108108108108,0.9950178968753022,0.670901548706573
57225.5,maxi,0.02311162162162162,0.008641081081081081,0.01806065578691428,0.15800306176848747
57233.5,maxi,0.026763513513513512,0.007102162162162162,1.058001323061821,0.5000886624447649
57240.5,maxi,0.03598621621621621,0.014385945945945944,1.0275259067357514,0.6837306158991331
57268.5,maxi,0.05073999999999999,0.01108189189189189,1.3468184459125048,0.9657059568109639
57281.5,maxi,0.019186216216216214,0.008071621621621622,0.8880302249699469,0.6818892149332414
57283.5,maxi,0.031565945945945945,0.008524054054054053,0.5513829887661663,0.37075096173561367
57285.5,maxi,0.030511621621621618,0.012083513513513512,1.3471906968066911,1.4782294262117266
57286.5,maxi,0.05359432432432432,0.020054324324324323,0.2144798840159478,0.36527478205141234
57305.5,maxi,0.015275405405405404,0.0071508108108108105,1.0275273586270066,1.1451435842288924
57313.5,maxi,0.03875972972972973,0.01609054054054054,0.3606811275104857,0.268397773032119
57356.5,maxi,0.02308216216216216,0.009663783783783785,0.05234932049485039,0.21285871294852113
57358.5,maxi,0.03087054054054054,0.013565945945945946,4.4392467936837425,11.54530810512657
57360.5,maxi,0.08090027027027027,0.02954243243243243,1.0327910875860828,0.6789033391654962
57377.5,maxi,0.10762189189189189,0.02252405405405405,1.1300300394267475,0.5894997912068857
57413.5,maxi,0.03926081081081081,0.01193,9.002078092529805,32.721639574103676
57425.5,maxi,0.01804162162162162,0.008314054054054054,0.9802136768619586,1.0311144430396464
57426.5,maxi,0.02386054054054054,0.00860027027027027,0.5629489319405112,0.38297280514292614
57428.5,maxi,0.0347,0.009361891891891893,0.7626260486399458,0.5386282688439217
57432.5,maxi,0.09925378378378377,0.02241162162162162,1.0375337639459776,0.5852441048760759
57439.5,maxi,0.029297297297297294,0.011082972972972973,3.475218824599296,5.703109187801396
57441.5,maxi,0.026191081081081077,0.010124864864864865,0.4238476104343894,0.6190796724203267
57450.5,maxi,0.06780243243243243,0.009607567567567568,0.7619522164700319,0.19818806294073865
57484.5,maxi,0.035607297297297294,0.012027567567567567,2.3689040253535785,3.8986914934392343
57504.5,maxi,0.06802216216216217,0.023626756756756753,41.94318181818181,1331.122317633691
57515.5,maxi,0.02023027027027027,0.008527027027027028,0.16767480178257455,0.17976644285375842
57522.5,maxi,0.025784864864864865,0.00815945945945946,0.792293776459837,0.4060476006952054
57571.5,maxi,0.022164864864864863,0.008435405405405405,0.4812306647551498,0.35491287379523656
57572.5,maxi,0.06591081081081081,0.006893243243243243,0.6660136265932725,0.14135352689647923
57573.5,maxi,0.04277189189189189,0.010097027027027028,0.8827571043808058,0.5536839816606588
57584.5,maxi,0.04959702702702703,0.011106756756756757,0.8992754823841298,0.4537235451125791
57594.5,maxi,0.023285405405405402,0.007147567567567567,0.911749122458441,0.7049654921187715
57603.5,maxi,0.051991621621621624,0.02383189189189189,-1.578233165512901,-1.4478807779235152
57629.5,maxi,0.04641351351351351,0.01276081081081081,0.6521854363142434,0.35769877536004513
57641.5,maxi,0.017344594594594594,0.008278648648648648,0.7121022781889839,0.5334957433912567
57644.5,maxi,0.02431351351351351,0.009755675675675675,0.2959296050747781,0.21291042292605636
57645.5,maxi,0.03829135135135135,0.009925945945945945,0.4666314886880813,0.2889713211869636
57646.5,maxi,0.055597297297297295,0.011395135135135135,0.5911515417214672,0.24761344539766544
57647.5,maxi,0.035722702702702704,0.014862972972972972,0.7558161271136036,0.6908325040984987
57717.5,maxi,0.045838378378378376,0.010447837837837837,0.3653297350952292,0.16664551059944882
57718.5,maxi,0.030284324324324322,0.013147567567567568,-0.0965562380424932,-0.24617565918153514
57728.5,maxi,0.03639243243243243,0.012661621621621622,0.5205450157333578,0.4405058877325713
57746.5,maxi,0.040592702702702696,0.01439189189189189,-9.100225648740128,-63.76440679305425
57769.5,maxi,0.023137027027027027,0.009141351351351351,-2.3375969337730633,-2.59246648993172
57786.5,maxi,0.019196756756756753,0.009115405405405405,0.27300744799246646,0.520196468273307
57787.5,maxi,0.03841837837837837,0.009188108108108108,0.5312667860340198,0.23809596667893276
57789.5,maxi,0.039739189189189186,0.011323243243243243,1.061685779245565,0.6311493298308511
57792.5,maxi,0.05069945945945946,0.02055972972972973,1.0971395055044215,0.8203359727331104
57800.5,maxi,0.03551567567567567,0.010181081081081081,8.80064599483204,29.470315375832367
57811.5,maxi,0.055610540540540536,0.009736486486486486,0.7430533484676504,0.2807510734620098
57845.5,maxi,0.034949729729729734,0.011108378378378378,0.8570957863317441,0.629022561367954
57859.5,maxi,0.038015675675675674,0.01426162162162162,-0.05291365669074647,-0.17284504973163226
57860.5,maxi,0.045730810810810804,0.009587027027027026,0.3848514883140966,0.21281861686778603
57863.5,maxi,0.016766486486486487,0.008221081081081081,0.08171434817061508,0.1984451862199498
57865.5,maxi,0.09223270270270269,0.024718918918918916,0.5569598611184176,0.39507937305592916
57868.5,maxi,0.06319,0.026283783783783782,0.6247054673721342,0.4550339541054747
57872.5,maxi,0.02531081081081081,0.011958378378378378,2.8119013062409284,6.863034150642122
57883.5,maxi,0.033296216216216215,0.008286486486486486,0.848852617970265,0.3629238778198332
57916.5,maxi,0.025167297297297293,0.010785135135135135,-3.837304288631722,-10.08266784777007
57917.5,maxi,0.05954729729729729,0.01165864864864865,1.5560346308448139,0.9203934691412946
57931.5,maxi,0.01918837837837838,0.008859459459459458,0.14386837574134304,0.19426636639646855
57932.5,maxi,0.02321216216216216,0.008761351351351351,0.013470977966586691,0.10499667222332819
57933.5,maxi,0.023169459459459456,0.010207297297297297,-0.026561731431382195,-0.1446778407732941
57934.5,maxi,0.06689216216216216,0.013415405405405405,-0.003872594973438686,-0.07816383035398593
57935.5,maxi,0.026799999999999997,0.01279108108108108,0.03639037994995129,0.20623772264671
57936.5,maxi,0.0360127027027027,0.017647297297297297,-0.21754101420452712,-0.19718915498601805
57937.5,maxi,0.055732702702702704,0.020427567567567567,3.425624321389794,9.714528422018203
57945.5,maxi,0.041521891891891885,0.009586216216216217,0.8850022952324743,0.3276191702852134
57955.5,maxi,0.021227297297297297,0.006338648648648648,0.36973041566451725,0.19396945124465123
58002.5,maxi,0.024304864864864863,0.008900540540540541,0.1700027443312408,0.13137784735294925
58004.5,maxi,0.05222432432432433,0.009613783783783783,0.25024475676616487,0.09360562216762969
58005.5,maxi,0.04909972972972973,0.009941351351351352,0.3455607091564053,0.11079789685874557
58006.5,maxi,0.03799216216216216,0.010379189189189189,0.12634748939831603,0.105366755811763
58007.5,maxi,0.05789405405405405,0.013576216216216215,0.11501879741563674,0.12948117453447577
58027.5,maxi,0.02068891891891892,0.00694081081081081,1.506459058183196,1.067283230825366
58035.5,maxi,0.04721135135135135,0.01490054054054054,0.7221702069557415,0.38217616934089393
58036.5,maxi,0.029238378378378376,0.013286486486486487,-9.062219371391917,-51.37194746226172
58073.5,maxi,0.02746027027027027,0.008595405405405404,0.21495262065206044,0.17770495476042228
58074.5,maxi,0.035568378378378375,0.008841621621621621,0.15116424689214125,0.12805876769237962
58075.5,maxi,0.030466216216216216,0.008881891891891893,0.07036189495795396,0.10555495098379818
58076.5,maxi,0.02631324324324324,0.009532702702702702,0.11468532563181416,0.12505220116802251
58078.5,maxi,0.04812513513513513,0.011029729729729728,0.13355746549901037,0.1259226786701454
58079.5,maxi,0.04832810810810811,0.012540540540540539,0.4441253129394012,0.21137047016974175
58080.5,maxi,0.030809999999999997,0.01437027027027027,0.22041074014929254,0.23173278179015883
58081.5,maxi,0.06599054054054053,0.020635675675675674,0.42048849745297956,0.3043603772716218
58093.5,maxi,0.039765675675675675,0.007764324324324324,0.17984162674748264,0.1455610712061303
58094.5,maxi,0.028572432432432432,0.007454054054054054,0.5739117452598801,0.38815774973339445
58095.5,maxi,0.03979243243243243,0.007958378378378378,0.5049937016375742,0.27905338360214704
58096.5,maxi,0.028804594594594595,0.011005945945945946,0.24038529640909415,0.25855201027466956
58109.5,maxi,0.03500702702702702,0.009342162162162162,24.70383275261324,231.080955857687
58115.5,maxi,0.04630864864864864,0.010454324324324324,19.225850713501647,145.56480946067808
58129.5,maxi,0.02323972972972973,0.008127297297297296,7.328431910457588,17.376333991467153
58132.5,maxi,0.03095783783783784,0.011343243243243243,1.524549063305244,1.211654655082167
58134.5,maxi,0.036700270270270265,0.012617027027027028,0.619428931015496,0.49585705524213813
58147.5,maxi,0.021894864864864864,0.008865945945945945,0.10821874860034936,0.13628104243068712
58148.5,maxi,0.03698675675675676,0.009492972972972974,0.09590880642632753,0.09672498168387197
58149.5,maxi,0.029749189189189187,0.009600540540540539,0.3807452178533475,0.14909313974830557
58150.5,maxi,0.04810324324324324,0.009949729729729729,0.39472290390353276,0.16516335867590967
58151.5,maxi,0.060786216216216216,0.01256972972972973,0.46310227865715775,0.17979129970807153
58153.5,maxi,0.035885675675675674,0.015731351351351352,0.09352731191486496,0.35122299502098697
58154.5,maxi,0.05279918918918919,0.022822972972972973,0.4702159173497456,0.4389987383011535
58161.5,maxi,0.042816486486486484,0.01127837837837838,0.7384880755962202,0.5664928893065138
58165.5,maxi,0.019066486486486484,0.008773243243243242,0.6504937841291972,0.5183397593424983
58172.5,maxi,0.0592727027027027,0.00923108108108108,0.8190945182470606,0.24209423980310912
58187.5,maxi,0.022426486486486485,0.010145945945945945,-1.262222706709544,-1.9778228873153805
58206.5,maxi,0.03285081081081081,0.012227027027027028,0.2649996935711221,0.37328738237878206
58219.5,maxi,0.03129108108108108,0.00887972972972973,0.45580900521643636,0.20553110095146615
58221.5,maxi,0.04673162162162162,0.009385675675675675,0.045424910353820305,0.09808300674687644
58222.5,maxi,0.0229,0.010453783783783782,0.23664828322362566,0.21578003064254356
58226.5,maxi,0.04882027027027026,0.021602702702702703,0.3844111069698099,0.9711145996245756
58234.5,maxi,0.05459189189189189,0.020994864864864862,0.8738571507729817,0.7109690882984768
58238.5,maxi,0.018594864864864863,0.0076691891891891885,0.03971008574928543,0.18517979666486958
58259.5,maxi,0.03419405405405405,0.009829729729729729,-1.4184585053293082,-1.2207200234511564
58279.5,maxi,0.029668378378378376,0.01474135135135135,0.25837985949442716,0.2951524097795957
58292.5,maxi,0.022445945945945945,0.009385675675675675,-0.17616336073610378,-0.15182913799114395
58293.5,maxi,0.0309627027027027,0.009799189189189188,0.42937030979411195,0.23076130428142688
58296.5,maxi,0.035354324324324324,0.01332189189189189,0.14742665238173727,0.2323662114978868
58297.5,maxi,0.04468162162162162,0.01807162162162162,0.44709658928059615,0.4116233210980396
58298.5,maxi,0.04815621621621621,0.022024054054054054,0.3236469030199084,0.45579422328199215
58306.5,maxi,0.021906216216216214,0.010252432432432432,4.120480293060172,6.7106645790360595
58316.5,maxi,0.029435945945945945,0.007454594594594594,0.8535440849592493,0.43311117139750527
58335.5,maxi,0.05136351351351351,0.008688108108108107,0.8292249126310535,0.268053394801287
58336.5,maxi,0.05092378378378378,0.008074594594594595,0.7987211225701883,0.2587213415634553
58350.5,maxi,0.02302054054054054,0.01091108108108108,-18.22870249017038,-177.99821101134404
58351.5,maxi,0.047742162162162156,0.011654054054054053,1.6258283971614569,1.5534621938091588
58363.5,maxi,0.020868378378378377,0.008354054054054054,-0.05660522717204985,-0.13556390948204528
58364.5,maxi,0.020164594594594593,0.009099459459459457,0.14649649088853353,0.15687636092672816
58365.5,maxi,0.04765378378378378,0.008924324324324323,0.22229197254488953,0.08046658310319442
58366.5,maxi,0.05023081081081081,0.009544864864864864,0.08135452644973641,0.0899765804573596
58367.5,maxi,0.04125351351351351,0.010180810810810811,-0.023653105642055916,-0.11364777851900397
58368.5,maxi,0.045408378378378376,0.011182432432432433,0.06562056508837569,0.151807977396132
58369.5,maxi,0.05339162162162162,0.014885405405405405,0.6215930140248743,0.43348688661536494
58370.5,maxi,0.0681981081081081,0.022425945945945942,0.43289805497990064,0.3731335667703811
58381.5,maxi,0.02137189189189189,0.008539189189189188,0.03157509981442951,0.21754023191199112
58389.5,maxi,0.04743486486486486,0.011867567567567567,1.2080539025849313,0.6112457014000188
58420.5,maxi,0.04094243243243243,0.01877,-4.252966714905934,-10.716492076101215
58437.5,maxi,0.02870243243243243,0.00942054054054054,0.0988025114894168,0.10292973306021246
58438.5,maxi,0.0336945945945946,0.00900918918918919,0.176052794390596,0.12906828398713094
58439.5,maxi,0.021578378378378376,0.009897837837837839,0.2730365908076752,0.1648715709706204
58443.5,maxi,0.07715216216216217,0.02002891891891892,0.5853555830937113,0.5418245506641037
58454.5,maxi,0.017167567567567564,0.008382702702702702,0.2182588886646097,0.23409757841740042
58456.5,maxi,0.0346827027027027,0.00758,0.5053332131482483,0.2648726041991335
58457.5,maxi,0.02024972972972973,0.006767297297297296,5.896076599719756,26.151192652964518
58458.5,maxi,0.04061108108108108,0.006999189189189189,0.7330456852791878,0.32774991229069106
58459.5,maxi,0.046225945945945944,0.00643972972972973,0.5664874532186662,0.1710178887506247
58460.5,maxi,0.043217027027027025,0.006535675675675675,1.047413111122831,0.3953783153932116
58461.5,maxi,0.07295108108108109,0.009564054054054054,0.9323631891781103,0.26622064207192053
58472.5,maxi,0.049428918918918915,0.007495675675675675,1.0596249930861557,0.4624805452460488
58476.5,maxi,0.02725324324324324,0.007602432432432432,-8.271186440677967,-26.909026952712303
58483.5,maxi,0.015177297297297295,0.006676756756756757,0.4860488570147916,0.4259961313332012
58486.5,maxi,0.039722432432432425,0.006625945945945945,0.9713182485133988,0.3352150906846113
58487.5,maxi,0.035379189189189184,0.006433783783783784,2.017108688810689,1.1328094387053083
58488.5,maxi,0.018808918918918918,0.0069724324324324325,3.4098106431603004,5.720371367204729
58489.5,maxi,0.021407837837837836,0.007085945945945946,3.6959328097052646,5.765962102234702
58490.5,maxi,0.032425675675675676,0.007565135135135135,2.5293603496225665,2.108198368985559
58491.5,maxi,0.03219081081081081,0.007675675675675676,1.6346848934198335,0.881459259001583
58492.5,maxi,0.04153945945945946,0.013307837837837837,3.29953597894591,4.561670482231097
58493.5,maxi,0.06133999999999999,0.012203513513513512,0.806206387927611,0.34427400223402554
58494.5,maxi,0.049236756756756754,0.010822702702702703,1.3558610759938192,0.8509615432156687
58495.5,maxi,0.038775135135135134,0.011836216216216215,0.6918262550595058,0.3899213861062188
58510.5,maxi,0.02401216216216216,0.008581891891891893,0.08515710161593656,0.1692764586705969
58511.5,maxi,0.026616216216216213,0.009137567567567567,0.2047963265592573,0.15784478125249765
58513.5,maxi,0.03724891891891892,0.014898918918918919,0.24895877603059924,0.2248497056669186
58515.5,maxi,0.09777243243243243,0.03187108108108108,1.9772718894009218,2.5994066103244498
58517.5,maxi,0.08438243243243243,0.02602027027027027,0.5496819953691492,0.3517454105968638
58519.5,maxi,0.06415972972972972,0.017405135135135134,0.46237125125905715,0.26034132259015863
58520.5,maxi,0.059622432432432426,0.014047837837837838,0.7021769337656322,0.27798403374677116
58521.5,maxi,0.03971783783783784,0.014934864864864865,1.2372065021071643,1.7228757635966157
58523.5,maxi,0.02805837837837838,0.011808108108108107,-16173.333333333334,-155738417.95121768
58531.5,maxi,0.013264864864864863,0.006478648648648648,0.4749770277236155,0.33345663302273726
58533.5,maxi,0.041996216216216214,0.007227297297297298,0.8515774994985243,0.29918347388550454
58541.5,maxi,0.03521918918918919,0.014426486486486487,0.7564128630002371,0.6661512402663978
58556.5,maxi,0.0354327027027027,0.007478648648648649,0.561862472849248,0.24960718363036052
58557.5,maxi,0.02532,0.009912702702702702,1.1436711255536514,0.7937410256603498
58558.5,maxi,0.039457837837837836,0.0069454054054054045,0.5066551123141485,0.15547049964643728
58567.5,maxi,0.054,0.010312432432432432,1.1769247070933366,0.5622524117357709
58568.5,maxi,0.033048108108108105,0.013132702702702703,0.4711342675769553,0.4439425084532814
58578.5,maxi,0.021499459459459455,0.00847054054054054,0.36899186117936117,0.31098605369950716
58579.5,maxi,0.027154594594594596,0.008414054054054054,0.015992802114378903,0.1597698412681321
58582.5,maxi,0.022609729729729727,0.009687297297297297,0.10796443069785425,0.15705280205365874
58583.5,maxi,0.028359729729729728,0.009914594594594595,0.10519511998060921,0.11252078820607246
58585.5,maxi,0.06750594594594594,0.012735675675675674,0.2400945465178615,0.10606555160900123
58591.5,maxi,0.03617702702702703,0.01646081081081081,0.30471653666963305,0.421446554032058
58599.5,maxi,0.02302108108108108,0.007942702702702703,0.07214210310501566,0.12945078233844037
58600.5,maxi,0.022371351351351352,0.007713513513513513,0.27707124876874245,0.33523571607206853
58622.5,maxi,0.13988837837837836,0.010712972972972972,1.5303056822510732,0.3877340248799216
58653.5,maxi,0.020956216216216215,0.009142162162162163,-0.11824199144406641,-0.13047500206607626
58654.5,maxi,0.03615162162162162,0.00980108108108108,0.07296690067402518,0.11363492095202267
58655.5,maxi,0.02649837837837838,0.009471891891891892,0.255639894086496,0.19545890005850577
58656.5,maxi,0.023247567567567566,0.009936486486486486,-0.019227144203581528,-0.1929461249345674
58657.5,maxi,0.025816216216216215,0.009518648648648648,-0.011993978731325164,-0.1259464844756152
58658.5,maxi,0.039802702702702704,0.009704054054054053,0.40861978399292787,0.23506128388704114
58659.5,maxi,0.03724783783783783,0.01043108108108108,0.4559787422497785,0.24056446893144845
58704.5,maxi,0.01568162162162162,0.007192972972972972,0.43416297179477625,0.28981914298550016
58724.5,maxi,0.020441621621621622,0.008348108108108107,0.011734978430859237,0.16350475387076524
58726.5,maxi,0.03006567567567567,0.00952162162162162,0.31659798621350166,0.22087926510653505
58727.5,maxi,0.020115675675675675,0.009772702702702701,-0.08301191476361414,-0.15541007492162598
58728.5,maxi,0.02493054054054054,0.010332162162162161,0.2068250091850187,0.12644939107249356
58731.5,maxi,0.03383567567567567,0.009583783783783783,0.514375224847104,0.2890423804461948
58732.5,maxi,0.04965837837837838,0.012658378378378379,0.5186863470273992,0.28653076266324246
58734.5,maxi,0.05007081081081081,0.017493243243243244,0.032031072140624894,0.2089538388946932
58735.5,maxi,0.047180540540540536,0.015609189189189188,1.243744728703964,1.4207857354255495
58740.5,maxi,0.018678648648648648,0.00930918918918919,5.627388535031847,30.844951613444433
58751.5,maxi,0.02603216216216216,0.010136216216216217,0.41556954779622207,0.3570867474305064
58793.5,maxi,0.017155675675675677,0.007652972972972973,0.604350209483535,0.34759436644002645
58796.5,maxi,0.028576756756756753,0.007584864864864864,0.3782101689714034,0.14073377257154326
58797.5,maxi,0.04077216216216216,0.007862972972972972,0.2897208813018078,0.10834664681567786
58798.5,maxi,0.05092945945945945,0.008124864864864864,0.17033766017936527,0.08360848770223595
58799.5,maxi,0.04671972972972972,0.008674054054054053,0.28052906420848756,0.0941886926819622
58800.5,maxi,0.05170783783783783,0.008231891891891892,0.35247047100568707,0.09349535562871837
58801.5,maxi,0.04666864864864864,0.009037837837837837,0.34105615979205145,0.11310201136747627
58804.5,maxi,0.042298378378378375,0.009325675675675675,0.2583324952227698,0.16053443152202626
58813.5,maxi,0.04062243243243243,0.01024054054054054,0.9786020612075352,0.6082141383921537
58822.5,maxi,0.019377297297297296,0.006219189189189189,0.7484764699243878,0.4881270879688551
58823.5,maxi,0.04370027027027027,0.006256486486486486,1.9614038954241164,0.9699238111029446
58835.5,maxi,0.058737837837837835,0.008762972972972972,1.023906125696102,0.42215282878372457
58844.5,maxi,0.0327827027027027,0.009147297297297297,0.720575956876474,0.36702186908179274
58845.5,maxi,0.01999297297297297,0.00958027027027027,1.5323864772954592,1.8081558909572157
58853.5,maxi,0.03506945945945946,0.007348108108108107,1.0981321438528018,0.4530755432383308
58854.5,maxi,0.020217027027027025,0.008285135135135135,4.256842105263158,8.60826995422372
58855.5,maxi,0.05045189189189189,0.01693027027027027,0.19038952921928712,0.19499979684790594
58856.5,maxi,0.03447459459459459,0.01017216216216216,2.1181390687634907,2.502957495768882
58857.5,maxi,0.03845918918918919,0.008951891891891892,2.150543614270222,1.5389192114752697
58869.5,maxi,0.02766027027027027,0.007197837837837838,0.1314031180400891,0.1663050263779744
58870.5,maxi,0.02442162162162162,0.008737027027027028,-0.11149267399267399,-0.12720697493812672
58871.5,maxi,0.023354054054054052,0.008917567567567565,-0.006260365810927608,-0.11467738695656456
58872.5,maxi,0.026015945945945945,0.008479459459459458,0.17187373859691613,0.1684250737839744
58873.5,maxi,0.02631027027027027,0.008784864864864864,0.02850866342757058,0.14624783630682123
58875.5,maxi,0.02688243243243243,0.009121621621621622,0.08620689655172413,0.11737997042947614
58876.5,maxi,0.04714135135135135,0.009211351351351352,0.24864724432021787,0.14159073754964496
58877.5,maxi,0.05004216216216215,0.011004594594594595,0.21092678226070893,0.12739732476052404
58879.5,maxi,0.04866702702702703,0.013258648648648648,1.1794718683651806,0.7403791923925703
58880.5,maxi,0.0334927027027027,0.01350945945945946,0.16805071881417982,0.17725389804511074
58881.5,maxi,0.04333756756756756,0.012008378378378377,0.6373652107006256,0.312454044814049
58882.5,maxi,0.04895486486486486,0.011538378378378377,0.40168799771236446,0.2026697891262878
58883.5,maxi,0.05641621621621622,0.009664054054054053,0.814104913649986,0.28688320130822315
58884.5,maxi,0.034627837837837835,0.009205135135135134,2.6212675610968064,3.025449635236663
58888.5,maxi,0.026845675675675675,0.007507027027027026,0.5284633215162258,0.2925770089837241
58889.5,maxi,0.020514594594594593,0.0071827027027027025,0.23869600742289745,0.19257278445092638
58894.5,maxi,0.014249459459459459,0.006597567567567567,1.8362339859801788,2.0718329631979926
58896.5,maxi,0.039626756756756754,0.008854324324324323,0.7149587585628407,0.30024629309431244
58913.5,maxi,0.025707837837837835,0.007435405405405405,1.4854626514592049,0.9133042083365184
58914.5,maxi,0.030369459459459458,0.007169189189189189,0.4610677996397585,0.21994212676144012
58915.5,maxi,0.016218378378378376,0.007125135135135135,0.2550995148034459,0.34520910755139705
58917.5,maxi,0.027565675675675673,0.012376486486486486,0.5335016062413951,0.3992422603979316
58918.5,maxi,0.04707027027027027,0.007201891891891891,0.37044745862381134,0.11780532616323326
58941.5,maxi,0.018508378378378376,0.008094594594594594,0.21976895844978572,0.19012207073174328
58944.5,maxi,0.03181945945945946,0.008068918918918918,0.09841026623252251,0.10525258437421034
58945.5,maxi,0.017111351351351348,0.008373513513513512,-0.031984974895239535,-0.1312519200568249
58946.5,maxi,0.03580189189189189,0.008797027027027027,0.07242599425683612,0.11135193591025414
58949.5,maxi,0.041585945945945946,0.010430810810810811,0.26241362257241,0.24293200135438595
58953.5,maxi,0.05054189189189189,0.016675675675675673,0.44865293997131733,0.3067484815073407
58958.5,maxi,0.03000243243243243,0.008704054054054052,0.8666155195089873,0.5311895668058288
58969.5,maxi,0.03593378378378378,0.010801351351351351,0.8156120588526282,0.40609262083485326
58977.5,maxi,0.022734864864864864,0.008796486486486486,0.9092851273623664,0.6198042324651273
58994.5,maxi,0.025900270270270268,0.0063078378378378375,0.46944400939702424,0.22376934622278993
59001.5,maxi,0.050666756756756755,0.013025135135135134,10.408694810224631,38.35576178737749
59002.5,maxi,0.03597918918918919,0.009183783783783784,0.6631837738168408,0.2941087073236027
59015.5,maxi,0.01862351351351351,0.008206486486486485,0.21426932782748337,0.16783364674656698
59016.5,maxi,0.018877027027027028,0.008302702702702702,0.10970940449451277,0.16272099758446876
59018.5,maxi,0.047576486486486484,0.008907027027027026,0.2489344938613198,0.097911519623114
59019.5,maxi,0.023005135135135135,0.00921891891891892,-0.1311408565563398,-0.1085331793951158
59020.5,maxi,0.026087297297297297,0.009539459459459458,-0.08588292452334682,-0.10007238135023197
59021.5,maxi,0.023904864864864865,0.010738378378378379,-0.07540170239883473,-0.1339512985988343
59022.5,maxi,0.03624,0.012885135135135135,0.1673894377601704,0.23448671493502224
59023.5,maxi,0.06476891891891892,0.014181081081081081,0.30559772002106506,0.15427757342726917
59024.5,maxi,0.07177648648648649,0.017749189189189187,0.8208031786575847,0.6506495276062505
59057.5,maxi,0.025825405405405403,0.005698108108108108,0.39490388913723734,0.19221790759245258
59060.5,maxi,0.03791918918918919,0.006972702702702702,1.0380869427508115,0.3849874936611622
59061.5,maxi,0.015544594594594592,0.0074578378378378374,3.3389069787908126,6.481921538761809
59062.5,maxi,0.043530270270270274,0.008577567567567567,0.5725673593027581,0.22017450413443385
59063.5,maxi,0.02353,0.00990108108108108,1.2577657506574684,1.5294630290066422
59064.5,maxi,0.02425297297297297,0.0065,0.7873301193254947,0.40590261949126544
59065.5,maxi,0.045286216216216216,0.022347027027027025,0.5682373671346559,0.4639667994949734
59085.5,maxi,0.016337027027027027,0.00787027027027027,0.5372534987277354,0.345301352641641
59087.5,maxi,0.017947567567567567,0.008035135135135135,0.09485867650759038,0.2288688934323478
59090.5,maxi,0.03216675675675675,0.00863027027027027,0.14236615994712493,0.12240511275172096
59093.5,maxi,0.051376216216216214,0.009834864864864864,0.3377461391032804,0.13130728779293427
59094.5,maxi,0.05059594594594594,0.00994,0.2050684757977114,0.12082630367078546
59104.5,maxi,0.039106756756756754,0.009158108108108107,1.5656680042342632,0.9690334301351471
59114.5,maxi,0.028132972972972972,0.00700027027027027,2.3156976744186046,1.9417256519036326
59158.5,maxi,0.021073783783783783,0.008516216216216217,0.3393881570095287,0.19938134175484576
59159.5,maxi,0.03711945945945946,0.008244324324324323,0.7477123380212491,0.2563828688224149
59160.5,maxi,0.04197594594594595,0.008702162162162162,0.42637631514558355,0.1425534655238932
59161.5,maxi,0.05692648648648649,0.008440540540540541,0.28046170770552725,0.08441426869276834
59162.5,maxi,0.029956486486486484,0.008995945945945947,0.10755986852402566,0.12035249089605324
59163.5,maxi,0.04268864864864865,0.009025135135135134,0.12276174327824255,0.07055448624564481
59164.5,maxi,0.056175945945945945,0.009438918918918918,0.2759931807059152,0.08854410621881145
59165.5,maxi,0.03821837837837838,0.009953783783783783,0.42685162737135585,0.14515649800003844
59166.5,maxi,0.03293513513513513,0.010043513513513513,0.1006838598289676,0.11176132071617162
59167.5,maxi,0.03877864864864865,0.010532432432432431,0.17724462879809919,0.17769562470967626
59168.5,maxi,0.040711081081081076,0.011832432432432432,0.21940457314528913,0.20975720410201393
59170.5,maxi,0.03952162162162162,0.016789189189189188,0.22979497505834973,0.335262319423131
59187.5,maxi,0.0689327027027027,0.00933,1.0995811956863157,0.3319066471924681
59200.5,maxi,0.06197540540540541,0.004942162162162162,2.658160996219702,0.9456791100971854
59205.5,maxi,0.020795675675675675,0.00790027027027027,0.9001026981607694,0.5578259959548488
59206.5,maxi,0.03038297297297297,0.007888648648648649,0.9302676347819987,0.4349464422178993
59207.5,maxi,0.040161621621621624,0.007625405405405405,0.5771435581727339,0.20938303696527066
59208.5,maxi,0.04930054054054053,0.012046756756756757,0.889870329952497,0.4618681386706068
59209.5,maxi,0.034179189189189184,0.00788,0.7818386147076515,0.3516590465362218
59210.5,maxi,0.03619,0.0069075675675675675,0.6097323653005143,0.18190382051859588
59211.5,maxi,0.01958378378378378,0.006911351351351351,1.6838749291517099,1.6241839605617892
59213.5,maxi,0.026757567567567565,0.006807567567567567,0.5030381383322561,0.22259846755993465
59214.5,maxi,0.03703972972972973,0.007522162162162162,0.9311843200098616,0.36008752215342077
59215.5,maxi,0.0495,0.007469459459459459,0.9015203212923292,0.25669666961316906
59216.5,maxi,0.06700405405405405,0.008022972972972973,0.9143332066029479,0.2195974467319048
59217.5,maxi,0.05555054054054054,0.008049459459459458,1.1862206148282097,0.36280687870544565
59218.5,maxi,0.0708327027027027,0.010411351351351352,0.857487340245961,0.23641009392368556
59219.5,maxi,0.10233945945945945,0.015408378378378378,0.6680540274119914,0.20171337252243474
59220.5,maxi,0.06880594594594594,0.010883783783783784,1.1026525852752127,0.36752497659344735
59221.5,maxi,0.06290756756756756,0.009666486486486485,0.5892207747568142,0.16103530276429318
59222.5,maxi,0.04277891891891892,0.010392432432432432,2.1387120470127328,1.5181835320282604
59232.5,maxi,0.022604864864864866,0.008504324324324325,0.40668820456420124,0.2900080753201844
59234.5,maxi,0.021622972972972974,0.009103513513513512,0.21663228491716574,0.14773151275344523
59235.5,maxi,0.044867567567567566,0.009041891891891892,0.2902040180657219,0.12838811116124732
59236.5,maxi,0.0380327027027027,0.010965675675675675,-0.009283463830052718,-0.11440881904214358
59237.5,maxi,0.03493162162162162,0.00959108108108108,0.09500290853767675,0.0907197451448532
59238.5,maxi,0.036284054054054056,0.009884324324324324,0.19946712194112476,0.10855884424117013
59239.5,maxi,0.034346756756756754,0.010618378378378377,-0.0005793399474644002,-0.11445917833082828
59240.5,maxi,0.05642108108108108,0.01062108108108108,0.27825602771689173,0.1633810994480697
59241.5,maxi,0.041648648648648645,0.014475945945945945,0.2173363565401628,0.30489432341284056
59243.5,maxi,0.04375108108108108,0.014736486486486485,0.2452651834846899,0.3107891729760061
59244.5,maxi,0.0919972972972973,0.01726135135135135,0.624143098717053,0.21729136453752015
59247.5,maxi,0.05232621621621621,0.012595405405405404,0.6616041854862993,0.30943274729820636
59248.5,maxi,0.03032756756756757,0.012183783783783785,-8.466734753428655,-42.29597276137667
59249.5,maxi,0.023672162162162162,0.01149054054054054,-3.7882267176963733,-10.655947256566124
59252.5,maxi,0.019017837837837837,0.00825,-0.12416340886375425,-0.1990024411707791
59254.5,maxi,0.01773216216216216,0.00780081081081081,0.1731079640627379,0.2263467610927198
59259.5,maxi,0.026424054054054052,0.007183513513513513,1.1612318335239478,0.7220748563551049
59280.5,maxi,0.016194594594594595,0.00798054054054054,1.6404266615184129,1.910668472337955
59288.5,maxi,0.04727,0.007315675675675675,0.8256873527101336,0.2400243738321239
59289.5,maxi,0.053201351351351345,0.007469459459459459,0.8444629845931364,0.24139520828160715
59290.5,maxi,0.03115243243243243,0.00845135135135135,3.086750568894255,3.3568238303170617
59300.5,maxi,0.02383972972972973,0.008017027027027026,2.816324258114804,3.4679446384906085
59301.5,maxi,0.04495405405405405,0.007575675675675675,1.1801961413445308,0.3726500667927198
59302.5,maxi,0.017443513513513514,0.007848918918918918,1.2390467270267458,0.751170677499323
59303.5,maxi,0.01638027027027027,0.00780081081081081,0.05558670238169398,0.28012365662628286
59304.5,maxi,0.0205,0.008134054054054055,0.17993748395572534,0.21896926618459714
59305.5,maxi,0.02147108108108108,0.007754324324324324,0.07896274449792715,0.18740229745194334
59307.5,maxi,0.032597297297297295,0.008849189189189189,0.08871882910932,0.1443295826198838
59308.5,maxi,0.024025675675675675,0.008408648648648648,-0.06834485335325985,-0.13170294760611675
59311.5,maxi,0.03209432432432432,0.009409459459459459,0.14891275375527716,0.13751347021861926
59312.5,maxi,0.03939243243243243,0.011017837837837836,0.3969227509241165,0.23887699264807938
59313.5,maxi,0.04981378378378378,0.010395945945945945,0.3018898868383226,0.17201297914096106
59314.5,maxi,0.030225675675675676,0.01444135135135135,0.6335917546278508,0.72536575372004
59316.5,maxi,0.05282243243243243,0.01588405405405405,0.2683424803791185,0.27765900189591064
59332.5,maxi,0.02924054054054054,0.006934054054054054,0.929830347756179,0.4290062125136876
59340.5,maxi,0.0216427027027027,0.010234054054054052,-0.2421244863795465,-0.6143025745994247
59346.5,maxi,0.028555135135135135,0.01061135135135135,0.2590454195535027,0.40304730173234943
59367.5,maxi,0.019146486486486487,0.00946162162162162,1.076802188527691,0.9479351282445597
59381.5,maxi,0.021595135135135134,0.009137297297297297,-0.04078311470559227,-0.12476201305525418
59384.5,maxi,0.02617054054054054,0.010324594594594593,0.1444895127802453,0.1698488066681532
59386.5,maxi,0.05869756756756757,0.011327837837837838,0.4917519030576095,0.20268729960768173
59387.5,maxi,0.04352243243243243,0.013419999999999998,0.14994718982449043,0.26431231100044367
59395.5,maxi,0.02342351351351351,0.010802702702702702,0.646504300214365,0.5843543344588691
59397.5,maxi,0.036008648648648646,0.009881081081081081,0.5923910402798698,0.2894181564808569
59405.5,maxi,0.027645945945945945,0.007845675675675675,2.567064506962205,2.629568908729914
59427.5,maxi,0.036634594594594595,0.00947054054054054,0.36261183108791095,0.2978977416252513
59432.5,maxi,0.026409459459459456,0.007408648648648648,0.6765797023085358,0.28652789460185024
59449.5,maxi,0.017287027027027026,0.008144594594594594,1.3555046900946996,1.387841157015168
59450.5,maxi,0.04388216216216216,0.008648108108108107,0.2764950512759361,0.11743669248262732
59451.5,maxi,0.04434162162162161,0.008444864864864864,0.1867243654736079,0.08367654977380527
59452.5,maxi,0.04757783783783784,0.008896216216216215,0.31763188301247763,0.10049656974503336
59453.5,maxi,0.02788135135135135,0.011019459459459459,0.19595579707743793,0.1546440811378844
59454.5,maxi,0.030970540540540537,0.00946027027027027,0.30158372926564975,0.14088370535726033
59455.5,maxi,0.030822432432432434,0.00980972972972973,0.0663983229634789,0.10970854124677666
59456.5,maxi,0.047452162162162165,0.009762432432432432,0.2287438129571457,0.09895159875991773
59457.5,maxi,0.03278513513513513,0.01018972972972973,0.06349485600642521,0.12810084618599052
59458.5,maxi,0.03857108108108108,0.00985108108108108,0.24951977579040183,0.13507013440648769
59459.5,maxi,0.033393783783783784,0.011155945945945945,0.04565120648734178,0.2210594742616456
59461.5,maxi,0.033509459459459455,0.01536081081081081,0.368033349913546,0.34617589409701094
59478.5,maxi,0.019615135135135135,0.007923243243243243,0.8325482351422856,0.7116349022697168
59489.5,maxi,0.08952432432432432,0.03040135135135135,0.629123969007748,0.40756734936368527
59498.5,maxi,0.04325162162162162,0.008054054054054054,1.1818873996178654,0.42201073726362864
59509.5,maxi,0.07804621621621621,0.009115135135135134,1.2926752413417744,0.3412526327945724
59511.5,maxi,0.07330621621621622,0.010364054054054054,1.8796928554348118,0.7779748017331062
59512.5,maxi,0.026671351351351347,0.01001162162162162,0.5157028441697673,0.36969366463696784
59520.5,maxi,0.03434783783783784,0.008523513513513515,1.5991836939102566,0.9429162252293883
59521.5,maxi,0.024561081081081078,0.008542972972972972,0.5700108570265319,0.318433873454685
59522.5,maxi,0.039354864864864864,0.008218108108108108,0.5611732347850096,0.19116168309700668
59523.5,maxi,0.0783227027027027,0.014647297297297296,0.7189932615159348,0.26943158654869037
59524.5,maxi,0.037681351351351346,0.00842027027027027,0.4816853735872546,0.16945940205415042
59525.5,maxi,0.02693108108108108,0.008754864864864863,0.06609699452213195,0.14477527625434503
59526.5,maxi,0.03783675675675676,0.008447027027027026,0.21105561154917887,0.11019023651001283
59527.5,maxi,0.020739999999999998,0.00882,-0.055606030274565364,-0.11481030113972567
59528.5,maxi,0.03892729729729729,0.008762702702702702,0.09758363574281563,0.11614143342216694
59530.5,maxi,0.029198918918918914,0.009216486486486486,0.0581702017012741,0.112463353150676
59531.5,maxi,0.03962594594594594,0.009761351351351352,0.3126968045781879,0.16225133307609504
59532.5,maxi,0.052048648648648645,0.010977837837837838,0.6930772666368914,0.31221532645799566
59544.5,maxi,0.02216324324324324,0.009995135135135134,0.8715134656720194,0.7620089133441349
59546.5,maxi,0.021903243243243244,0.0077859459459459456,0.37635730007336754,0.3010147767801759
59551.5,maxi,0.05457459459459459,0.011348648648648648,0.7959706771928026,0.3129664921104925
59564.5,maxi,0.11923648648648648,0.031077297297297298,1.6260834141065081,1.5846881623547324
59565.5,maxi,0.05224243243243243,0.0060516216216216214,2.7465910721975026,1.9613401275893136
59568.5,maxi,0.013978108108108107,0.006618108108108108,0.4996612721114038,1.081327516999397
59572.5,maxi,0.09840324324324325,0.03278135135135135,0.734407930684568,0.671024102790556
59573.5,maxi,0.04865918918918919,0.007822162162162161,0.9901030570281921,0.31078437327561104
59574.5,maxi,0.04917648648648649,0.006541351351351351,0.5740801746938622,0.14624895178749125
59575.5,maxi,0.03287081081081081,0.0068781081081081075,0.8849463567277603,0.3861942476762222
59576.5,maxi,0.03712864864864865,0.006709189189189189,0.7337421391224731,0.2178534087300284
59577.5,maxi,0.0363872972972973,0.006803783783783783,0.7609827659124551,0.2462391534304051
59578.5,maxi,0.03315648648648648,0.006745135135135135,0.8958237648448265,0.3417717204979146
59579.5,maxi,0.021075405405405406,0.007545675675675675,0.5006608877413009,0.26241674431149975
59580.5,maxi,0.024305405405405402,0.007307297297297297,4.217478052673583,5.654868232607716
59582.5,maxi,0.02012135135135135,0.009693783783783784,0.42962422369136544,0.29829703478306846
59583.5,maxi,0.04136675675675675,0.016074054054054054,1.0287066680963832,0.8547797847182638
59584.5,maxi,0.05260054054054054,0.010247567567567567,1.1622422064199665,0.5778169894211765
59585.5,maxi,0.08205,0.01068054054054054,0.9472268058095111,0.25577496339668976
59586.5,maxi,0.06975162162162162,0.009695135135135135,0.7865406038447257,0.1943030389748294
59595.5,maxi,0.03495972972972972,0.007967567567567568,0.4285055419177267,0.23662197608749289
59597.5,maxi,0.02182,0.00840027027027027,0.34684580341286386,0.1727951157778417
59598.5,maxi,0.04706567567567567,0.008662702702702701,0.25763065164524296,0.09485516139772945
59599.5,maxi,0.04145783783783784,0.009085675675675675,0.24634803961782253,0.0867788847036197
59600.5,maxi,0.04125081081081081,0.00917945945945946,0.218747834922981,0.12577541478156615
59601.5,maxi,0.046750540540540536,0.009675405405405403,0.31137285132941467,0.1320627681309646
59602.5,maxi,0.03380378378378378,0.009174594594594594,0.20824627163250659,0.12772448480656426
59603.5,maxi,0.03488351351351351,0.010467567567567566,0.20650546412916077,0.12106185518401925
59604.5,maxi,0.03944864864864865,0.010128918918918919,0.2533787328202047,0.16584557255469948
59606.5,maxi,0.03556054054054054,0.015147837837837836,0.6010550609957138,0.4728045978876402
59611.5,maxi,0.039081891891891894,0.014277297297297296,0.7393703898840885,0.5168861484413017
59612.5,maxi,0.04369648648648648,0.01130108108108108,2.12636370771525,1.8194496042281478
59613.5,maxi,0.03711324324324324,0.01278972972972973,0.3366339118758079,0.3199228257470925
59616.5,maxi,0.026107027027027028,0.008026756756756756,0.20509673593778013,0.20493523311775846
59618.5,maxi,0.01700297297297297,0.007291081081081081,-0.22429352577686232,-0.2117925496338898
59633.5,maxi,0.06691324324324324,0.020136756756756757,2.2546215662908304,3.0958950911534426
59643.5,maxi,0.04196972972972973,0.007334864864864865,1.151676756941413,0.5065758529876414
59646.5,maxi,0.017018918918918918,0.007043513513513513,0.6756105445675492,0.5310183650512673
59664.5,maxi,0.020156216216216216,0.00914054054054054,0.9616792775201366,0.6505336781397516
59667.5,maxi,0.02219918918918919,0.008554054054054053,0.9809357097390199,0.8005656786822872
59668.5,maxi,0.025355945945945944,0.00819108108108108,0.2677524500048408,0.15924906565989963
59669.5,maxi,0.028174864864864865,0.008107297297297297,0.2668342610881666,0.12124335314170726
59672.5,maxi,0.020767027027027027,0.008547567567567568,-0.015008293209230422,-0.11500793549819514
59676.5,maxi,0.01968162162162162,0.009242972972972973,0.05563750139680411,0.17050929648059848
59678.5,maxi,0.026106756756756756,0.01131,0.08935204037562161,0.22654636665939965
59686.5,maxi,0.05857189189189189,0.02009945945945946,0.358153957155864,0.31978654599613615
59688.5,maxi,0.017619459459459457,0.008518918918918919,-0.12970118944009282,-0.18421478247210643
59714.5,maxi,0.05518189189189189,0.02081216216216216,1.383652395689159,1.2108166526689093
59725.5,maxi,0.023501621621621623,0.007039189189189188,1.898615122565356,1.476849132269759
59728.5,maxi,0.053518378378378376,0.019954864864864863,1.698022778720996,1.8781869447308857
59729.5,maxi,0.03429189189189189,0.009342162162162162,1.1578486462818363,0.6630036040729632
59730.5,maxi,0.04230918918918918,0.009085675675675675,0.6096239026223199,0.264017073452076
59731.5,maxi,0.03192513513513513,0.010327567567567569,1.4979981521404375,1.3531480964159408
59732.5,maxi,0.037380000000000004,0.010248378378378378,0.5600225565978049,0.34145862851132064
59744.5,maxi,0.023364324324324323,0.008452972972972973,-0.12949679481359072,-0.1291590755286646
59745.5,maxi,0.029194594594594593,0.008348918918918919,0.07157643506003264,0.11426425044076255
59746.5,maxi,0.02565027027027027,0.009205945945945947,0.23893282965411408,0.12029662530731254
59791.5,maxi,0.02605027027027027,0.007572162162162162,0.6296947563010055,0.28828283161840557
59792.5,maxi,0.03828054054054054,0.00631,0.8601598751066075,0.28079048061836914
59804.5,maxi,0.03214702702702702,0.009937027027027028,6.297610556348074,16.285873797164523
59816.5,maxi,0.03365648648648648,0.007698378378378378,0.11742898444470574,0.08975027435076982
59818.5,maxi,0.02301135135135135,0.00829027027027027,0.10318607969508632,0.1319984329292664
59819.5,maxi,0.03856513513513514,0.008915675675675677,0.11872788059367438,0.10473033604944473
59820.5,maxi,0.026755135135135135,0.008667567567567567,0.10907914410282829,0.09222916829668437
59821.5,maxi,0.03671648648648648,0.009423783783783784,0.5035560120155368,0.14909949746864024
59822.5,maxi,0.02455405405405405,0.009003783783783784,0.2636615293249935,0.15282789875151268
59824.5,maxi,0.031047567567567567,0.01157837837837838,0.15468210350613953,0.17578803060580528
59881.5,maxi,0.021058108108108108,0.008163513513513514,2.961106130611682,4.356182388018278
59884.5,maxi,0.026570810810810808,0.007944594594594595,0.5389482543547199,0.26011160373648756
59885.5,maxi,0.023026486486486485,0.009379459459459458,0.3872012888212656,0.3245793160108463
59886.5,maxi,0.017937567567567567,0.00828918918918919,0.2147424049506442,0.20312282417797856
59887.5,maxi,0.04052837837837838,0.008743513513513513,0.5142654413531855,0.2122018641192013
59888.5,maxi,0.04936675675675676,0.008613243243243243,0.5123807659587282,0.13610274782050585
59889.5,maxi,0.08457108108108108,0.009128918918918918,0.29824374343117394,0.08372819902711089
59890.5,maxi,0.04373486486486486,0.009069189189189189,0.3009715242881072,0.12315037924070282
59891.5,maxi,0.04215243243243243,0.009857027027027027,0.3772087991345114,0.1534627964475722
59892.5,maxi,0.03990918918918918,0.00935135135135135,0.14361247635670518,0.11607823024232221
59893.5,maxi,0.03543243243243243,0.009783513513513514,0.22763719570818752,0.16072474030943182
59894.5,maxi,0.044462432432432426,0.009562162162162163,0.5811450946031052,0.1814061377881242
59895.5,maxi,0.04947162162162162,0.011283513513513513,0.44554695650064285,0.17353101562489137
59896.5,maxi,0.04164783783783784,0.013481351351351352,0.20531010110163236,0.30163009863019963
59914.5,maxi,0.028656486486486485,0.007306756756756756,3.484588822100013,4.438571353057646
59929.5,maxi,0.10617729729729729,0.010475675675675675,2.335487888678921,1.3524011987526108
59930.5,maxi,0.05840027027027027,0.007466486486486486,1.689917731489585,0.9971417899325712
59940.5,maxi,0.01845243243243243,0.007105135135135135,0.835320875338087,0.634905247611739
59941.5,maxi,0.015382432432432432,0.0069005405405405396,1.0671806167400881,1.145603493033414
59942.5,maxi,0.01775081081081081,0.0075699999999999995,0.8712984388272166,0.6583937044602116
59943.5,maxi,0.024382972972972972,0.007465405405405405,1.7694907284962826,1.1307410949615972
59944.5,maxi,0.019093513513513512,0.00836108108108108,-2.8159608427324962,-2.846767409595254
59947.5,maxi,0.03481945945945946,0.010151891891891892,0.4373285072099948,0.26010953130437864
59948.5,maxi,0.03494162162162162,0.010805135135135134,0.7781456426581774,0.48811361072574705
59951.5,maxi,0.03966783783783784,0.00859135135135135,1.2670259602246852,0.4713565900326478
59960.5,maxi,0.019156756756756755,0.008624594594594595,0.37360910450409346,0.21005552496244256
59961.5,maxi,0.018426216216216217,0.008386216216216215,0.13243979245346452,0.16093765314186106
59962.5,maxi,0.023811891891891892,0.009031621621621622,0.16821216984683668,0.15257952524598128
59964.5,maxi,0.03734621621621621,0.009771891891891892,0.10707748627211715,0.1202785788315529
59965.5,maxi,0.04472378378378378,0.009269459459459459,0.21735470703037707,0.11945197963757366
59966.5,maxi,0.021426486486486485,0.01018054054054054,-0.09925368690577796,-0.17081695563975394
59967.5,maxi,0.046783513513513515,0.009741351351351351,0.2189857294312366,0.12844017642354263
59968.5,maxi,0.04143,0.011906486486486487,0.7200014219441532,0.4863272713028305
59979.5,maxi,0.016283243243243244,0.00808081081081081,0.0193293784295094,0.1255955576267053
59987.5,maxi,0.030039459459459458,0.008936756756756755,1.0025428687159639,0.6157749030395587
59996.5,maxi,0.07993864864864865,0.03354567567567567,-2.494110508751797,-1.9532133850778644
60004.5,maxi,0.015872972972972972,0.006903243243243242,-0.7918500338524035,-0.7948976688975421
60006.5,maxi,0.025155675675675677,0.007594864864864864,0.9239977199315978,0.4503529630578395
60007.5,maxi,0.02560837837837838,0.0077316216216216215,1.0304288310930594,0.5800080174888831
60008.5,maxi,0.03238243243243243,0.010912702702702703,0.8217834792463987,0.5155167595815291
60009.5,maxi,0.04398297297297297,0.007968918918918919,1.5371590237311037,0.7547158207314864
60010.5,maxi,0.038775135135135134,0.006595135135135135,0.94930455164283,0.2890018983077454
60011.5,maxi,0.040959999999999996,0.006801891891891891,0.9647279831680192,0.31951911190099125
60012.5,maxi,0.019874864864864866,0.006768648648648648,1.1464649213519837,0.6589857869964975
60013.5,maxi,0.02708189189189189,0.006824054054054054,0.9658618683510638,0.4534621625428877
60015.5,maxi,0.018712432432432435,0.007223513513513513,1.533733503268511,1.340611955816151
60016.5,maxi,0.021404324324324323,0.007248108108108108,1.2455299398919577,0.6781210049199217
60017.5,maxi,0.01741351351351351,0.008352972972972973,-2.4709399916072177,-3.0092724547554277
60018.5,maxi,0.026895135135135136,0.009589459459459458,-2.734187925709693,-2.99378635355245
60020.5,maxi,0.03643432432432433,0.009507297297297298,2.142440704915861,1.558699626038453
60021.5,maxi,0.045529729729729726,0.010276216216216216,0.2703340387805297,0.1459172504727198
60022.5,maxi,0.03528432432432432,0.009578648648648649,0.7835440707095507,0.3964327034792313
60024.5,maxi,0.028445405405405404,0.007627027027027026,0.6297411198073449,0.35598530945854934
60025.5,maxi,0.03596837837837838,0.009016486486486487,0.9606679177358202,0.5073053325092581
60027.5,maxi,0.029469189189189185,0.009034594594594594,3.2848522843037378,6.001163617614934
60031.5,maxi,0.02262243243243243,0.007814054054054054,0.7297113109323237,0.36925805891363234
60032.5,maxi,0.03156,0.009627837837837838,0.5978823685608073,0.3655825587998542
60035.5,maxi,0.03041135135135135,0.009569459459459459,0.0044667538371082815,0.13720903727414696
60036.5,maxi,0.03982513513513514,0.00829054054054054,0.3102418182462859,0.13499110494491764
60037.5,maxi,0.02566837837837838,0.008857027027027026,0.22156088895400478,0.14152024814744543
60038.5,maxi,0.02846945945945946,0.008891621621621621,0.2872125469065717,0.19306500744455987
60039.5,maxi,0.025337297297297296,0.008846756756756755,0.13923185200080432,0.14746831129065843
60045.5,maxi,0.03639189189189189,0.01740054054054054,-1.7279736330998765,-5.435949859629097
60049.5,maxi,0.06184783783783784,0.01049,1.5811710846931994,0.6427710285462288
60052.5,maxi,0.01918027027027027,0.00841918918918919,0.26546255261030743,0.23185709309927935
60059.5,maxi,0.016488108108108107,0.006513513513513513,2.2137738553217168,3.233624007848719
60077.5,maxi,0.034775405405405406,0.013167837837837837,0.1543235227013461,0.9199036328349617
60085.5,maxi,0.01631081081081081,0.0061210810810810815,0.31053626990421573,0.2511799937320555
60089.5,maxi,0.01449972972972973,0.006824324324324324,-0.993484256144498,-0.6891462828970789
60091.5,maxi,0.038444594594594594,0.011285135135135134,2.4777923354077958,2.5877734647949744
60093.5,maxi,0.030972702702702703,0.009178648648648648,1.1193646254033893,0.6381533952018654
60094.5,maxi,0.03866837837837838,0.009481351351351352,0.7131652996467701,0.388268897630745
60098.5,maxi,0.016023513513513513,0.007772702702702703,-13.3429203539823,-71.46633801540942
60099.5,maxi,0.02119864864864865,0.0077529729729729725,0.17769997014358221,0.36785344605136533
60100.5,maxi,0.02025432432432432,0.007619189189189189,0.18570462392766882,0.4672304790185326
60106.5,maxi,0.01643243243243243,0.007684054054054054,0.1191592273012271,0.19455272932327944
60107.5,maxi,0.024497297297297296,0.008048648648648649,-0.10300073637702505,-0.12727621462758676
60111.5,maxi,0.02675108108108108,0.008884864864864865,0.10876008310926424,0.2271193456405388
60112.5,maxi,0.025288108108108106,0.00868054054054054,0.19283970707892595,0.2297904793007584
60113.5,maxi,0.021442162162162163,0.00947027027027027,0.009691681550669047,0.149518417623549
60114.5,maxi,0.052197027027027026,0.010085405405405406,0.2481814977408915,0.1383383470730599
60149.5,maxi,0.019183783783783784,0.0055237837837837835,2.9289465860667923,3.924352001949971
60150.5,maxi,0.01797864864864865,0.00744054054054054,0.5001582028160101,0.43358309572906034
60151.5,maxi,0.021125945945945943,0.00711054054054054,0.6648508837245758,0.3605518821634896
60155.5,maxi,0.027453243243243244,0.005804324324324324,1.5992456829374726,0.8842066961459625
60156.5,maxi,0.02453945945945946,0.006027567567567567,0.9945537738905086,0.4066296582930503
60157.5,maxi,0.019444864864864863,0.005899189189189189,0.5374829622898682,0.27364736819956825
60158.5,maxi,0.029609189189189186,0.006161621621621621,0.910483773675956,0.46754771690681285
60160.5,maxi,0.018184864864864862,0.006305675675675675,1.4454072790294625,1.2821387359061316
60161.5,maxi,0.015207027027027026,0.006978378378378378,-3.076596678615846,-4.568255693305202
60177.5,maxi,0.02949027027027027,0.012798378378378378,0.1492971351062518,0.22829367383111474
60179.5,maxi,0.02898108108108108,0.00914081081081081,0.06945044884673092,0.1356632833338385
60180.0,bat,0.47822845454545454,0.022025454545454546,,
60180.5,maxi,0.3893624324324324,0.011542702702702703,0.7463211334807401,0.04371183927710282
60181.0,bat,4.910949136363636,0.1758080909090909,,
60181.5,maxi,3.1144808108108104,0.023718648648648647,0.8696014124405465,0.01467226918198606
60182.0,bat,6.59956,0.2360745,,
60182.5,maxi,5.254715135135135,0.03150243243243243,0.8753470644701511,0.011617869128778125
60183.0,bat,6.73554859090909,0.2385062272727273,,
60183.5,maxi,6.090504324324324,0.03246216216216216,0.8465798433909457,0.009924886908287911
60184.0,bat,6.238867909090909,0.22091413636363638,,
60184.5,maxi,6.522662702702703,0.036280540540540536,0.8291129384056783,0.010086288305754872
60185.0,bat,6.045438181818182,0.2139813181818182,,
60185.5,maxi,6.6046410810810805,0.037778108108108104,0.8196347153888452,0.010295437991261206
60186.0,bat,5.289758045454545,0.18809804545454545,,
60186.5,maxi,6.425615675675676,0.03944702702702702,0.8090681425893274,0.010855297517547423
60187.0,bat,5.766737227272728,0.20484995454545454,,
60187.5,maxi,6.236203783783783,0.04081081081081081,0.7964815117285263,0.011540050067483392
60188.0,bat,4.323194863636364,0.15349740909090911,,
60188.5,maxi,5.967693783783783,0.05344675675675676,0.808434536362825,0.016229649067209678
60189.0,bat,5.337983636363636,0.18877268181818183,,
60189.5,maxi,6.001876756756756,0.0658072972972973,0.8500428543752543,0.021302474473040546
60190.0,bat,5.1434454090909085,0.18219545454545455,,
60190.5,maxi,5.68549081081081,0.21488135135135134,0.5753808046803992,0.045530215214192885
60191.0,bat,5.495468909090909,0.1953465909090909,,
60191.5,maxi,6.697870270270269,0.07857486486486487,0.7007185128309675,0.017650239733342298
60192.0,bat,5.197740772727272,0.18650009090909092,,
60192.5,maxi,6.28513945945946,0.07473810810810812,0.7267870666882902,0.018808176235790456
60193.0,bat,4.672662,0.1652455,,
60193.5,maxi,6.514109459459459,0.06939432432432432,0.6739292919793805,0.015437201809373437
60194.0,bat,4.584139954545455,0.16305254545454545,,
60194.5,maxi,6.03614027027027,0.05244081081081081,0.7159961142355362,0.01348353487517232
60195.0,bat,4.898039227272728,0.17391395454545455,,
60195.5,maxi,6.0886789189189185,0.07187162162162163,0.6944487509324763,0.0176386480149235
60196.0,bat,5.370114045454546,0.18982640909090912,,
60196.5,maxi,5.585746756756756,0.04101108108108108,0.7168556655835098,0.011339806260794505
60197.0,bat,4.532447090909091,0.16037404545454545,,
60197.5,maxi,5.64618972972973,0.03219216216216216,0.640126817158145,0.007667647225921227
60198.0,bat,4.18568090909091,0.14973677272727273,,
60198.5,maxi,5.595156756756756,0.031649189189189186,0.5643674679858001,0.006612686750140548
60199.0,bat,3.269508681818182,0.11697786363636363,,
60199.5,maxi,5.841928378378378,0.03134135135135135,0.5057536109868488,0.005568757680757531
60200.0,bat,3.291051409090909,0.11894277272727272,,
60200.5,maxi,5.693382702702702,0.03056108108108108,0.5039507334478032,0.005560275620313037
60201.0,bat,3.7270491363636364,0.13351668181818183,,
60201.5,maxi,4.979355405405405,0.02680297297297297,0.5394768169707631,0.005991939937091974
60202.0,bat,3.3680038636363636,0.12994531818181818,,
60202.5,maxi,5.124421891891892,0.03263297297297297,0.506186054577659,0.006596494625364083
60203.0,bat,2.988079090909091,0.11330904545454545,,
60203.5,maxi,5.110569459459459,0.027857027027027026,0.48461055552939014,0.005427411943228056
60204.0,bat,2.472699909090909,0.09844613636363637,,
60204.5,maxi,5.365367027027027,0.027488378378378378,0.46519174045720724,0.004892737108145142
60205.0,bat,0.24955968181818183,0.09774790909090908,,
60205.5,maxi,6.089406486486486,0.03670891891891892,0.4273644430845135,0.005314813823515983
60206.5,maxi,7.3487132432432425,0.04612810810810811,0.3759867997217084,0.004894492083545249
60207.5,maxi,6.240574054054053,0.030961621621621617,0.396491164667544,0.004074264090566425
60208.5,maxi,5.668268378378378,0.030319729729729728,0.4048991788721517,0.004481427896729116
60209.5,maxi,4.741592432432432,0.026677027027027025,0.4249247156205669,0.004920607895680484
60210.5,maxi,4.684138918918919,0.026909459459459457,0.41344990499206646,0.004869573563414814
60211.5,maxi,5.024370810810811,0.0377281081081081,0.39858005997098256,0.006125017036829011
60212.5,maxi,5.583401891891892,0.09198135135135134,0.42569244565645736,0.01389310289359388
60213.5,maxi,5.12716972972973,0.05156216216216216,0.40181779603438555,0.00812404395152689
60214.5,maxi,4.423235945945946,0.044662162162162164,0.42303153473619626,0.008576866648510952
60215.5,maxi,3.9117318918918915,0.06356648648648648,0.4049348340784326,0.013503639586222537
60216.5,maxi,4.932261891891892,0.04188864864864864,0.36943185058803235,0.006299612479204687
60217.5,maxi,5.000412972972973,0.02781027027027027,0.35670441269614567,0.003982502266233124
60218.5,maxi,4.468044594594595,0.02764081081081081,0.3860586668050229,0.00476734957196961
60219.5,maxi,4.496437837837838,0.02918108108108108,0.3665384418930653,0.004777419606560567
60220.5,maxi,4.33251054054054,0.033663783783783784,0.36667350272418975,0.005660947080600392
60221.5,maxi,4.483411621621621,0.024505135135135133,0.33386390930696613,0.0037319213963293795
60222.5,maxi,4.622631081081081,0.024095135135135132,0.30546258639759455,0.0032986214951023075
60223.5,maxi,4.122179189189189,0.025416216216216213,0.23406401865974294,0.0031525176021557993
60224.5,maxi,4.307374594594594,0.02724162162162162,0.23556373936657746,0.0033171094314688584
60225.5,maxi,4.361504324324324,0.027383513513513515,0.25785883654524333,0.003514569795093027
60226.5,maxi,3.9802848648648648,0.039028918918918916,0.2859308524239642,0.006026948765366348
60227.5,maxi,3.8999405405405403,0.025383513513513513,0.3046046992766423,0.004192023513331935
60228.5,maxi,3.900708378378378,0.021032162162162162,0.2946350619834881,0.0033695312078519377
60229.5,maxi,3.185267297297297,0.019965135135135134,0.33460545583034024,0.004385073857532372
60230.5,maxi,3.430689189189189,0.020192972972972973,0.29064525862036816,0.0036429048210009675
60231.5,maxi,3.5311099999999995,0.021564324324324324,0.2670161938700048,0.0035133362637555033
60232.5,maxi,3.353786216216216,0.020127567567567565,0.27324972879985343,0.0035143124138960384
60233.5,maxi,3.2848545945945946,0.022140810810810808,0.26980775060796536,0.0038925751385341487
60234.5,maxi,3.1297494594594593,0.022163513513513512,0.2541806747287808,0.003881926730958685
60235.5,maxi,2.8132262162162163,0.02242405405405405,0.2220355165679117,0.003925770950127931
60236.5,maxi,2.9396194594594593,0.026439999999999998,0.2318029763920455,0.004566858876361633
60237.5,maxi,2.6556018918918918,0.04782864864864865,0.21306474878329038,0.008576994936369722
60238.5,maxi,2.615856216216216,0.026875135135135134,0.19720709135506423,0.004665138985246216
60239.5,maxi,2.5546897297297293,0.0279727027027027,0.20375678405996964,0.005093657596048043
60240.5,maxi,2.4519135135135133,0.026578648648648645,0.22158999321292389,0.0053184309429516715
60241.5,maxi,2.201431891891892,0.02518162162162162,0.20374596283596597,0.005313795356666904
60242.5,maxi,2.0406656756756756,0.022858108108108108,0.23097682176372972,0.00561507090533447
60243.5,maxi,1.7409889189189187,0.01777216216216216,0.23933218995215008,0.0052564619031231115
60244.0,bat,0.2366015,0.027615818181818182,,
60244.5,maxi,1.5703837837837835,0.0175954054054054,0.22354907091934204,0.005344106372792685
60245.0,bat,0.2062025909090909,0.038639681818181816,,
60245.5,maxi,1.4356227027027026,0.01748054054054054,0.2158382356443661,0.005665881842172463
60246.5,maxi,1.3538040540540541,0.01665972972972973,0.21018328734963815,0.005635310424730832
60247.0,bat,0.1484796818181818,0.07374140909090908,,
60247.5,maxi,1.3349435135135135,0.016508108108108106,0.20840534337100475,0.005607717154556972
60248.0,bat,0.7311987727272727,0.22436354545454545,,
60248.5,maxi,1.296487027027027,0.015361621621621621,0.20743366526090096,0.005360578899619546
60249.5,maxi,1.30124,0.015898918918918918,0.20161901892960776,0.005416215592773297
60250.0,bat,0.3852715909090909,0.1188085,,
60250.5,maxi,1.2623116216216215,0.015251891891891892,0.1978125935090255,0.005261628584180122
60251.0,bat,0.2226678181818182,0.027476318181818185,,
60251.5,maxi,1.2884267567567567,0.01588081081081081,0.20822254642873833,0.0056201695236044015
60252.0,bat,0.16285136363636363,0.0208415,,
60252.5,maxi,1.226345945945946,0.015185675675675674,0.20205625878802574,0.005479827497210364
60253.0,bat,0.18422395454545454,0.0173895,,
60253.5,maxi,1.1634818918918919,0.01591972972972973,0.20867547474890694,0.0061470730207407185
60254.0,bat,0.17584650000000002,0.01811918181818182,,
60254.5,maxi,1.1934972972972973,0.015962702702702704,0.2182496667463578,0.006244409213287348
60255.0,bat,0.14514872727272726,0.01709009090909091,,
60255.5,maxi,1.0800318918918919,0.01669189189189189,0.20410731551172626,0.006864901849923331
60256.0,bat,0.26226113636363635,0.014453045454545455,,
60256.5,maxi,1.179641081081081,0.015956216216216214,0.2531868670377133,0.007069331659465119
60257.0,bat,0.28330913636363636,0.013400863636363636,,
60257.5,maxi,1.1839851351351351,0.017226756756756757,0.2591413025195487,0.007862336985623091
60258.0,bat,0.15483831818181817,0.011706363636363636,,
60258.5,maxi,0.9362981081081081,0.016184594594594592,0.21422457278260357,0.00803809630367016
60259.0,bat,0.11541845454545455,0.014142681818181818,,
60259.5,maxi,0.8241313513513513,0.018624324324324322,0.17771454559636468,0.009353179380131905
60260.0,bat,0.08372936363636363,0.017707454545454547,,
60260.5,maxi,0.7622735135135135,0.025826756756756757,0.19267370643136567,0.014252819613401482
60261.0,bat,0.07498472727272727,0.013355227272727272,,
60261.5,maxi,0.7346913513513512,0.02719297297297297,0.17757029122337517,0.015316435086480356
60262.0,bat,0.084929,0.011191227272727271,,
60262.5,maxi,1.0929835135135133,0.04270405405405405,0.17884095123097962,0.016798515903817313
60263.0,bat,0.1711192727272727,0.015614772727272727,,
60263.5,maxi,1.1624602702702702,0.0371427027027027,0.22565797387411338,0.016253123568871285
60264.0,bat,0.15012418181818182,0.01567368181818182,,
60264.5,maxi,1.1623789189189189,0.03373837837837838,0.20306709309282805,0.014411908413341666
60265.0,bat,0.22520554545454546,0.018942181818181816,,
60265.5,maxi,1.114023243243243,0.0329472972972973,0.22830217710900852,0.015240026084411053
60266.0,bat,0.2082816818181818,0.018728681818181818,,
60266.5,maxi,1.1463689189189188,0.0248527027027027,0.22641641003894702,0.011154697346912972
60267.0,bat,0.21863677272727272,0.01888427272727273,,
60267.5,maxi,1.0986881081081081,0.023664864864864864,0.24223478420482658,0.011376090707640736
60268.5,maxi,0.9522610810810811,0.03398405405405405,0.18264356461763492,0.016110177229439422
60269.0,bat,0.15328981818181817,0.03570668181818182,,
60269.5,maxi,0.8623708108108108,0.01694,0.15666083231062114,0.008071917574163026
60270.5,maxi,0.809134054054054,0.014264864864864864,0.13105334404066477,0.006582599504309457
60271.5,maxi,0.8356913513513514,0.01389,0.1435597269845557,0.006532369400055581
60272.5,maxi,0.7991664864864865,0.013516486486486486,0.12748171994677926,0.0065391700424358755
60273.5,maxi,0.7872083783783783,0.013295675675675675,0.12592884416848515,0.006485899541262027
60274.5,maxi,0.7548227027027027,0.011892432432432432,0.11711789067129398,0.005775173851296192
60275.5,maxi,0.7202886486486487,0.011931891891891892,0.11929560677070307,0.0061970447647070655
60276.5,maxi,0.6892424324324323,0.011184054054054053,0.12417344842084363,0.005997177554119512
60277.5,maxi,0.6681378378378378,0.01105162162162162,0.11643941622222695,0.005909401976318597
60278.5,maxi,0.7383902702702703,0.01941324324324324,0.12229138217944395,0.00912698677836536
60279.5,maxi,0.6465235135135134,0.013672162162162162,0.0909842700513355,0.007422064941539819
60280.5,maxi,0.6678921621621622,0.01252189189189189,0.10058401798718837,0.006448377301835386
60281.5,maxi,0.6242367567567567,0.01228891891891892,0.084990681865546,0.006359571387952736
60282.5,maxi,0.6647299999999999,0.011867567567567567,0.091832964721172,0.005942334985666978
60283.5,maxi,0.6563754054054054,0.012508918918918917,0.09162473856364031,0.0064268288132117764
60284.5,maxi,0.6741408108108107,0.01203081081081081,0.10139811657650277,0.006061584174045452
60285.5,maxi,0.5305508108108108,0.010218648648648649,0.09328404928639827,0.006378016492810514
60286.5,maxi,0.31925567567567564,0.009844864864864864,0.0828842008827592,0.009320101604516833
60293.5,maxi,0.15982486486486486,0.053666216216216214,0.07335629974681604,0.21326371078469306
60294.5,maxi,0.4507091891891892,0.01052027027027027,0.13231575054227768,0.008603790848117266
60295.5,maxi,0.7803718918918919,0.013026216216216215,0.14091063433411727,0.00613020536598262
60296.5,maxi,0.6869508108108108,0.01346027027027027,0.0923952006944933,0.006402633396197415
60297.5,maxi,0.6754197297297296,0.012083783783783783,0.08551187069722639,0.005836089376456293
60298.5,maxi,0.6546824324324324,0.012787027027027026,0.09679390891796845,0.006670285038264848
60299.5,maxi,0.7258397297297298,0.022486486486486483,0.10056876137207506,0.01052740079161052
60300.5,maxi,0.6342502702702703,0.011084054054054054,0.11577589756314367,0.006371861802673478
60301.5,maxi,0.634582972972973,0.010123783783783783,0.12403002019290263,0.005860104870286262
60302.5,maxi,0.58502,0.010430540540540541,0.10912683120471453,0.006310055234108075
60303.5,maxi,0.5702324324324324,0.010122972972972974,0.11143024586465813,0.006385798883766804
60304.5,maxi,0.5672856756756757,0.010516216216216215,0.11686846542487507,0.006871710760811997
60305.5,maxi,0.5677532432432433,0.009992972972972972,0.13388920179331787,0.006745117201152655
60306.5,maxi,0.5281072972972972,0.010975945945945946,0.1414792396960526,0.008169070457024847
60307.5,maxi,0.49590729729729727,0.011253513513513513,0.13117395630166365,0.008798423081213175
60308.5,maxi,0.4763305405405405,0.011069189189189189,0.12206785475782059,0.008701036608277089
60309.5,maxi,0.4876791891891892,0.016109189189189188,0.12547440716371108,0.01225463843633786
60310.5,maxi,0.4541818918918919,0.01771027027027027,0.12114877613611835,0.015035607920130622
60311.5,maxi,0.4565491891891892,0.014071621621621622,0.13738300535074938,0.012122679728515396
60312.0,bat,0.10060527272727272,0.03605422727272727,,
60312.5,maxi,0.4581567567567567,0.01462135135135135,0.1408275716442144,0.012778836221450283
60313.5,maxi,0.38039459459459457,0.012851351351351351,0.12224531441145343,0.012684445490628263
60314.5,maxi,0.3140845945945946,0.011642432432432431,0.10615479126687488,0.013375167128614186
60315.5,maxi,0.2865478378378378,0.010187567567567567,0.15013167945971384,0.014578920835208176
60316.5,maxi,0.24597162162162162,0.009147837837837838,0.128622464884612,0.014039209952409464
60317.5,maxi,0.21061324324324324,0.01007108108108108,0.12201281785277912,0.01807926513872898
60318.5,maxi,0.1660259459459459,0.010013513513513513,0.09350558387485894,0.020488369986853803
60319.5,maxi,0.18152135135135136,0.010005675675675675,0.11746916418649542,0.019452996410190996
60320.5,maxi,0.19589405405405405,0.009222702702702703,0.12129830811931784,0.01611054134560909
60321.5,maxi,0.17473216216216214,0.009367837837837836,0.10974097599939141,0.01853157438996068
60322.5,maxi,0.192547027027027,0.00935027027027027,0.1202856827235447,0.016673866202396907
60323.5,maxi,0.20358108108108106,0.009505405405405405,0.12189714597718149,0.017273800203242935
60324.5,maxi,0.20113216216216215,0.00925162162162162,0.10250981349511007,0.016346154439497287
60325.5,maxi,0.18214540540540541,0.009392162162162161,0.10900574436634214,0.01854163041507806
60326.5,maxi,0.20492648648648648,0.009507027027027026,0.14572000404516475,0.018119652623565564
60327.5,maxi,0.17214243243243244,0.010345675675675675,0.13837864051512783,0.02212341239489237
60328.5,maxi,0.16402864864864863,0.01009972972972973,0.06340209190438213,0.019078615104935477
60329.5,maxi,0.17159297297297296,0.009952432432432433,0.12052521402888958,0.021605543952303553
60330.5,maxi,0.13788378378378377,0.009907297297297297,0.10866828187805558,0.02713848443891722
60331.5,maxi,0.12997486486486484,0.011439729729729729,0.08798430392527179,0.03257489877226643
60332.5,maxi,0.12658729729729729,0.014067297297297296,0.08604855536005916,0.04091511357650254
60333.5,maxi,0.1114035135135135,0.014876756756756758,0.1089854389272994,0.04990201544921739
60334.5,maxi,0.1514808108108108,0.01761108108108108,0.17966780544273112,0.05935563712709966
60335.5,maxi,0.17135189189189187,0.021674864864864866,0.12263116175812476,0.05324772257794167
60336.5,maxi,0.16151324324324323,0.01956081081081081,-0.010680264281431867,-0.03798416290538568
60337.5,maxi,0.13187756756756758,0.018564324324324324,0.06260707773866019,0.05071685418249049
60338.5,maxi,0.14767054054054055,0.016906756756756756,0.100909292526059,0.046909213848714375
60339.5,maxi,0.1339389189189189,0.013995945945945944,0.026591631732426253,0.03818110608485489
60340.5,maxi,0.1336808108108108,0.018936756756756757,0.10171499708799268,0.052188365408795526
60341.5,maxi,0.13198027027027026,0.015176486486486486,0.08813908750786814,0.04294396545334838
60342.5,maxi,0.1361124324324324,0.009870270270270268,0.05088539014473691,0.025393413446544486
60343.5,maxi,0.1358364864864865,0.008916756756756756,0.024087372593521228,0.022825551261585503
60344.5,maxi,0.1353508108108108,0.008941621621621623,0.05289365125827963,0.02357496677664807
60345.5,maxi,0.12344864864864864,0.008395135135135134,0.04630749350433965,0.023701114087496818
60346.5,maxi,0.10594324324324324,0.008834324324324324,-0.007669415614219511,-0.027069927798212098
60347.5,maxi,0.13662486486486486,0.010987027027027026,0.08417080331872646,0.031200442737891253
60348.5,maxi,0.10196270270270269,0.007851891891891892,0.04418223817631685,0.028867410994822346
60349.5,maxi,0.10043945945945945,0.00728108108108108,0.03966643394932189,0.02437903834413195
60350.5,maxi,0.11157864864864865,0.00783972972972973,0.13045303433473487,0.02920887244223081
60351.5,maxi,0.1094645945945946,0.014700540540540541,0.02551788140256966,0.050050313323506276
60352.5,maxi,0.055871351351351344,0.008691081081081081,-0.001757886901121483,-0.05174785409643921
60353.5,maxi,0.04547972972972973,0.008015135135135134,-0.06507769889285284,-0.04722609038362548
60354.5,maxi,0.054649459459459454,0.01844162162162162,-0.013299808333166376,-0.10326315060973593
60360.5,maxi,0.1004581081081081,0.015621621621621621,0.2576032603478519,0.11753060672228179
60367.5,maxi,0.021524594594594593,0.009014864864864865,-0.022034690148258103,-0.09197240193220325
60368.5,maxi,0.053943783783783776,0.008762702702702702,0.08202699063671239,0.06609135033560645
60369.5,maxi,0.062369189189189184,0.007814864864864865,0.20217608025874784,0.06533076544218798
60370.5,maxi,0.04043567567567567,0.007681081081081081,0.18965242702368745,0.08865981534303123
60371.5,maxi,0.06553513513513513,0.008212432432432432,0.2129454717584821,0.06703520634218962
60372.0,bat,0.03027868181818182,0.014834227272727273,,
60372.5,maxi,0.04920918918918919,0.013389999999999999,0.17349672095815755,0.14486755444599547
60373.5,maxi,0.06977864864864865,0.006567297297297298,0.22587594807128566,0.05617856030969795
60374.5,maxi,0.04745864864864865,0.006857837837837838,0.1987282913165266,0.07074848257695045
60375.5,maxi,0.04857405405405405,0.006671081081081081,0.27705302620166145,0.07328717022451943
60376.5,maxi,0.056676756756756756,0.006886756756756756,0.20446651138081812,0.06522963813918517
60377.5,maxi,0.03818486486486486,0.006726756756756757,0.10807126794672202,0.0824102764967106
60378.5,maxi,0.04425324324324324,0.006706216216216216,0.08867671477838804,0.07675478285781516
60379.5,maxi,0.04224216216216216,0.007045675675675675,0.17396348331658357,0.0855009602593477
60380.5,maxi,0.03867405405405405,0.007507567567567567,0.2629351843224945,0.10875010505878539
60381.5,maxi,0.04228675675675675,0.00869162162162162,0.24058239499811848,0.09498684397813491
60382.5,maxi,0.06466756756756757,0.01619189189189189,0.49148966872582106,0.25078571803984595
60383.5,maxi,0.040189189189189185,0.010593243243243244,0.24765236757691095,0.16665951854675473
60384.5,maxi,0.02930945945945946,0.01027027027027027,0.19171676139620972,0.15470756024345075
60385.5,maxi,0.039922972972972974,0.010846486486486485,0.4322366228950763,0.19679272018497826
60386.5,maxi,0.0715927027027027,0.009848918918918918,0.3167141821260803,0.087061309516366
60387.5,maxi,0.04728891891891892,0.008926216216216216,0.30910632020290907,0.10937892592092587
60388.5,maxi,0.033216756756756755,0.01010162162162162,0.5103902901359437,0.3101467170646368
60389.5,maxi,0.06873432432432433,0.008838378378378378,1.1582621037357144,0.33003934905523163
60390.5,maxi,0.02187108108108108,0.01087162162162162,-69.49271844660194,-2473.4169778065475
60391.5,maxi,0.06606351351351351,0.00965972972972973,0.6960521636040308,0.19001271989700697
60392.5,maxi,0.06769864864864865,0.008475135135135134,0.6506034982568951,0.15278570998305438
60393.5,maxi,0.07164945945945946,0.007975405405405405,0.8443503365420616,0.18410985266341304
60394.5,maxi,0.02434243243243243,0.009482972972972972,-1.1108983963154098,-0.9129144943711993
60395.5,maxi,0.07276432432432432,0.009166486486486486,0.4891723402510048,0.11311553278251704
60396.5,maxi,0.09267405405405404,0.024694054054054053,0.778474231758969,0.3169356590766823
60397.5,maxi,0.07945405405405405,0.011633783783783783,0.2775494607180186,0.07831449535961216
60398.5,maxi,0.07734270270270269,0.010245135135135135,0.46327792903671966,0.09914665578466875
60399.5,maxi,0.08411486486486486,0.009170810810810809,0.3227346464100265,0.06247013893442331
60400.5,maxi,0.09121783783783782,0.009369729729729728,0.33512463636838713,0.07529522256555443
60401.5,maxi,0.07510405405405404,0.009378108108108107,0.3777357244329351,0.09307955296516694
60402.5,maxi,0.06227297297297297,0.009536216216216217,0.5839287592469236,0.14458469448310812
60403.5,maxi,0.0784172972972973,0.010376756756756755,0.674305176236224,0.15159337867650213
60404.5,maxi,0.058808108108108104,0.010365405405405405,0.4874225507155213,0.13086972183131285
60405.0,bat,0.12672004545454546,0.021877272727272724,,
60405.5,maxi,0.06323594594594593,0.011792972972972972,0.61854406394862,0.22322732093254113
60406.0,bat,0.11077527272727272,0.012667409090909092,,
60407.0,bat,0.09581095454545455,0.011773045454545454,,
60407.5,maxi,0.035715135135135134,0.01591027027027027,0.6460753810405261,0.7159249909694997
60408.0,bat,0.08465936363636363,0.014176090909090909,,
60408.5,maxi,0.05652,0.018767027027027025,0.8960711243611583,0.5812357933683073
60409.0,bat,0.10297013636363636,0.014461,,
60410.0,bat,0.1076455,0.015132181818181817,,
60410.5,maxi,0.041937567567567564,0.01693162162162162,0.35903981100533555,0.3503282511031692
60411.0,bat,0.10112013636363637,0.016745090909090907,,
60412.0,bat,0.10268263636363636,0.015830181818181816,,
60412.5,maxi,0.05420486486486486,0.01100081081081081,0.9320991045432071,0.47344767346502453
60413.0,bat,0.10410477272727273,0.018686227272727274,,
60413.5,maxi,0.07241216216216216,0.027972972972972972,1.7792838696168072,1.907900072111329
60414.0,bat,0.14579131818181817,0.047566500000000005,,
60414.5,maxi,0.04924675675675676,0.00943864864864865,0.25428821675393337,0.11694255304743258
60415.0,bat,0.42841163636363633,0.09227818181818181,,
60415.5,maxi,0.047390810810810806,0.007954324324324323,0.4089501523216497,0.1432179060453627
60416.5,maxi,0.05092243243243243,0.007614324324324324,0.340426765626812,0.09993299626024725
60417.5,maxi,0.02734891891891892,0.007502162162162162,0.16896144251389558,0.12224215320828873
60418.5,maxi,0.031278918918918916,0.0072997297297297285,0.11347205632740302,0.1431554280208376
60419.5,maxi,0.022539999999999998,0.007804054054054054,0.2261657474392952,0.2715693655212326
60420.0,bat,0.06643713636363636,0.01261559090909091,,
60420.5,maxi,0.029474054054054052,0.006712162162162162,1.6104283191050928,1.2165696429350124
60421.0,bat,0.06755931818181818,0.02128831818181818,,
60422.0,bat,0.08232095454545454,0.015221090909090908,,
60422.5,maxi,0.01605027027027027,0.0064754054054054055,0.8847423788681563,0.7690375168260395
60423.0,bat,0.039369318181818186,0.011342954545454547,,
60423.5,maxi,0.053282972972972964,0.00795864864864865,0.5648504406106493,0.16600885563704315
60424.0,bat,0.05156845454545455,0.011736772727272728,,
60425.0,bat,0.039353727272727276,0.012418409090909091,,
60441.0,bat,0.01830190909090909,0.008720136363636364,,
60445.5,maxi,0.019794324324324323,0.007781081081081081,0.7662721893491123,0.646970764087072
60446.5,maxi,0.014188918918918917,0.0061554054054054055,3.0574154379878578,4.694638061620048
60452.5,maxi,0.02366972972972973,0.006415675675675675,0.8654051488907343,0.5759177340907166
60457.5,maxi,0.018874594594594594,0.009026216216216217,1.306979770129186,1.1487091082100427
60459.5,maxi,0.048543513513513506,0.009955675675675676,1.6504077687162508,1.107428289050811
60460.5,maxi,0.04033729729729729,0.010175945945945945,1.0948975040882736,0.5771227763460548
60461.5,maxi,0.03817783783783783,0.008864864864864866,0.37931074227754724,0.19906440372493414
60463.5,maxi,0.021229729729729727,0.008238648648648648,-12.447419668938657,-64.69232118919747
60471.5,maxi,0.021355405405405405,0.007659189189189189,0.02055702917771883,0.11318560237922436
60472.5,maxi,0.027984324324324322,0.008413243243243242,0.174353086010559,0.16872955954116642
60473.5,maxi,0.024497027027027024,0.008475945945945945,0.0028184505396301645,0.16286425472370467
60475.5,maxi,0.03912405405405405,0.008666756756756756,0.30893822219670813,0.12953961017287255
60477.0,bat,0.05868177272727273,0.02291359090909091,,
60516.5,maxi,0.024948378378378377,0.006877567567567568,1.054253165174542,0.5890673929887036
60517.0,bat,0.023091863636363636,0.008824136363636364,,
60518.5,maxi,0.04434648648648649,0.006063513513513513,0.48445399159274827,0.12415744741032833
60519.5,maxi,0.0387681081081081,0.00598027027027027,0.4909995111895097,0.14311427481186428
60520.5,maxi,0.0406045945945946,0.005831621621621621,0.4290253679990741,0.13276601723044576
60521.5,maxi,0.03117891891891892,0.006046486486486486,1.3490099618743083,0.627154081990714
60522.5,maxi,0.019579189189189185,0.006028648648648648,0.8198258395482174,0.3780953227674969
60525.5,maxi,0.03249,0.01027027027027027,1.5248742147726935,1.429939678935813
60528.5,maxi,0.022274054054054054,0.009932972972972973,4.322759898124565,14.927776679466216
60530.5,maxi,0.02299243243243243,0.008660810810810809,0.3037250446356111,0.23545679522236754
60531.5,maxi,0.024224054054054055,0.010079459459459459,-170.3305785123967,-13441.664672255209
60538.5,maxi,0.01895297297297297,0.007441621621621621,0.45604466616692946,0.3833194416761567
60539.5,maxi,0.022215945945945944,0.00705081081081081,0.5651551108545528,0.323654476415149
60540.5,maxi,0.01703891891891892,0.007281891891891892,0.2950162056887054,0.19045327491769581
60541.5,maxi,0.01866135135135135,0.007227027027027027,0.09093895101449709,0.1787433081672999
60542.5,maxi,0.020362432432432433,0.0074578378378378374,0.21914871304894956,0.14889132075353068
60543.5,maxi,0.017555945945945946,0.00732027027027027,-0.043975501436823314,-0.17392631552162283
60545.5,maxi,0.03392918918918919,0.008244054054054054,0.018692071550858967,0.10120278697605158
60546.5,maxi,0.027897837837837836,0.008334324324324323,0.1882375402294671,0.12889212594054777
60547.5,maxi,0.018294594594594593,0.008501891891891891,0.027817413989420735,0.19699655518882678
60548.5,maxi,0.01809459459459459,0.008407027027027027,-0.09928303366381,-0.12796537738172342
60549.5,maxi,0.018755675675675675,0.009217027027027027,0.09530396502458577,0.1510643509790261
60555.0,bat,0.03298077272727273,0.015547681818181818,,
60558.5,maxi,0.02115054054054054,0.008701891891891892,-52.573613766730396,-1139.8791430676145
60560.0,bat,0.06111163636363636,0.018642863636363634,,
60560.5,maxi,0.016132972972972972,0.007624594594594594,-0.11248448746587242,-0.22812416666770172
60582.0,bat,0.027074545454545452,0.011495863636363636,,
60588.5,maxi,0.018615405405405402,0.007554324324324324,2.1997849297181045,3.6083219360479797
60590.5,maxi,0.023635405405405405,0.009768648648648648,0.4103298070939639,0.5225926001205359
60598.0,bat,0.09431472727272727,0.04376868181818182,,
60600.5,maxi,0.05547972972972973,0.016646756756756757,2.636446001449626,2.268458661676375
60601.5,maxi,0.03524486486486486,0.009098378378378378,1.669803250641574,1.174781365573173
60602.5,maxi,0.034971351351351355,0.009311621621621621,1.0024581859252246,0.4973597486555427
60607.5,maxi,0.02489972972972973,0.007571351351351351,1.5965281639787081,1.2892921686259724
60612.0,bat,0.01614609090909091,0.007409863636363636,,
60612.5,maxi,0.030345405405405406,0.007128648648648648,0.6038516738426621,0.2603979770039184
60614.5,maxi,0.035444054054054056,0.007443243243243243,0.40355803683026414,0.11949054626724306
60615.5,maxi,0.026387027027027023,0.007675405405405405,0.23931785213053272,0.157646978992547
60616.5,maxi,0.030394864864864864,0.007777567567567568,0.36330140014738393,0.1729341068474493
60617.5,maxi,0.02260918918918919,0.008084594594594595,0.2624255899017428,0.20485582140299188
60618.0,bat,0.02433081818181818,0.009626227272727274,,
60618.5,maxi,0.031278108108108105,0.008030270270270269,0.18113275036004406,0.1277584310953599
60619.5,maxi,0.03873459459459459,0.008718918918918918,0.2512020052409707,0.11472765508881215
60621.5,maxi,0.03409162162162162,0.009139729729729729,0.3173170866591701,0.14771491546068488
60641.5,maxi,0.022537297297297296,0.007975135135135135,0.44366493305300425,0.370981286141153
60659.5,maxi,0.09673837837837837,0.005871621621621622,0.6417525773195877,0.09477045158550779
60660.5,maxi,0.06908459459459458,0.006419459459459459,0.9960937919193003,0.22607002209193391
60661.5,maxi,0.02207,0.007017837837837837,1.1912488928255094,0.9599481073517476
60662.5,maxi,0.023994594594594593,0.010374864864864863,1.165942219880576,0.8599144892789119
60664.5,maxi,0.026964864864864862,0.009828918918918917,1.0074252188131192,0.6295093749651921
60669.5,maxi,0.013719999999999998,0.006415945945945946,-6.817316841103711,-29.618398949283183
60672.5,maxi,0.02749864864864865,0.00870108108108108,-2.2328776557281085,-1.9038116151248456
60673.5,maxi,0.03448729729729729,0.017124594594594592,1.0070008072209584,0.9023235440116979
60674.5,maxi,0.024277297297297298,0.009226216216216216,0.9025020365413707,0.6889667949590381
60675.5,maxi,0.023722702702702703,0.00952081081081081,0.957821509150163,0.6502572843480724
60677.5,maxi,0.024075945945945944,0.008984324324324324,4.711826938259908,8.985663266270388
60680.5,maxi,0.02105972972972973,0.00729027027027027,-16.18294010889292,-102.40744009192788
60682.5,maxi,0.0331354054054054,0.007602432432432432,2.5335638856295932,2.959288847200647
60683.5,maxi,0.017583243243243243,0.008447297297297296,0.536286522148916,0.5217008484520443
60685.5,maxi,0.022335675675675674,0.007425675675675675,0.454905030119219,0.2045912846134537
60687.5,maxi,0.04468324324324324,0.007925405405405405,0.4832419691802225,0.14382774637321613
60688.5,maxi,0.027881891891891893,0.007672162162162162,0.3629814588535302,0.1492127128684392
60690.5,maxi,0.023787297297297293,0.008234594594594594,0.02794148701311167,0.12867497386381482
60692.5,maxi,0.02825162162162162,0.008648108108108107,0.22982184859308302,0.15987043073205065
60693.5,maxi,0.029377837837837838,0.008791621621621622,0.20009431276247416,0.1351172656685493
60694.5,maxi,0.028047837837837836,0.008748918918918918,0.4466747050618247,0.19736973667978294
60695.5,maxi,0.043618648648648645,0.010235405405405405,0.29782422306994544,0.21827380051014791
60705.5,maxi,0.025075945945945945,0.00835081081081081,0.45377884571791277,0.26340730534547674
60706.5,maxi,0.021647567567567565,0.00795972972972973,0.49809438291928565,0.3515864824836065
60707.5,maxi,0.01634081081081081,0.007259729729729729,0.3494244125202169,0.2802762325954266
60708.5,maxi,0.016759999999999997,0.006902702702702703,0.44757342136516437,0.29582039321572506
60712.0,bat,0.13516195454545454,0.054320818181818185,,
60723.5,maxi,0.030283783783783783,0.013046756756756758,-0.5549088538635253,-0.6722197050058754
60733.5,maxi,0.0161127027027027,0.006978108108108109,0.6085802883539527,0.546053402448997
60734.5,maxi,0.017541621621621623,0.007148648648648648,0.6155434423521638,0.35651221170661057
60735.5,maxi,0.04524405405405405,0.014831891891891892,0.4301669250568208,0.22891458454596356
60736.5,maxi,0.03231108108108108,0.014974864864864863,0.5965490659187456,0.594586261015168
60737.5,maxi,0.03571162162162162,0.005885945945945945,0.6044671396273485,0.18318498651886145
60738.5,maxi,0.020341351351351348,0.006232432432432432,1.0976408450704225,0.758617601488717
60745.5,maxi,0.031071351351351348,0.011178108108108108,0.5448907014285888,0.312522491533523
60747.5,maxi,0.021535675675675676,0.008494864864864865,-9.562468807186825,-36.939255375338156
60750.5,maxi,0.02196,0.008018108108108107,0.9017537885237529,0.983601326472086
60751.5,maxi,0.019857027027027026,0.008064864864864863,4.852227613586238,13.865408693290533
60758.5,maxi,0.02471351351351351,0.007415945945945946,0.8431126043134279,0.41954646830222586
60759.5,maxi,0.024059189189189187,0.008928378378378378,0.3040712025866565,0.2764701888209473
60760.5,maxi,0.02764837837837838,0.009537567567567568,0.2502337176690558,0.15742710979342395
60761.0,bat,0.033000772727272726,0.015788636363636362,,
60762.5,maxi,0.033846486486486485,0.007994054054054053,0.1603391325329273,0.11215446983908572
60763.5,maxi,0.03659297297297297,0.008131081081081081,0.13133981012892024,0.12326945045394523
60765.5,maxi,0.01833189189189189,0.008821891891891892,0.22758650259400592,0.21399776311138316
60767.5,maxi,0.02322972972972973,0.009801891891891892,0.018477513934488814,0.3033728523526552
60768.5,maxi,0.04260864864864864,0.013962432432432432,0.26885586360134434,0.26378909826058944
60769.5,maxi,0.05893351351351351,0.016385135135135134,0.9455996325851082,0.5110462909309549
60770.5,maxi,0.04593405405405405,0.015544594594594592,0.5653628100908901,0.4731233737725898
60773.5,maxi,0.014920540540540539,0.0066937837837837836,258.921568627451,41110.305628217604
60807.5,maxi,0.019498108108108106,0.006857297297297296,0.6879156431609849,0.5327092026264236
60810.5,maxi,0.02035891891891892,0.005487837837837838,0.5064263239293905,0.21779235041550632
60811.5,maxi,0.021356216216216216,0.005687837837837838,0.42589589431215885,0.23673411972906624
60812.5,maxi,0.014400810810810809,0.005673243243243243,0.683078307830783,0.667077983170429
60813.5,maxi,0.015344324324324324,0.005972972972972973,1.2606735784660958,1.534110878771469
60814.5,maxi,0.022939459459459455,0.005583513513513513,0.4849222741602348,0.269663103594501
60815.5,maxi,0.02856054054054054,0.005757567567567567,1.4507652715698227,0.8442603735673052
60816.5,maxi,0.01766405405405405,0.0064140540540540535,2.9506242109692806,3.6457255061826244
60817.5,maxi,0.04482945945945945,0.0072324324324324315,1.2851893769088851,0.44742777611124956
60819.5,maxi,0.027688918918918917,0.00828054054054054,1.2046446040629268,0.714848449046403
60820.5,maxi,0.02950162162162162,0.008575675675675675,0.6770167677098695,0.30904761542775533
60821.5,maxi,0.029110810810810808,0.009565135135135135,0.6017735652610982,0.43051148832714514
60822.5,maxi,0.024029729729729728,0.00802054054054054,1.2298744140285895,0.8666974717562073
60828.0,bat,0.04491295454545455,0.020204772727272727,,
60830.5,maxi,0.014712972972972973,0.00682,0.4977854490978962,0.4646962953491952
60832.5,maxi,0.022214324324324325,0.0070362162162162165,1.976496492395924,1.8824572931712233
60838.5,maxi,0.02442027027027027,0.007992432432432433,0.013939994339088593,0.1318356563113397
60859.5,maxi,0.02566972972972973,0.007781891891891891,0.5180228190030227,0.2936071534694555
60877.5,maxi,0.019173783783783784,0.007171891891891892,0.3170948283780887,0.2154802346173133
60878.5,maxi,0.026526486486486485,0.007628108108108107,0.4108450775370006,0.20549781945121262
60879.5,maxi,0.033046216216216215,0.00632027027027027,1.005741568959265,0.42611199738691247
60880.5,maxi,0.03906351351351351,0.009743783783783783,0.7436668292738267,0.30093018633074414
60881.5,maxi,0.040384324324324324,0.0077613513513513505,0.9828261395838971,0.3643015326098413
60882.5,maxi,0.022193783783783783,0.0057410810810810805,1.1849615095513337,0.5708100328384875
60883.5,maxi,0.012656486486486486,0.005681351351351351,1.1107855216276514,0.6815401165025038
60890.0,bat,0.04113554545454545,0.013651727272727272,,
60894.5,maxi,0.02926162162162162,0.009345675675675675,2.232251563877577,2.6276557617306575
60902.5,maxi,0.018600540540540538,0.006989459459459459,0.5482918846255005,0.4390967451440062
60903.5,maxi,0.030027027027027028,0.007554054054054053,0.3817107924250781,0.16351816270094338
60906.5,maxi,0.018248918918918916,0.007382972972972973,0.09229798864671665,0.12163782936496235
60907.5,maxi,0.03465135135135135,0.007541891891891891,0.5221393093382924,0.18291911185675575
60908.5,maxi,0.03720378378378378,0.007544594594594594,0.19086662287919823,0.09573676125474165
60909.5,maxi,0.034126756756756756,0.007993513513513514,0.6002865329512894,0.2175194060823954
60910.0,bat,0.06572768181818182,0.029166954545454545,,
60910.5,maxi,0.03810216216216216,0.007525675675675676,0.15104980842911878,0.09581087963596695
60911.5,maxi,0.019827027027027024,0.008017837837837837,0.161126289232539,0.17485530232711904
60912.5,maxi,0.02379216216216216,0.007986756756756757,-0.010186955102801995,-0.15161897056239593
60914.5,maxi,0.03344162162162162,0.011869729729729729,0.47178388118379383,0.31593695111908
60921.5,maxi,0.03474,0.009096216216216216,0.961524862588795,0.41720882465218817
60924.5,maxi,0.014972972972972972,0.007226486486486486,-0.2337004455098487,-0.31685504434532596
60942.5,maxi,0.0876927027027027,0.026684864864864863,2.3393018697225574,1.8958499162204454
60950.5,maxi,0.01570135135135135,0.007756486486486486,-40.10775047258979,-1663.7979951622772
60953.5,maxi,0.03844891891891892,0.012657027027027026,0.5077020718142897,0.3053039140513031
60965.5,maxi,0.022585675675675675,0.00980108108108108,3.008215044148877,4.772921296003278
60966.5,maxi,0.033584864864864866,0.009026216216216217,0.852879277740499,0.4067631681597102
60967.5,maxi,0.04373837837837838,0.008663513513513512,0.5525477845920318,0.17620925245037536
60968.5,maxi,0.03170189189189189,0.008970270270270269,0.8696319960680715,0.3998731053491664
60971.0,bat,0.024342,0.010513772727272728,,
60975.5,maxi,0.01647351351351351,0.007042972972972972,0.8281176776881022,0.4796076106104753
60976.5,maxi,0.030264864864864863,0.007485945945945946,0.46182732343467675,0.23692957769944686
60977.5,maxi,0.028719729729729727,0.006948648648648649,0.775562509313068,0.2662780531338525
60978.5,maxi,0.02957,0.007526756756756756,0.24492002664336815,0.11471510889188544
60979.5,maxi,0.040767837837837835,0.007885405405405405,0.37976720939294856,0.12732922789885365
60980.5,maxi,0.03183027027027027,0.008214594594594594,0.14064802900924087,0.10862529091563869
60981.5,maxi,0.025175945945945945,0.008354864864864864,0.13423867084514748,0.13974924012802636
60985.5,maxi,0.020163783783783785,0.008967297297297297,0.08634524381043825,0.17043290730956687
60986.5,maxi,0.013753783783783783,0.005713513513513513,0.4924222797927461,0.7745598438704915
60988.5,maxi,0.05300567567567567,0.014687027027027027,0.42942717572251177,0.3976418766775099
60994.5,maxi,0.03699513513513514,0.009169189189189188,-8.92324879901687,-22.65339169095832
60996.0,bat,0.040291909090909094,0.015842772727272726,,
61023.5,maxi,0.09027459459459458,0.011967297297297296,1.3819215653482733,0.553695078821238
61024.5,maxi,0.09011648648648647,0.005364864864864864,0.6457846171079715,0.08550351990635993
61025.5,maxi,0.10488378378378378,0.006713513513513514,0.6133945853611696,0.08076722204799776
61026.5,maxi,0.03452675675675675,0.011284594594594594,1.4148350994165972,1.1521587824090118
61027.5,maxi,0.02294405405405405,0.006609189189189189,0.5174817489598869,0.23510846776261435
61028.5,maxi,0.03273378378378378,0.006398378378378378,1.7636716417910445,0.9972374306271953
61029.5,maxi,0.02959891891891892,0.006517027027027026,1.9836618451622572,1.3838752829667085
61030.5,maxi,0.01416054054054054,0.006397297297297297,1.5526794154002765,2.211730962568405
61034.5,maxi,0.019219999999999998,0.007407297297297297,1.3734409391049158,0.925120903950003
61035.5,maxi,0.04038459459459459,0.00841081081081081,1.1303779702850505,0.47437617890464884
61036.5,maxi,0.05329405405405405,0.014854864864864864,1.2677135512786712,1.0309495717541135
61037.5,maxi,0.0979854054054054,0.00869027027027027,0.6893454662097142,0.12753272645835953
61038.5,maxi,0.04998189189189189,0.012605945945945947,0.8068690585709906,0.35854133861675924
61039.5,maxi,0.0533881081081081,0.009258918918918918,0.838497991140414,0.2731133651680242
61040.5,maxi,0.05199243243243243,0.009217567567567569,0.855490008724191,0.2732121939316798
61041.5,maxi,0.046690270270270263,0.010900810810810811,0.29161250012596873,0.2124181621809897
61042.5,maxi,0.04385162162162162,0.012663783783783784,0.5938966885151247,0.3171423776105096
61043.5,maxi,0.054584594594594596,0.018159729729729727,0.7251996835204582,0.42860467444377714
61044.5,maxi,0.05065324324324324,0.018627837837837835,1.453363042802363,1.9045897070863267
61047.0,bat,0.036268136363636364,0.015536454545454544,,
61050.5,maxi,0.02930189189189189,0.00775972972972973,0.2678486908120184,0.13072108652514006
61051.5,maxi,0.03280297297297297,0.008268378378378377,0.2600678804573147,0.10126093508830807
61052.5,maxi,0.023098918918918916,0.007883783783783785,0.1218574078812692,0.1069200714560358
61053.5,maxi,0.0388172972972973,0.008798378378378378,0.4884208686533252,0.17352812404073722
61054.5,maxi,0.030002972972972972,0.008521891891891892,0.10521635397462314,0.10289077813202677
61055.5,maxi,0.03476243243243243,0.00918891891891892,0.20162964289493607,0.1277903221038883
61056.0,bat,0.1309120909090909,0.052896227272727275,,
61057.5,maxi,0.024858108108108106,0.010554054054054053,0.06942135355419489,0.17850815440943987
61058.5,maxi,0.03838648648648648,0.014738108108108109,0.3088214952624663,0.2250021385813539
61063.5,maxi,0.03240756756756757,0.008105405405405405,0.5677567292128769,0.2664106498775772
61070.5,maxi,0.01910216216216216,0.007923783783783783,0.03358684926231678,0.17464470803604965
61071.5,maxi,0.021774594594594594,0.007011351351351351,0.7279891138777748,0.378067460974175
61077.5,maxi,0.016091621621621623,0.007826216216216215,2.367369589345172,4.421655072656067
61095.5,maxi,0.025792972972972974,0.007495945945945945,0.5719619641130332,0.2362816002615072
61097.5,maxi,0.03351567567567567,0.007392702702702702,0.5131873637060176,0.25084373158862383
61098.5,maxi,0.039180270270270275,0.009045945945945946,0.7939664839272365,0.394989214024034
61099.5,maxi,0.01928918918918919,0.008647837837837838,0.6220650322198356,0.39490315223131683
61100.5,maxi,0.029982162162162162,0.006057297297297298,0.612049128060107,0.2023949278470792
61101.5,maxi,0.01350162162162162,0.006377567567567567,1.333983422720624,1.7484299625140027
61108.5,maxi,0.016158378378378378,0.007945405405405405,2.5276476101218366,4.376578421323664
61112.5,maxi,0.022322972972972973,0.010258918918918917,0.6787889685554381,0.5923411598239853
61119.5,maxi,0.03436378378378378,0.008371351351351352,0.6596141722355314,0.24680203332217418
61120.5,maxi,0.038101891891891886,0.008012972972972973,0.7295789582877098,0.225734149975399
61121.5,maxi,0.02046945945945946,0.007798648648648648,0.01578919575434335,0.17218256362628173
61122.5,maxi,0.023205675675675677,0.008799999999999999,0.23751012524144807,0.19413256934241807
61124.5,maxi,0.03927216216216216,0.008863513513513513,0.2409394250513347,0.13321506366343827
61125.5,maxi,0.029256216216216213,0.007931621621621622,0.049947560515165496,0.11192843853212313
61126.5,maxi,0.018736756756756755,0.008171081081081081,0.11332345108286015,0.1677893328243973
61129.5,maxi,0.03314216216216216,0.009068918918918919,0.4581341060935362,0.2850892109116922
61130.5,maxi,0.033001621621621624,0.009712972972972972,0.359048537447766,0.1964201996924577
61131.5,maxi,0.03496918918918919,0.010095135135135136,0.14362925902932475,0.3133955640354841
61132.5,maxi,0.0356472972972973,0.015218108108108109,-0.17769851863197741,-0.5567774744616462
61134.5,maxi,0.04776702702702702,0.02080027027027027,0.2944279690935867,0.3741751734017247
61139.5,maxi,0.030341891891891893,0.00992027027027027,0.7987940541063425,0.4420612063114311
61142.5,maxi,0.01965918918918919,0.008255405405405404,0.08947063742201068,0.19173352412144076
61143.5,maxi,0.025177567567567567,0.008161621621621621,0.32849780786093385,0.2501247024523698
61150.5,maxi,0.039084054054054046,0.008851351351351351,1.808711801451967,1.359957162797016
61180.5,maxi,0.016805945945945946,0.00744054054054054,1.6085017055890842,1.7951839876493785
61182.5,maxi,0.04426405405405406,0.013493243243243242,0.8240550241030801,0.592033039575991
61183.5,maxi,0.02511216216216216,0.009385405405405405,1.467292951414904,1.1945354250836662
61184.5,maxi,0.0245727027027027,0.009813243243243243,0.0348602317996637,0.209454056009917
61185.5,maxi,0.024999459459459458,0.00907,0.926724939557374,0.5585399015990189
61197.5,maxi,0.01915216216216216,0.008331621621621621,0.24366743323317608,0.2487222190783897
61199.5,maxi,0.02378216216216216,0.008635135135135134,-0.09487565367084222,-0.15116803907437393
61201.5,maxi,0.018963513513513514,0.008623243243243242,0.09945604873803308,0.153620050620159
61202.5,maxi,0.025997837837837837,0.009171621621621622,-0.013729656525089314,-0.1750852909630192
61204.5,maxi,0.03890432432432432,0.011497027027027026,0.779135033166855,0.40981464634016634
61212.5,maxi,0.022187027027027025,0.009515945945945944,4.002872670807453,7.163629686119847
