mjd,inst,flux_crab,flux_err,hr,hr_err
53424.0,bat,0.007678772727272727,0.0032218181818181816,,
53430.0,bat,0.008379727272727273,0.003947045454545455,,
53446.0,bat,0.01197590909090909,0.004776272727272728,,
53455.0,bat,0.0183375,0.009016272727272727,,
53466.0,bat,0.010464409090909092,0.0034998181818181816,,
53579.0,bat,0.02575531818181818,0.008271045454545455,,
53581.0,bat,0.011754227272727274,0.003593818181818182,,
53600.0,bat,0.007759318181818182,0.0033675454545454542,,
53612.0,bat,0.007305863636363636,0.0033459545454545456,,
53614.0,bat,0.027806136363636363,0.008159636363636364,,
53638.0,bat,0.019066636363636365,0.009382772727272727,,
53684.0,bat,0.010816681818181817,0.004718454545454545,,
53708.0,bat,0.029952136363636365,0.011650863636363636,,
53794.0,bat,0.05904990909090909,0.025492863636363636,,
53797.0,bat,0.010559045454545455,0.004052954545454545,,
53807.0,bat,0.025008,0.009990090909090909,,
53817.0,bat,0.009047181818181817,0.004333818181818182,,
53818.0,bat,0.007898954545454546,0.0028249545454545454,,
53853.0,bat,0.01327318181818182,0.005417727272727273,,
53958.0,bat,0.01357581818181818,0.003527181818181818,,
53959.0,bat,0.007175772727272727,0.003321318181818182,,
53960.0,bat,0.007786863636363636,0.0031744545454545454,,
53968.0,bat,0.0069766818181818185,0.0027318636363636364,,
53979.0,bat,0.009580636363636362,0.0037424545454545453,,
54000.0,bat,0.00677940909090909,0.0029086818181818185,,
54030.0,bat,0.010621545454545455,0.003692090909090909,,
54035.0,bat,0.009349454545454546,0.004386,,
54037.0,bat,0.010501454545454545,0.003607272727272727,,
54117.0,bat,0.023678636363636364,0.00953340909090909,,
54122.0,bat,0.03325831818181818,0.007091136363636363,,
54190.0,bat,0.01630490909090909,0.004481863636363636,,
54191.0,bat,0.025038499999999998,0.004888272727272726,,
54192.0,bat,0.015176772727272728,0.0064568181818181825,,
54270.0,bat,0.011383954545454546,0.003431818181818182,,
54306.0,bat,0.025884772727272725,0.01210209090909091,,
54318.0,bat,0.009238909090909091,0.0028528636363636365,,
54356.0,bat,0.015055545454545453,0.006019681818181818,,
54473.0,bat,0.23051763636363637,0.11210413636363636,,
54489.0,bat,0.011077045454545454,0.005327181818181818,,
54495.0,bat,0.01444218181818182,0.004393772727272727,,
54531.0,bat,0.00886740909090909,0.0036203636363636364,,
54558.0,bat,0.011717045454545456,0.00415259090909091,,
54583.0,bat,0.019841227272727274,0.008382136363636364,,
54594.0,bat,0.014210272727272728,0.006983818181818182,,
54681.0,bat,0.016555863636363636,0.0032265454545454546,,
54682.0,bat,0.011321409090909092,0.0028159545454545455,,
54729.0,bat,0.0074357727272727275,0.002837818181818182,,
54746.0,bat,0.0095315,0.004634090909090909,,
54758.0,bat,0.007414272727272728,0.0036015454545454545,,
54780.0,bat,0.19213422727272728,0.06608577272727273,,
54900.0,bat,0.007478090909090909,0.003008590909090909,,
55024.0,bat,0.018348545454545454,0.007590954545454546,,
55029.0,bat,0.0089765,0.003964681818181818,,
55054.5,maxi,0.015113243243243243,0.003338108108108108,0.929012048192771,0.44083812971065733
55055.5,maxi,0.014669999999999999,0.0027808108108108107,0.929916080743933,0.42018673700901243
55056.5,maxi,0.026575675675675675,0.0021875675675675677,0.957865588983685,0.2063458312039502
55057.5,maxi,0.025048378378378377,0.0018081081081081079,1.1138161898965309,0.19356962321354065
55058.5,maxi,0.03300324324324324,0.0020054054054054055,1.2529299736302373,0.2112143400388211
55059.5,maxi,0.02716054054054054,0.001881081081081081,1.4109206471494609,0.27594855814534086
55060.5,maxi,0.024743243243243243,0.0018759459459459459,1.4230913675626375,0.3047446053061804
55061.5,maxi,0.025277567567567567,0.001964864864864865,1.389046972814429,0.2678688005681376
55062.5,maxi,0.02378702702702703,0.002057297297297297,1.2533360875852095,0.2518554406419115
55063.5,maxi,0.023684864864864864,0.002023513513513513,1.0982951642123844,0.24793131571002808
55064.5,maxi,0.025166486486486485,0.002097297297297297,1.5532024527232442,0.3500516776108057
55065.5,maxi,0.023148108108108106,0.002434324324324324,1.0249623175618543,0.22260425658087465
55066.5,maxi,0.01967945945945946,0.0022054054054054056,1.1881828061545503,0.33212821982155005
55067.5,maxi,0.018878378378378375,0.002289189189189189,0.9803877111438611,0.2983754845107585
55068.5,maxi,0.016503513513513514,0.002332972972972973,2.4417831004657353,1.0502378961794114
55069.5,maxi,0.020587027027027027,0.0025408108108108105,1.0265207035544155,0.2754561052278403
55070.5,maxi,0.017070540540540538,0.0025051351351351348,0.9442754322178526,0.39602793740570863
55073.5,maxi,0.032317027027027025,0.004572432432432432,1.952209163939304,0.6621427664335046
55074.5,maxi,0.013455945945945945,0.0019081081081081081,1.3717493601915296,0.47792991426613507
55075.5,maxi,0.00800108108108108,0.001741891891891892,0.7058946488294314,0.364906187694526
55076.5,maxi,0.011529459459459459,0.0017913513513513513,1.404244087837838,0.5659462694085685
55077.5,maxi,0.01127972972972973,0.001862162162162162,2.20489824077268,1.2492537725248924
55078.5,maxi,0.01049135135135135,0.0020351351351351353,0.4182206682206683,0.22230223350472209
55079.5,maxi,0.012615135135135135,0.0022427027027027025,1.250618653468726,0.48679628607532044
55080.5,maxi,0.010211621621621621,0.002807837837837838,2.3804860355458834,1.8894248165384124
55081.5,maxi,0.009285945945945945,0.0028045945945945946,6.691748610517315,13.191570467886905
55082.5,maxi,0.01416972972972973,0.0027305405405405403,0.5387050225759904,0.22534018071208917
55084.5,maxi,0.015878108108108108,0.002233243243243243,1.008706205149852,0.27323784163906234
55086.5,maxi,0.009468648648648648,0.002066216216216216,0.43794735626876014,0.20517375775102514
55088.5,maxi,0.0071497297297297285,0.002032972972972973,2.223612197028929,1.5125419678360088
55090.5,maxi,0.009661081081081081,0.002511081081081081,0.8944003299989687,0.543855893382387
55091.5,maxi,0.01937405405405405,0.0018686486486486486,1.5037774226354788,0.4037673506147079
55092.5,maxi,0.041718648648648646,0.003151621621621621,2.1281480677377336,0.5997799392270524
55093.5,maxi,0.06112135135135135,0.003473243243243243,1.9423471099019864,0.4190931882251141
55094.5,maxi,0.04200054054054054,0.001661081081081081,1.3636056718433491,0.1702174186624097
55095.5,maxi,0.03942297297297297,0.0016716216216216217,1.568092467369083,0.2017534310330393
55096.5,maxi,0.029488648648648648,0.005964864864864864,1.2831946342069307,0.7414340170014846
55097.5,maxi,0.026407567567567566,0.0028108108108108104,1.9814840027229408,0.7004701705428239
55098.5,maxi,0.019917297297297295,0.0029345945945945945,1.6454056208889773,0.6774917852462891
55099.5,maxi,0.017536216216216215,0.00281,1.6695589298626174,0.7233140641921022
55100.5,maxi,0.013392432432432431,0.0025427027027027024,1.2030577408341991,0.5505871648288637
55101.5,maxi,0.011867837837837836,0.0023545945945945943,1.9727948226270373,1.1222277346441343
55102.5,maxi,0.00899162162162162,0.0026662162162162163,0.1959256657513251,0.27633067055808036
55103.5,maxi,0.010279459459459458,0.0023472972972972974,1.1740934511997112,0.5889610235491518
55104.5,maxi,0.008367567567567567,0.0023835135135135137,0.9018355359765051,0.45020938438333996
55106.5,maxi,0.022635945945945944,0.0034967567567567564,2.440676546931257,1.358116546230567
55107.5,maxi,0.015179189189189188,0.0022435135135135133,1.8618910690121786,0.726876776745822
55108.5,maxi,0.012638648648648648,0.0022718918918918918,1.2722010550996483,0.49891005064647675
55109.5,maxi,0.015344054054054052,0.002298108108108108,0.5779271129490825,0.20305242217943323
55110.5,maxi,0.010748918918918918,0.0023429729729729726,0.6125973189720775,0.29105994055682277
55111.5,maxi,0.009913513513513512,0.0023856756756756754,1.1649032504051091,0.6257011959263205
55112.5,maxi,0.014967837837837837,0.0025664864864864863,1.2009024336119536,0.5292379769459581
55113.5,maxi,0.03229324324324324,0.005248108108108108,0.7165425704111363,0.3527363218035539
55114.5,maxi,0.014667837837837837,0.0034367567567567567,0.5818706180697131,0.3473205125125078
55115.5,maxi,0.01783513513513513,0.004579189189189189,1.1372061819808181,0.6729179210161523
55117.5,maxi,0.016891081081081078,0.005287837837837837,0.4393050369580127,0.37162850670578473
55118.5,maxi,0.019698648648648648,0.0025708108108108106,2.071529745042493,0.838393948823393
55119.5,maxi,0.019470540540540537,0.0021316216216216216,1.075151179430365,0.2672807315163466
55120.5,maxi,0.014179729729729728,0.0018251351351351352,1.9662086513994907,0.7483776970131157
55121.5,maxi,0.019936216216216215,0.0019735135135135135,0.8489183355920293,0.23042764575016522
55122.5,maxi,0.018311081081081083,0.0018186486486486484,1.0885893669719484,0.2867830427421067
55123.5,maxi,0.020054324324324323,0.001842972972972973,0.9448651099523917,0.22044750948720304
55124.5,maxi,0.014034054054054054,0.0016129729729729729,0.968429475521932,0.29205062765377515
55125.5,maxi,0.018930000000000002,0.001596216216216216,1.3577371048252913,0.3051560588183621
55126.0,bat,0.010607772727272728,0.005284136363636364,,
55126.5,maxi,0.02425135135135135,0.002611891891891892,0.7370717941987137,0.19762760758920475
55127.0,bat,0.06680063636363637,0.008588363636363637,,
55127.5,maxi,0.036808918918918916,0.002017837837837838,1.062885099116147,0.13816132370958623
55128.0,bat,0.22510186363636364,0.01450859090909091,,
55128.5,maxi,0.07399648648648649,0.00253972972972973,0.9285707349756755,0.07251886802584635
55129.0,bat,0.2833113181818182,0.010975454545454545,,
55129.5,maxi,0.11293837837837838,0.003026756756756757,1.0029766038933978,0.06234060042036681
55130.0,bat,0.36084031818181816,0.013628227272727273,,
55130.5,maxi,0.12474297297297296,0.0032883783783783783,0.9064540362583824,0.054159000626554155
55131.0,bat,0.4004399090909091,0.01448609090909091,,
55131.5,maxi,0.14625108108108106,0.003802162162162162,0.8304000214034416,0.048367805167749384
55132.0,bat,0.4020149090909091,0.014630363636363636,,
55132.5,maxi,0.1494743243243243,0.003722972972972973,1.0624468205070376,0.06127094390799651
55133.0,bat,0.4057015909090909,0.014889272727272727,,
55133.5,maxi,0.1434843243243243,0.004885135135135135,0.9568441818457728,0.07344664844348653
55134.0,bat,0.4147704090909091,0.01495,,
55134.5,maxi,0.14658243243243244,0.00487972972972973,0.9113644601140071,0.06782629528398468
55135.0,bat,0.42399031818181815,0.015366636363636364,,
55135.5,maxi,0.14461216216216216,0.007018378378378379,0.9905732888362152,0.10826000124358516
55136.0,bat,0.40743890909090913,0.014934954545454545,,
55136.5,maxi,0.1380635135135135,0.006594054054054054,0.996077482588038,0.10560084165905505
55137.0,bat,0.4271340454545455,0.015461545454545455,,
55137.5,maxi,0.1337218918918919,0.007098108108108108,1.018519751442521,0.12217087417640952
55138.0,bat,0.4374975909090909,0.016173636363636362,,
55138.5,maxi,0.1469672972972973,0.008337027027027027,0.7875829214360042,0.09345148603441682
55139.0,bat,0.4520946818181818,0.016687954545454544,,
55139.5,maxi,0.13281648648648647,0.008076756756756757,0.9785428132081578,0.12745385037633594
55140.0,bat,0.4375225909090909,0.015976363636363636,,
55140.5,maxi,0.13265378378378379,0.010407297297297297,1.0010461419706065,0.1669461373051531
55141.0,bat,0.4012306363636364,0.015070409090909091,,
55141.5,maxi,0.15000243243243241,0.012037297297297297,1.023865290559157,0.18960867309919638
55142.0,bat,0.4343374090909091,0.015686772727272726,,
55142.5,maxi,0.14023972972972973,0.02354216216216216,1.0218530276766062,0.3753117984192319
55143.0,bat,0.41528227272727275,0.0153855,,
55143.5,maxi,0.16174405405405404,0.015002432432432433,1.3952362877206301,0.3368027808635782
55144.0,bat,0.4184377727272727,0.01552690909090909,,
55144.5,maxi,0.14182135135135132,0.008542432432432433,1.0542123449424516,0.1383499943503532
55145.0,bat,0.42875772727272726,0.016002727272727273,,
55145.5,maxi,0.13052567567567566,0.007916486486486487,1.0553316339922654,0.14601985115970426
55146.0,bat,0.42722054545454546,0.015732590909090908,,
55146.5,maxi,0.1389716216216216,0.005847837837837837,0.8804016110361718,0.08245825724525234
55147.0,bat,0.43486790909090905,0.01582409090909091,,
55147.5,maxi,0.13011405405405405,0.004759189189189189,0.939590489041544,0.07473083788651887
55148.0,bat,0.4284796363636364,0.01592809090909091,,
55148.5,maxi,0.11865648648648648,0.004378918918918919,0.8533127403048711,0.06800662516076893
55149.0,bat,0.4193629545454546,0.015777363636363638,,
55149.5,maxi,0.11927756756756756,0.0043383783783783785,0.9259192125586352,0.07216664625020756
55150.0,bat,0.4497980909090909,0.017132454545454544,,
55150.5,maxi,0.13408108108108108,0.005043513513513513,0.7926898006309262,0.06378976165991691
55151.0,bat,0.4268145,0.016088681818181818,,
55151.5,maxi,0.14313945945945944,0.005153783783783783,0.8652288947684372,0.06697451681263387
55152.0,bat,0.4454706818181818,0.01850909090909091,,
55152.5,maxi,0.12866945945945946,0.004668918918918919,0.9600086713817304,0.07686295068580007
55153.0,bat,0.4391225909090909,0.018206227272727273,,
55153.5,maxi,0.15797513513513514,0.007336486486486486,0.9337742305287293,0.09752771693883018
55154.0,bat,0.42603668181818183,0.02304459090909091,,
55155.0,bat,0.43153522727272725,0.023987681818181818,,
55156.0,bat,0.4076763181818182,0.02026581818181818,,
55157.0,bat,0.4625130454545454,0.024090818181818182,,
55158.0,bat,0.457587,0.01948959090909091,,
55159.0,bat,0.476414,0.023719545454545455,,
55160.0,bat,0.5185182727272727,0.028535681818181818,,
55160.5,maxi,0.17062567567567566,0.006094324324324324,0.8401570282442065,0.06584963997149193
55161.0,bat,0.4875835,0.021877318181818182,,
55161.5,maxi,0.16961972972972972,0.0044494594594594586,0.9438160968884411,0.05566414524198154
55162.0,bat,0.49428027272727276,0.023407272727272728,,
55162.5,maxi,0.18261351351351351,0.004528918918918919,0.8367356671083513,0.04454651693240523
55163.0,bat,0.4872914090909091,0.025327772727272727,,
55163.5,maxi,0.1775081081081081,0.007021081081081081,0.9660455004270518,0.08280727218310167
55164.0,bat,0.5789083181818182,0.026432727272727274,,
55165.0,bat,0.4813446818181818,0.039708,,
55166.0,bat,0.6203909090909091,0.037564499999999994,,
55166.5,maxi,0.2569081081081081,0.005455405405405405,0.8594722579096182,0.041369420299721904
55167.0,bat,0.6767811363636363,0.03510931818181818,,
55167.5,maxi,0.2510664864864865,0.005044324324324324,0.9414798279345631,0.0425407294030808
55168.0,bat,0.6563642272727273,0.02405672727272727,,
55168.5,maxi,0.2380010810810811,0.01212081081081081,0.7131300364171702,0.07777672703614234
55169.0,bat,0.6744624545454546,0.02819959090909091,,
55169.5,maxi,0.23746648648648647,0.006368918918918919,0.7662674298270138,0.04466714026402071
55170.0,bat,0.6861998181818182,0.026691136363636365,,
55170.5,maxi,0.24739486486486484,0.006145675675675675,0.846521510924715,0.04658322982875595
55171.0,bat,0.7090005454545455,0.029943772727272725,,
55171.5,maxi,0.25825135135135135,0.0064045945945945945,0.8274827649555708,0.045715278817992755
55172.0,bat,0.7029488181818182,0.04696668181818182,,
55172.5,maxi,0.258237027027027,0.01036081081081081,0.8702548902780162,0.07922561916519759
55173.0,bat,0.7257002727272727,0.04452136363636364,,
55173.5,maxi,0.30911945945945946,0.02589054054054054,0.7074440529037573,0.13102967158356063
55174.0,bat,0.7569383181818182,0.03135309090909091,,
55175.0,bat,0.779747590909091,0.032803,,
55176.5,maxi,0.24105837837837837,0.03248027027027027,1.331194147926622,0.447101426949596
55193.5,maxi,0.2870964864864865,0.007259189189189189,0.7929969082775249,0.04350626337186014
55194.0,bat,0.7617256818181818,0.04274354545454545,,
55194.5,maxi,0.3025762162162162,0.005197027027027026,0.822017164198553,0.031056634406332776
55195.0,bat,0.7465455454545454,0.058343818181818184,,
55195.5,maxi,0.29571135135135135,0.00493135135135135,0.7896707837376377,0.029146932101295236
55196.0,bat,0.7356725454545455,0.048360409090909086,,
55196.5,maxi,0.29088918918918916,0.004733513513513513,0.8802681742218509,0.03178238289888681
55197.0,bat,0.7302611818181818,0.03523381818181818,,
55197.5,maxi,0.3077489189189189,0.004855405405405405,0.8175429422260899,0.028652023791819123
55198.0,bat,0.7985745909090909,0.06976586363636364,,
55198.5,maxi,0.3021559459459459,0.004974594594594594,0.8685771871260314,0.03192366945016126
55199.0,bat,0.7021800454545454,0.029422454545454547,,
55199.5,maxi,0.3017275675675676,0.004823513513513513,0.8603649635036497,0.030567782950996228
55200.0,bat,0.7481540909090908,0.034529363636363636,,
55200.5,maxi,0.29341459459459457,0.004927027027027027,0.8722836315611738,0.03244030227429253
55201.0,bat,0.6549021818181818,0.0523605,,
55201.5,maxi,0.3047062162162162,0.005026216216216216,0.8021760298881182,0.029150593559340274
55202.0,bat,0.6920469545454545,0.025663545454545456,,
55202.5,maxi,0.3014754054054054,0.005367027027027027,0.7911622288036912,0.03092441278425015
55203.0,bat,0.6934561363636365,0.025213772727272727,,
55203.5,maxi,0.28798891891891887,0.005502162162162162,0.8389994977911321,0.034987401334962115
55204.0,bat,0.6771235,0.026768,,
55204.5,maxi,0.30513,0.007987027027027025,0.7829672021367489,0.04448518034071142
55205.0,bat,0.8335980909090909,0.16372945454545454,,
55205.5,maxi,0.29926783783783784,0.009717297297297298,0.6961040641988092,0.048878024960398246
55206.0,bat,0.6753965,0.027949954545454545,,
55206.5,maxi,0.30121810810810806,0.009447837837837838,0.7499223577024053,0.05099662227081605
55207.0,bat,0.6726766818181817,0.031051590909090907,,
55207.5,maxi,0.2946340540540541,0.009411891891891892,0.8734304118442743,0.06158712912538649
55208.0,bat,0.6413777272727273,0.024970590909090908,,
55208.5,maxi,0.2809110810810811,0.010298918918918919,0.7228717570401878,0.05632334831949969
55209.5,maxi,0.29762783783783786,0.010803783783783783,0.829337057495111,0.06469212949625082
55210.0,bat,0.579366090909091,0.023451181818181815,,
55210.5,maxi,0.3013664864864865,0.013867567567567567,0.825677870143895,0.08239787233969999
55211.0,bat,0.5785504545454546,0.022717818181818183,,
55211.5,maxi,0.28833864864864867,0.014327297297297297,0.7099974986976303,0.07472507523068227
55212.0,bat,0.5332804545454546,0.019805863636363635,,
55212.5,maxi,0.3332883783783783,0.033537837837837835,0.677782525727632,0.14067705799376767
55213.0,bat,0.40797459090909094,0.016173545454545454,,
55213.5,maxi,0.3183278378378378,0.015037567567567568,0.5641740428278358,0.055254470539093985
55214.0,bat,0.45114790909090907,0.01816990909090909,,
55214.5,maxi,0.3113827027027027,0.010590270270270269,0.6697322898011551,0.04765861159108335
55215.0,bat,0.3828811818181818,0.015064318181818182,,
55215.5,maxi,0.31172189189189187,0.008226216216216215,0.5997720318237455,0.03286761159698579
55216.0,bat,0.32424913636363634,0.012190363636363638,,
55216.5,maxi,0.3409108108108108,0.008018648648648648,0.48984852212333585,0.02364787536174491
55217.0,bat,0.20838095454545455,0.010250727272727272,,
55217.5,maxi,0.36595,0.006927837837837837,0.3521106592309378,0.013968616557803503
55218.5,maxi,0.4278956756756756,0.00802945945945946,0.2086925231686288,0.008885595715375458
55219.5,maxi,0.4340372972972973,0.007814324324324324,0.20208170467200542,0.008285425786365288
55220.5,maxi,0.425041081081081,0.007408648648648648,0.2016038837297133,0.008006557405324332
55221.5,maxi,0.3703227027027027,0.0066159459459459455,0.15730855396342538,0.0069264167311211475
55222.0,bat,0.026845454545454544,0.0045705,,
55222.5,maxi,0.3336816216216216,0.007831621621621621,0.11550178235375871,0.007557339989146961
55223.0,bat,0.04137154545454546,0.006404681818181818,,
55223.5,maxi,0.3523791891891892,0.011010540540540539,0.1551048001295791,0.012051534138370014
55224.5,maxi,0.33701945945945944,0.007129729729729729,0.13289677638995945,0.007367003694369211
55225.0,bat,0.04624668181818181,0.0073774545454545455,,
55225.5,maxi,0.3242478378378378,0.006829729729729729,0.1563307718668502,0.008216144653478016
55226.0,bat,0.050731227272727275,0.0038125454545454547,,
55226.5,maxi,0.331712972972973,0.006705135135135135,0.1487567814479849,0.007631403019246396
55227.0,bat,0.03802345454545455,0.004541681818181818,,
55227.5,maxi,0.3119437837837838,0.006573513513513513,0.12869302536525315,0.007155100061315011
55228.0,bat,0.019375136363636362,0.004566909090909091,,
55228.5,maxi,0.28301945945945944,0.005943513513513513,0.10989922106425612,0.006523813493095707
55229.0,bat,0.024824454545454545,0.004398818181818182,,
55229.5,maxi,0.27900297297297294,0.005747027027027027,0.11603537185753574,0.006612435126806952
55230.0,bat,0.04499313636363636,0.004196863636363637,,
55230.5,maxi,0.2908794594594595,0.005341621621621622,0.13859294247225282,0.006545491808120198
55231.0,bat,0.04149372727272727,0.004165727272727273,,
55231.5,maxi,0.29058729729729726,0.005424864864864864,0.14480549560645944,0.0068861844736572584
55232.0,bat,0.03603590909090909,0.005882045454545454,,
55232.5,maxi,0.2732605405405405,0.006433783783783784,0.1344471171916109,0.008309093768777417
55233.0,bat,0.03307336363636364,0.004376909090909091,,
55233.5,maxi,0.2688062162162162,0.011387837837837837,0.12129855534943276,0.014194308091543187
55234.0,bat,0.029318227272727274,0.005052681818181818,,
55235.0,bat,0.019337409090909093,0.004403318181818182,,
55235.5,maxi,0.28926108108108106,0.01608243243243243,0.14789114903484477,0.02057190271025462
55236.0,bat,0.028948818181818183,0.004680454545454545,,
55236.5,maxi,0.28424486486486483,0.0046818918918918925,0.14990705191080722,0.006195713649969489
55237.0,bat,0.027431,0.003595681818181818,,
55237.5,maxi,0.2496137837837838,0.00493972972972973,0.12869948958434657,0.006662814460861648
55238.0,bat,0.03315986363636364,0.004504227272727273,,
55238.5,maxi,0.2250724324324324,0.005528918918918918,0.10980667151716274,0.007544488800254699
55239.0,bat,0.030803772727272728,0.0037187727272727272,,
55239.5,maxi,0.23163432432432432,0.007534324324324324,0.1183754258334032,0.010470498686010066
55240.0,bat,0.034611636363636365,0.004174727272727273,,
55240.5,maxi,0.2383527027027027,0.01000216216216216,0.14473147888153187,0.01563596027023224
55241.0,bat,0.035508454545454544,0.0056131818181818175,,
55242.0,bat,0.030879863636363636,0.004072318181818181,,
55242.5,maxi,0.2359508108108108,0.01465081081081081,0.15488687957853717,0.024026413203606642
55243.0,bat,0.021419681818181817,0.004440636363636364,,
55243.5,maxi,0.1853516216216216,0.04960189189189189,0.052064582958584286,0.07334799736383678
55244.0,bat,0.03569795454545455,0.004338227272727273,,
55245.0,bat,0.03307940909090909,0.004415318181818182,,
55246.0,bat,0.026282227272727273,0.004602772727272727,,
55246.5,maxi,0.192,0.02967945945945946,0.15159587118869808,0.05909201110635872
55247.0,bat,0.0116645,0.005018181818181818,,
55247.5,maxi,0.17106054054054054,0.004694324324324324,0.11198779653884594,0.008950225774878758
55248.0,bat,0.02363536363636364,0.0038334545454545457,,
55248.5,maxi,0.16918459459459456,0.00471,0.09849623841498702,0.008550876074460442
55249.0,bat,0.013389545454545454,0.003831409090909091,,
55249.5,maxi,0.16503864864864864,0.004772702702702703,0.11362773130437161,0.00952218226275826
55250.5,maxi,0.1483437837837838,0.00481,0.08513453976084369,0.00930602533914171
55251.5,maxi,0.14680513513513513,0.004786486486486486,0.09028912243508246,0.0097362094020891
55252.5,maxi,0.1409954054054054,0.0047929729729729725,0.10116879847091656,0.010671399481656563
55253.5,maxi,0.13596864864864863,0.004914594594594594,0.11429294436240167,0.012138361474994277
55254.5,maxi,0.13574081081081082,0.006458378378378378,0.11329535854082352,0.015558303383448274
55255.5,maxi,0.13705405405405405,0.010508378378378378,0.07818857915163954,0.021699899947560723
55256.0,bat,0.008811636363636364,0.0034640454545454545,,
55256.5,maxi,0.13990162162162162,0.008066756756756756,0.0883048254762898,0.01712418597613713
55257.5,maxi,0.14101972972972973,0.006288108108108107,0.13858841085861842,0.016447467162117563
55258.5,maxi,0.13036756756756757,0.004279459459459459,0.12607017930702696,0.01122908058326497
55259.5,maxi,0.11786756756756755,0.004168378378378378,0.07451496057204228,0.009474067858007515
55260.5,maxi,0.12411459459459459,0.003925405405405405,0.09795084228698456,0.009231072475172906
55261.5,maxi,0.1182527027027027,0.003692972972972973,0.10094581833521413,0.00969815007369678
55262.5,maxi,0.1228654054054054,0.0036394594594594595,0.09950898529867461,0.009083135862107218
55263.5,maxi,0.11700135135135134,0.003557297297297297,0.09765502933925906,0.009167490361039043
55264.0,bat,0.017896363636363637,0.004755181818181819,,
55264.5,maxi,0.11665567567567567,0.003393243243243243,0.11096593023049801,0.009366609803785888
55265.5,maxi,0.10910918918918919,0.0031521621621621618,0.09387913549421495,0.008605558857216044
55266.5,maxi,0.1020108108108108,0.0030986486486486485,0.09387192342189858,0.009089199057218465
55267.5,maxi,0.1064154054054054,0.0030945945945945945,0.11101782294888791,0.009465219644556449
55268.5,maxi,0.10284594594594594,0.003003513513513513,0.10763786945388351,0.009519587435036909
55269.5,maxi,0.09671756756756755,0.002945135135135135,0.11269795743915058,0.010399975181372147
55270.5,maxi,0.09437108108108108,0.0030945945945945945,0.1445622016881804,0.01275736742340604
55271.5,maxi,0.08913648648648649,0.0030016216216216213,0.10849670849310793,0.01138816179153878
55272.5,maxi,0.08504189189189189,0.003211891891891892,0.118028435051178,0.013453082851571648
55273.5,maxi,0.07948108108108108,0.0034159459459459454,0.1137469688947047,0.015064954169221626
55274.0,bat,0.010475454545454545,0.004726181818181819,,
55274.5,maxi,0.07704972972972973,0.004381621621621622,0.09037040396808169,0.018027273087081987
55275.5,maxi,0.0782727027027027,0.004981621621621622,0.10679521198590787,0.022150786629336165
55276.5,maxi,0.07493675675675676,0.005565675675675675,0.14526234640853242,0.028725734897112432
55277.5,maxi,0.07003594594594595,0.005886756756756756,0.0963446984755723,0.027035099971204585
55278.5,maxi,0.06009810810810811,0.005515675675675675,0.11463378899746492,0.032437241039116084
55279.0,bat,0.011274818181818181,0.004306681818181818,,
55279.5,maxi,0.05904783783783784,0.006067837837837837,0.07797646827638723,0.03239718405700889
55280.0,bat,0.006283181818181818,0.0029714090909090905,,
55280.5,maxi,0.05507513513513513,0.006476216216216216,0.15100089050499055,0.0462063886102223
55281.5,maxi,0.051328918918918914,0.008176756756756757,0.05906269009195978,0.04429360495013072
55282.0,bat,0.015247909090909091,0.004501272727272728,,
55282.5,maxi,0.03438297297297297,0.008241621621621622,0.04043735010633965,0.06684658022712599
55283.0,bat,0.015431227272727272,0.005473090909090909,,
55283.5,maxi,0.06513351351351351,0.009511621621621622,0.24128300816308565,0.07921824786494759
55284.0,bat,0.023638772727272727,0.0046026363636363634,,
55284.5,maxi,0.08668702702702703,0.006058108108108108,0.32157819861914144,0.04982287966886695
55285.0,bat,0.04230681818181818,0.008618681818181817,,
55285.5,maxi,0.07686945945945944,0.00472135135135135,0.42731966335760907,0.053018293625268734
55286.0,bat,0.03945445454545455,0.004808,,
55286.5,maxi,0.061797837837837835,0.004545945945945947,0.26498518385935604,0.04113932208631833
55287.0,bat,0.04945977272727272,0.005609772727272727,,
55287.5,maxi,0.05890459459459459,0.0037375675675675674,0.45826345685691094,0.055424059866720894
55288.0,bat,0.04776209090909091,0.011415000000000002,,
55288.5,maxi,0.06463972972972973,0.003666486486486486,0.41799170790759527,0.04827808613490923
55289.0,bat,0.07795486363636364,0.009543363636363636,,
55289.5,maxi,0.05449081081081081,0.0034145945945945944,0.6310016039921582,0.07544210635209313
55290.0,bat,0.07419531818181818,0.006411090909090909,,
55290.5,maxi,0.04643972972972973,0.0031467567567567568,0.6914517876489709,0.08762974061157426
55291.0,bat,0.07673818181818182,0.01024440909090909,,
55291.5,maxi,0.05304081081081081,0.003143243243243243,0.6614512102982948,0.07606388531915473
55292.0,bat,0.06888472727272728,0.007282772727272727,,
55292.5,maxi,0.05335891891891891,0.003469189189189189,0.76085628877246,0.0985248615490307
55293.0,bat,0.068864,0.005164454545454546,,
55293.5,maxi,0.04178756756756757,0.011312162162162163,0.2961419571937238,0.19960347335378292
55294.0,bat,0.06745795454545454,0.008620090909090909,,
55295.0,bat,0.07124286363636363,0.009732363636363636,,
55296.0,bat,0.07673977272727273,0.00945009090909091,,
55297.0,bat,0.07194213636363636,0.005213454545454545,,
55298.0,bat,0.07575681818181819,0.004828272727272727,,
55299.0,bat,0.06649677272727272,0.005169818181818182,,
55300.0,bat,0.05423563636363637,0.006859090909090908,,
55301.0,bat,0.05595463636363636,0.004314,,
55302.0,bat,0.058690954545454546,0.004562045454545455,,
55303.0,bat,0.05232136363636364,0.005290409090909091,,
55304.0,bat,0.05429427272727273,0.0042597727272727275,,
55305.0,bat,0.04508140909090909,0.004607681818181818,,
55305.5,maxi,0.0790418918918919,0.005494054054054054,1.0459866131191433,0.17559829337607605
55306.0,bat,0.052451727272727275,0.005597045454545454,,
55306.5,maxi,0.06110243243243243,0.0024770270270270266,0.8578900437855176,0.08253110344459595
55307.0,bat,0.052013136363636366,0.003958863636363636,,
55307.5,maxi,0.06356756756756757,0.0030848648648648647,0.7146864975813023,0.07560605614831062
55308.0,bat,0.04261595454545455,0.005176818181818182,,
55308.5,maxi,0.03989486486486486,0.0043713513513513515,1.3234928456791517,0.3196083822325543
55309.0,bat,0.03922922727272727,0.004189,,
55309.5,maxi,0.036928378378378375,0.0031789189189189186,0.9347473149612854,0.17700745077981372
55310.0,bat,0.03903995454545455,0.003976727272727272,,
55310.5,maxi,0.038758108108108105,0.00303,0.8954859090531216,0.14286369281925512
55311.0,bat,0.04433527272727273,0.004238045454545454,,
55311.5,maxi,0.03036891891891892,0.002818918918918919,0.6412654358231767,0.1283405206653795
55312.0,bat,0.046043181818181816,0.004448227272727273,,
55312.5,maxi,0.03202135135135135,0.0026275675675675675,0.6371783172111699,0.11195192802027562
55313.0,bat,0.04248681818181818,0.003784863636363636,,
55313.5,maxi,0.026563243243243242,0.0026721621621621622,0.932361244506534,0.20871482390373178
55314.0,bat,0.03852631818181818,0.004706090909090909,,
55314.5,maxi,0.02407081081081081,0.0030889189189189188,0.8056683449732012,0.21160928728203562
55315.0,bat,0.03593913636363636,0.00398,,
55315.5,maxi,0.039113513513513505,0.00413,1.0598183852418492,0.28932005121528476
55316.0,bat,0.03776168181818182,0.0036127272727272727,,
55316.5,maxi,0.03476162162162162,0.00246,0.9743080722975002,0.15616955810902328
55317.0,bat,0.041224863636363636,0.004671045454545455,,
55317.5,maxi,0.024556216216216214,0.0023837837837837835,0.9829719950132272,0.2006474565854759
55318.0,bat,0.032166,0.005261,,
55318.5,maxi,0.027419459459459457,0.002459189189189189,0.8562495365678835,0.1594205937260775
55319.0,bat,0.028884545454545454,0.006400409090909091,,
55319.5,maxi,0.03001324324324324,0.002598918918918919,0.6520427241258029,0.11420644734626541
55320.0,bat,0.03228463636363636,0.003975181818181819,,
55320.5,maxi,0.027874864864864866,0.0025954054054054053,0.7699259923749721,0.14632303600531654
55321.0,bat,0.03159431818181818,0.0032749545454545453,,
55321.5,maxi,0.022976486486486487,0.002507837837837838,0.839744583242925,0.19639681643967705
55322.0,bat,0.035622909090909094,0.0042408181818181815,,
55322.5,maxi,0.020538378378378377,0.002528108108108108,1.217227261780525,0.31431662989809456
55323.0,bat,0.029916863636363637,0.004361863636363636,,
55323.5,maxi,0.023597297297297294,0.002848108108108108,0.7247635013770805,0.19579979548222998
55324.0,bat,0.024993863636363637,0.0032033636363636366,,
55324.5,maxi,0.02360081081081081,0.003225135135135135,0.6044782912102915,0.20264221042091438
55325.0,bat,0.020993454545454544,0.0036738181818181817,,
55325.5,maxi,0.03790648648648648,0.008623243243243242,0.5679553223243946,0.4013686456548297
55326.0,bat,0.02734668181818182,0.003129909090909091,,
55326.5,maxi,0.025224594594594592,0.005017567567567568,0.7862617087709338,0.31036412147227543
55327.0,bat,0.02475772727272727,0.00512290909090909,,
55327.5,maxi,0.03636405405405405,0.0029564864864864864,0.8549586518632699,0.1575782116877802
55328.0,bat,0.021882818181818184,0.005471727272727273,,
55328.5,maxi,0.02949108108108108,0.002686216216216216,0.4045674587044085,0.08879627029955446
55329.0,bat,0.02775840909090909,0.006419181818181819,,
55329.5,maxi,0.027746486486486487,0.002324054054054054,0.7461889691493732,0.1326673983231059
55330.5,maxi,0.027004864864864864,0.00218,0.4954916007905138,0.08819938312613448
55331.0,bat,0.017880136363636362,0.005952727272727273,,
55331.5,maxi,0.02343756756756757,0.00207027027027027,0.5850192275539207,0.11943481248814994
55332.5,maxi,0.03079135135135135,0.0028283783783783784,0.9207339553614475,0.2072361790428491
55333.5,maxi,0.01804243243243243,0.003776216216216216,1.9232477977786286,1.131523039233321
55334.5,maxi,0.020544324324324324,0.0032908108108108103,0.7219421838940847,0.24152052401965313
55335.5,maxi,0.028862702702702702,0.0034308108108108107,1.0539905367718485,0.3074608520989157
55336.5,maxi,0.02108405405405405,0.003067297297297297,0.6833296791639261,0.23961069606502036
55337.0,bat,0.0123345,0.004675909090909091,,
55337.5,maxi,0.025364054054054053,0.003176756756756757,1.3371623393653291,0.49325661575413415
55338.5,maxi,0.024359729729729728,0.0023037837837837838,0.8683351094915603,0.19548500973111138
55339.0,bat,0.016896363636363636,0.005877181818181818,,
55339.5,maxi,0.024763783783783782,0.0024794594594594595,0.6532577156423107,0.16694412119468233
55340.0,bat,0.007982545454545456,0.0038180909090909094,,
55340.5,maxi,0.01973162162162162,0.0017202702702702702,0.9640943193997857,0.21093830787245793
55341.5,maxi,0.02407054054054054,0.001998108108108108,1.1436154670302912,0.26496430992700376
55342.0,bat,0.011122681818181818,0.005210772727272728,,
55342.5,maxi,0.02224810810810811,0.002001891891891892,1.3685997328584147,0.344659504274195
55343.5,maxi,0.021213783783783784,0.0023732432432432434,0.9300161812297735,0.2608731047765481
55344.5,maxi,0.02270081081081081,0.0033689189189189186,1.8248900668634418,0.7692961741984302
55345.5,maxi,0.020936216216216216,0.003428918918918919,0.32720559145456946,0.14401367217952607
55346.5,maxi,0.01862918918918919,0.003827837837837838,0.770702113682909,0.33063206787383365
55347.0,bat,0.014534045454545454,0.006043363636363636,,
55347.5,maxi,0.024364324324324324,0.003930810810810811,0.5677655677655677,0.2630680858491239
55348.0,bat,0.015835727272727272,0.0068102272727272725,,
55348.5,maxi,0.01907054054054054,0.004011351351351351,0.4523574857724223,0.22400149627959984
55349.5,maxi,0.016051891891891892,0.00503054054054054,15.336828309305375,83.26541377292618
55350.5,maxi,0.013095405405405406,0.004629459459459459,0.2320340768561352,0.31021509619125515
55351.5,maxi,0.02194027027027027,0.005272432432432432,0.22440875397105542,0.18052978839026282
55352.0,bat,0.01729081818181818,0.005016954545454546,,
55353.0,bat,0.017792727272727273,0.008699863636363638,,
55354.5,maxi,0.02737918918918919,0.002927297297297297,0.7961741216578807,0.2133645911413576
55355.5,maxi,0.018350540540540538,0.0026397297297297297,0.6490733121742879,0.21991564805637007
55356.0,bat,0.03891981818181818,0.011218727272727273,,
55356.5,maxi,0.014874054054054054,0.002568378378378378,0.6657786313930796,0.18873024076705008
55357.0,bat,0.01965790909090909,0.00882,,
55357.5,maxi,0.016423513513513514,0.0025035135135135136,0.8846078392906188,0.2646726352755353
55358.0,bat,0.02207909090909091,0.007462045454545454,,
55358.5,maxi,0.010567297297297298,0.0021862162162162163,0.4293806517659102,0.1484044285679634
55359.0,bat,0.023256772727272727,0.005837727272727272,,
55359.5,maxi,0.008762432432432432,0.0020375675675675673,0.6686462696855612,0.25041201952262526
55360.0,bat,0.024318045454545453,0.004182045454545454,,
55360.5,maxi,0.009989729729729729,0.0020608108108108106,0.7997660932703085,0.26211471525604674
55361.0,bat,0.020551227272727273,0.004648454545454546,,
55361.5,maxi,0.014024594594594594,0.002152972972972973,0.6177442366899452,0.18024915356452456
55362.0,bat,0.027380363636363637,0.004828272727272727,,
55362.5,maxi,0.01689081081081081,0.0021478378378378374,0.7448932926829269,0.19805522833387793
55363.0,bat,0.0281195,0.0076071818181818185,,
55363.5,maxi,0.014691081081081081,0.00514972972972973,0.4211851118263597,0.4014677655218242
55364.0,bat,0.026238454545454547,0.011037727272727272,,
55364.5,maxi,0.017583513513513515,0.002377027027027027,1.1847858053132045,0.3648807372643965
55365.5,maxi,0.012283513513513514,0.00202972972972973,0.7845902612826604,0.2500419816152281
55366.5,maxi,0.012869459459459458,0.0020659459459459457,0.7039181365288811,0.21884406361085224
55367.5,maxi,0.008845945945945946,0.0019048648648648647,1.0566798539257456,0.42185791139257783
55368.5,maxi,0.014467567567567566,0.0020605405405405403,0.8174315712255285,0.23307905693442324
55369.5,maxi,0.01275081081081081,0.001952162162162162,0.8448701038022596,0.28575522050095586
55370.0,bat,0.012381318181818183,0.005492272727272728,,
55370.5,maxi,0.013705945945945945,0.0018572972972972972,1.1396631089078864,0.2873498781175131
55371.0,bat,0.011404045454545455,0.004071545454545454,,
55371.5,maxi,0.012569459459459458,0.0018805405405405405,1.0270813989476941,0.3845042641763791
55372.5,maxi,0.025728378378378377,0.0020789189189189187,1.1352596675566273,0.24624064511481958
55373.0,bat,0.014755318181818182,0.0061895454545454545,,
55373.5,maxi,0.024742702702702703,0.002704324324324324,1.491798005789643,0.4525024860672889
55375.5,maxi,0.032927027027027024,0.003298378378378378,0.8395146073264363,0.23796549300419564
55376.5,maxi,0.035879729729729734,0.0020705405405405403,0.873141276301439,0.1290127091878227
55377.5,maxi,0.03707837837837838,0.0024883783783783784,1.3779368177546447,0.26252635115178047
55378.5,maxi,0.029765135135135134,0.00290027027027027,1.9142963474932215,0.5382354626012343
55379.0,bat,0.040182272727272726,0.011551227272727272,,
55379.5,maxi,0.02151297297297297,0.0030529729729729727,0.5975091295579659,0.17907547326224402
55380.5,maxi,0.016748648648648647,0.002644054054054054,1.1293508485952632,0.37061134760110037
55381.5,maxi,0.018677027027027025,0.0026208108108108107,0.6876373545872769,0.181733561163131
55382.5,maxi,0.010818918918918919,0.002381351351351351,0.7776612480335605,0.36293650052221993
55383.5,maxi,0.009119189189189188,0.0021859459459459456,0.8873524748987142,0.4704301159518382
55384.5,maxi,0.010513243243243243,0.002577027027027027,1.0889852379477651,0.723878165409331
55385.5,maxi,0.015341621621621622,0.004164054054054054,0.6944252266686087,0.35600452900221
55386.5,maxi,0.022675675675675674,0.002183783783783784,1.3362089856055834,0.3162791723629521
55387.5,maxi,0.01409135135135135,0.0021751351351351348,0.6420261066969353,0.22087262140722322
55388.5,maxi,0.014618918918918918,0.002268918918918919,1.8665394748796222,0.8216547100874363
55389.5,maxi,0.009633243243243243,0.0020845945945945944,1.2683754880325921,0.5569668213871991
55390.5,maxi,0.012943243243243243,0.0022564864864864863,0.7804052209054666,0.2922639760710442
55391.5,maxi,0.01223945945945946,0.0023145945945945946,0.72964417609473,0.30567838694692984
55392.5,maxi,0.01439135135135135,0.0025894594594594593,1.842681101001958,1.11708128042721
55393.5,maxi,0.019197297297297296,0.0027154054054054056,1.1485473289597,0.387873515207071
55394.5,maxi,0.011638918918918918,0.002905135135135135,1.1426207548656528,0.633996367651782
55396.5,maxi,0.021591891891891892,0.0038443243243243244,1.8049696224998293,0.9283240862959875
55397.5,maxi,0.027033243243243243,0.003717027027027027,0.6453808400444697,0.22014391221016857
55398.5,maxi,0.02716621621621621,0.003219189189189189,0.6263812319515046,0.16230014447666205
55399.5,maxi,0.024347297297297295,0.0025705405405405403,0.4343234789153085,0.10871407686575153
55400.5,maxi,0.018898108108108106,0.0022305405405405403,0.4918564021641118,0.12027242465305749
55401.5,maxi,0.02216891891891892,0.002188108108108108,0.36543652215454436,0.0888889072041084
55402.5,maxi,0.020897297297297297,0.002094324324324324,0.6144522414893,0.1298910443994229
55403.5,maxi,0.02073027027027027,0.0019132432432432433,0.7043728724797068,0.14045345682588045
55404.5,maxi,0.021240540540540538,0.0018594594594594593,0.8492940701895926,0.17892892046401557
55405.5,maxi,0.021354324324324322,0.0017802702702702702,0.6742416658324156,0.1287199594437135
55406.5,maxi,0.023132702702702703,0.0017689189189189188,1.07749438092446,0.22645249570268816
55407.5,maxi,0.01954054054054054,0.00178,1.0358114674441203,0.2310271279442187
55408.5,maxi,0.021452972972972974,0.0017413513513513511,1.4238002594033723,0.3441949342432894
55409.5,maxi,0.022310270270270268,0.0017732432432432431,1.030751869092961,0.21517466667394675
55410.5,maxi,0.019552162162162164,0.0019016216216216214,0.9708054017293306,0.23818356477263514
55411.5,maxi,0.017811891891891894,0.001815945945945946,0.9731497019848387,0.2604198698589691
55412.5,maxi,0.017842432432432432,0.0019286486486486485,1.1990764494612622,0.33908093289672153
55413.5,maxi,0.018343783783783783,0.002144594594594594,0.5189595738013162,0.17404442656757393
55414.5,maxi,0.018914054054054052,0.0025464864864864862,1.0262588455465234,0.3689250817393756
55415.5,maxi,0.023567027027027024,0.003377297297297297,0.5483043934273395,0.23569396448359714
55416.5,maxi,0.014213243243243242,0.003668918918918919,0.4417962970368297,0.2589440585749347
55417.5,maxi,0.010413513513513514,0.0041848648648648646,0.15751339268508885,0.2465380878631398
55418.5,maxi,0.015467027027027026,0.004873513513513513,1.1261977942505876,0.6074256946192326
55425.5,maxi,0.02839405405405405,0.003305405405405405,1.2882940398558984,0.42661579626884594
55426.5,maxi,0.007185135135135135,0.002662972972972973,1.7953914206357369,1.0258392398391014
55427.5,maxi,0.011894594594594594,0.0027397297297297295,0.7844145341112588,0.36856323956576525
55428.5,maxi,0.005525945945945946,0.002472972972972973,6.646323529411764,22.11760887052717
55430.5,maxi,0.004435675675675675,0.0022124324324324326,0.08057174071376548,0.32945792486568304
55432.5,maxi,0.008272162162162162,0.002181891891891892,0.9248861911987861,0.5021575265503316
55434.5,maxi,0.007536756756756757,0.0029348648648648648,0.9232676987825041,0.549575671720989
55435.5,maxi,0.006296756756756756,0.0021808108108108105,0.7969548914896035,0.5690644915908822
55437.5,maxi,0.007478918918918919,0.0022897297297297297,1.5389866106589656,1.060854030463707
55440.5,maxi,0.03875405405405405,0.006569459459459459,2.053175490687541,1.0308422278040217
55441.5,maxi,0.026343243243243244,0.004494864864864865,0.3342991556843319,0.20894120162298235
55443.5,maxi,0.01048162162162162,0.004191351351351351,0.35743114909781576,0.4174927243212984
55446.5,maxi,0.029153513513513512,0.00221,1.0942075658035981,0.23801805336774332
55447.5,maxi,0.0364754054054054,0.0023545945945945943,1.0317373792435116,0.17809032601551836
55448.5,maxi,0.043808918918918915,0.002698378378378378,0.9582887446196285,0.15417914178803527
55449.5,maxi,0.023517837837837837,0.0030027027027027028,3.0382124352331603,1.4482750776272995
55450.5,maxi,0.021058648648648648,0.002628378378378378,2.390795117123062,0.9992239310699995
55451.5,maxi,0.021267837837837835,0.002699189189189189,0.7208359212304994,0.22122976542250533
55452.5,maxi,0.013375405405405404,0.002369189189189189,1.7819354838709678,0.8232718265056883
55453.5,maxi,0.009796216216216215,0.0022527027027027025,0.6442704935855621,0.5094543030021214
55454.5,maxi,0.011294324324324324,0.002294864864864865,2.0808153823912097,1.3952456300669525
55456.5,maxi,0.019588108108108106,0.0021432432432432432,0.8792272647625722,0.22802472034927732
55457.5,maxi,0.015625945945945945,0.0022081081081081083,1.3778717022291909,0.46726826387969056
55458.5,maxi,0.015158378378378377,0.0022994594594594594,1.6261061946902653,0.6761645086825795
55459.5,maxi,0.012838918918918918,0.0021916216216216213,1.2859181052931945,0.464293637261918
55460.5,maxi,0.01155972972972973,0.002221081081081081,0.8651623555310952,0.3714793699747135
55461.5,maxi,0.008067297297297297,0.00233027027027027,2.631518492993338,2.7204155733482684
55462.5,maxi,0.01591297297297297,0.002485135135135135,1.9333026149061168,1.043245120468062
55463.5,maxi,0.01714135135135135,0.002553783783783784,0.9311104281909446,0.3284087109404398
55464.0,bat,0.008751909090909091,0.003548454545454545,,
55464.5,maxi,0.014773243243243243,0.002595135135135135,1.2256530012108633,0.6031121676437409
55465.5,maxi,0.01150027027027027,0.003931351351351351,0.7893233205452617,0.7107993042894027
55466.5,maxi,0.009542972972972973,0.0046099999999999995,0.2542617605961807,0.38611532289423217
55467.5,maxi,0.01795810810810811,0.003722972972972973,2.227234852993691,1.8415624130434687
55468.5,maxi,0.03912891891891891,0.0041189189189189184,2.9570047702736626,1.2976223456377558
55469.5,maxi,0.028299729729729727,0.002982162162162162,0.4968023255813953,0.12607636513450393
55470.5,maxi,0.02302837837837838,0.002459189189189189,0.6264412683161181,0.15082416495975384
55471.5,maxi,0.02226216216216216,0.0022056756756756754,0.41272182530536994,0.09165450752971635
55472.5,maxi,0.021906486486486486,0.0021989189189189186,0.6562642023935767,0.14173106705922106
55473.5,maxi,0.025095135135135133,0.0021964864864864866,0.6012032194249478,0.12282095986216131
55474.5,maxi,0.01778027027027027,0.0019178378378378377,0.45797986204709434,0.1352885987844142
55475.5,maxi,0.024118648648648648,0.0018778378378378378,1.2414462636439967,0.2860853244452575
55476.5,maxi,0.019554594594594594,0.0017848648648648648,0.8467082467082466,0.1952846813376266
55477.5,maxi,0.022566486486486487,0.0017651351351351352,0.8447910950850515,0.16198127009514887
55478.0,bat,0.013871818181818181,0.005489590909090909,,
55478.5,maxi,0.021384324324324324,0.0018437837837837836,1.0033572271118774,0.21858672566760393
55479.5,maxi,0.021095945945945944,0.0018240540540540539,1.1275136640197998,0.25088968480519885
55480.5,maxi,0.021190810810810812,0.0018102702702702702,0.8036146823178684,0.18635948945943
55481.5,maxi,0.022768648648648648,0.0018951351351351351,1.2689925353380276,0.29205381848563033
55482.5,maxi,0.021557027027027026,0.0020289189189189186,0.886994686994687,0.21687432705893198
55483.5,maxi,0.021009189189189186,0.0024424324324324323,0.7409733760181545,0.21035806676091998
55484.5,maxi,0.02376810810810811,0.0024627027027027027,0.7436239055957365,0.1965032012158194
55485.5,maxi,0.013326216216216215,0.0033064864864864865,0.5389043963712491,0.19516591173844663
55486.5,maxi,0.018644324324324325,0.0037045945945945943,0.4622636262513904,0.1915340523174501
55487.5,maxi,0.01828783783783784,0.003874054054054054,2.7958668559709734,2.8887293109245755
55488.5,maxi,0.018778108108108107,0.004225405405405405,0.3405605153863763,0.2163519680157709
55489.5,maxi,0.01570081081081081,0.004769729729729729,0.5543123543123544,0.30961808896278264
55490.0,bat,0.012863,0.005425363636363637,,
55490.5,maxi,0.009185135135135135,0.0044340540540540535,0.23619926909020966,1.3753591109238557
55494.5,maxi,0.021082162162162164,0.0056762162162162155,6.052453468697123,19.387664750038898
55495.5,maxi,0.01971945945945946,0.0032548648648648647,1.1311644542265629,0.5938341927066401
55496.5,maxi,0.01022135135135135,0.003,1.1986069104573365,0.7691908519266167
55497.5,maxi,0.011118108108108107,0.0026624324324324325,1.9310829817158932,1.2268754427493715
55501.5,maxi,0.00887054054054054,0.002234324324324324,1.108381946576604,0.6182865946158375
55502.5,maxi,0.009082432432432433,0.0022229729729729727,0.993424099286839,0.5291332926605696
55505.5,maxi,0.008417297297297297,0.0022197297297297295,1.1724547614695668,0.5645912293065628
55507.5,maxi,0.00631027027027027,0.002195405405405405,0.47930443301494,0.34375366248385547
55508.5,maxi,0.004745405405405406,0.0020948648648648647,-5.19079754601227,-11.473337428673759
55509.5,maxi,0.009228108108108108,0.0021562162162162162,0.830928626247122,0.39540853631810247
55510.5,maxi,0.005808648648648648,0.0023616216216216213,-8.391566265060241,-105.61364505179036
55511.5,maxi,0.04734972972972972,0.0053467567567567565,1.6804272720863005,0.6131724289656665
55512.5,maxi,0.028804324324324324,0.003682432432432432,1.3187253067165732,0.5153739015915063
55513.5,maxi,0.047381351351351346,0.008808918918918917,2.121466946975006,1.9831765709703086
55516.5,maxi,0.038048648648648646,0.006219729729729729,0.7152119953396484,0.31753650074958223
55517.5,maxi,0.03887945945945946,0.0025778378378378377,1.204648856742884,0.20527166391143856
55518.5,maxi,0.04828243243243243,0.003022972972972973,1.0290809025866814,0.17032223557939727
55519.5,maxi,0.027761621621621622,0.0034343243243243242,1.0829058295964127,0.3163557564219436
55523.5,maxi,0.007503513513513513,0.00207027027027027,0.6866610738255035,0.4656096660926202
55524.5,maxi,0.00842054054054054,0.002196216216216216,0.8376412931784049,0.4239146290676531
55525.5,maxi,0.006798108108108107,0.0031902702702702704,-0.4260493827160494,-0.6925779899015931
55526.5,maxi,0.01635081081081081,0.0021894594594594596,1.2529572868713945,0.3889432375481222
55527.5,maxi,0.01647216216216216,0.0019205405405405406,1.763355848940743,0.5563944593034044
55528.5,maxi,0.00752054054054054,0.0018464864864864866,0.8902106792589902,0.4347281139693823
55529.5,maxi,0.011983783783783782,0.0018575675675675675,0.6657671957671958,0.21762070983224596
55530.5,maxi,0.007717567567567567,0.0018324324324324323,0.7727909303101034,0.30262072802471696
55531.5,maxi,0.017809189189189188,0.0020445945945945943,0.8645746225958363,0.2306573765501524
55532.5,maxi,0.020817027027027025,0.0024137837837837836,1.45141134557413,0.4651064580282237
55533.5,maxi,0.02263297297297297,0.002052432432432432,0.8636556403731976,0.21829111946776641
55534.5,maxi,0.03000027027027027,0.002154054054054054,1.3243762749097756,0.26949881646948187
55535.5,maxi,0.033346216216216217,0.0038002702702702703,0.8785208340261381,0.29421700064718553
55561.5,maxi,0.017792162162162162,0.005829729729729729,0.6776205733080042,0.3658564642547371
55564.5,maxi,0.015372702702702702,0.004968648648648649,0.5975322867156369,0.492108905106928
55565.5,maxi,0.00905108108108108,0.00392054054054054,0.8477254154181423,0.6430846675682282
55566.5,maxi,0.017603783783783782,0.003262162162162162,0.7675979248964828,0.34273299823615117
55567.5,maxi,0.008907837837837837,0.0025478378378378376,1.3667379933428436,0.9507216256860562
55568.5,maxi,0.008298648648648647,0.002514864864864865,1.336515209367443,0.9848495747533306
55569.5,maxi,0.0068213513513513515,0.0024024324324324322,0.3204445321233642,0.28539042013257293
55571.5,maxi,0.006697027027027027,0.0021629729729729726,2.217814726840855,2.2375257286616286
55572.5,maxi,0.005637297297297297,0.0021845945945945943,0.5029821073558648,0.3774650273267843
55573.5,maxi,0.00573054054054054,0.0023224324324324325,0.7405421963547251,0.7640580601522183
55575.5,maxi,0.00887972972972973,0.0021437837837837838,0.6401148188015787,0.2764309275037849
55576.5,maxi,0.006967027027027026,0.0022551351351351354,0.6533583324142495,0.5184530286790207
55577.0,bat,0.027075454545454545,0.012159681818181818,,
55577.5,maxi,0.008027837837837837,0.002125945945945946,1.0839019702066315,0.5588114410889818
55578.5,maxi,0.006745135135135135,0.002128108108108108,1.205112598904443,0.915371853154134
55579.5,maxi,0.007568108108108107,0.0020467567567567565,0.7003071919045898,0.4080309201053683
55580.5,maxi,0.00722054054054054,0.00212027027027027,1.8525163094128612,1.8782329736297296
55581.5,maxi,0.011096216216216216,0.0021867567567567564,0.9729642221142949,0.4429829646769516
55582.5,maxi,0.014220540540540541,0.0024437837837837837,1.7633928571428574,1.2074474536432407
55583.5,maxi,0.018760540540540542,0.003047837837837838,14.33207343412527,34.854540368055176
55584.5,maxi,0.02469810810810811,0.005574054054054054,1.5670152953267638,1.0722308553679416
55586.5,maxi,0.04084162162162162,0.004299729729729729,1.7328201357955282,0.6118628476175046
55587.5,maxi,0.03336972972972973,0.002151891891891892,0.8679068076468627,0.14971775138843682
55588.5,maxi,0.03980864864864865,0.0030421621621621623,1.132690705700345,0.23517816372103104
55589.5,maxi,0.028021351351351347,0.003565405405405405,1.0195212367393618,0.3380181926619709
55590.5,maxi,0.022655405405405404,0.00278,1.2668499999999998,0.41576567158044564
55591.5,maxi,0.02238918918918919,0.002675945945945946,1.2420481802064867,0.40454021860950673
55592.5,maxi,0.014926216216216216,0.0024013513513513516,7.970630891950688,10.418168002467759
55593.5,maxi,0.012374864864864865,0.0022391891891891894,1.4851051110889708,0.6931168998750914
55594.5,maxi,0.008982432432432432,0.002171351351351351,1.6347581264397237,0.9778648108417514
55595.5,maxi,0.008668648648648648,0.002297027027027027,0.6808056555955716,0.3425248036247553
55597.5,maxi,0.024980270270270267,0.002294594594594594,1.4696171764229287,0.3639903292016834
55598.5,maxi,0.011223243243243242,0.002081351351351351,0.8143094361417949,0.347336506363632
55599.5,maxi,0.008568918918918918,0.002024864864864865,1.9913606911447082,1.4357151237213277
55600.5,maxi,0.009308648648648648,0.0021832432432432433,17.492921492921493,74.66595394570496
55601.5,maxi,0.013596756756756756,0.002312432432432432,1.0053756030323915,0.4176043542085748
55602.5,maxi,0.016716486486486486,0.002438108108108108,1.3693921298422906,0.5601027859269955
55603.5,maxi,0.011408108108108108,0.002391351351351351,1.0799808756232498,0.45584262914439466
55604.5,maxi,0.018175945945945945,0.0026845945945945947,1.213674013758248,0.5299321510557694
55605.5,maxi,0.01270189189189189,0.002841351351351351,0.5554457309611222,0.26806126560039406
55606.0,bat,0.01197540909090909,0.00569,,
55607.5,maxi,0.01756756756756757,0.0041045945945945945,0.544981014506864,0.3741782589624324
55608.5,maxi,0.022806756756756755,0.004391891891891892,0.3868399357833991,0.17374590069511195
55609.5,maxi,0.03695243243243244,0.003416216216216216,0.40545358604657794,0.08761281605846097
55610.5,maxi,0.03146702702702703,0.0033905405405405403,0.38212989871545744,0.09919738215109455
55611.5,maxi,0.029009189189189186,0.0030156756756756753,0.4865263193153461,0.10128631196888271
55612.5,maxi,0.022511891891891893,0.0028929729729729728,0.1953328374860543,0.07943961564945907
55613.5,maxi,0.021366756756756755,0.0026154054054054053,0.8879203442993653,0.23743808399963653
55614.5,maxi,0.023477297297297296,0.0025318918918918916,0.5219932062870631,0.13813641411259117
55615.5,maxi,0.02645135135135135,0.002478108108108108,0.7899119475623821,0.16793250049071318
55616.5,maxi,0.024474324324324323,0.0024286486486486485,0.7030359227968953,0.1796777065502538
55617.5,maxi,0.02192108108108108,0.002148108108108108,0.9851513420902341,0.2238359521003419
55618.5,maxi,0.020066486486486488,0.002085135135135135,0.7625281985175637,0.19020361389408752
55619.5,maxi,0.0263227027027027,0.0031986486486486484,0.9490212586823827,0.32904642220647545
55620.5,maxi,0.028644324324324323,0.0024216216216216215,1.5774010711871456,0.41560060380764874
55621.5,maxi,0.020002432432432434,0.001864054054054054,1.241882951653944,0.2845171711996924
55622.5,maxi,0.018742162162162162,0.0018245945945945946,1.056594975811622,0.2747442959037199
55623.5,maxi,0.01649081081081081,0.00176,0.9634897049458713,0.24327252522941034
55624.5,maxi,0.018877837837837835,0.0017997297297297297,0.7666958808063103,0.17999417913848706
55625.5,maxi,0.015007027027027026,0.001885135135135135,0.6373449582230526,0.20159787520472014
55626.0,bat,0.008295409090909091,0.003216909090909091,,
55626.5,maxi,0.020655135135135137,0.0019772972972972973,0.7395946653773319,0.17707688975122712
55627.5,maxi,0.0192627027027027,0.003039189189189189,0.643258308348465,0.2600511419452962
55628.5,maxi,0.019103513513513512,0.0054624324324324324,0.8649720962678757,0.5443953416140778
55629.5,maxi,0.023726216216216216,0.005479459459459459,1.3006171025565678,0.7924454239753653
55631.5,maxi,0.012775135135135134,0.005624864864864865,0.6958828109791707,0.5822468176788894
55632.5,maxi,0.013205135135135134,0.005691621621621621,-0.05573821219974471,-0.3209576179221211
55635.5,maxi,0.02762189189189189,0.003370810810810811,0.9162237115784608,0.2556590368920556
55636.5,maxi,0.010317837837837837,0.0027916216216216216,0.5895207050585537,0.32990399084570615
55637.5,maxi,0.007932432432432432,0.0032554054054054053,0.9231524118668378,0.631406622618922
55639.5,maxi,0.00532,0.002281081081081081,0.7883242934627462,0.7390081608481449
55640.5,maxi,0.0050091891891891885,0.002306216216216216,0.6736202365308804,0.4171883162872549
55641.5,maxi,0.004313243243243244,0.0021167567567567567,0.31001990710019905,0.25176056590031165
55642.5,maxi,0.004997567567567567,0.002185405405405405,0.28889286033419714,0.3439152875859332
55645.5,maxi,0.012082162162162163,0.002388108108108108,1.2823942974318914,0.6503575106250202
55646.5,maxi,0.010148378378378377,0.0022335135135135137,0.9118311062297882,0.35121515588623875
55647.5,maxi,0.006125675675675676,0.002219189189189189,0.7572537493405682,0.3883401623857913
55648.5,maxi,0.009248918918918918,0.0021543243243243243,1.9223902087832974,1.234834960861067
55649.5,maxi,0.007840540540540541,0.0021054054054054053,0.4877701934015927,0.3738917985455219
55650.5,maxi,0.009247297297297298,0.0021386486486486486,0.8110788582486697,0.39768509215437015
55652.5,maxi,0.044674594594594594,0.0073313513513513515,1.8286121503652237,1.0387682033484136
55654.5,maxi,0.02195054054054054,0.0035597297297297295,1.1702286514232383,0.44486993630107696
55658.5,maxi,0.04732513513513514,0.0025997297297297296,1.4407968409265044,0.23344967938305042
55659.5,maxi,0.03215081081081081,0.004487297297297297,1.466783416454106,0.5218929795645704
55660.5,maxi,0.029846216216216217,0.0036962162162162164,1.9193042836949172,0.8403027426607582
55661.5,maxi,0.01996189189189189,0.0028132432432432432,1.5898234095539958,0.5300698272779986
55662.5,maxi,0.012447837837837837,0.00234972972972973,1.0332793147355017,0.37822469047025004
55663.0,bat,0.0201305,0.009079136363636362,,
55663.5,maxi,0.014932972972972972,0.00243,1.6179306156532298,0.6647560312517921
55664.5,maxi,0.009738108108108108,0.0021867567567567564,0.7145361810647115,0.27803439525125695
55665.5,maxi,0.007733243243243243,0.002167027027027027,0.472511932119498,0.3610631818688691
55667.5,maxi,0.023343783783783784,0.0022854054054054053,1.0545088953971236,0.26387063995387106
55668.5,maxi,0.0157227027027027,0.002146216216216216,1.238776022071733,0.4003970417936229
55669.5,maxi,0.011907027027027025,0.0021845945945945943,0.6689131819146678,0.2540916238768955
55670.5,maxi,0.016798648648648648,0.0021327027027027027,1.1011808770743379,0.3176773907649269
55671.5,maxi,0.01370135135135135,0.0021932432432432434,0.7050233644859812,0.22851965932838314
55672.5,maxi,0.01820918918918919,0.0024327027027027026,1.6957748284926588,0.5753524499432775
55673.5,maxi,0.018019189189189187,0.0025156756756756758,0.6649995933967635,0.2211990050996635
55674.5,maxi,0.0146427027027027,0.002504054054054054,0.7259092407427756,0.3023939587519128
55675.5,maxi,0.01798810810810811,0.002628108108108108,0.897677498217378,0.32081511106619265
55676.5,maxi,0.017904864864864863,0.005997837837837838,1.668630892678034,1.3714988974189377
55677.5,maxi,0.015879189189189187,0.004210810810810811,0.5083403910593953,0.3001252716282165
55679.5,maxi,0.03166081081081081,0.002816486486486486,0.5784655977268114,0.11429120312131379
55680.5,maxi,0.023887567567567568,0.002512162162162162,0.8790255237265366,0.21655444873222904
55681.5,maxi,0.03288756756756757,0.0033278378378378375,0.5740064586274606,0.11598854279741123
55682.5,maxi,0.02830297297297297,0.002883783783783784,0.6237673075007472,0.14670962802919182
55683.0,bat,0.016859954545454546,0.007297590909090909,,
55683.5,maxi,0.02673243243243243,0.002742162162162162,0.427697397265734,0.09890628717106593
55684.5,maxi,0.021588648648648647,0.002494324324324324,0.4168101879927229,0.10947213743097474
55685.5,maxi,0.024879729729729728,0.0025705405405405403,0.6124435079158234,0.1497519221015582
55686.5,maxi,0.027535945945945946,0.0023537837837837835,0.6857361809882383,0.16341584500014478
55687.5,maxi,0.02412216216216216,0.0022408108108108106,0.8228276703807237,0.19904732097719713
55688.5,maxi,0.017954324324324325,0.002038108108108108,0.911961141469338,0.24592425702319945
55689.5,maxi,0.020960270270270268,0.0021602702702702703,1.2103861517976031,0.3160609711362357
55690.5,maxi,0.021154864864864863,0.0021475675675675676,1.4145152216040506,0.4124501445753629
55691.5,maxi,0.01717108108108108,0.002142162162162162,1.0111593304401738,0.33334281840042934
55692.5,maxi,0.02088216216216216,0.002291891891891892,0.9830769230769231,0.2850040830242183
55693.5,maxi,0.01819189189189189,0.002487297297297297,0.5146690374201891,0.1789027345798796
55694.5,maxi,0.02055054054054054,0.002672432432432432,1.0465664272890485,0.3713793079028182
55695.5,maxi,0.02234,0.0033399999999999997,0.5877465708687132,0.17441382599288494
55696.5,maxi,0.01539162162162162,0.004425675675675676,0.39355093874322405,0.1835458557488129
55697.5,maxi,0.02313459459459459,0.004589189189189188,0.44412309409645584,0.2034343686164528
55698.5,maxi,0.017127027027027026,0.004714594594594595,0.7493973302630158,0.3781933201543489
55699.5,maxi,0.017035135135135136,0.002915135135135135,0.5550148465852854,0.22363738479176162
55701.5,maxi,0.029757297297297296,0.0038462162162162163,0.5621205801937068,0.17757208899220972
55702.5,maxi,0.021429189189189186,0.002649459459459459,0.4132693657851627,0.11414481561587148
55703.5,maxi,0.016257567567567566,0.002693513513513513,0.4512563554638568,0.1798168079223599
55704.5,maxi,0.013925135135135134,0.002612162162162162,0.5800297659315383,0.18286093584335888
55705.5,maxi,0.010000810810810811,0.0027616216216216215,0.632981543058166,0.28276693073235526
55706.5,maxi,0.00951081081081081,0.0021416216216216216,0.47354562659425653,0.1661409543731944
55707.5,maxi,0.006731891891891891,0.002487297297297297,1.1395383249482096,0.9259820656151496
55708.5,maxi,0.01209027027027027,0.002573243243243243,1.023712043671102,0.536066223309126
55710.5,maxi,0.011188648648648648,0.002924054054054054,0.48516961354604615,0.3149623483829881
55711.5,maxi,0.005056756756756757,0.0018948648648648646,0.8645917542441389,0.48484513595501305
55712.5,maxi,0.008605675675675675,0.001990810810810811,0.4586870551015028,0.20768454985438628
55713.5,maxi,0.006284594594594594,0.0018408108108108109,1.6592572138616593,0.9267580372832016
55715.5,maxi,0.007457567567567567,0.0019408108108108107,0.9007173302838132,0.4806704302108633
55716.5,maxi,0.0070632432432432436,0.001935135135135135,1.756736385905408,1.4325226826265538
55717.5,maxi,0.006128648648648649,0.0018232432432432433,1.023474178403756,0.7118143870623316
55719.5,maxi,0.0064021621621621625,0.0017689189189189188,2.2083841463414635,1.3092507643322062
55720.5,maxi,0.004982432432432432,0.00179,0.5090327242696397,0.36481802520447276
55721.5,maxi,0.01124,0.0021135135135135134,2.5962132125951842,2.2185247635256973
55722.5,maxi,0.01885081081081081,0.003065405405405405,0.6525857169918545,0.29238200750489335
55723.5,maxi,0.053828108108108105,0.005052432432432432,1.7275783644813605,0.5527035255579349
55724.5,maxi,0.017854324324324322,0.0037667567567567567,1.4618138424821003,1.3477807993634072
55727.0,bat,0.018046545454545454,0.006737727272727273,,
55728.5,maxi,0.049861891891891885,0.0025256756756756754,0.9511883290335836,0.13732470728570853
55729.5,maxi,0.03385243243243243,0.0036586486486486487,0.8818389435011419,0.2078442377159249
55730.5,maxi,0.03294702702702702,0.004605405405405405,1.6278593376579038,0.6258675910129695
55731.5,maxi,0.014405945945945946,0.002776486486486486,1.4130249716231558,0.6416404320275229
55732.5,maxi,0.015636216216216216,0.002651351351351351,1.3755884521581305,0.48094386940268335
55733.5,maxi,0.015767297297297297,0.002457027027027027,1.6138710893328307,0.6505944763967482
55734.5,maxi,0.011257567567567567,0.0023002702702702702,0.9831214537096891,0.437697747908737
55735.5,maxi,0.006135405405405405,0.0024935135135135135,0.41207428467727303,0.2930056580373923
55736.5,maxi,0.01438,0.003901351351351351,2.2967995169082127,1.7421433042913117
55737.5,maxi,0.020749459459459458,0.002641891891891892,1.53903623459096,0.5279826629259311
55738.5,maxi,0.015538648648648649,0.0021527027027027027,2.6132553167548105,1.2273550898799683
55739.5,maxi,0.01199108108108108,0.0021275675675675675,0.9468334113555809,0.3644650603343422
55740.5,maxi,0.009033243243243243,0.0020797297297297295,0.8885167464114833,0.411658424267015
55741.5,maxi,0.013951621621621621,0.0021862162162162163,0.5448497967372367,0.22916980361244949
55742.5,maxi,0.013923243243243242,0.0023908108108108106,0.6415372191344829,0.24491000824516543
55743.5,maxi,0.016243783783783782,0.002457027027027027,1.1693413173652694,0.5268990093045418
55744.5,maxi,0.018149189189189188,0.0025794594594594593,1.8010095265178445,0.6869954293465018
55745.5,maxi,0.01899,0.002742972972972973,1.2839587579426928,0.4807151182849643
55748.5,maxi,0.01294189189189189,0.004041891891891892,0.6638999298573767,0.3618477828746107
55749.5,maxi,0.02871837837837838,0.0036854054054054055,0.7273577223512381,0.2527485883315389
55750.5,maxi,0.03279864864864865,0.00363027027027027,0.6376151452914981,0.15644356793664702
55751.5,maxi,0.026116216216216213,0.0029962162162162163,0.7275425714732073,0.17553805964207614
55752.5,maxi,0.028610540540540536,0.003656486486486486,0.5058266569555717,0.1404292734936374
55753.5,maxi,0.018747297297297294,0.0044599999999999996,1.5253360010438868,0.7052801306182798
55754.5,maxi,0.0261027027027027,0.004848108108108108,8.86144172467999,14.445002230162387
55756.0,bat,0.012591181818181817,0.006162590909090909,,
55757.5,maxi,0.03127324324324324,0.0047481081081081076,2.003610935977532,1.0610087603099474
55758.5,maxi,0.030833783783783784,0.004839459459459459,1.4491017964071855,0.6766930834300027
55759.5,maxi,0.020075675675675673,0.0033905405405405403,1.3884319308235789,0.5739425318123597
55760.5,maxi,0.023029729729729727,0.0033394594594594595,1.278742486403969,0.4846112869599235
55761.5,maxi,0.021448378378378378,0.002527027027027027,1.5922146960473291,0.692345783843448
55762.5,maxi,0.021802972972972973,0.002359459459459459,0.7215221774193549,0.18715967657803298
55763.5,maxi,0.017908108108108108,0.002404054054054054,0.5400101349794997,0.20442951439285642
55764.5,maxi,0.022087297297297297,0.0025354054054054056,1.4644163150492264,0.5520362322662599
55765.5,maxi,0.024044594594594595,0.00277,0.9429916841999799,0.31835997522234466
55766.5,maxi,0.019778378378378376,0.002583243243243243,0.7912305391855043,0.2398919158889607
55767.5,maxi,0.02003945945945946,0.0034697297297297297,0.44809073216562645,0.20168951273849067
55768.5,maxi,0.02409054054054054,0.004465135135135135,0.7060129883239679,0.31124173279611794
55769.5,maxi,0.025640810810810807,0.00462,0.2662021097859917,0.18600761479151276
55770.5,maxi,0.016903243243243243,0.006784594594594595,1.1157939548744147,0.792529482928115
55773.0,bat,0.013592227272727273,0.006233181818181818,,
55773.5,maxi,0.012765135135135134,0.005975945945945946,10.293513957307061,40.050284148363225
55777.5,maxi,0.043039189189189184,0.007206756756756757,0.6871109296867028,0.273294759868578
55779.5,maxi,0.005656756756756757,0.002794324324324324,2.483304042179262,3.935169142086656
55782.0,bat,0.015424954545454546,0.007348863636363636,,
55782.5,maxi,0.010697567567567566,0.002405405405405405,0.941554177307552,0.4381268939267543
55783.5,maxi,0.0058178378378378375,0.0022551351351351354,0.25327016170563393,0.3987734898072152
55784.5,maxi,0.006208378378378378,0.002178378378378378,1.0759303075930307,0.6343244323282976
55787.5,maxi,0.013528918918918918,0.0023202702702702703,1.5852500912741876,0.5943120023321259
55793.5,maxi,0.01728432432432432,0.0022167567567567565,3.586478563576401,2.471742617599744
55794.5,maxi,0.01666243243243243,0.002064324324324324,1.1337771981604778,0.36930613722613587
55795.5,maxi,0.021555405405405407,0.0036045945945945945,2.249520460358056,1.235596368678379
55798.5,maxi,0.03873675675675676,0.0031051351351351346,1.1281239359891047,0.26789275721205
55799.5,maxi,0.030252702702702704,0.002105945945945946,1.2850612004129183,0.27396454257543534
55800.5,maxi,0.040470270270270274,0.002431891891891892,1.156491100176174,0.19561584412868396
55801.5,maxi,0.029977027027027026,0.002751621621621622,1.1386874815034034,0.26126461923902866
55802.5,maxi,0.020207297297297297,0.0031194594594594594,1.0959528869996458,0.3793000541548026
55803.5,maxi,0.01233027027027027,0.00242,3.722222222222222,4.06261313194834
55804.5,maxi,0.016938378378378378,0.0024513513513513513,1.4860396767083026,0.593370928291173
55805.5,maxi,0.010189459459459458,0.0023956756756756755,0.6801152737752161,0.5033457527788905
55806.5,maxi,0.01376054054054054,0.002247297297297297,0.5728611720463804,0.2383198667624638
55807.5,maxi,0.011821621621621621,0.0024964864864864865,0.5417587750040437,0.27274219984499565
55808.5,maxi,0.009385675675675675,0.003835135135135135,1.2047291591265534,1.2228061142799123
55809.5,maxi,0.02476216216216216,0.002196216216216216,1.4197855449015364,0.3460021618472112
55810.5,maxi,0.013338378378378377,0.0022218918918918916,0.8320033164058452,0.2798197866886076
55811.5,maxi,0.013778378378378376,0.002135675675675675,1.4369912080755454,0.4577097710175265
55812.5,maxi,0.014119999999999999,0.0023383783783783784,0.5284485266614023,0.1969463328851156
55813.5,maxi,0.01610081081081081,0.002308918918918919,0.9067413310359681,0.3063259185061706
55814.5,maxi,0.014015675675675675,0.0023840540540540542,2.285986049461002,1.337814131660785
55815.5,maxi,0.011667027027027026,0.002453513513513513,3.339529120198265,3.6680315825662166
55816.5,maxi,0.017247837837837836,0.0025986486486486485,1.1411263719786482,0.43590752866469634
55817.5,maxi,0.01688216216216216,0.002763243243243243,1.5128727821819554,0.67756836574865
55818.5,maxi,0.014298918918918919,0.005084054054054054,0.7141834323763155,0.7677602289401071
55819.5,maxi,0.03184756756756756,0.004581351351351352,0.7663170852962762,0.25203620575328345
55820.5,maxi,0.015178648648648648,0.0034086486486486485,1.1749608763693271,0.6042661421035944
55821.5,maxi,0.02896378378378378,0.0036278378378378374,0.8013294182181923,0.2724443776099089
55822.5,maxi,0.03154,0.0031845945945945943,0.6910567123421271,0.16461208350668322
55823.5,maxi,0.02893243243243243,0.002593243243243243,0.5838230604528268,0.1173321776506431
55824.5,maxi,0.0315327027027027,0.0024486486486486486,0.6122412442654134,0.11086290677193292
55825.5,maxi,0.024119189189189188,0.0022481081081081084,0.5008114824770503,0.10683274595094767
55826.5,maxi,0.025509729729729726,0.0021902702702702704,0.5442132462940297,0.1149886120895932
55827.5,maxi,0.02192648648648649,0.001952162162162162,0.5118948594243886,0.10323247126632883
55828.5,maxi,0.02442243243243243,0.001985135135135135,0.623705075525204,0.11829332459532302
55829.5,maxi,0.024,0.0018329729729729728,1.1156493388878828,0.2264572729601404
55830.5,maxi,0.02309945945945946,0.0018137837837837838,0.746702217232669,0.14101990175236198
55831.5,maxi,0.02174405405405405,0.0018605405405405407,1.781707779886148,0.48990209821053615
55832.5,maxi,0.021894594594594592,0.0018054054054054054,1.2154755170029543,0.3081464967697164
55833.5,maxi,0.022236486486486486,0.0018767567567567565,0.9877424910094718,0.23506338356133946
55834.5,maxi,0.01832810810810811,0.001874054054054054,0.617556810601681,0.1608813908477286
55835.5,maxi,0.02304216216216216,0.0019675675675675675,1.0274015748031495,0.2525015774675886
55836.5,maxi,0.023935405405405404,0.0021770270270270267,1.004802899864069,0.24399341337041178
55837.5,maxi,0.01869081081081081,0.0023308108108108104,0.8085886057829944,0.281434436507913
55838.5,maxi,0.01947297297297297,0.002731891891891892,1.3616215614210938,0.44249368826258534
55839.5,maxi,0.014429729729729729,0.0032686486486486485,0.49002017427136546,0.25156910064084737
55840.5,maxi,0.026258108108108108,0.004399729729729729,0.9499004297243476,0.3660962424783728
55841.5,maxi,0.028818378378378376,0.004978108108108109,0.6441274502948512,0.24189295693554014
55842.5,maxi,0.02975405405405405,0.005622702702702703,0.5081708220192546,0.24952666010936858
55843.0,bat,0.0074687727272727275,0.0032633636363636363,,
55843.5,maxi,0.013697567567567567,0.005355945945945946,0.31155529858759395,0.24614049379486816
55844.5,maxi,0.014050270270270268,0.005192972972972973,2.317025226602599,2.1789302337866814
55848.5,maxi,0.01751108108108108,0.004992702702702702,0.5285903667697746,0.2941341306731952
55849.5,maxi,0.008584864864864865,0.003599729729729729,0.4208969273179587,0.43670845061496666
55850.5,maxi,0.011498378378378377,0.002769189189189189,0.8121410552305297,0.35752253860917876
55852.5,maxi,0.007091351351351351,0.002340810810810811,0.8188701718563892,0.46436215987828466
55854.5,maxi,0.00511054054054054,0.002274054054054054,1.3062787136294027,0.8133220322169984
55855.5,maxi,0.007649459459459458,0.002286216216216216,0.7732785789322892,0.48475184344287464
55858.5,maxi,0.009242972972972973,0.002353243243243243,1.3252146323254945,0.6438781600981694
55859.5,maxi,0.007575405405405405,0.002165945945945946,1.1841103086014446,0.8055198156811769
55860.5,maxi,0.008157027027027027,0.002192702702702703,1.1864359861591696,0.8444369932719595
55861.5,maxi,0.007881081081081081,0.0022424324324324327,2.9914893617021274,3.9545790574380506
55862.5,maxi,0.004847027027027027,0.0020656756756756755,0.835273368606702,0.8353644725147498
55863.5,maxi,0.00744027027027027,0.0025535135135135133,2.5284265156876624,2.915703911840603
55864.0,bat,0.011665681818181818,0.005082818181818182,,
55864.5,maxi,0.06599324324324324,0.01246243243243243,2.2777047744196235,1.7716917241862995
55865.5,maxi,0.03709837837837838,0.004698108108108108,1.200956493476343,0.5596245813807594
55867.5,maxi,0.014009189189189189,0.0058108108108108104,0.16518107585862993,0.559267529182514
55870.5,maxi,0.031756486486486483,0.0020283783783783785,1.2160766032505985,0.2316590911558772
55871.5,maxi,0.038709729729729726,0.0024724324324324324,1.0869612214565598,0.17666520887829787
55872.5,maxi,0.03500243243243244,0.0026675675675675676,1.393369619000495,0.319421475033458
55873.5,maxi,0.020619729729729728,0.00303027027027027,0.9249347998639301,0.27325028366353465
55874.5,maxi,0.013983783783783784,0.002710810810810811,1.7195305446885345,0.922486405617998
55875.5,maxi,0.017989189189189188,0.002636216216216216,0.9139911902275101,0.3083035922214027
55876.5,maxi,0.010974054054054053,0.0024229729729729733,0.7914644590351126,0.39536071038295095
55877.5,maxi,0.013733783783783782,0.002704324324324324,1.0879739537407582,0.4904798672284365
55878.5,maxi,0.010012432432432432,0.002178378378378378,1.1697119341563786,0.5015038975364567
55880.5,maxi,0.01849027027027027,0.002657567567567567,1.0115224319686198,0.33216866599878586
55881.5,maxi,0.016875945945945946,0.0020886486486486485,0.7172893718368563,0.18022254152072142
55882.5,maxi,0.010314054054054054,0.0021989189189189186,0.937136423343967,0.35812693604808316
55883.5,maxi,0.013178108108108107,0.0021832432432432433,0.7820949200436709,0.3219232350947252
55884.5,maxi,0.013899189189189188,0.002224594594594595,0.6083447621057074,0.24164822670384234
55885.5,maxi,0.01326918918918919,0.002351351351351351,1.0828699551569505,0.3913691289645409
55886.5,maxi,0.01427972972972973,0.002401891891891892,1.0998730220746238,0.3423748023403773
55887.5,maxi,0.007586756756756756,0.0021143243243243242,2.481042654028436,3.05388109652205
55888.5,maxi,0.012955675675675675,0.0021967567567567564,0.6717791411042945,0.21842270027085942
55889.5,maxi,0.00891135135135135,0.002529189189189189,1.9345381526104417,3.78010762343612
55890.5,maxi,0.012757297297297297,0.005932162162162162,1.1215900677715132,1.0550085677671328
55891.5,maxi,0.014470270270270268,0.002895135135135135,0.6384578772013327,0.3103723407638077
55892.5,maxi,0.031174594594594596,0.00301972972972973,0.7580680474668302,0.16454479627533747
55893.5,maxi,0.028063783783783783,0.0027364864864864863,0.5995415222552738,0.14757197082188978
55894.5,maxi,0.02165216216216216,0.0022954054054054054,0.2978466838931955,0.07747364612242436
55895.5,maxi,0.026318648648648645,0.0023840540540540542,0.5383406732024698,0.10431747074032154
55896.5,maxi,0.022156486486486486,0.002052972972972973,0.43316487030065504,0.09384615623298782
55897.5,maxi,0.02871081081081081,0.0022037837837837835,0.7406277136831658,0.12863999816454963
55898.5,maxi,0.023785405405405406,0.0019159459459459458,0.5742622288101334,0.10413278875768005
55899.5,maxi,0.02389162162162162,0.0018121621621621621,0.7142266335814723,0.12828768817700084
55900.5,maxi,0.023444864864864863,0.0017613513513513514,0.8242070559702906,0.15635995399381208
55901.5,maxi,0.022595675675675674,0.0016081081081081082,0.6098792458159734,0.11362007577640063
55902.5,maxi,0.022084054054054055,0.00202027027027027,1.0830744563583525,0.26839234680164187
55903.5,maxi,0.02503135135135135,0.002008108108108108,1.2304464695469743,0.3363298346076442
55904.5,maxi,0.0361254054054054,0.0021716216216216217,1.4874645314261283,0.2779818919545315
55905.5,maxi,0.04504837837837838,0.003919189189189189,0.8600881298659788,0.21643703083569127
55929.0,bat,0.06709222727272728,0.032662000000000004,,
55930.5,maxi,0.015720810810810813,0.002366486486486486,0.9968032076289554,0.3380054576871569
55931.5,maxi,0.009225405405405404,0.0023156756756756752,2.859671302149178,3.9614822912672096
55932.5,maxi,0.008984324324324324,0.0022640540540540544,1.1279187817258882,0.5348918517242044
55933.5,maxi,0.00533054054054054,0.0022675675675675674,0.33456886461178303,0.38397358002851734
55934.5,maxi,0.007777297297297297,0.0022170270270270268,1.9518156424581004,2.1083086861465405
55935.5,maxi,0.006646216216216215,0.0021797297297297294,0.40891740436936574,0.32163715284650285
55936.5,maxi,0.011998918918918917,0.002164324324324324,1.2618661727251679,0.5002049520108441
55937.5,maxi,0.01637054054054054,0.0021681081081081077,1.3456800908534987,0.5413761988725073
55938.5,maxi,0.018101351351351352,0.0023327027027027023,2.1357486814950697,1.0809834297015748
55939.5,maxi,0.02208,0.004428648648648649,0.6892729439809296,0.36090459842017303
55941.5,maxi,0.027093783783783784,0.00674027027027027,0.5019678671554885,0.31992975177517446
55942.5,maxi,0.03852648648648649,0.0021113513513513513,1.1213530269876002,0.1686072761720115
55943.5,maxi,0.03760189189189189,0.0026162162162162157,1.3481570643156902,0.25226434495938965
55944.5,maxi,0.035774864864864864,0.0038018918918918915,1.6645491721920036,0.48442249177796626
55945.5,maxi,0.026827567567567566,0.003068108108108108,1.129694481342833,0.34050336575744583
55946.5,maxi,0.01001972972972973,0.0030564864864864863,1.2890609290166901,0.8939100337220239
55947.0,bat,0.029918045454545458,0.004158136363636364,,
55947.5,maxi,0.01060972972972973,0.0025305405405405402,0.7891584861394085,0.36643133639094205
55948.5,maxi,0.013194054054054053,0.0022654054054054053,0.691614170953014,0.2871720158513066
55949.5,maxi,0.005658108108108108,0.0023448648648648645,0.2296590997737733,0.3104674118873454
55950.5,maxi,0.008448378378378378,0.0024727027027027022,1.0317382413087934,0.5513227970651366
55952.5,maxi,0.02799108108108108,0.00243,1.8709754925516577,0.5351664958088489
55953.5,maxi,0.012327837837837837,0.002231081081081081,1.5827998652291104,0.6766767917804299
55954.5,maxi,0.016196756756756758,0.002285675675675675,1.9121992917328121,1.032622052602699
55955.5,maxi,0.013794864864864864,0.0021856756756756758,1.649995804313166,0.6553592422803749
55956.5,maxi,0.010902702702702702,0.0021654054054054054,1.4580277098614507,0.7367551742706827
55957.5,maxi,0.01326135135135135,0.0023805405405405403,1.4482421874999998,0.7387800213254688
55958.5,maxi,0.010879459459459458,0.0023640540540540537,0.7751733881325455,0.3512742830769786
55959.5,maxi,0.014671891891891891,0.002562702702702703,1.3645784582469747,0.5403086422021363
55960.5,maxi,0.021260540540540537,0.002843243243243243,1.017249004865104,0.3601303705462678
55961.5,maxi,0.01651243243243243,0.0034175675675675674,1.1223839854413105,0.5433776395008592
55962.5,maxi,0.015437567567567567,0.005034054054054054,1.8980295566502463,1.7021953601945192
55963.5,maxi,0.020096486486486487,0.003930540540540541,1.2753048478239317,0.589520463590271
55964.5,maxi,0.04193324324324325,0.003787297297297297,0.7709709785510099,0.17121911498832082
55965.5,maxi,0.03813918918918918,0.003515405405405405,0.5878675744130485,0.12956204639743787
55966.5,maxi,0.026482702702702702,0.0030305405405405407,0.5293836693267527,0.12195188658683428
55967.5,maxi,0.021327297297297296,0.0029186486486486485,0.5063053161335107,0.15796443545200695
55968.0,bat,0.01911340909090909,0.006723181818181817,,
55968.5,maxi,0.02641054054054054,0.002798918918918919,0.4639222555889222,0.11041416531484176
55969.5,maxi,0.02742567567567567,0.0027894594594594594,0.605096438124736,0.12158635007102814
55970.5,maxi,0.02773162162162162,0.002520810810810811,0.5925493946674754,0.12135040352421808
55971.5,maxi,0.027893243243243243,0.002521891891891892,0.7143081719810307,0.14831139669697013
55972.5,maxi,0.024990810810810813,0.0023848648648648646,0.6315967836347391,0.15130445401378428
55973.5,maxi,0.024739999999999998,0.0021983783783783785,0.902207413577676,0.21544571683025274
55974.5,maxi,0.021743513513513512,0.0021686486486486487,0.8076362458498664,0.20426389068453557
55975.5,maxi,0.023486216216216216,0.0021597297297297298,1.129653515989859,0.27027936420260706
55976.5,maxi,0.024677027027027024,0.0022508108108108106,1.3777848843406886,0.36982345474000045
55977.5,maxi,0.022548378378378378,0.0023737837837837835,0.5760047554572174,0.1503814101303461
55978.5,maxi,0.022904324324324325,0.002417027027027027,0.605704295361832,0.16419004011555027
55979.5,maxi,0.020147297297297296,0.0026818918918918916,0.7543652964194051,0.24443683376672948
55980.5,maxi,0.020215135135135134,0.0028886486486486484,0.5828182255616834,0.2067479580209424
55981.5,maxi,0.02602945945945946,0.004121891891891892,0.47583088505325005,0.17287509493406555
55982.5,maxi,0.023445675675675678,0.0051897297297297295,0.7266475457923212,0.35792352219263446
55983.5,maxi,0.016409459459459458,0.005002432432432432,1.4397182093811307,1.319192475078986
55985.5,maxi,0.027298378378378375,0.005559459459459459,1.0418125573647892,0.4967244484828581
55988.5,maxi,0.012585135135135135,0.00602027027027027,2.2858358145470015,2.990491571141063
55991.5,maxi,0.029223783783783784,0.003979729729729729,1.6480897803247374,0.6544195266485842
55992.5,maxi,0.010929459459459459,0.0033127027027027027,0.6719068413391558,0.40853161107852237
55993.5,maxi,0.007196216216216216,0.003254324324324324,0.07316776974922581,0.3241992060740833
55994.5,maxi,0.009691351351351352,0.0027981081081081076,0.6641014975041598,0.4029058197616974
55996.5,maxi,0.007700810810810811,0.0024135135135135133,0.4946277576451141,0.30706764033799133
55998.5,maxi,0.004592972972972972,0.0022627027027027026,0.0005900285180450389,0.3664078024048205
55999.5,maxi,0.00852027027027027,0.0022364864864864863,1.25920337960169,0.651747721385231
56001.5,maxi,0.011096486486486487,0.002917027027027027,1.1573317486257615,0.5993041842156416
56002.5,maxi,0.009046216216216216,0.0021486486486486486,1.1756112104949314,0.6189243981456847
56003.5,maxi,0.004777297297297298,0.0022375675675675674,0.4462313333922417,0.37946769565329824
56004.5,maxi,0.008136486486486487,0.002158108108108108,0.4758402639356657,0.2789492276179646
56005.5,maxi,0.004619729729729729,0.0021894594594594596,0.8862164662349676,0.705545397453963
56006.5,maxi,0.01053027027027027,0.0027235135135135133,1.8458459839911676,1.4321042646133564
56008.5,maxi,0.06769864864864865,0.008248648648648648,2.222487036619537,1.002633109146173
56009.5,maxi,0.04119,0.00495054054054054,2.7939312064844644,1.329211938741274
56010.5,maxi,0.022282702702702703,0.005959189189189189,1.6046426108940475,0.9097535696654919
56011.5,maxi,0.0169727027027027,0.0066832432432432426,3.120994475138122,3.1435372519403058
56013.0,bat,0.006547272727272728,0.003172727272727273,,
56013.5,maxi,0.04294162162162162,0.0033645945945945943,1.5673813464721507,0.40256439930427773
56014.5,maxi,0.03775162162162162,0.0020835135135135133,1.1867191342843089,0.18265911581373512
56015.5,maxi,0.03959405405405405,0.0030935135135135134,0.9521240916713248,0.1984841003963239
56016.5,maxi,0.047791351351351354,0.005023513513513513,1.5092724273280618,0.4368599469211632
56017.5,maxi,0.02579243243243243,0.003269729729729729,1.5608625449242148,0.5649730939146249
56018.5,maxi,0.018235135135135135,0.00264054054054054,0.8663397235844852,0.28572235717613403
56019.5,maxi,0.012616756756756756,0.0024478378378378378,1.2152403414195867,0.42852873984032946
56020.5,maxi,0.00991216216216216,0.0023799999999999997,0.7380975947738296,0.5128546030899186
56021.5,maxi,0.010129459459459459,0.002146216216216216,0.7286998616874135,0.3359362883090998
56022.5,maxi,0.00838972972972973,0.0023037837837837838,0.9814316469321851,0.5263405595610481
56023.5,maxi,0.011850270270270271,0.0047091891891891885,-22.41509433962264,-368.6597517595425
56024.5,maxi,0.021794324324324325,0.0021697297297297298,1.0256628448584737,0.25550481277089077
56025.5,maxi,0.015964324324324323,0.0022705405405405404,0.7102734015008557,0.2237063541060613
56026.5,maxi,0.011389999999999999,0.002088108108108108,2.6430888223552893,1.3485568207935688
56027.5,maxi,0.015616216216216216,0.0022505405405405404,1.0287553916359315,0.3723449557622128
56028.5,maxi,0.014407297297297297,0.0022583783783783782,1.3600574278373887,0.535874402370415
56029.5,maxi,0.00887135135135135,0.002213783783783784,0.9786526199057388,0.5251433165992802
56030.5,maxi,0.017957837837837838,0.002668918918918919,1.6233066174906021,0.6312139402703694
56031.5,maxi,0.018286486486486484,0.002654054054054054,2.228843321626827,1.2416143870726444
56032.5,maxi,0.022495945945945946,0.002854324324324324,1.3739485247959824,0.5197094482495817
56033.5,maxi,0.02816243243243243,0.0051518918918918915,0.597220376816986,0.2802776301791281
56034.5,maxi,0.024190270270270268,0.004303783783783784,0.9957159723393489,0.3806977962890601
56035.5,maxi,0.01993891891891892,0.004666756756756756,3.4080215966062477,2.6399000028889397
56036.5,maxi,0.036653783783783776,0.0034840540540540537,0.5891475844066105,0.1347360659823717
56037.5,maxi,0.027656486486486487,0.0032481081081081075,0.3561462297192404,0.1016255422408494
56038.5,maxi,0.03780756756756757,0.0033910810810810813,0.37764242207094234,0.07447643394079552
56039.5,maxi,0.025692432432432428,0.00307,0.535011858275639,0.1432726411689801
56040.5,maxi,0.03392756756756757,0.0029656756756756756,0.5836996261759027,0.12213688000425088
56041.5,maxi,0.02315135135135135,0.0025532432432432434,0.4696855237314109,0.1079250289994774
56042.5,maxi,0.02599324324324324,0.002597027027027027,0.7025649883409621,0.16192898582043652
56043.5,maxi,0.02543351351351351,0.0023145945945945946,0.5020227853987445,0.10527909944188761
56044.5,maxi,0.02661054054054054,0.0023181081081081077,0.5037937767232644,0.10696172477394057
56045.5,maxi,0.020174054054054053,0.0020975675675675674,0.9170832890118074,0.2607269951842124
56046.5,maxi,0.022476216216216215,0.002153783783783784,0.7417725121855765,0.17063565959302712
56047.5,maxi,0.022135945945945947,0.0021937837837837835,1.1604253772041448,0.2952637111181307
56048.5,maxi,0.023855405405405403,0.0022824324324324323,1.3009815277693104,0.39759099825781813
56049.5,maxi,0.02349,0.002428108108108108,1.0756761987709875,0.30527105800896
56050.5,maxi,0.019877297297297297,0.00245,0.579157635258617,0.1955443564487113
56051.5,maxi,0.02103756756756757,0.002647567567567567,0.6233618638349256,0.18707707270174498
56052.5,maxi,0.022146756756756755,0.003193513513513513,0.36672227179268335,0.19002879117462573
56053.5,maxi,0.018526486486486485,0.003930540540540541,0.5795127855954002,0.28650032732041675
56054.5,maxi,0.009903243243243242,0.004504594594594595,0.5308347310024513,0.5428376258529414
56055.5,maxi,0.019994054054054054,0.00519,2.7436850633876655,2.3552702524813673
56056.5,maxi,0.02704324324324324,0.006550810810810811,1.055981468203629,0.8698221751854168
56057.5,maxi,0.012535405405405405,0.006232702702702703,0.4862426392093392,0.41718676309678093
56061.5,maxi,0.012702702702702701,0.0059299999999999995,1.2731329262564584,1.1266885780417186
56063.5,maxi,0.010828108108108109,0.0033170270270270266,1.5572876616567635,0.8734095466567798
56066.5,maxi,0.007945675675675676,0.0026518918918918915,3.776504297994269,5.58974222173298
56068.5,maxi,0.0069454054054054045,0.0023413513513513514,1.1420186749666519,0.5976840433931613
56070.5,maxi,0.00850135135135135,0.0023243243243243243,0.7226415094339623,0.4734181592738775
56071.5,maxi,0.008767837837837836,0.002398378378378378,2.239893211289092,1.9206016961206827
56073.5,maxi,0.010172972972972972,0.0025494594594594596,1.6368902046595442,1.0778475277573663
56074.5,maxi,0.007921351351351351,0.002347027027027027,0.646876895087932,0.31608393766065823
56075.5,maxi,0.00754081081081081,0.0023383783783783784,1.035649067090115,0.5043573287262074
56076.5,maxi,0.006408648648648648,0.002289189189189189,1.0120246085011184,1.5390678651057195
56077.5,maxi,0.009407027027027025,0.002228108108108108,1.6028047952951823,0.8413814357199411
56078.5,maxi,0.005821891891891892,0.0021372972972972973,0.7572204125950055,0.5373197929857186
56079.5,maxi,0.00811054054054054,0.002165135135135135,263.72340425531917,20761.350128540205
56080.5,maxi,0.02653324324324324,0.005341351351351351,8.353661784287617,19.711634492195376
56081.5,maxi,0.04338432432432432,0.011927837837837837,2.5623876303487956,2.6310058451303546
56086.5,maxi,0.05809621621621622,0.004673513513513513,1.2909857670005271,0.3434451671903018
56087.5,maxi,0.051470810810810806,0.005102432432432432,0.7354697823733622,0.19495748211137048
56088.5,maxi,0.02412459459459459,0.008889459459459459,0.3140888686175193,0.34449504287136584
56089.5,maxi,0.02158027027027027,0.0032289189189189187,0.7177977676258654,0.31435262720958446
56090.5,maxi,0.018769189189189187,0.0025894594594594593,1.2145591577939945,0.44731636109123335
56091.5,maxi,0.015147837837837836,0.002417027027027027,1.7380077369439073,0.8523313874765281
56092.5,maxi,0.014133513513513513,0.0024075675675675674,1.2179369196017735,0.5740494671615115
56093.5,maxi,0.014080270270270269,0.002293243243243243,1.5730091943275675,0.6324731175662999
56094.5,maxi,0.005665135135135135,0.002338918918918919,1.4116999311768754,1.0825613381322923
56095.5,maxi,0.012838378378378378,0.003894054054054054,0.37932230831502256,0.3898553493124403
56096.5,maxi,0.021574864864864863,0.002238378378378378,1.5536951501154734,0.3886084258336015
56097.5,maxi,0.01681891891891892,0.0022635135135135134,1.7153278479938925,0.6840787532970719
56098.5,maxi,0.014174324324324323,0.0022564864864864863,0.8250526949713941,0.3167131708008706
56099.5,maxi,0.02010108108108108,0.002372162162162162,0.7307221542227662,0.1990441293642727
56100.5,maxi,0.02049135135135135,0.002467837837837838,1.2189761810764574,0.33061383544353207
56101.5,maxi,0.02113054054054054,0.002543243243243243,0.9407969949371223,0.26339964964441404
56102.5,maxi,0.022453783783783782,0.0026156756756756756,1.2269177368969109,0.33927234309819526
56103.5,maxi,0.024749189189189186,0.002855405405405405,0.9671524404348832,0.28230649836703914
56104.5,maxi,0.019878648648648647,0.002973513513513513,0.958108865232944,0.32611500342621286
56105.5,maxi,0.01934324324324324,0.006427837837837837,0.7193197957851905,0.5792135954157229
56106.5,maxi,0.013158108108108107,0.00354027027027027,0.7867401285583104,0.3275106723693472
56107.5,maxi,0.020546216216216218,0.005228648648648648,0.5973939458537626,0.3155279666136914
56108.5,maxi,0.025626756756756755,0.0052781081081081085,0.8736407195937221,0.38225829853896276
56110.499988,maxi,0.028296216216216214,0.0029372972972972968,0.7646539807652716,0.19335078096373653
56111.499988,maxi,0.030931621621621618,0.002984864864864865,0.6252122879807382,0.13622647122303191
56112.499988,maxi,0.024860810810810808,0.0027364864864864863,0.64312313195159,0.1475782976395012
56113.499988,maxi,0.026164324324324324,0.002686216216216216,0.5070445149118934,0.10830783300411263
56114.499988,maxi,0.025774594594594594,0.002491891891891892,0.39069106076405347,0.084186965897914
56115.499988,maxi,0.022449459459459458,0.0021548648648648644,0.4783714402245627,0.09992784309804988
56116.499988,maxi,0.018354864864864866,0.0019824324324324324,0.6390866923629712,0.14359533748756598
56117.499988,maxi,0.021354054054054054,0.002102972972972973,0.6926566579634464,0.1501898039689867
56118.499988,maxi,0.021164324324324323,0.0020354054054054055,0.6515513126491648,0.1641766683933756
56119.499988,maxi,0.020625135135135135,0.00209,0.7426437301946582,0.20251334520513675
56120.499988,maxi,0.019341621621621622,0.0023199999999999996,1.0707580546252182,0.29597951180587684
56121.499988,maxi,0.02132216216216216,0.002654594594594594,2.320661858294442,1.009561640879271
56122.499988,maxi,0.02110054054054054,0.002415135135135135,0.8103095367392121,0.2269269552737277
56123.499988,maxi,0.018554324324324325,0.002509459459459459,1.0441905358167685,0.3479581539165985
56124.499988,maxi,0.019022702702702704,0.0030243243243243245,0.3484601392460641,0.1483023898721239
56125.0,bat,0.011644909090909091,0.0048547727272727275,,
56125.499988,maxi,0.017822432432432433,0.0036924324324324326,0.39281511987056916,0.22978445931340943
56126.499988,maxi,0.030398108108108106,0.005511621621621622,0.8049122606131739,0.34640190340991683
56127.499988,maxi,0.014481081081081081,0.005127567567567567,0.11317133358467285,0.24437578099263535
56131.499988,maxi,0.013948378378378378,0.006803513513513514,0.4373850955577408,0.5593854956520039
56135.499988,maxi,0.026657027027027026,0.0037186486486486484,0.7932698938077507,0.3016583226343154
56136.499988,maxi,0.008117297297297297,0.0030648648648648647,0.49172528974138374,0.30481656232456805
56142.499988,maxi,0.005708918918918919,0.002117297297297297,0.7790335151987529,0.6249872837915337
56143.499988,maxi,0.007465675675675676,0.002355135135135135,0.49934241989478717,0.28040362001001395
56144.499988,maxi,0.008417297297297297,0.003187027027027027,1.216997792494481,1.0186054181170692
56146.499988,maxi,0.008175675675675675,0.00213054054054054,0.6947129528452551,0.3865242383061147
56151.499988,maxi,0.07358783783783783,0.013158378378378377,1.2393017745756976,0.6679987310552559
56154.499988,maxi,0.020912432432432432,0.003022972972972973,1.2840229464176736,0.514655891163507
56155.0,bat,0.008701136363636364,0.0035510454545454547,,
56158.499988,maxi,0.06018405405405405,0.006533513513513513,1.0424892058513953,0.34043340355279417
56159.499988,maxi,0.05312513513513513,0.004549999999999999,0.8013839789394508,0.1598867345619978
56160.499988,maxi,0.03149459459459459,0.006337567567567567,0.8205262743657685,0.38946201959863663
56161.499988,maxi,0.024204324324324324,0.0028994594594594593,0.8735063448786563,0.24036990763241806
56162.499988,maxi,0.016678918918918918,0.002594594594594594,0.9375034627957227,0.3602929213374048
56163.499988,maxi,0.008717567567567567,0.002264324324324324,0.4885718517055832,0.22044479404009013
56164.499988,maxi,0.011632972972972971,0.0023818918918918916,1.3771689497716895,0.665357562943281
56165.499988,maxi,0.010569729729729728,0.0021867567567567564,8.422922636103152,17.524302775700757
56166.499988,maxi,0.008847567567567568,0.0024059459459459458,1.4452842589549788,0.8558852797927394
56167.499988,maxi,0.01151054054054054,0.004217027027027027,8.310938007140539,18.860557167423476
56168.499988,maxi,0.024516756756756755,0.002271081081081081,2.1294069136141847,0.6337466338918517
56169.499988,maxi,0.014975405405405404,0.002185405405405405,1.2213234727678917,0.469608642504822
56170.499988,maxi,0.013512702702702701,0.0022364864864864863,1.0996565982199173,0.4337474735075985
56171.499988,maxi,0.014132162162162162,0.0022878378378378378,0.5185754547783756,0.19666966738175126
56172.499988,maxi,0.014984324324324323,0.0023572972972972974,1.0348607888631092,0.3613367760849649
56173.499988,maxi,0.014547027027027025,0.0024224324324324323,0.7093572778827977,0.25538780917276976
56174.499988,maxi,0.015086216216216216,0.0024424324324324323,1.1266239939159641,0.42358001272522994
56175.499988,maxi,0.017493243243243244,0.0026597297297297298,1.860452030385445,0.891220131073204
56176.499988,maxi,0.014924864864864865,0.0028989189189189187,0.2586434039522877,0.16757415882290175
56177.499988,maxi,0.00961864864864865,0.004177027027027027,1.9281285587751487,2.1609741200387136
56178.499988,maxi,0.01937918918918919,0.005915405405405405,4.156980742778542,6.15324594488088
56179.499988,maxi,0.020655945945945945,0.004541081081081081,0.7254938214538843,0.3391493225251111
56180.499988,maxi,0.016073783783783782,0.005074324324324324,0.39850623167155425,0.3885057404233606
56181.499988,maxi,0.03633405405405405,0.003365405405405405,0.519633794742965,0.11173503265111041
56182.499988,maxi,0.027027567567567565,0.0034699999999999996,0.5225968352812697,0.15330476189884693
56183.499988,maxi,0.025598108108108107,0.0031424324324324324,0.3939784605010016,0.10954524352028307
56184.499988,maxi,0.02705486486486486,0.0028762162162162164,0.37497604905154247,0.09437545465982689
56185.499988,maxi,0.025444594594594597,0.002781081081081081,0.4523648648648649,0.12084712938210039
56186.499988,maxi,0.025039729729729728,0.002684864864864865,0.4708777686628384,0.10864818504071477
56187.499988,maxi,0.03059135135135135,0.0025816216216216215,0.6566164154103853,0.12306605132516016
56188.499988,maxi,0.026477567567567566,0.002293243243243243,0.8900518134715026,0.19193561575787654
56189.499988,maxi,0.025806486486486487,0.002334864864864865,0.6178514318941706,0.13752385632262779
56190.499988,maxi,0.0249027027027027,0.0022397297297297295,1.3692894013218195,0.33645067052909416
56191.499988,maxi,0.024736756756756753,0.0022878378378378378,0.8579323684846809,0.1900279363297149
56192.499988,maxi,0.02117162162162162,0.002195405405405405,1.1425901894627564,0.3130189766388125
56193.499988,maxi,0.021576486486486485,0.0023183783783783784,1.0610187384534178,0.31681367254548526
56194.499988,maxi,0.016567567567567568,0.002317567567567567,0.9314964225909576,0.29193331085668744
56195.499988,maxi,0.02399162162162162,0.0026083783783783783,0.7471787097860872,0.23134456641206474
56196.499988,maxi,0.022109459459459458,0.0028654054054054055,0.9751335507965773,0.3311056885139827
56197.499988,maxi,0.024706756756756754,0.0034354054054054053,0.8293066538511948,0.32117817437004614
56198.499988,maxi,0.018944594594594594,0.004080810810810811,0.5016823873352089,0.3783395297744956
56199.499988,maxi,0.023968108108108108,0.006314054054054054,0.2684480172096578,0.2703859038515371
56201.499988,maxi,0.01715081081081081,0.006875945945945945,0.4106400128969853,0.38331035964890936
56202.0,bat,0.007927772727272728,0.003647,,
56202.499988,maxi,0.01687324324324324,0.007033513513513513,0.06134142231209977,0.30593284604473936
56203.499988,maxi,0.020882972972972973,0.007533783783783783,2.399164482306684,2.8239668174118457
56207.499988,maxi,0.03466135135135135,0.006894324324324324,1.6689372669949833,1.0223200621535233
56208.499988,maxi,0.01853054054054054,0.003952432432432432,1.4646617625847398,0.8704841362278601
56209.499988,maxi,0.015885675675675677,0.0032545945945945945,1.598751542425782,0.7924330764282796
56210.499988,maxi,0.012582702702702703,0.0029567567567567567,1.493783576362241,1.356021444925138
56213.499988,maxi,0.010804864864864865,0.002375405405405405,0.8918026016931654,0.3993368399208959
56214.499988,maxi,0.005798648648648648,0.0023091891891891887,0.682566953006569,0.5058437215464316
56215.499988,maxi,0.006939729729729729,0.002294054054054054,5.149171270718232,11.325609536702888
56218.499988,maxi,0.00977,0.002277297297297297,0.619772861550581,0.30513888188574007
56220.499988,maxi,0.004845135135135134,0.002194324324324324,2.0869565217391304,4.837181466743255
56221.499988,maxi,0.009045405405405405,0.0023145945945945946,0.7579714258681048,0.48418978330838086
56223.499988,maxi,0.009378108108108107,0.002277027027027027,0.8152624803318552,0.38612284353751775
56225.499988,maxi,0.030444324324324323,0.0033748648648648646,0.6581511406844107,0.17314719245795798
56229.499988,maxi,0.04209297297297297,0.006612162162162162,0.8418167128347184,0.39458937594438764
56230.499988,maxi,0.04542351351351351,0.0033081081081081077,1.8690244267945453,0.4526058109091008
56231.499988,maxi,0.047372972972972965,0.004345945945945946,1.077333796905655,0.2815608803614978
56232.499988,maxi,0.04462108108108108,0.0074708108108108105,0.8981895182636316,0.3703163999360897
56233.499988,maxi,0.03259027027027027,0.0032297297297297295,1.5846147028847433,0.4574580538093793
56234.499988,maxi,0.01595945945945946,0.002552162162162162,1.3497327769236402,0.5717242678089702
56235.499988,maxi,0.015482432432432433,0.0024121621621621624,0.9444444444444445,0.3053169592724769
56236.499988,maxi,0.014428378378378378,0.0023235135135135135,1.6686487969993595,0.7484526870326276
56237.499988,maxi,0.01481027027027027,0.002222432432432432,1.0293600562587906,0.34865855413331814
56238.499988,maxi,0.0066194594594594595,0.0022197297297297295,0.6145030626358426,0.3193170630835521
56239.499988,maxi,0.008795675675675674,0.0030064864864864866,0.5181015070154166,0.5194866221181096
56240.499988,maxi,0.02198945945945946,0.0027945945945945946,0.9929525383912646,0.3073093150350882
56241.499988,maxi,0.015603513513513512,0.0021532432432432433,3.551729234407331,1.9824605372509834
56242.499988,maxi,0.014135135135135134,0.0021691891891891892,1.3671606798961733,0.5682227566132966
56243.499988,maxi,0.00956135135135135,0.00222972972972973,1.5684176040187834,0.8460023138091004
56244.499988,maxi,0.01228891891891892,0.002231081081081081,0.6511292647765498,0.2567154329641473
56245.499988,maxi,0.013139729729729729,0.0023286486486486487,0.8353485298975885,0.3678322696626023
56246.499988,maxi,0.016672702702702703,0.0024537837837837837,0.8341483058160273,0.3230898425289628
56247.499988,maxi,0.011947837837837838,0.002522162162162162,0.6222567824434075,0.30411608845501387
56248.499988,maxi,0.01633918918918919,0.0027281081081081083,0.8577194752774975,0.31881223110445367
56249.499988,maxi,0.017146486486486485,0.0028956756756756755,0.7197753603962148,0.2802522647896117
56251.499988,maxi,0.01445081081081081,0.0032437837837837836,0.6635229311855778,0.3092425440771056
56252.499988,maxi,0.012628918918918918,0.004080810810810811,0.18287889186996945,0.38846465640837513
56253.499988,maxi,0.031559459459459455,0.003924324324324324,0.5609854690126161,0.16901318601813925
56254.499988,maxi,0.03208459459459459,0.0030918918918918918,0.6747561851965916,0.14235439278095147
56255.499988,maxi,0.033447027027027024,0.0032797297297297297,0.426738754878751,0.09390299866019504
56256.499988,maxi,0.025197567567567566,0.0026589189189189185,0.4931577256665596,0.10977749259280058
56257.499988,maxi,0.021289999999999996,0.002671891891891892,0.3706336004838953,0.10283797952024835
56258.0,bat,0.023645772727272727,0.009596045454545454,,
56258.499988,maxi,0.023537297297297297,0.0025072972972972974,0.49260799839631153,0.12007059303113184
56259.499988,maxi,0.02412513513513513,0.0023224324324324325,0.5924288550628722,0.12810288713088083
56260.499988,maxi,0.021777027027027024,0.002202972972972973,0.4182133273703041,0.10750937382955855
56261.499988,maxi,0.022703783783783783,0.002102162162162162,0.5484728540202044,0.12039251979606612
56262.499988,maxi,0.015797567567567568,0.0020027027027027028,0.5070465820784125,0.16258263363345246
56263.499988,maxi,0.02137216216216216,0.0020794594594594593,0.6638066888460865,0.18183763853020515
56264.499988,maxi,0.017025945945945944,0.0019943243243243244,0.48562359280995093,0.13905455019981317
56265.499988,maxi,0.01547108108108108,0.0020127027027027023,0.6271522487738704,0.20689210874519826
56266.499988,maxi,0.016145135135135134,0.0021770270270270267,0.8033343624575486,0.25935534698891716
56267.499988,maxi,0.019294594594594594,0.00231,0.6277185501066098,0.1922678533602092
56268.499988,maxi,0.029026216216216216,0.0025105405405405406,0.9670591081364406,0.24624039852008167
56269.499988,maxi,0.040497837837837836,0.002954864864864865,0.6803447891095739,0.15514992730600224
56270.499988,maxi,0.03524189189189189,0.004988378378378379,0.7886292291594001,0.32772036191748305
56294.499988,maxi,0.006890810810810811,0.002267297297297297,0.9346541536322559,0.9447394807909791
56295.499988,maxi,0.008938918918918919,0.0021408108108108104,1.258859068200302,0.7329130906928136
56296.0,bat,0.07442763636363636,0.029075136363636365,,
56296.499988,maxi,0.006381351351351351,0.002087027027027027,0.8004520199642151,0.4620482195234801
56297.499988,maxi,0.016157567567567567,0.002307837837837838,0.6919992078423606,0.24878316911490958
56298.499988,maxi,0.018361891891891892,0.002509459459459459,1.0362207624777457,0.3855806218663436
56299.499988,maxi,0.013135675675675675,0.003213243243243243,0.6902263528706342,0.4810384663869371
56302.499988,maxi,0.04632054054054054,0.006269459459459459,0.7229702010218924,0.255099428036444
56303.499988,maxi,0.03960621621621622,0.0035464864864864862,1.05986538043984,0.2792680164801627
56304.499988,maxi,0.04104945945945945,0.004870810810810811,1.0519208729881908,0.3014007551093854
56305.499988,maxi,0.0279127027027027,0.0055108108108108105,0.986784522726288,0.5592486790800985
56306.499988,maxi,0.025320540540540542,0.00283972972972973,1.1024563138806462,0.3174904130559453
56307.499988,maxi,0.01710027027027027,0.002421351351351351,1.5040136762301173,0.5813727989232771
56308.499988,maxi,0.014456756756756757,0.0023735135135135132,2.100194254166241,1.0230900495264936
56309.499988,maxi,0.009918108108108108,0.0021564864864864865,1.4277137139045077,0.6949063511726401
56310.499988,maxi,0.004967297297297297,0.002087297297297297,1.4338747099767981,1.0839854871376782
56311.499988,maxi,0.008385675675675676,0.0021862162162162163,0.8345399592324453,0.37781566208958334
56313.0,bat,0.014847636363636363,0.005973318181818181,,
56313.499988,maxi,0.023747567567567567,0.002222162162162162,1.8726290378204389,0.48175047337190274
56314.499988,maxi,0.013679189189189188,0.0021148648648648648,0.6089262675013141,0.21365366253946086
56315.499988,maxi,0.013244324324324323,0.002222432432432432,1.0688898922789136,0.3898659243528051
56316.499988,maxi,0.012437837837837838,0.0021543243243243243,1.4144827586206896,0.5396731863712859
56317.499988,maxi,0.017133783783783784,0.0023397297297297294,0.996933858957512,0.30700845783584657
56318.499988,maxi,0.010412162162162161,0.0022264864864864867,1.5962663975782037,0.7795549844174174
56319.499988,maxi,0.013934864864864864,0.0024286486486486485,0.5753739930955121,0.2800920929840856
56320.499988,maxi,0.016542972972972973,0.002483513513513513,0.9650831476972491,0.3285370576767369
56321.499988,maxi,0.01561081081081081,0.002654054054054054,1.4847295356629966,0.7959382311920048
56322.499988,maxi,0.012721891891891891,0.0037751351351351346,0.550817341862118,0.3182982041684195
56323.499988,maxi,0.012190540540540539,0.004348378378378378,0.643995174508091,0.4247873136285112
56324.499988,maxi,0.020102972972972973,0.0039,0.8340603282566909,0.35113407261070184
56325.499988,maxi,0.031019189189189188,0.005127027027027027,1.0507661558960693,0.4602830010933607
56326.499988,maxi,0.03032135135135135,0.003481081081081081,0.5323076373253279,0.12643844721193043
56327.499988,maxi,0.028847567567567567,0.003312432432432432,0.4722720260184297,0.12526608470398776
56328.499988,maxi,0.022555405405405404,0.003113243243243243,0.4471919801660019,0.12429466428030835
56329.499988,maxi,0.025022702702702702,0.00281,0.44898260100265414,0.12394723207093428
56330.499988,maxi,0.027309999999999997,0.0026732432432432433,0.5159819602237721,0.12412997969017987
56331.499988,maxi,0.02460108108108108,0.0034502702702702698,0.45579647051328337,0.13647752324540374
56332.499988,maxi,0.03186378378378378,0.0038967567567567566,0.47066507857225187,0.14138882715978204
56333.499988,maxi,0.024439999999999996,0.003948108108108108,1.0911596442143066,0.46349232069090224
56334.499988,maxi,0.02783243243243243,0.002843243243243243,0.7476573667213722,0.17523882524073744
56335.499988,maxi,0.022128108108108106,0.0022551351351351354,0.9395871168600125,0.21535241166602712
56336.499988,maxi,0.022638378378378378,0.0022127027027027024,0.7617195332237238,0.1958777588694876
56337.499988,maxi,0.020156216216216216,0.002118918918918919,0.8671260261154352,0.21937548011841337
56338.499988,maxi,0.019713783783783783,0.00228027027027027,1.239804889115762,0.3679114579722045
56339.499988,maxi,0.02183945945945946,0.002361351351351351,0.721807996909407,0.19354938262287977
56340.499988,maxi,0.02647918918918919,0.0028043243243243243,1.1190666819169621,0.29769990009313035
56341.499988,maxi,0.017331351351351353,0.00259,1.1163523814982519,0.39264035856840257
56342.499988,maxi,0.011514324324324324,0.0033010810810810806,0.567689088723679,0.2867563032555507
56343.499988,maxi,0.01793945945945946,0.00473027027027027,0.28886945112617535,0.30207483022776244
56344.499988,maxi,0.01156891891891892,0.004761621621621622,0.9033262655711635,0.7525319146253003
56345.499988,maxi,0.01921108108108108,0.00698108108108108,0.4082181529034823,0.28081894699592963
56346.499988,maxi,0.016334594594594593,0.0068118918918918915,0.5803809270111882,0.8270391128639173
56347.499988,maxi,0.01438243243243243,0.007096216216216217,-0.07521531757197268,-0.3459909627594596
56348.499988,maxi,0.02722918918918919,0.006565135135135135,0.4458332130589152,0.33372894742589193
56349.499988,maxi,0.01324081081081081,0.006387027027027026,0.45831133745303226,0.39114618213872365
56352.499988,maxi,0.027711081081081078,0.003952702702702703,0.8450273624996179,0.29249028459770854
56353.499988,maxi,0.01389972972972973,0.0031670270270270267,0.9106367903640066,0.3599915656430238
56354.499988,maxi,0.011998648648648648,0.003029189189189189,2.1069726194435208,1.4176654202863657
56356.499988,maxi,0.00571,0.0021951351351351353,0.48049971970849686,0.341662474634265
56358.499988,maxi,0.008274054054054054,0.0021843243243243244,0.6229573140536793,0.43915790702994195
56360.499988,maxi,0.004983513513513513,0.001982162162162162,1.2504965791216067,0.6883576364385583
56363.499988,maxi,0.011156486486486487,0.0022583783783783782,0.8129099582587955,0.38381785301075394
56364.499988,maxi,0.010605135135135136,0.0021689189189189185,1.670438774420839,0.8415167695675223
56365.499988,maxi,0.008719729729729729,0.002158918918918919,0.8891627455373815,0.4180999004151933
56367.499988,maxi,0.004548108108108108,0.0020775675675675674,0.6742565055762082,0.5171706271408268
56370.499988,maxi,0.05048054054054054,0.010487837837837837,0.6063579211360209,0.3599874845103157
56372.0,bat,0.011439636363636364,0.005254727272727273,,
56372.499988,maxi,0.015815405405405405,0.004541351351351351,0.8412283250992929,0.5134595800638438
56375.499988,maxi,0.035447027027027025,0.0029608108108108103,1.1074677596720983,0.2548882596458275
56376.499988,maxi,0.04005135135135135,0.0038405405405405406,1.2444651222486043,0.34300154255042303
56377.499988,maxi,0.02241810810810811,0.007297567567567567,1.6078939347759829,1.7035042047506324
56378.499988,maxi,0.01782135135135135,0.0035259459459459457,2.0521675238795,1.2620895549273763
56379.499988,maxi,0.02923054054054054,0.00566972972972973,0.7655859671988705,0.35254549097608007
56380.499988,maxi,0.013765405405405405,0.003894324324324324,1.5502065339842281,1.0574601599351654
56381.499988,maxi,0.01197,0.0022105405405405407,1.372243240749285,0.6380396739824594
56382.499988,maxi,0.006453783783783784,0.0020337837837837835,0.699209095402867,0.3778879573141895
56383.499988,maxi,0.006592432432432432,0.0021808108108108105,0.6921518987341772,0.4820648574010568
56385.499988,maxi,0.018562702702702702,0.0035256756756756754,1.2731026552372988,0.5589947981795986
56386.499988,maxi,0.017315945945945946,0.002155135135135135,2.065209850849809,0.7641049390014896
56387.499988,maxi,0.015374324324324323,0.00216,1.2736498731424428,0.3962997673614274
56388.499988,maxi,0.014527027027027026,0.0022337837837837836,1.4620348139255703,0.5522394252523407
56389.499988,maxi,0.013123243243243243,0.0021629729729729726,4.088503649635037,3.4778329034358606
56390.499988,maxi,0.01070108108108108,0.002211351351351351,1.0275833246264758,0.5892004136527608
56391.499988,maxi,0.01363027027027027,0.0023640540540540537,1.2617250193187897,0.4312657564672918
56392.499988,maxi,0.018022162162162163,0.0025986486486486485,0.7218649517684887,0.26869768599372
56393.499988,maxi,0.01522108108108108,0.002747837837837838,1.033516571489566,0.3922136232025089
56394.499988,maxi,0.01503945945945946,0.0027824324324324324,0.6291318741044518,0.28461730266222407
56396.499988,maxi,0.012852972972972972,0.004164594594594595,0.3823457778087054,0.26967988973207624
56397.499988,maxi,0.01992135135135135,0.0037075675675675673,0.21459541640858157,0.15658293606332147
56398.499988,maxi,0.036056216216216214,0.003255945945945946,0.6582600448353164,0.1495374025977516
56399.499988,maxi,0.02485189189189189,0.0033091891891891888,0.6778685665886105,0.1824744502770539
56400.499988,maxi,0.02357243243243243,0.00325,0.3074712157844016,0.09376824328495989
56401.499988,maxi,0.03151594594594594,0.0030010810810810807,0.658887090423903,0.14244597301873987
56402.499988,maxi,0.025204324324324325,0.002686216216216216,0.45520451770451775,0.12472033253753172
56403.499988,maxi,0.021296756756756758,0.002529459459459459,0.580218878248974,0.14435660250385135
56404.499988,maxi,0.02652135135135135,0.002451621621621621,0.4031149151115476,0.09808346201522702
56405.499988,maxi,0.024716216216216214,0.002333783783783784,0.8895289968925666,0.20216389753229796
56406.0,bat,0.016516681818181816,0.007406090909090909,,
56406.499988,maxi,0.021450810810810808,0.002181891891891892,0.5285915492957747,0.11924524159773801
56407.499988,maxi,0.01886,0.0021345945945945946,0.820870425321464,0.2386100743825521
56408.499988,maxi,0.02155,0.002096216216216216,1.2130709058793843,0.30639142116177115
56409.499988,maxi,0.020175135135135136,0.0021840540540540537,0.9276912345966054,0.24797148493711285
56410.499988,maxi,0.020252702702702702,0.002135945945945946,0.9884097316487418,0.2732910689404842
56411.499988,maxi,0.017435945945945944,0.002257297297297297,2.417802560925238,1.0955799198343135
56412.499988,maxi,0.024287837837837837,0.0027118918918918916,0.8302494294098468,0.250022357447261
56413.499988,maxi,0.024386486486486485,0.0030508108108108106,0.5639917951268025,0.17781320996431463
56414.0,bat,0.016049545454545455,0.007672227272727273,,
56414.499988,maxi,0.02388162162162162,0.0033627027027027024,0.8186008399057667,0.3563569932131755
56415.0,bat,0.014117545454545454,0.005465772727272727,,
56415.499988,maxi,0.021105405405405408,0.004011081081081081,1.7391370059699236,1.041606550928507
56416.499988,maxi,0.02132891891891892,0.005334594594594594,0.7197944998488969,0.6081402144254755
56417.499988,maxi,0.017916756756756757,0.005584864864864864,0.7936463758896266,0.49762344859729474
56418.499988,maxi,0.020852972972972974,0.0055154054054054056,0.6453021133048914,0.2929264797366267
56419.499988,maxi,0.019554594594594594,0.0059475675675675676,0.5417068984014591,0.3126903428178609
56420.499988,maxi,0.017653243243243244,0.00711054054054054,0.29576662298444534,0.33104986135499254
56421.499988,maxi,0.021895675675675675,0.006792162162162162,0.5015862831069761,0.44069149336448976
56423.0,bat,0.009906818181818182,0.004500863636363636,,
56425.499988,maxi,0.025850270270270266,0.003652432432432432,1.1799786438868125,0.4951536899521422
56426.499988,maxi,0.005408378378378378,0.0024051351351351354,1.0179816913687882,0.6918119169790389
56427.499988,maxi,0.005828918918918918,0.0023978378378378376,1.3961246504194966,1.5133673008526913
56429.499988,maxi,0.008132162162162162,0.00206,0.8799351922912936,0.4511757340987542
56430.499988,maxi,0.005486756756756756,0.0018986486486486486,1.3040823447313328,1.0467769300501923
56431.499988,maxi,0.006057297297297298,0.0020664864864864863,1.5154046997389035,1.2366405993526828
56432.499988,maxi,0.0066797297297297295,0.0018675675675675675,1.110122226177762,0.6365081786572921
56435.499988,maxi,0.005918108108108108,0.002146216216216216,0.6646712463199216,0.4553434021653576
56436.499988,maxi,0.00528,0.0017486486486486487,0.5584478773871792,0.42861460452030886
56437.499988,maxi,0.00492108108108108,0.0017986486486486486,1.5118729593351143,0.9693941904484306
56438.499988,maxi,0.008613243243243243,0.001874054054054054,3.1142246497269057,2.7167505079621512
56439.499988,maxi,0.00823972972972973,0.0018786486486486486,1.1393614237110703,0.6919742401965847
56440.499988,maxi,0.00484054054054054,0.0021897297297297294,3.1277006172839505,5.340613698511327
56443.499988,maxi,0.041908918918918917,0.008254054054054053,0.8364828948330937,0.45481097140116966
56444.499988,maxi,0.04918162162162162,0.005974864864864865,1.986014551333872,0.8810133632432239
56448.499988,maxi,0.04245486486486486,0.006885405405405404,0.7617320624738022,0.28507571208869587
56449.499988,maxi,0.04823810810810811,0.004712162162162162,1.0454907286008617,0.2736563997446799
56450.499988,maxi,0.03640027027027027,0.003991351351351351,1.2210942608912276,0.3734535690527796
56451.499988,maxi,0.02269351351351351,0.0028827027027027025,1.3745051798197592,0.38827017775013667
56452.499988,maxi,0.012684864864864863,0.0024424324324324323,0.9784952862160329,0.38790407483165007
56453.499988,maxi,0.009342702702702703,0.0023305405405405406,0.6288677466358104,0.4049059934490852
56454.499988,maxi,0.013125945945945945,0.0022708108108108107,0.898721889661867,0.31067234152022416
56455.499988,maxi,0.01169135135135135,0.00229,3.0664358720738543,2.1034371459736607
56456.499988,maxi,0.006082162162162162,0.002352432432432432,0.6618109584505876,0.42218790299465747
56458.499988,maxi,0.020725945945945946,0.0021045945945945945,1.808135125818683,0.5283317529637864
56459.499988,maxi,0.011930810810810811,0.0021999999999999997,1.1445555050734515,0.469642726249874
56460.499988,maxi,0.015461891891891892,0.0022167567567567565,10.88390092879257,19.521952736795672
56461.499988,maxi,0.014175675675675674,0.0022883783783783783,0.9613046195806579,0.34560295890523096
56462.499988,maxi,0.013918108108108108,0.0022367567567567566,0.9836613216715259,0.342377305492107
56463.499988,maxi,0.013782162162162161,0.002362162162162162,0.8377050187357946,0.3436754077424914
56464.499988,maxi,0.016284864864864863,0.0024724324324324324,0.5129572831933147,0.21087847238255916
56465.499988,maxi,0.008282972972972973,0.002545405405405405,1.572168284789644,0.828749622318652
56466.499988,maxi,0.01792,0.002839459459459459,0.7893250137020953,0.2772057421194094
56467.499988,maxi,0.014095405405405404,0.004054594594594594,0.8025065336184367,0.5828579321158597
56468.499988,maxi,0.019986486486486488,0.004774864864864864,0.29675567493548216,0.2070412552898072
56469.499988,maxi,0.014502162162162161,0.00487135135135135,0.9130496961029676,0.8481549422629955
56470.499988,maxi,0.017571891891891893,0.004760540540540541,1.2351468522928497,0.8669156425936297
56471.499988,maxi,0.03430567567567567,0.0031451351351351347,0.4970621664836541,0.11408049808208005
56472.499988,maxi,0.02439135135135135,0.002972162162162162,0.7341385070024413,0.1814612818455378
56473.499988,maxi,0.02868243243243243,0.0030421621621621623,0.7981666130588613,0.1915290407678219
56474.499988,maxi,0.028536486486486486,0.003035675675675676,0.4278420694349898,0.12075700028215149
56475.499988,maxi,0.0244327027027027,0.00269027027027027,0.8480168718960474,0.21913355165150897
56476.499988,maxi,0.02511972972972973,0.002522162162162162,0.8649282324012123,0.18618700690100964
56477.499988,maxi,0.020527837837837837,0.0022354054054054056,0.896302370657522,0.21651329740795053
56478.499988,maxi,0.017089999999999998,0.0020216216216216213,0.8459684361549499,0.26467553285422535
56479.499988,maxi,0.0196827027027027,0.0019772972972972973,1.2739618406285074,0.33959969617536967
56480.499988,maxi,0.018655135135135135,0.0020086486486486487,0.9517290637462056,0.2904133286105849
56481.499988,maxi,0.019295945945945945,0.0019862162162162162,1.0402155473505637,0.2673076381931647
56482.499988,maxi,0.016194054054054052,0.0021497297297297293,1.2694551321831946,0.4206932049497605
56483.499988,maxi,0.022005675675675674,0.002305945945945946,0.6603829269192459,0.18054006318106566
56484.499988,maxi,0.015375675675675675,0.0022621621621621625,1.0099728014505893,0.37954557317986276
56485.499988,maxi,0.01877,0.0022597297297297296,1.4891224501327909,0.4401829877963677
56486.499988,maxi,0.0190927027027027,0.0032535135135135134,0.7753682487725041,0.34153864031076164
56487.499988,maxi,0.016526216216216215,0.002856216216216216,0.8325749464668094,0.30198174307022135
56488.499988,maxi,0.015962972972972972,0.003997837837837838,1.5882122730118975,1.083618161841853
56489.499988,maxi,0.01781972972972973,0.004662432432432432,0.44518901801114025,0.24047350480798654
56490.499988,maxi,0.02169081081081081,0.005985675675675675,1.8196443007275667,1.7602854853978265
56492.499988,maxi,0.019115945945945945,0.008556216216216215,0.8607504544274215,1.1918209466550207
56495.499988,maxi,0.013276756756756757,0.005668378378378378,0.9328529722343003,0.516595892048065
56497.499988,maxi,0.013357837837837838,0.0063,0.5324868946279998,0.5896960561116082
56498.499988,maxi,0.024659459459459458,0.0031337837837837833,0.9808138497233625,0.34191884426718877
56499.499988,maxi,0.009096486486486486,0.0031256756756756756,0.6195827604758204,0.3895976443327752
56503.499988,maxi,0.005556216216216216,0.002365135135135135,0.8730176211453745,0.6283461885477251
56504.499988,maxi,0.007420540540540541,0.002370810810810811,2.5158506846745454,2.156062611869664
56505.499988,maxi,0.007912702702702702,0.00231054054054054,2.7031457687195393,5.236544652915355
56508.499988,maxi,0.008356756756756756,0.0022178378378378376,0.5004541326067211,0.2700524559647721
56509.499988,maxi,0.006941621621621621,0.0022621621621621625,0.6759323604354875,0.3843871739183888
56510.499988,maxi,0.011992972972972972,0.004531351351351351,0.31057358184033573,0.35747568711771366
56513.499988,maxi,0.008005675675675675,0.0034197297297297296,0.7486363985557348,0.5966043130933775
56516.499988,maxi,0.019958108108108105,0.00409054054054054,1.4340134780980904,0.6241153725405744
56517.499988,maxi,0.008144594594594594,0.0032289189189189187,3.05261893320519,4.404397909614555
56521.499988,maxi,0.05480594594594594,0.004551621621621621,1.0917334795221454,0.2732486400851647
56522.499988,maxi,0.036432972972972974,0.005745135135135135,0.8748253051336998,0.3062661710997644
56523.499988,maxi,0.034675945945945946,0.0036905405405405407,0.9617817450934026,0.27660589784674927
56524.499988,maxi,0.019756486486486483,0.002827837837837838,1.8266355140186914,0.714372542299677
56525.499988,maxi,0.013666216216216215,0.0025513513513513515,0.6386474309379694,0.2505031342946484
56526.499988,maxi,0.015462702702702702,0.0023956756756756755,0.6227145522388059,0.23280682014036697
56527.499988,maxi,0.01640054054054054,0.002417297297297297,1.093346018243886,0.3912645351009415
56528.499988,maxi,0.011192702702702702,0.002175945945945946,1.112411660777385,0.6382764463406086
56529.499988,maxi,0.007732162162162161,0.003038918918918919,0.7138923110370317,0.5019683355397045
56530.499988,maxi,0.01652189189189189,0.002557297297297297,0.8406345263633284,0.32806258815342026
56531.0,bat,0.0168545,0.007548727272727273,,
56531.499988,maxi,0.018477297297297295,0.0022127027027027024,2.164336226293796,0.7309120775849864
56532.499988,maxi,0.015993243243243242,0.002208378378378378,1.1056643602673861,0.35593694090226113
56533.499988,maxi,0.01484054054054054,0.002284054054054054,1.2700531294544513,0.4347447631563894
56534.499988,maxi,0.01172945945945946,0.0022389189189189187,1.7619295686601373,0.8477208259254472
56535.499988,maxi,0.016899189189189187,0.002463243243243243,2.0114327862806562,0.9271258995267442
56536.499988,maxi,0.012979999999999998,0.0024075675675675674,0.9672413793103448,0.40477676683022784
56537.499988,maxi,0.023835675675675676,0.0026472972972972973,1.2043827294423952,0.33236454955419226
56538.499988,maxi,0.014674324324324325,0.0026227027027027026,0.349584487534626,0.22645998970400202
56539.499988,maxi,0.016724864864864863,0.002985945945945946,1.2517057508170402,0.5037015154823378
56541.499988,maxi,0.027356216216216214,0.004133243243243243,0.32539747082503145,0.13907410733758022
56542.499988,maxi,0.02379783783783784,0.005285945945945945,0.9509527029714785,0.5419465350301667
56543.499988,maxi,0.024485405405405402,0.004945675675675675,0.7602551381998582,0.3243585499954756
56544.499988,maxi,0.03706621621621621,0.003382432432432432,0.7112014550123034,0.15760463570182295
56545.499988,maxi,0.023527027027027025,0.0034443243243243243,0.4412673569307328,0.13172420906482912
56546.499988,maxi,0.02820162162162162,0.0030440540540540542,0.5683908045977012,0.1335606239604554
56547.499988,maxi,0.022238648648648645,0.00263027027027027,0.606203968903437,0.1441491296833284
56548.499988,maxi,0.02052756756756757,0.0025616216216216214,0.831577287066246,0.19974142869454062
56549.499988,maxi,0.0247,0.002381081081081081,0.8296436915887851,0.17081264212271913
56550.499988,maxi,0.01842945945945946,0.0021778378378378375,0.6855713658025484,0.16624883406561458
56551.499988,maxi,0.02588945945945946,0.002181891891891892,0.6427059072623333,0.12381551132270222
56552.499988,maxi,0.021799999999999996,0.00218,0.6746432653663214,0.16953103052585664
56553.499988,maxi,0.021590540540540538,0.0020648648648648646,1.017602485056714,0.24824932488724757
56554.499988,maxi,0.022916486486486486,0.002416216216216216,1.7186958813342368,0.5938098483204906
56555.499988,maxi,0.022732702702702702,0.002282162162162162,0.825243922606251,0.21017129881461002
56556.499988,maxi,0.023063783783783782,0.0024194594594594593,1.2903962473768669,0.4154592722191589
56557.499988,maxi,0.020403243243243243,0.0024208108108108107,1.3267702734283713,0.4192306310772908
56558.499988,maxi,0.02123891891891892,0.002647837837837838,2.2916422164473134,0.9235627967733306
56559.499988,maxi,0.02379162162162162,0.0029445945945945945,1.0478812309507424,0.3636269570810261
56560.499988,maxi,0.018932972972972972,0.003356216216216216,0.4624870744130826,0.22556067806831376
56561.499988,maxi,0.025284594594594593,0.0039724324324324324,0.44424904942965776,0.16974829950181433
56562.499988,maxi,0.033346216216216217,0.0067245945945945945,2.339918491400152,1.9745862947121535
56563.499988,maxi,0.02420189189189189,0.0068354054054054056,1.6045774875541476,1.3920629287893909
56571.499988,maxi,0.016727027027027025,0.0033237837837837834,3.4487765089722675,2.9422568303208627
56572.499988,maxi,0.008085945945945945,0.002784864864864865,1.66340921710161,1.068903263968807
56573.499988,maxi,0.005696216216216216,0.0027824324324324324,0.6085267645665561,0.5349269184457927
56575.499988,maxi,0.008465675675675674,0.002579189189189189,0.4720243266724588,0.4270011743323541
56578.499988,maxi,0.005891891891891892,0.0022545945945945944,0.6057624736472242,0.406278314635584
56579.0,bat,0.011494090909090909,0.005133954545454546,,
56580.499988,maxi,0.008987027027027026,0.0032808108108108107,0.8932545544066961,0.7232079627449881
56581.499988,maxi,0.009043243243243243,0.0023216216216216216,1.104314762770706,0.5405897315878124
56582.499988,maxi,0.01095945945945946,0.002257297297297297,1.3894539614561028,0.6457804547557287
56583.499988,maxi,0.008301351351351351,0.002271081081081081,1.0978382930937676,0.45961252375849937
56585.499988,maxi,0.00577054054054054,0.00221027027027027,0.7682869277961303,0.7692601828963529
56586.499988,maxi,0.008974864864864865,0.003219189189189189,19.075653370013754,140.67079429880596
56587.499988,maxi,0.03209567567567567,0.004768918918918919,0.7737086123729687,0.2616925214142506
56588.499988,maxi,0.029717567567567566,0.00849081081081081,1.1201603352464242,0.9772690590960743
56589.499988,maxi,0.015196756756756757,0.005331621621621622,3.1199517781796264,6.465085340558769
56593.499988,maxi,0.05024756756756756,0.0043867567567567566,0.727674799086676,0.1690731702236172
56594.499988,maxi,0.04968351351351351,0.004346216216216217,0.9003903513161845,0.20872657988648508
56595.499988,maxi,0.03936810810810811,0.004662702702702703,0.7384668811229713,0.19093468857549495
56596.499988,maxi,0.027514594594594596,0.0032105405405405407,1.5670704351727232,0.5040486171381402
56597.499988,maxi,0.013365675675675674,0.002378918918918919,1.2129929510382929,0.46290691720907806
56598.499988,maxi,0.007757837837837837,0.0019367567567567566,0.430499611334888,0.25200442214791285
56599.499988,maxi,0.007054054054054054,0.0017467567567567566,1.0289895470383275,0.6500847010531926
56600.499988,maxi,0.01007054054054054,0.001979189189189189,0.47632679025808794,0.18004869894777054
56601.499988,maxi,0.0047821621621621626,0.0018308108108108106,1.5052582379060528,1.458537778523542
56602.0,bat,0.01436459090909091,0.0068024999999999995,,
56603.499988,maxi,0.01903189189189189,0.0022286486486486484,1.0862786318048439,0.27589919744587926
56604.499988,maxi,0.012071891891891891,0.00213054054054054,1.1513189069657244,0.4614494964425807
56605.499988,maxi,0.013359189189189189,0.0022286486486486484,0.922978859024753,0.29856415911420997
56606.499988,maxi,0.011417837837837837,0.002202972972972973,0.8840522358527898,0.4220026289846544
56607.499988,maxi,0.009544054054054053,0.0022648648648648647,0.9360759001477564,0.4567776843291605
56608.499988,maxi,0.009082972972972971,0.002227297297297297,0.6837029893924783,0.42518696246525206
56609.499988,maxi,0.011160270270270271,0.002365675675675676,0.8105373062404626,0.43970529973687017
56610.499988,maxi,0.015742972972972974,0.0024775675675675676,0.6525956768249469,0.23481796178565478
56611.499988,maxi,0.017393513513513512,0.0027613513513513512,1.166626491502953,0.46176197827199683
56612.499988,maxi,0.01565351351351351,0.0030954054054054053,1.445393657736468,0.6697199209294633
56614.499988,maxi,0.02018108108108108,0.00359,1.497009930323147,0.6352440871370001
56615.499988,maxi,0.027242702702702702,0.00518027027027027,0.6909630606860159,0.34188072105393186
56616.499988,maxi,0.032816216216216214,0.003823783783783784,0.5920085463271522,0.13549249796303264
56617.499988,maxi,0.036454594594594596,0.00360027027027027,0.6886450540315877,0.13874748348999794
56618.499988,maxi,0.028287567567567565,0.0031905405405405402,0.9554759911067481,0.23443307161495577
56619.499988,maxi,0.03208648648648649,0.0031524324324324325,0.6173677949605277,0.14239167939738595
56620.499988,maxi,0.02526783783783784,0.0025745945945945944,0.6231140754369825,0.13072638025045938
56621.499988,maxi,0.02617405405405405,0.0025516216216216214,0.6761619609928087,0.1556366940540363
56622.499988,maxi,0.02098189189189189,0.00224027027027027,0.6647411276693809,0.15416459487078035
56623.499988,maxi,0.021934324324324326,0.0022283783783783786,0.3792883937706036,0.09083705601966141
56624.499988,maxi,0.02654216216216216,0.0021910810810810808,1.2293585393439974,0.26047629340449374
56625.499988,maxi,0.017894864864864867,0.0021186486486486486,0.8975605558662823,0.22919205311832405
56626.499988,maxi,0.023676216216216215,0.0021964864864864866,1.9377603999743607,0.5225714625833296
56627.499988,maxi,0.02380891891891892,0.002305135135135135,1.0865604647069178,0.26673335365289125
56628.499988,maxi,0.02484,0.002321351351351351,0.9457249620777683,0.21729991335111715
56629.499988,maxi,0.02568054054054054,0.0025156756756756758,1.1511212542171065,0.32781314737643524
56630.499988,maxi,0.01793081081081081,0.002388648648648649,1.6297115881094637,0.6109041287118886
56631.499988,maxi,0.019986756756756756,0.002829189189189189,0.859365676779731,0.2984568800952938
56632.499988,maxi,0.026537027027027024,0.003134864864864865,1.3248568968137377,0.4522713453241937
56633.499988,maxi,0.03694162162162162,0.004257837837837838,1.6689921272117858,0.5872124836285755
56634.499988,maxi,0.050310540540540544,0.005811351351351351,1.7259966311061201,0.7128143156924521
56658.499988,maxi,0.008247567567567568,0.002536756756756757,0.15275254360465115,0.19041294354868868
56659.499988,maxi,0.012045675675675674,0.0023745945945945948,0.6566260770490636,0.3552851141253487
56660.499988,maxi,0.019095675675675675,0.0023286486486486487,1.551194300880011,0.5558488495762645
56661.499988,maxi,0.013945945945945946,0.002651081081081081,-19.595,-121.97588593822566
56662.499988,maxi,0.0067032432432432435,0.0032656756756756756,0.21381193913382757,0.6796770626916497
56665.499988,maxi,0.048999999999999995,0.004301621621621622,1.115916217233162,0.2846270683884606
56666.499988,maxi,0.04307162162162162,0.0034264864864864864,0.9955763913931964,0.20410241836406895
56667.499988,maxi,0.045121621621621616,0.005494594594594594,2.1643908025724605,1.0172534927021812
56668.499988,maxi,0.04545513513513513,0.009606486486486486,2.770994731949179,2.481826826148023
56669.499988,maxi,0.022528648648648647,0.0025229729729729727,1.1927892358044576,0.3676488578802664
56670.499988,maxi,0.01207891891891892,0.0024154054054054052,0.8851485148514852,0.38522359546931134
56671.499988,maxi,0.012148378378378379,0.0023829729729729727,0.6839316913712451,0.2894502779697829
56672.499988,maxi,0.009197567567567566,0.0021708108108108104,1.2260385999345764,0.7009828592855183
56673.499988,maxi,0.008422432432432432,0.002262972972972973,0.7323334079546302,0.3851125995345901
56674.499988,maxi,0.008715135135135135,0.0023102702702702703,0.7474842031359701,0.4252767770139442
56676.499988,maxi,0.020259459459459457,0.0021705405405405406,1.565590280033786,0.45469998137811
56677.499988,maxi,0.012177837837837838,0.0021656756756756753,0.6776294884016524,0.25147487222442333
56678.499988,maxi,0.012193513513513514,0.0022405405405405408,0.8340271825639769,0.3253594069518385
56679.499988,maxi,0.01274081081081081,0.0021851351351351352,0.5581593887394887,0.1950496042183828
56680.499988,maxi,0.01367189189189189,0.0024208108108108107,0.7234733211604788,0.2766938169862349
56681.499988,maxi,0.013257297297297296,0.002319459459459459,1.2926533090467516,0.5430649796028908
56682.499988,maxi,0.01501081081081081,0.002617027027027027,0.6889335488662676,0.25514518687687976
56683.499988,maxi,0.017973243243243245,0.0028097297297297297,1.5658952105432336,0.7563765656919211
56684.499988,maxi,0.015776756756756757,0.002836756756756757,0.8826029605745273,0.48883104473453187
56685.499988,maxi,0.025246756756756753,0.004741891891891892,62.25254237288135,748.5427587623985
56686.499988,maxi,0.02188810810810811,0.004783783783783783,0.792560986121886,0.46870614413593226
56687.499988,maxi,0.013979189189189188,0.004192972972972973,4.700397289086235,7.785057143729382
56688.499988,maxi,0.04029864864864864,0.005487567567567567,0.5077888261180735,0.16705792016202764
56689.499988,maxi,0.03485162162162162,0.0038629729729729727,0.48332056654500666,0.11434464107891675
56690.499988,maxi,0.03679054054054054,0.004172432432432432,0.7149619910035553,0.18467312493984792
56691.0,bat,0.013286818181818183,0.006479318181818182,,
56691.499988,maxi,0.018508378378378376,0.005348108108108108,0.30118154599014846,0.284110670588054
56692.499988,maxi,0.02793243243243243,0.00584054054054054,0.8150876088553143,0.3161399294590644
56693.0,bat,0.011968454545454546,0.00556809090909091,,
56693.499988,maxi,0.022688378378378376,0.006755405405405405,0.7728871444591702,0.4294511499984043
56694.499988,maxi,0.025735675675675675,0.0027645945945945945,0.44715141600159175,0.11664425565457555
56695.499988,maxi,0.030468918918918918,0.0025805405405405404,0.6131308084340961,0.11350841768518653
56696.499988,maxi,0.02372108108108108,0.002135675675675675,0.5571920836763943,0.13023280266648687
56697.499988,maxi,0.019261621621621622,0.0021097297297297296,0.8389943242284499,0.21822404869570902
56698.499988,maxi,0.018286486486486484,0.001975135135135135,0.9715143218197135,0.26886364489709164
56699.499988,maxi,0.018062972972972973,0.002076216216216216,1.3131702614772862,0.38910305797849765
56700.499988,maxi,0.033408918918918916,0.004286216216216217,1.574426549536359,0.6588474268891235
56701.499988,maxi,0.016604594594594593,0.002341891891891892,1.0878524312649582,0.3721193775392598
56702.499988,maxi,0.01796081081081081,0.0022235135135135133,1.0794914847685297,0.298767633502816
56703.499988,maxi,0.01954891891891892,0.002452162162162162,1.618163738813391,0.5616128455993796
56704.499988,maxi,0.016548378378378376,0.0025827027027027025,0.40252395059828405,0.17343758409964524
56705.499988,maxi,0.015995945945945944,0.003624054054054054,0.5351434765036558,0.2531554239230891
56706.499988,maxi,0.012323243243243243,0.004384864864864864,0.24072635822330707,0.26852835859900726
56707.499988,maxi,0.013543783783783783,0.004461081081081081,1.2216177241740955,0.8462699746928075
56708.499988,maxi,0.01798054054054054,0.00524054054054054,0.7292286823165907,0.4464948850936215
56709.499988,maxi,0.017033513513513513,0.005263783783783784,0.39862042431570854,0.2683446601416822
56710.499988,maxi,0.03379162162162162,0.0074978378378378376,2.1245269133725824,1.5047505046811331
56711.499988,maxi,0.021516486486486484,0.006311081081081081,2.4449463579898363,3.1592349729643603
56715.499988,maxi,0.03975243243243243,0.004774594594594595,0.861603458439772,0.23959216383310405
56716.499988,maxi,0.013474864864864863,0.003381621621621622,2.012405559182912,1.3583215819121544
56717.499988,maxi,0.010470270270270268,0.0031848648648648645,0.38292594931000273,0.26177429750435066
56718.499988,maxi,0.013861621621621622,0.0028621621621621623,1.8764482431149099,1.0264212876811303
56719.499988,maxi,0.008844864864864865,0.0025478378378378376,1.1109464323523184,0.7212230880150245
56721.499988,maxi,0.008007297297297298,0.002454864864864865,1.115104533709185,0.7830936397943133
56722.499988,maxi,0.007212432432432432,0.002231351351351351,1.853133961491192,1.7621317185571952
56724.499988,maxi,0.006748378378378378,0.002462972972972973,4.6224358974358974,13.170111585795036
56726.499988,maxi,0.008891891891891891,0.0022886486486486486,0.5982535534450889,0.2941855176019362
56728.499988,maxi,0.008923243243243242,0.0021737837837837834,1.1898595477637217,0.621036469545752
56729.499988,maxi,0.007354054054054054,0.002307837837837838,0.7965962528924386,0.41200350432062016
56730.499988,maxi,0.006529189189189189,0.0025916216216216215,0.4847565487642445,0.3746380970991527
56732.499988,maxi,0.036030270270270275,0.010538918918918918,1.1264817483895637,0.8920138891527183
56733.499988,maxi,0.03002297297297297,0.00606054054054054,0.5533732910639984,0.29410478925230155
56734.499988,maxi,0.018085135135135134,0.004496486486486486,1.8289981069901142,1.0757605455870511
56738.499988,maxi,0.045875405405405405,0.0032724324324324323,0.991766268260292,0.2083475522931102
56739.499988,maxi,0.045087297297297296,0.003928108108108108,0.9894463743898685,0.22293386755648487
56740.499988,maxi,0.03880621621621621,0.006932972972972973,1.4026037748192732,0.6814538934486525
56741.499988,maxi,0.031501351351351355,0.006465405405405405,0.9889807162534435,0.6898225340546854
56744.499988,maxi,0.010098108108108107,0.0027837837837837837,0.44379301554932443,0.2702656556159737
56745.499988,maxi,0.013845675675675673,0.0022864864864864864,0.8967606792848057,0.4062401999597163
56746.499988,maxi,0.009821891891891891,0.0021913513513513515,0.5589842764651476,0.35978368908933334
56747.499988,maxi,0.00962108108108108,0.0029524324324324324,0.8120499279884781,0.5457903691137436
56748.499988,maxi,0.015913783783783785,0.002854324324324324,0.5085878899880422,0.2866864681683599
56749.499988,maxi,0.022377027027027024,0.002279189189189189,0.9384419250557756,0.25596312957612893
56750.499988,maxi,0.013965945945945945,0.0021791891891891893,2.491718426501035,1.305081344015537
56751.499988,maxi,0.013935675675675675,0.0022854054054054053,1.053464804163243,0.34354807438755286
56752.499988,maxi,0.012854054054054053,0.002238108108108108,0.8273001508295627,0.33568795299904935
56753.0,bat,0.014442045454545454,0.006333454545454545,,
56753.499988,maxi,0.014217027027027025,0.002917027027027027,1.1937152711247363,0.5573625188944871
56755.499988,maxi,0.013266486486486486,0.003275945945945946,0.6706572879303117,0.3452606566814714
56757.499988,maxi,0.009326486486486485,0.0029851351351351347,0.3834953481580375,0.2267543162968353
56759.499988,maxi,0.015866756756756757,0.003931351351351351,2.1247718599634973,1.291545470154672
56760.499988,maxi,0.035208378378378376,0.004134864864864865,1.5857405365674384,0.5257456265662953
56761.499988,maxi,0.03481108108108108,0.004146486486486486,0.7375345403555078,0.19992942973159977
56762.499988,maxi,0.028252702702702703,0.003081351351351351,0.5219622702030833,0.1253629845799343
56763.499988,maxi,0.02425135135135135,0.0030102702702702704,0.6413580747103151,0.18157040509218764
56764.499988,maxi,0.02959081081081081,0.002751081081081081,0.6650116044591561,0.12440084739180658
56765.499988,maxi,0.028305405405405406,0.0027348648648648647,0.645094773574431,0.12690080804811327
56766.499988,maxi,0.024357567567567566,0.002417837837837838,0.7450509049773755,0.16281690056178086
56767.499988,maxi,0.020735405405405402,0.0022905405405405405,0.7121917963867742,0.15756680447191668
56768.499988,maxi,0.02416054054054054,0.0022081081081081083,0.6852901934623081,0.14239452780628148
56769.0,bat,0.022843090909090907,0.009561909090909091,,
56769.499988,maxi,0.01707162162162162,0.0020021621621621618,0.7557570907797635,0.20406402324232298
56770.499988,maxi,0.0232272972972973,0.0021916216216216213,0.6470379776740889,0.14187338460698373
56771.499988,maxi,0.01969756756756757,0.002204864864864865,1.1009636337223379,0.29690810397559575
56772.499988,maxi,0.020244054054054054,0.002142162162162162,0.9403201012749798,0.24931382789910644
56773.499988,maxi,0.021900540540540542,0.0023491891891891893,0.8128936141396357,0.19312503122290486
56774.499988,maxi,0.021560270270270267,0.0024127027027027025,2.305132810284526,0.950477780791001
56775.499988,maxi,0.024538918918918916,0.002657837837837838,1.3606454912210921,0.4540181187664405
56776.499988,maxi,0.015823513513513514,0.0027999999999999995,1.356942410932162,0.5483940663885418
56777.499988,maxi,0.022677567567567565,0.003287567567567567,1.265597506409934,0.4871896227950134
56778.499988,maxi,0.028945675675675676,0.00449027027027027,0.7800379950314189,0.3092935583802523
56779.499988,maxi,0.02030945945945946,0.004868378378378379,0.7806601248884925,0.4057701740626846
56780.499988,maxi,0.014218648648648649,0.005535135135135135,1.5915136755339079,1.7167902978711638
56781.499988,maxi,0.013682162162162162,0.0054045945945945945,1.6732467532467532,2.3675036383166055
56788.499988,maxi,0.03131027027027027,0.004347027027027027,0.9226321230133092,0.3478872172695478
56789.0,bat,0.010589863636363637,0.005179772727272727,,
56789.499988,maxi,0.016045945945945946,0.003437567567567567,0.652081332720972,0.30733261593621436
56795.499988,maxi,0.005411351351351352,0.0018967567567567567,0.7158108108108108,0.5691599725605883
56796.499988,maxi,0.005208918918918918,0.0017243243243243243,0.8194427978660344,0.48388891819281377
56798.499988,maxi,0.008064054054054054,0.0024891891891891888,1.8240204429301532,1.63804473802697
56799.499988,maxi,0.009694594594594593,0.0019802702702702703,0.6515737161789067,0.32120562918420026
56800.499988,maxi,0.006211081081081081,0.0018289189189189187,2.3379541108986617,2.1721738461611872
56802.499988,maxi,0.004895945945945945,0.0017494594594594593,0.3935141027387927,0.22514611661297548
56803.499988,maxi,0.004752702702702703,0.0017721621621621623,4.657006603081438,5.8666008690839195
56804.499988,maxi,0.004613513513513513,0.0016899999999999999,0.4988311688311688,0.4158728600318263
56805.499988,maxi,0.030316756756756755,0.0063078378378378375,2.1292932497818673,1.658033451937455
56806.499988,maxi,0.0393372972972973,0.005696756756756756,1.9095709380500332,0.7191937545860743
56807.499988,maxi,0.02182216216216216,0.006123783783783783,7.908768612621128,17.358845218770526
56812.499988,maxi,0.04392837837837838,0.004812432432432432,0.9283020680710014,0.2704043967661572
56814.499988,maxi,0.021900540540540542,0.003381621621621622,1.4601312388148737,0.5471116451316801
56815.499988,maxi,0.017147027027027025,0.0026297297297297297,0.7175534559920438,0.2461762583502987
56816.499988,maxi,0.008255135135135136,0.0023216216216216216,1.2265072414954532,0.5886020858422383
56817.499988,maxi,0.006748378378378378,0.0023464864864864866,-0.00947352073303308,-0.27840387849810566
56818.499988,maxi,0.011564594594594595,0.0022367567567567566,0.730097821974815,0.2762972679134458
56819.499988,maxi,0.004645135135135135,0.00221,0.5159932659932659,0.5180453649030731
56821.499988,maxi,0.019227837837837835,0.0021864864864864866,2.5954891928578885,1.0568378354766916
56822.499988,maxi,0.01152081081081081,0.0020975675675675674,1.8381298149296024,0.7391734064885338
56823.499988,maxi,0.014328108108108107,0.0022367567567567566,1.0738578392472509,0.3440550889223404
56824.499988,maxi,0.015657297297297295,0.002247027027027027,0.7026649473457983,0.261837787164731
56825.499988,maxi,0.012216486486486485,0.002294864864864865,1.2132203113538187,0.5438597709878403
56826.499988,maxi,0.015068378378378378,0.002333513513513513,1.319771831222213,0.5869660631221026
56827.499988,maxi,0.010392432432432432,0.0024105405405405404,0.5548849490758205,0.303913588891337
56828.499988,maxi,0.01604945945945946,0.0024991891891891892,1.0130041724617525,0.4351565140986833
56829.499988,maxi,0.018542702702702703,0.002779189189189189,0.8045327464160372,0.36387170534889846
56830.499988,maxi,0.018783783783783786,0.003663513513513513,1.717669990254142,0.9620167702660132
56832.499988,maxi,0.01366216216216216,0.004392972972972973,1.1339332671068778,0.705463981917528
56833.499988,maxi,0.027006486486486486,0.004843513513513513,0.5443125684525805,0.22407176276022545
56834.499988,maxi,0.03554351351351351,0.003732162162162162,0.8268559039627416,0.19173486099512005
56835.499988,maxi,0.0295,0.003211351351351351,0.4696040812126024,0.09844116651264306
56836.499988,maxi,0.02853162162162162,0.003021351351351351,0.6438929699691699,0.13657696442814166
56837.499988,maxi,0.022776486486486485,0.0027708108108108107,0.4992812742812743,0.11438797419381713
56838.499988,maxi,0.023739189189189186,0.0026927027027027024,0.6827914156251557,0.1562303119105533
56839.499988,maxi,0.02669459459459459,0.0026116216216216215,0.706792199058507,0.14523196698883264
56840.499988,maxi,0.024208378378378376,0.002379189189189189,0.6580697440482843,0.14912797448500253
56841.499988,maxi,0.020636486486486486,0.0021637837837837834,0.7229211414544339,0.17194465924561375
56842.499988,maxi,0.020124864864864863,0.002057297297297297,1.2530677060776672,0.3097216488142311
56843.499988,maxi,0.02086891891891892,0.002124054054054054,1.1002005755646638,0.26312282282359156
56844.499988,maxi,0.02145,0.002047297297297297,0.7939580812614652,0.19032112404336982
56845.499988,maxi,0.017921621621621617,0.0021048648648648647,0.6059656769272678,0.1565110323198845
56846.499988,maxi,0.019575135135135136,0.002108108108108108,1.0942606415170468,0.2937987507590176
56847.499988,maxi,0.026597837837837836,0.002487027027027027,1.0466499569787886,0.25814184853213434
56848.499988,maxi,0.018947567567567568,0.0023499999999999997,1.1685127050879582,0.39161325354056753
56849.499988,maxi,0.015260270270270269,0.002645945945945946,0.9564811106661327,0.43658724565636337
56850.499988,maxi,0.021873783783783785,0.0030332432432432434,1.1158267020335986,0.3331313751038341
56851.499988,maxi,0.01993054054054054,0.0041883783783783785,0.45744424513399906,0.21451050175776326
56852.499988,maxi,0.018386486486486484,0.004529459459459459,0.37810571680433575,0.26655058937578674
56853.499988,maxi,0.021941351351351352,0.005571891891891892,0.8117918820811793,0.47520737906568555
56854.499988,maxi,0.012715135135135135,0.005197297297297297,1.39134448932487,1.888656354617196
56855.499988,maxi,0.0199627027027027,0.006245405405405405,0.3541716250165278,0.3019737890857183
56861.499988,maxi,0.009323783783783783,0.0032837837837837833,0.9746873138773079,0.8186521452899196
56863.499988,maxi,0.008484864864864864,0.002820810810810811,1.4150961538461537,0.8401518078997571
56864.499988,maxi,0.010339459459459459,0.0025964864864864864,0.5066660058482431,0.2585981988577363
56868.499988,maxi,0.006715405405405405,0.002301081081081081,1.0050052687038988,0.7565557345741807
56869.499988,maxi,0.007126216216216216,0.002347027027027027,0.8366437943902731,0.651633506399596
56871.499988,maxi,0.00985027027027027,0.0024932432432432433,0.6918296730456889,0.3832770423265989
56872.499988,maxi,0.007728918918918919,0.002167837837837838,0.8730352003542173,0.5574358537534092
56873.499988,maxi,0.005121891891891891,0.002284054054054054,1.5568348848603628,1.8664376425285927
56879.499988,maxi,0.01997324324324324,0.0036810810810810808,1.1632052689352361,0.4620306425850845
56880.499988,maxi,0.017154324324324323,0.003585135135135135,6.820215053763441,16.47688854617744
56881.499988,maxi,0.02133783783783784,0.005336756756756756,0.6275943503338026,0.46634037028166386
56884.499988,maxi,0.06326702702702702,0.005031621621621622,1.3332660702674828,0.32721561351500533
56885.499988,maxi,0.03996324324324324,0.00477972972972973,0.6688766891891892,0.1973571395750648
56886.499988,maxi,0.03439216216216216,0.006132432432432432,1.244898850876043,0.7138264463445133
56887.499988,maxi,0.0220027027027027,0.0030794594594594593,0.6712608322735205,0.203651676636767
56888.0,bat,0.011423863636363637,0.003835318181818182,,
56888.499988,maxi,0.011028648648648649,0.0023116216216216216,1.9653858713399366,1.039731106748023
56889.499988,maxi,0.012231891891891892,0.0024229729729729733,0.5257062146892656,0.26560221260939604
56890.499988,maxi,0.015562972972972973,0.0023764864864864866,1.521778213614448,0.6514225113943329
56891.499988,maxi,0.009909729729729729,0.0023394594594594595,0.6160777385159011,0.29734969277454004
56892.499988,maxi,0.008499999999999999,0.002471891891891892,1.3751695042941088,1.145163506394411
56893.499988,maxi,0.010677837837837838,0.0036075675675675675,0.3085153631848831,0.2487061215468625
56894.499988,maxi,0.023165675675675675,0.002182972972972973,1.2127093970209712,0.2715926673015546
56895.499988,maxi,0.017818648648648648,0.002314864864864865,1.6235972095844708,0.5974458790248942
56896.499988,maxi,0.013248918918918919,0.002171351351351351,1.2556692242114236,0.5461801985632933
56897.499988,maxi,0.014579459459459458,0.0023102702702702703,1.6076751946607342,0.8469906448201772
56898.499988,maxi,0.010074864864864863,0.0021745945945945942,2.696149217809867,1.6292841072569015
56899.499988,maxi,0.016718918918918916,0.0023740540540540538,1.385881067795453,0.5144250714817387
56900.499988,maxi,0.014967567567567567,0.0029267567567567566,1.2890695573622402,0.7747952658422524
56901.499988,maxi,0.011296216216216216,0.002567027027027027,0.8211530485275819,0.4829708987521175
56902.499988,maxi,0.01820945945945946,0.002914324324324324,1.0235912740709159,0.4989699632741202
56903.499988,maxi,0.015740810810810812,0.004330810810810811,2.7126295017266893,2.75017063753172
56904.499988,maxi,0.025804324324324324,0.004816756756756756,0.6588169329969161,0.2895009077833908
56905.499988,maxi,0.01839756756756757,0.004770810810810811,0.6478363123236124,0.43855465710544145
56906.499988,maxi,0.012218648648648647,0.004291621621621622,0.508773204490137,0.3125557209958268
56907.0,bat,0.01835377272727273,0.007547772727272728,,
56907.499988,maxi,0.04508162162162162,0.003674324324324324,0.6690843021108765,0.12276009896843376
56908.499988,maxi,0.021284864864864864,0.003059189189189189,0.6004887902441457,0.16973682792052514
56909.499988,maxi,0.023932972972972973,0.0031302702702702702,0.5988749068070398,0.15782169314237157
56910.499988,maxi,0.022477297297297298,0.0026640540540540537,0.44944200919043686,0.11276516939471608
56911.499988,maxi,0.028745945945945945,0.0028829729729729727,0.5496213344818922,0.11449727224833514
56912.499988,maxi,0.026607297297297296,0.002606216216216216,0.47535093892366387,0.10074054337164136
56913.499988,maxi,0.025218378378378377,0.0024313513513513512,0.6902436618328894,0.1446700379356115
56914.499988,maxi,0.024187567567567566,0.002217297297297297,0.7735726898175397,0.16146001224989703
56915.499988,maxi,0.023375675675675674,0.002278918918918919,0.8929172823808378,0.2033226844760195
56916.499988,maxi,0.019156756756756755,0.0021227027027027026,2.696839850026781,1.1630783563903861
56917.499988,maxi,0.019322162162162163,0.0021724324324324325,0.8284842622218915,0.20489478427992824
56918.499988,maxi,0.02389351351351351,0.002302972972972973,2.2889698528361193,0.7497379044669669
56919.499988,maxi,0.023608378378378377,0.00261027027027027,1.0738455715367146,0.2878319095559181
56920.499988,maxi,0.02339135135135135,0.00248027027027027,2.0558177160577054,0.7333503509209751
56921.499988,maxi,0.021332432432432432,0.0026483783783783784,1.787963072552965,0.6174229983938798
56922.499988,maxi,0.02249945945945946,0.002857297297297297,0.8590476190476191,0.24995553732568745
56923.499988,maxi,0.020217027027027025,0.003367297297297297,1.2295339412360689,0.5080594743614414
56924.499988,maxi,0.02071243243243243,0.004544054054054054,1.5383266533066131,0.984942429809818
56925.499988,maxi,0.016732432432432432,0.004413243243243243,1.0157616432784218,0.6154747088639038
56926.499988,maxi,0.024726756756756757,0.003812972972972973,0.9914678528103518,0.3938870649716107
56927.499988,maxi,0.030141351351351348,0.008837027027027025,0.8852506801399145,0.7423653745016704
56928.499988,maxi,0.022195675675675677,0.006525675675675675,0.18256434308495045,0.20310070350216458
56934.499988,maxi,0.02290135135135135,0.0030756756756756755,1.4644387317909169,0.5743066220537486
56935.499988,maxi,0.012085405405405404,0.003086216216216216,1.8437141216991964,1.5567801311160685
56937.499988,maxi,0.006920810810810811,0.0024786486486486486,0.5760649087221096,0.5769214382714588
56941.499988,maxi,0.00896918918918919,0.0023367567567567564,1.0022820629849385,0.5526357968233174
56944.499988,maxi,0.013252702702702703,0.002357837837837838,1.6329596671674564,0.9136311985067938
56945.499988,maxi,0.013537297297297296,0.0029045945945945944,0.9111230010106415,0.4456078804852757
56946.499988,maxi,0.007399189189189188,0.0021664864864864865,0.6203809652015885,0.31786607905154446
56947.499988,maxi,0.005592702702702702,0.002145135135135135,0.47685577194467965,0.5691194899034377
56948.499988,maxi,0.011364324324324325,0.0022367567567567566,1.6158003088008235,0.9513656668810342
56949.499988,maxi,0.007028918918918919,0.0023421621621621622,1.025420513469078,0.7972109011638936
56950.499988,maxi,0.06096297297297297,0.012649729729729728,0.36100644128463233,0.17654186708776312
56951.499988,maxi,0.03396648648648649,0.009982972972972973,1.1132596685082872,1.4873381089046989
56957.499988,maxi,0.05189648648648648,0.004541351351351351,0.7482984488681218,0.1984654619392705
56958.499988,maxi,0.0573972972972973,0.005618108108108108,0.6132514041854258,0.15941556121099631
56959.499988,maxi,0.03764324324324324,0.0040078378378378375,1.0428656685435533,0.2858217981911775
56960.499988,maxi,0.024727297297297297,0.002892432432432432,1.5308812968092746,0.4939108265860628
56961.499988,maxi,0.01819,0.002578108108108108,1.5504282584157758,0.5747494090860612
56962.499988,maxi,0.01202,0.00234054054054054,1.6556497478270202,0.8749248058013283
56963.499988,maxi,0.00998918918918919,0.002133243243243243,1.2526806117068028,0.576672574829835
56964.499988,maxi,0.005003783783783783,0.002077297297297297,1.9284325165305327,3.344969867132674
56965.499988,maxi,0.009349999999999999,0.003473243243243243,1.4003014937645608,1.3932385374248393
56966.499988,maxi,0.02485108108108108,0.002513513513513513,1.5843075539568348,0.46536579061257993
56967.499988,maxi,0.014425405405405404,0.002178378378378378,0.9706152433425161,0.384040597907634
56968.499988,maxi,0.0132327027027027,0.0021383783783783783,1.9959477256610274,0.8780204884783916
56969.499988,maxi,0.011416216216216215,0.0021883783783783785,1.7218865718183591,0.7742493903123281
56970.499988,maxi,0.010481351351351352,0.0021478378378378374,0.7962017715057799,0.380100590741167
56971.499988,maxi,0.007873243243243244,0.0019397297297297296,0.8160565979698555,0.4591075524883782
56972.499988,maxi,0.007691351351351352,0.0018378378378378377,1.5196604110813225,0.9357922161777675
56973.499988,maxi,0.008777297297297296,0.0019967567567567564,2.001593723182543,1.0564564585318976
56974.499988,maxi,0.013067027027027027,0.002162432432432432,0.7137575757575757,0.2830443639942084
56975.499988,maxi,0.011773513513513512,0.0026097297297297296,0.3081024016891,0.2298934971665114
56976.499988,maxi,0.017383783783783784,0.005728648648648648,2.4288617886178865,2.8922986846476233
56977.499988,maxi,0.014489459459459458,0.0030918918918918918,0.4961801527938882,0.2448112256181484
56978.499988,maxi,0.01679,0.004208648648648648,0.9719675599435824,0.5310155648873015
56979.499988,maxi,0.029579729729729727,0.0037794594594594594,0.6661245069735291,0.1802415779623491
56980.499988,maxi,0.03216189189189189,0.0034045945945945944,0.5049077578051088,0.10755533742051511
56981.499988,maxi,0.026821351351351348,0.0031008108108108107,0.5268692196907914,0.11796176742063148
56982.499988,maxi,0.032687297297297295,0.0029335135135135134,0.4579711770313464,0.08590190281344712
56983.499988,maxi,0.029725135135135132,0.0026356756756756756,0.3504339228825662,0.06839768203293739
56984.499988,maxi,0.02746081081081081,0.00325,0.7781532087012283,0.2092089294588165
56985.499988,maxi,0.02988972972972973,0.0033854054054054056,1.1357732328668821,0.34424994314447865
56986.499988,maxi,0.02061108108108108,0.0022270270270270272,0.708098708181517,0.14991967081427526
56987.499988,maxi,0.021205135135135136,0.0020845945945945944,1.1516912857267723,0.27339166750756244
56988.499988,maxi,0.019434594594594595,0.0020864864864864863,0.809352968169872,0.20777710668118377
56989.499988,maxi,0.01761,0.001962972972972973,1.5864539990753583,0.533360807807085
56990.499988,maxi,0.019036216216216213,0.0020818918918918917,1.0190049305244286,0.2611571330200486
56991.499988,maxi,0.016983243243243244,0.0020545945945945948,2.674002904703385,1.1697990381753307
56992.499988,maxi,0.017852702702702703,0.002182972972972973,1.383268237369283,0.4586032672361548
56993.499988,maxi,0.02194783783783784,0.0023840540540540542,1.173160929582387,0.3220864414431677
56994.499988,maxi,0.023280810810810806,0.002677297297297297,0.9810150297681003,0.30364579905373457
56995.499988,maxi,0.017308378378378377,0.002748378378378378,0.7204388459975619,0.31842717371073065
56996.499988,maxi,0.020702162162162162,0.004021621621621622,0.6990760728779898,0.2729530625247384
56997.499988,maxi,0.015312972972972972,0.004662702702702703,0.9086249558147755,0.7040644152725929
56998.499988,maxi,0.02656297297297297,0.005371891891891892,0.8672852065869076,0.3980131262972705
56999.499988,maxi,0.040035675675675675,0.005835675675675675,1.4389002649963862,0.605256170460034
57000.499988,maxi,0.03790702702702702,0.011401351351351351,1.2020711175119156,1.1373051271583259
57023.499988,maxi,0.012642972972972972,0.0022278378378378376,0.6812426383981154,0.3473739893176801
57024.499988,maxi,0.015479999999999999,0.002334864864864865,1.3847638967098383,0.5661782797087265
57025.499988,maxi,0.014184054054054053,0.00312027027027027,1.1262466553150086,0.6631308615569707
57029.499988,maxi,0.05879054054054054,0.005861891891891891,1.0350855017244804,0.27746610016900525
57030.499988,maxi,0.03748135135135135,0.00500027027027027,1.1681864235055723,0.4168822483087948
57032.499988,maxi,0.03043378378378378,0.0030559459459459457,1.1753270615904747,0.3196861178302685
57033.499988,maxi,0.018109459459459458,0.0027135135135135133,1.4228349958701316,0.564327487780201
57034.499988,maxi,0.012252162162162161,0.0023037837837837838,1.5043058904581468,0.6734940997883839
57035.499988,maxi,0.012502162162162161,0.002311081081081081,0.7868031358885018,0.3006906686966064
57036.499988,maxi,0.012952972972972973,0.0032656756756756756,1.3497178040020523,1.090242349511747
57041.499988,maxi,0.018409729729729728,0.0033627027027027024,1.3931025624558473,0.6562412378581106
57042.499988,maxi,0.012097837837837837,0.002227297297297297,1.748042184400125,0.8441770218478887
57043.499988,maxi,0.015622432432432432,0.002288108108108108,1.423597983616887,0.5729093230574385
57044.499988,maxi,0.008363783783783784,0.0022564864864864863,0.4523420757220124,0.22334259152654667
57045.499988,maxi,0.015886756756756756,0.002448108108108108,0.9788356995830475,0.34209375443548307
57046.499988,maxi,0.014345135135135134,0.0026497297297297297,1.31044776119403,0.6151859417353794
57047.499988,maxi,0.017711081081081083,0.0027840540540540536,1.03240058910162,0.43467775880441356
57048.499988,maxi,0.011368648648648647,0.004582162162162162,3.21741766013336,5.406425450968228
57049.499988,maxi,0.015608108108108108,0.004377567567567567,0.6326580055116441,0.30804927706551993
57050.499988,maxi,0.016096756756756755,0.0038024324324324324,1.3171191135734073,0.645179955986255
57051.499988,maxi,0.03652432432432433,0.00490945945945946,0.7782982045277127,0.24074848234641288
57052.499988,maxi,0.039206216216216214,0.0036345945945945946,0.35906871095968196,0.07526786908913326
57053.499988,maxi,0.03372864864864865,0.0035786486486486485,0.41022090251794247,0.09421717774210911
57054.499988,maxi,0.030964324324324322,0.0031108108108108103,0.6375019701931665,0.129100027282674
57055.499988,maxi,0.030236216216216215,0.003111891891891892,0.6534363392218755,0.13267280070848875
57056.499988,maxi,0.02713918918918919,0.002657567567567567,0.6872502122548716,0.13709117670756849
57057.499988,maxi,0.024275675675675675,0.002560810810810811,0.4114215471800321,0.10343090632748432
57058.499988,maxi,0.025566216216216214,0.0022975675675675675,1.0651057072578387,0.21559961271613134
57059.499988,maxi,0.022448378378378375,0.002157297297297297,0.8416125944048506,0.19369444644620717
57060.499988,maxi,0.020098918918918917,0.002135675675675675,0.554932434447991,0.13586603308216075
57061.499988,maxi,0.018182702702702704,0.0020143243243243244,1.3560307245173344,0.44797779094330836
57062.499988,maxi,0.019631351351351353,0.0021054054054054053,0.7236813065548444,0.18259029401719873
57063.499988,maxi,0.020715945945945943,0.0021824324324324325,1.6547847364592287,0.5201071684916967
57064.499988,maxi,0.020383513513513512,0.002287027027027027,0.9766897708710431,0.2719077743998294
57065.499988,maxi,0.022301891891891888,0.002501351351351351,0.8922416596215126,0.2214461433741021
57066.499988,maxi,0.021578918918918916,0.0027210810810810813,0.8504079447705541,0.25733227349426724
57067.499988,maxi,0.023438918918918916,0.00295027027027027,1.0630854744043223,0.3312169416937489
57068.499988,maxi,0.013353513513513514,0.004098918918918919,0.5654945977933036,0.3426914522780382
57069.499988,maxi,0.016871621621621622,0.005021621621621621,0.8161516587677725,0.4806226609283848
57070.499988,maxi,0.022226756756756758,0.0051624324324324325,0.2741357915263251,0.15425832370763096
57071.499988,maxi,0.023886756756756757,0.006678918918918919,0.4673871339045914,0.38879740887572845
57072.499988,maxi,0.02494189189189189,0.008763243243243244,0.6660670071185392,0.41783091007108364
57075.499988,maxi,0.012165945945945946,0.00568972972972973,1.233155139770576,1.0318449602936561
57076.499988,maxi,0.019057027027027027,0.0065486486486486485,0.30675093851407237,0.25632249316000233
57078.499988,maxi,0.029976756756756755,0.004127837837837838,0.4510225105758061,0.16446336351326088
57079.499988,maxi,0.01432027027027027,0.003646216216216216,0.6344799722959713,0.42505834860345376
57080.499988,maxi,0.013098378378378378,0.0030981081081081076,1.9208028890568574,1.0438920860368224
57081.499988,maxi,0.015136756756756756,0.0030245945945945943,1.1398627761441604,0.6120070688974816
57082.499988,maxi,0.013919189189189189,0.002515405405405405,0.7637707790265372,0.26095717842974553
57083.499988,maxi,0.010794054054054054,0.002635135135135135,0.756264371204528,0.35647218446769335
57084.499988,maxi,0.01154189189189189,0.0023870270270270268,1.0173044456949916,0.4492492946019887
57085.499988,maxi,0.011863783783783782,0.002378108108108108,0.8310705331378021,0.2861885132754011
57086.499988,maxi,0.010300810810810811,0.002408378378378378,0.6581250719797305,0.3036525648278165
57087.499988,maxi,0.014481351351351349,0.003361351351351351,0.2957777777777778,0.18906592288077562
57088.499988,maxi,0.014234324324324324,0.0031137837837837837,0.9637323427342488,0.4117590151400335
57089.499988,maxi,0.013703513513513512,0.0023591891891891893,0.5451842831046958,0.17488432795193468
57090.499988,maxi,0.009682972972972971,0.0023864864864864862,0.5039569338363854,0.22829896665134908
57091.499988,maxi,0.013304594594594593,0.0023516216216216217,0.6025164426651416,0.2355429892131767
57092.499988,maxi,0.016830810810810812,0.0024637837837837837,0.35551086082059535,0.12245157652144584
57093.0,bat,0.01122990909090909,0.004293636363636363,,
57093.499988,maxi,0.015397027027027025,0.0038024324324324324,0.9395874862698832,0.4237962730114647
57096.499988,maxi,0.06754513513513513,0.011248918918918918,0.31178556543246994,0.1319313435012582
57097.499988,maxi,0.03587054054054054,0.004576486486486486,0.5828115346724774,0.15874738333253768
57098.499988,maxi,0.04102108108108108,0.007349459459459458,1.1339887785041438,0.5031333524763951
57100.499988,maxi,0.054950540540540535,0.004906486486486486,0.5711810092285686,0.13204279809079852
57101.499988,maxi,0.05333621621621621,0.0035075675675675672,1.0250322681581727,0.18131172213170652
57102.499988,maxi,0.047331081081081076,0.004042162162162162,0.7436206110351117,0.16056045923096407
57103.499988,maxi,0.025247567567567564,0.007198918918918919,0.37426671881110674,0.21044734903797566
57104.499988,maxi,0.03605135135135135,0.0032045945945945943,0.7335940966686937,0.13775809339065537
57105.499988,maxi,0.020107297297297298,0.002843783783783784,0.365001018860235,0.12032010827619227
57106.499988,maxi,0.019088108108108105,0.002462432432432432,0.7068657899953743,0.18723956043826417
57107.499988,maxi,0.021424864864864862,0.0026959459459459456,1.2732235847471864,0.3650693799726251
57108.499988,maxi,0.02584108108108108,0.003206756756756757,0.7930035237388724,0.1920083088521796
57109.499988,maxi,0.01745891891891892,0.004059189189189189,0.22957598103766136,0.17698378428316386
57110.499988,maxi,0.016571891891891892,0.0054281081081081085,2.44038950042337,2.4162090857347964
57111.499988,maxi,0.026595135135135135,0.0023445945945945947,1.3124704956726985,0.29013311942739384
57112.499988,maxi,0.017468918918918917,0.0023294594594594595,0.8554244525044764,0.26280071062241145
57113.499988,maxi,0.01591081081081081,0.0022186486486486484,1.4612728503723764,0.4815778550238827
57114.499988,maxi,0.015019729729729729,0.002354324324324324,0.8580231698299235,0.28901906134305405
57115.499988,maxi,0.016854324324324325,0.0022924324324324324,1.2087373410902822,0.3790907459549581
57116.499988,maxi,0.016359729729729728,0.0024986486486486483,1.1943457009553433,0.41196375827441367
57117.499988,maxi,0.018054054054054053,0.002596216216216216,0.8273740868896577,0.2994274934659365
57118.499988,maxi,0.0181927027027027,0.0026224324324324324,1.3836914600550965,0.46749120336999483
57119.499988,maxi,0.021873513513513514,0.0028689189189189186,1.0582361996921048,0.342459124667107
57120.499988,maxi,0.014335405405405404,0.003888108108108108,1.688098602606375,1.1175236669579525
57121.499988,maxi,0.02332378378378378,0.0046927027027027024,0.7207728810480667,0.2612357777184261
57122.499988,maxi,0.023377027027027028,0.004519729729729729,1.2540400775694893,0.7292196526218341
57123.499988,maxi,0.030337567567567565,0.004853513513513513,0.8971263869625521,0.28531396531892533
57124.499988,maxi,0.04192351351351351,0.0038381081081081078,0.49798877153735294,0.08952348063813614
57125.499988,maxi,0.03963351351351351,0.0035916216216216215,0.500640234948605,0.09243388808896912
57126.499988,maxi,0.04184459459459459,0.003692972972972973,0.6420966630071233,0.11496450741438248
57127.499988,maxi,0.03938378378378378,0.0032337837837837836,0.4706992413592208,0.08559122875740827
57128.499988,maxi,0.03756594594594594,0.003218378378378378,0.3566363580887289,0.07226618500167155
57129.499988,maxi,0.035019999999999996,0.0027486486486486485,0.5493633930743653,0.09745027042273993
57130.499988,maxi,0.031134054054054054,0.0026435135135135135,0.7512736860922417,0.14699648388194284
57131.499988,maxi,0.03428297297297297,0.0024786486486486486,0.8747765424024417,0.1465763340091541
57132.499988,maxi,0.0408254054054054,0.0026164864864864864,0.49881692351073353,0.0697867472704418
57133.499988,maxi,0.03792216216216216,0.0026321621621621617,0.5479813491177128,0.08249039935675735
57134.499988,maxi,0.034647567567567567,0.002481891891891892,0.4874141198768065,0.07736762976868382
57135.499988,maxi,0.03209,0.002535945945945946,0.7022880420299236,0.11973205612823015
57136.499988,maxi,0.03148054054054054,0.002619459459459459,0.5124338794994194,0.09179887434235762
57137.499988,maxi,0.03430567567567567,0.0028516216216216213,0.6580484658619736,0.12416688861647625
57138.499988,maxi,0.028064864864864866,0.0031175675675675675,0.8868615033222591,0.22058736105873578
57139.499988,maxi,0.02166,0.003462972972972973,0.6953377967133293,0.20758572916757145
57140.499988,maxi,0.027178108108108105,0.004454324324324324,1.2531099046723377,0.6126816530602556
57141.499988,maxi,0.013296756756756756,0.005143783783783783,13.890114942528736,68.74143681996229
57143.499988,maxi,0.019129459459459458,0.007092432432432433,3.324834847233691,4.978031945425856
57145.499988,maxi,0.02856513513513513,0.009631891891891892,1.9642624233728967,1.599573809600897
57150.499988,maxi,0.03597378378378378,0.003663243243243243,1.2232896136121942,0.3663949951896709
57151.499988,maxi,0.00931054054054054,0.003211891891891892,0.6950490970267116,0.4610271664448109
57152.499988,maxi,0.00906054054054054,0.0028610810810810808,1.4165800415800416,1.104422310649659
57155.499988,maxi,0.008763243243243244,0.0023910810810810813,1.667132511752001,1.1054732802003409
57156.499988,maxi,0.006248918918918918,0.002220810810810811,2.2403637938501517,2.1539286301370857
57157.499988,maxi,0.006717027027027027,0.002208648648648649,3.915156507413509,12.283851521929822
57158.499988,maxi,0.007107567567567567,0.0022570270270270273,1.0827228578483827,0.5203748478819378
57159.499988,maxi,0.014264864864864864,0.003086216216216216,1.2546265818155218,0.6582405910124869
57161.499988,maxi,0.012445675675675675,0.002227297297297297,0.8622282608695653,0.2960155703781733
57162.499988,maxi,0.0055037837837837835,0.002182972972972973,4.7868934467233615,9.584547932378406
57163.499988,maxi,0.005581351351351351,0.002075405405405405,1.3956286004744154,1.1284749279609143
57164.499988,maxi,0.006301351351351351,0.0021586486486486482,0.8879725722757598,0.5033662875729084
57166.499988,maxi,0.005476756756756756,0.0019205405405405406,1.2551020408163265,0.8399286096974609
57167.499988,maxi,0.0960672972972973,0.015887567567567568,1.9517911183052996,1.5418104193629485
57168.499988,maxi,0.03725054054054054,0.006570270270270269,1.2553762726281932,0.5185371013954897
57169.0,bat,0.012246227272727273,0.005379227272727273,,
57169.499988,maxi,0.03162621621621621,0.008582162162162161,0.7154535245109562,0.45788292799284036
57170.0,bat,0.01255518181818182,0.00591140909090909,,
57176.499988,maxi,0.018913513513513513,0.00393027027027027,1.8326651818856718,1.103404665401408
57177.499988,maxi,0.01499162162162162,0.002477837837837838,0.7288017361649356,0.2237356992753722
57178.499988,maxi,0.012534324324324324,0.0023313513513513514,0.73876199562265,0.2986804220031986
57179.499988,maxi,0.01055,0.002271081081081081,0.4536308189542825,0.22100569173837126
57180.499988,maxi,0.012295675675675676,0.002247297297297297,0.9085542308137515,0.33184137299270206
57181.499988,maxi,0.013647297297297295,0.0024856756756756757,3.2147651006711406,3.172068974038264
57183.499988,maxi,0.021368918918918917,0.0021897297297297294,1.714294810569882,0.4847480703797196
57184.499988,maxi,0.012594594594594595,0.0019494594594594594,0.97639062779467,0.3083301317459439
57185.499988,maxi,0.009644594594594595,0.0017872972972972972,0.9236033878004962,0.3984507557863238
57186.499988,maxi,0.011258648648648648,0.001994054054054054,0.5571935062511663,0.24733541607231277
57187.499988,maxi,0.008816216216216217,0.001871351351351351,1.3386666666666667,0.5457395875229166
57188.499988,maxi,0.008683513513513513,0.002002972972972973,1.776905311778291,1.1477146258635837
57189.499988,maxi,0.015375405405405405,0.0021372972972972973,0.36741990191135354,0.16510706529319064
57190.499988,maxi,0.018607297297297296,0.002482972972972973,1.445531790213888,0.4788257452512811
57191.499988,maxi,0.012357297297297296,0.0023043243243243243,0.6121315017749653,0.2522838057807227
57193.499988,maxi,0.019667297297297298,0.005222162162162162,1.3427098887336832,0.7817527554532817
57194.499988,maxi,0.012499459459459458,0.0038564864864864866,1.503096712720343,1.2661823006932986
57195.499988,maxi,0.05575972972972973,0.003581351351351351,0.6526602610067403,0.0949607039575732
57196.499988,maxi,0.03279216216216216,0.004064324324324324,0.4025019061526731,0.10422438934279592
57197.499988,maxi,0.031629459459459455,0.0035108108108108105,0.38710062626048186,0.09126198320018725
57198.499988,maxi,0.029504864864864862,0.003194324324324324,0.5003891297787518,0.1127039058214468
57199.499988,maxi,0.03289405405405405,0.003031081081081081,0.513865034277242,0.09934265385285491
57200.499988,maxi,0.026557027027027027,0.002683243243243243,0.5464968674501454,0.12065959551313891
57201.499988,maxi,0.02345405405405405,0.00246,0.42525066502967057,0.10247824224833205
57202.499988,maxi,0.02381081081081081,0.0023256756756756757,0.5600726832222895,0.12414328122786289
57203.499988,maxi,0.02493972972972973,0.002262972972972973,0.5674296868068495,0.11213662075107128
57204.499977,maxi,0.016838918918918918,0.002077297297297297,1.1392496765847349,0.3446718329597169
57205.499977,maxi,0.020451891891891893,0.0021813513513513514,0.5788103110278843,0.14209221097633742
57206.499977,maxi,0.024316216216216213,0.0023840540540540542,0.5936138964853641,0.13568837827619826
57207.499977,maxi,0.020749999999999998,0.0023521621621621623,0.8863518422418267,0.2277693175800859
57208.0,bat,0.010907863636363637,0.004611681818181819,,
57208.499977,maxi,0.018772162162162164,0.0023786486486486484,0.6187029343027786,0.17782225284070088
57209.499977,maxi,0.023327837837837838,0.002716216216216216,0.43018876236206255,0.11822765914042034
57210.499977,maxi,0.028547567567567565,0.0028718918918918916,0.834,0.21565202289326954
57211.499977,maxi,0.024185405405405404,0.003319459459459459,0.6880040181934872,0.22045336789071526
57212.499977,maxi,0.018607837837837836,0.003763243243243243,1.6493338580021364,0.8880827600392462
57213.499977,maxi,0.02329918918918919,0.005402702702702703,0.8022295623451693,0.3969265295603301
57214.499977,maxi,0.018379999999999997,0.007492972972972973,0.4569690242749378,0.32343272004209156
57218.499977,maxi,0.025239189189189187,0.006963783783783784,0.4745736672299893,0.425654617693669
57219.499977,maxi,0.012176486486486487,0.0054281081081081085,0.17472668176893527,0.405562000688039
57223.499977,maxi,0.019567837837837835,0.002858108108108108,1.4833728363140128,0.6631672472309368
57224.499977,maxi,0.006335675675675676,0.002434324324324324,3.7172774869109944,6.302500347574016
57225.499977,maxi,0.0059713513513513505,0.002331891891891892,0.6199549766843544,0.39753695731421573
57226.499977,maxi,0.008541621621621621,0.003297027027027027,0.4533162799196053,0.38563848658168054
57230.499977,maxi,0.007680810810810811,0.0022389189189189187,0.5132294757665677,0.5309918364790177
57231.499977,maxi,0.010552702702702704,0.002402162162162162,1.5694882831181252,0.7748198522246336
57233.499977,maxi,0.011578918918918917,0.002249189189189189,0.8576339343624336,0.3507900308543479
57234.499977,maxi,0.007642162162162161,0.002144054054054054,3.8992740471869327,7.168248559378696
57241.499977,maxi,0.018064594594594592,0.002942162162162162,38.25531914893617,318.6631027300709
57244.499977,maxi,0.04332432432432432,0.006898648648648648,18.677040516735172,101.32739393574658
57245.499977,maxi,0.04250351351351351,0.0033164864864864865,1.6796284774686694,0.48388484428469053
57246.499977,maxi,0.04864216216216216,0.0038508108108108105,0.9942790052300139,0.20953924759795145
57247.499977,maxi,0.04526783783783784,0.0041175675675675675,1.3818425326988288,0.35552664064570116
57248.499977,maxi,0.013755675675675674,0.003012432432432432,2.6911725955204213,2.0921721370517656
57249.499977,maxi,0.018175945945945945,0.002502972972972973,1.3281437845635968,0.46552131884541376
57250.499977,maxi,0.007597027027027027,0.002408108108108108,0.3968275957608921,0.3064708482098096
57251.499977,maxi,0.01110054054054054,0.002249189189189189,1.4117903549315425,0.6381093385538157
57252.499977,maxi,0.011295675675675675,0.002278108108108108,0.27082225295181367,0.19796158587799095
57253.499977,maxi,0.00933918918918919,0.0022267567567567565,0.5123744619799139,0.3859308532265612
57255.499977,maxi,0.021322972972972972,0.002204864864864865,1.0013357079252003,0.2558858704490484
57256.499977,maxi,0.018786756756756756,0.0022229729729729727,1.9182374541003673,0.6968472194379969
57257.499977,maxi,0.012102432432432432,0.002206216216216216,0.8317330488383119,0.3087678037169238
57258.499977,maxi,0.011899459459459458,0.0021848648648648645,1.317944397641112,0.5835604995859168
57259.499977,maxi,0.014284324324324324,0.0024408108108108107,0.8909998914341548,0.325973625192174
57260.499977,maxi,0.0176827027027027,0.00249,1.1939648038837092,0.39495488348724506
57261.499977,maxi,0.01744972972972973,0.002531351351351351,1.0849056603773584,0.3627673359555971
57262.499977,maxi,0.013526756756756757,0.002522162162162162,0.4971243556426533,0.20680606497221207
57263.499977,maxi,0.019985405405405405,0.002971891891891892,1.1146416320635495,0.468585350508707
57264.499977,maxi,0.013981621621621622,0.0036624324324324325,1.4275855806773812,1.0545362025842702
57265.499977,maxi,0.01184027027027027,0.005711351351351352,-2.761381172839506,-5.0681245861559265
57266.499977,maxi,0.014754054054054054,0.0046335135135135135,0.5559117812852312,0.3467505494284896
57267.499977,maxi,0.02153054054054054,0.004804324324324324,1.2241538107299104,0.7999689529735948
57268.499977,maxi,0.04730810810810811,0.0038389189189189186,0.5448095550718127,0.09752480149603439
57270.499977,maxi,0.03205432432432432,0.0033135135135135135,0.49923517081185204,0.10368823691822204
57271.499977,maxi,0.03273054054054054,0.0031275675675675675,0.47159979155810317,0.09658598931707185
57272.499977,maxi,0.03307405405405405,0.002836756756756757,0.40069980318035553,0.08457905945338343
57273.499977,maxi,0.026656486486486483,0.002737297297297297,0.5535028081584392,0.11547669045425644
57274.499977,maxi,0.029316756756756754,0.002461081081081081,0.6801415797317436,0.12396132155001995
57275.499977,maxi,0.02506324324324324,0.002432972972972973,0.7928104402149456,0.16770132491589188
57276.499977,maxi,0.023242702702702702,0.0023005405405405405,0.554270115689588,0.12675713580379072
57277.499977,maxi,0.022965135135135137,0.002363243243243243,0.8525659111570897,0.19580029607742308
57278.499977,maxi,0.022194864864864865,0.002251081081081081,0.7587203982284689,0.19645825606836806
57279.499977,maxi,0.014864594594594594,0.002235135135135135,0.6879343337697653,0.2592530312789609
57280.499977,maxi,0.022487297297297294,0.002495945945945946,0.969711073717375,0.2521122791778642
57281.499977,maxi,0.025460810810810808,0.002622972972972973,0.8285125277513479,0.21151686308399426
57282.499977,maxi,0.01877,0.0028416216216216217,0.8339191564147628,0.2803595803597521
57283.499977,maxi,0.021535405405405404,0.0029527027027027026,0.6576530303945858,0.20386823470945462
57284.499977,maxi,0.023058108108108107,0.004231351351351351,1.6151140536905808,0.861752376732025
57285.499977,maxi,0.02751810810810811,0.006455675675675675,1.0881269926804078,0.45017131414199507
57286.499977,maxi,0.026968108108108107,0.012018648648648649,0.4015180789401049,0.334121823961071
57290.499977,maxi,0.01672162162162162,0.005797837837837837,inf,
57291.499977,maxi,0.01168972972972973,0.005247297297297298,3.278182904961148,3.803002132641885
57292.499977,maxi,0.01175162162162162,0.005166216216216216,1.363098574008344,1.0838425515471237
57294.499977,maxi,0.04012162162162162,0.009348918918918918,1.9769730209299512,1.4535794886778315
57295.499977,maxi,0.0295327027027027,0.0032556756756756755,1.4222982342608856,0.4540915594014862
57297.499977,maxi,0.006203513513513514,0.0028848648648648646,0.9937613201851477,1.4203024837705216
57301.499977,maxi,0.009864054054054053,0.00234,1.24628854206319,0.6614265522159997
57302.499977,maxi,0.005121891891891891,0.0022229729729729727,1.0482131528864453,1.227380622858392
57303.0,bat,0.01700390909090909,0.0060255000000000005,,
57305.499977,maxi,0.009426756756756756,0.0022467567567567566,0.9532175094632631,0.5384296655990947
57306.499977,maxi,0.007092162162162162,0.0021635135135135136,0.9118955512572533,0.5202424923201467
57307.499977,maxi,0.00893108108108108,0.0022718918918918918,0.43758790436005623,0.3702327809014777
57308.499977,maxi,0.009645405405405405,0.002205135135135135,0.6249193784813838,0.2813272104959355
57309.499977,maxi,0.005738378378378379,0.00216054054054054,2.289966641005902,2.5199387675198492
57310.499977,maxi,0.009845135135135135,0.002378108108108108,2.739811912225705,2.325071813397087
57312.499977,maxi,0.053480540540540536,0.009924324324324324,3.509662192063726,2.6366982920556055
57316.499977,maxi,0.06417243243243244,0.012487567567567567,1.0874350916698876,0.5716962221429812
57317.499977,maxi,0.03661567567567567,0.0031262162162162157,1.1287550325178073,0.30516138112293933
57318.499977,maxi,0.04118027027027027,0.003979729729729729,1.11788523293154,0.26103155275920586
57319.499977,maxi,0.03135621621621621,0.005158918918918919,0.823529411764706,0.32141900564603476
57320.499977,maxi,0.02715027027027027,0.0029097297297297296,1.117897123423551,0.3487983772685229
57321.499977,maxi,0.014147027027027026,0.002581351351351351,1.3677449311252128,0.6120173954283431
57322.499977,maxi,0.013099729729729729,0.0023624324324324326,0.9480056389418691,0.474943103957712
57323.499977,maxi,0.01305027027027027,0.0024086486486486485,1.291670066084686,0.5904810209646383
57324.0,bat,0.015310545454545455,0.005037000000000001,,
57324.499977,maxi,0.012179189189189189,0.0022886486486486486,1.33609852048234,0.6056224092186062
57325.499977,maxi,0.007607297297297297,0.002164864864864865,1.864311867327159,1.7461217222782353
57327.499977,maxi,0.02000432432432432,0.0022375675675675674,0.9991244527829893,0.24703667807170754
57328.499977,maxi,0.016947297297297294,0.002199459459459459,1.3317037942336538,0.3881600436418056
57329.499977,maxi,0.011592162162162162,0.00218,6.986972917380871,9.206802773825187
57330.499977,maxi,0.01191081081081081,0.0022027027027027024,1.408082941345877,0.6592380978093503
57331.499977,maxi,0.013679189189189188,0.0022935135135135135,1.509398951189996,0.6339526363955728
57332.499977,maxi,0.012187297297297298,0.002275945945945946,1.50648169206277,0.8301247707229881
57333.499977,maxi,0.017873243243243242,0.002536756756756757,0.741505589514841,0.29924596564299144
57334.499977,maxi,0.015552702702702701,0.002594324324324324,1.4720102950638847,0.7504804029444605
57335.499977,maxi,0.013583243243243242,0.0027386486486486485,0.9490616621983914,0.4025405923791272
57336.499977,maxi,0.021706216216216215,0.003222702702702703,1.119480892634805,0.4211474053784101
57337.499977,maxi,0.017648378378378377,0.006587027027027027,0.5356498703641077,0.3770778203653514
57338.499977,maxi,0.024904324324324326,0.003922972972972972,0.6115381869243401,0.20388492164014452
57339.499977,maxi,0.014726486486486487,0.004693513513513513,0.373607799342006,0.26615183706229995
57340.499977,maxi,0.04894837837837837,0.0041908108108108105,0.586319105079093,0.11147082162057317
57341.499977,maxi,0.032995945945945945,0.00354027027027027,0.3692679566075411,0.0806224012620658
57342.499977,maxi,0.03186918918918919,0.0034775675675675676,0.5032290985632505,0.11729375870290822
57343.499977,maxi,0.04240486486486487,0.00339027027027027,0.3876975334550175,0.06662490302594194
57344.499977,maxi,0.02704405405405405,0.00294027027027027,0.29187782866744355,0.07232660697414985
57345.499977,maxi,0.02745189189189189,0.002845135135135135,0.4194773966014748,0.09239775826020262
57346.499977,maxi,0.02636216216216216,0.0025675675675675674,0.5134848639282438,0.1108608301172926
57347.499977,maxi,0.02957945945945946,0.0025845945945945944,0.6688624327045126,0.13472928521703711
57348.499977,maxi,0.02193081081081081,0.0024024324324324322,0.5848901098901098,0.14858911331155303
57349.499977,maxi,0.022045405405405404,0.002394864864864865,0.5593379773224182,0.13504851358749817
57350.499977,maxi,0.026749999999999996,0.0024032432432432435,0.9363084922010398,0.20337651805916154
57351.499977,maxi,0.024717297297297294,0.0024505405405405405,1.026661287956579,0.26662622143977366
57352.499977,maxi,0.022332162162162158,0.002465675675675675,0.6435630197645533,0.1548963590909695
57353.499977,maxi,0.02313243243243243,0.002541351351351351,0.7191989266664486,0.19835559145255147
57354.499977,maxi,0.023667027027027023,0.002925945945945946,1.1221424774056354,0.39105228768170525
57355.499977,maxi,0.02842351351351351,0.003015135135135135,0.6544841097083152,0.15173015579472648
57356.499977,maxi,0.01995783783783784,0.003795945945945946,0.4288630960704796,0.20519424568942116
57357.499977,maxi,0.026375945945945944,0.005032972972972972,0.3371017288184026,0.16414744162416978
57358.499977,maxi,0.02216108108108108,0.0064848648648648645,2.182134646962233,2.268029360202264
57359.499977,maxi,0.022434594594594594,0.007905675675675674,0.10704485488126647,0.16218652909148912
57362.499977,maxi,0.022264054054054055,0.009378648648648649,0.8690849134377576,0.8859089978702741
57363.499977,maxi,0.01921189189189189,0.005068108108108108,1.5955115126785193,1.0790030359735165
57386.499977,maxi,0.017733513513513516,0.002929189189189189,0.9019862054659543,0.3592777237646722
57387.499977,maxi,0.028345405405405404,0.0024210810810810814,1.241168774531182,0.33700467621901153
57388.499977,maxi,0.03171864864864865,0.0022567567567567566,0.7981310289389068,0.1702172705471382
57389.499977,maxi,0.03517891891891892,0.002665405405405405,0.7019719411023759,0.12934896371200327
57390.499977,maxi,0.04617162162162162,0.002424054054054054,1.2121305974964511,0.18210463534923935
57391.499977,maxi,0.04298216216216216,0.005702972972972973,0.948622318663683,0.30802406915987157
57392.499977,maxi,0.04153621621621621,0.003767027027027027,1.7379959362635011,0.484066005249494
57393.0,bat,0.1362480909090909,0.05416931818181819,,
57393.499977,maxi,0.012601351351351351,0.0029005405405405403,0.9587763221071405,0.49606565556584054
57394.499977,maxi,0.014126216216216216,0.002358378378378378,1.0413292738226338,0.4035902438304596
57395.499977,maxi,0.017316756756756757,0.0025805405405405404,0.8129778988163822,0.3140035617473134
57396.499977,maxi,0.008497027027027027,0.0021205405405405405,0.4647426056698393,0.39799804455499616
57397.499977,maxi,0.008480540540540541,0.0023008108108108108,2.3210135571336346,1.6905972416070032
57399.499977,maxi,0.016088648648648646,0.0027275675675675673,2.117497672056209,0.9413860584813609
57400.499977,maxi,0.018325405405405407,0.0021794594594594595,1.1621324035417717,0.29198478658981397
57401.499977,maxi,0.01010945945945946,0.002195405405405405,1.3406641549110665,0.6012026193297212
57402.499977,maxi,0.010008108108108107,0.0020994594594594593,1.1350566075543533,0.5813039051122441
57403.499977,maxi,0.011870810810810812,0.002206756756756757,1.6753968253968254,0.7350927840708843
57404.499977,maxi,0.010052702702702702,0.0022872972972972972,1.0532460771919387,0.4604363858043244
57405.499977,maxi,0.014367567567567567,0.0023748648648648646,0.7895850702238184,0.3419484909237328
57406.499977,maxi,0.015217567567567567,0.002585675675675676,2.321437242049041,1.4706564909345092
57407.499977,maxi,0.01705135135135135,0.0026256756756756756,1.1940209623630298,0.44230251956670297
57408.499977,maxi,0.016637027027027025,0.0030154054054054055,0.7175023815709709,0.2906957366044464
57409.499977,maxi,0.01807324324324324,0.006567837837837837,3.6830425680390784,5.492658198489885
57410.499977,maxi,0.014132972972972972,0.0036045945945945945,0.838132911392405,0.45494800242151895
57411.499977,maxi,0.027276216216216214,0.005374054054054053,0.5779283123533177,0.2208540908244919
57412.499977,maxi,0.04742837837837838,0.004904864864864865,0.3465154942628983,0.08444713765885212
57413.499977,maxi,0.036987027027027025,0.004250810810810811,0.6565255147848869,0.15441691018325365
57414.499977,maxi,0.0420427027027027,0.003951621621621621,0.35807730899708534,0.07277536146529179
57415.499977,maxi,0.028826216216216217,0.0034224324324324323,0.3799242105263158,0.10992731937712119
57416.499977,maxi,0.03561432432432432,0.0032745945945945945,0.4910485264094645,0.09345554270718588
57417.499977,maxi,0.035706486486486486,0.003084324324324324,0.5393114645825307,0.09633346399469257
57418.499977,maxi,0.030312432432432434,0.0027845945945945945,0.3445281499798723,0.07447696792900282
57419.499977,maxi,0.02581378378378378,0.002595945945945946,0.4357184297041191,0.1008154128474051
57420.499977,maxi,0.024937837837837838,0.0024859459459459455,0.5034212648312406,0.11928921806925494
57421.499977,maxi,0.023214594594594594,0.002408108108108108,0.7884517694869335,0.17748853020943856
57422.499977,maxi,0.029725405405405404,0.0026378378378378374,0.7983350732085976,0.18202743668217294
57423.499977,maxi,0.021404054054054055,0.0024386486486486485,1.0268920026540729,0.29077313919596426
57424.499977,maxi,0.023475945945945945,0.002672432432432432,0.5514369933677229,0.14383489180793288
57425.499977,maxi,0.02671108108108108,0.0027837837837837837,0.8098507968802984,0.20415982452405454
57426.499977,maxi,0.026964594594594594,0.0029767567567567563,0.921307081086256,0.2620047719927251
57427.499977,maxi,0.02416216216216216,0.0029786486486486482,0.38651825697554254,0.11925215629064766
57428.499977,maxi,0.028938378378378378,0.003947297297297297,0.5576598415653002,0.1826962429239197
57429.499977,maxi,0.02664216216216216,0.004942702702702702,0.47920807216022016,0.1920914565806018
57430.499977,maxi,0.021675135135135134,0.006251351351351351,0.49029208580778083,0.31531417320117877
57431.499977,maxi,0.014732162162162162,0.007252972972972972,0.49924273207491404,0.558527710684681
57435.499977,maxi,0.02927,0.008282702702702703,2.8378535676871146,4.037295780381439
57439.499977,maxi,0.027808378378378375,0.003874864864864865,1.0095344673231872,0.41524925334471074
57440.499977,maxi,0.009428918918918918,0.003173243243243243,0.5885204277910288,0.4854766602965603
57441.499977,maxi,0.009317297297297297,0.0028967567567567565,1.9898437500000004,1.342349917175591
57444.499977,maxi,0.008062432432432431,0.0023410810810810807,2.0210896309314585,1.6936185556660863
57445.499977,maxi,0.005967567567567567,0.00236,1.0078512396694217,0.6478021061541054
57446.499977,maxi,0.004714054054054053,0.002204054054054054,0.9154568744662682,0.6442107581161628
57447.499977,maxi,0.0046583783783783785,0.0022481081081081084,0.5005818258753835,0.47507743960734716
57449.499977,maxi,0.01010945945945946,0.0023732432432432434,2.0483530405405403,1.072455953789491
57450.499977,maxi,0.00599054054054054,0.00229,0.8936572592377073,0.7946689612180534
57451.499977,maxi,0.00818054054054054,0.0022070270270270267,1.0459250619623852,0.8586775059688477
57461.499977,maxi,0.04577189189189189,0.003637297297297297,1.4578748720573185,0.361541881725713
57462.499977,maxi,0.04615216216216216,0.0035329729729729727,1.0270561974145755,0.21929984587072163
57463.499977,maxi,0.013685135135135135,0.005361891891891892,0.8122235434007135,0.5350626915079788
57464.499977,maxi,0.01827135135135135,0.005741891891891892,1.4451089278086287,1.4523348119769395
57465.499977,maxi,0.01831810810810811,0.0031224324324324324,0.9168011294876968,0.3748488526221278
57466.499977,maxi,0.009707297297297296,0.004339999999999999,0.5085220729366603,0.3419090146086324
57467.499977,maxi,0.013900540540540539,0.0022913513513513513,0.7780098746676795,0.32491317507137335
57468.499977,maxi,0.008555135135135136,0.0021432432432432432,0.7076008599974706,0.30507686784469373
57469.499977,maxi,0.006969459459459459,0.002238378378378378,1.2745351847493527,0.8078233774349038
57470.499977,maxi,0.009436756756756757,0.002613243243243243,1.1904053225947648,0.6536753319132137
57471.499977,maxi,0.01209054054054054,0.003592972972972973,0.4198168295531379,0.3931339641502147
57472.499977,maxi,0.020896486486486485,0.0021243243243243243,2.0311070448307413,0.5969154156051445
57473.499977,maxi,0.011683513513513512,0.002197837837837838,1.442046556741028,0.5682851391228628
57474.499977,maxi,0.009653513513513514,0.0021078378378378377,0.8393930918752622,0.3561548299611766
57475.499977,maxi,0.010698378378378379,0.002633513513513513,1.1327825760420578,0.5591734174486264
57476.499977,maxi,0.011774864864864865,0.002233243243243243,0.6711981873917099,0.3206745401824873
57477.499977,maxi,0.009641891891891892,0.002341891891891892,0.9638123290553334,0.42180909042147935
57478.499977,maxi,0.01755864864864865,0.002520810810810811,0.7940176415512739,0.2812214517012574
57479.499977,maxi,0.013807567567567567,0.0025210810810810808,0.7116557850797388,0.2951269638653352
57480.499977,maxi,0.013135675675675675,0.003201351351351351,5.61063829787234,10.844949129321988
57482.499977,maxi,0.018164054054054055,0.00394027027027027,0.43033556400751044,0.18432024335451738
57483.499977,maxi,0.0176854054054054,0.004652162162162162,0.6193471337579618,0.38779619087740164
57484.499977,maxi,0.055636216216216214,0.004054054054054053,0.4106401290117732,0.06783963614492187
57485.499977,maxi,0.03716135135135135,0.004305405405405405,0.2921744030428964,0.06940951747875594
57486.499977,maxi,0.0374954054054054,0.0036356756756756757,0.2684230695535543,0.060088103911559256
57487.499977,maxi,0.034036756756756756,0.003917567567567567,0.4723823859577508,0.10792672293935937
57488.499977,maxi,0.034388108108108106,0.003361351351351351,0.3588290583155113,0.08587007928495723
57489.499977,maxi,0.03770945945945946,0.0032467567567567566,0.3666185199395156,0.07116883017271149
57490.499977,maxi,0.029,0.002753243243243243,0.5354416575790621,0.114703096427905
57491.499977,maxi,0.0345572972972973,0.002871351351351351,0.565850658506585,0.09975014676510849
57492.499977,maxi,0.027064594594594593,0.0026005405405405404,0.5052746036893612,0.10684611484011185
57493.499977,maxi,0.029467837837837838,0.0027086486486486484,0.5644071965039066,0.11597777431223061
57494.499977,maxi,0.023888918918918915,0.0024032432432432435,0.4966164929885501,0.12668223725423863
57495.499977,maxi,0.021254324324324322,0.0024916216216216217,0.8063439065108514,0.24004409102144836
57496.499977,maxi,0.0207427027027027,0.002446216216216216,1.8215650030807147,0.6442148780856268
57497.499977,maxi,0.024774054054054053,0.0027140540540540542,0.7842316258351893,0.2007505298088932
57498.499977,maxi,0.023782972972972972,0.0029397297297297296,0.9621187903586728,0.2668471930913482
57499.499977,maxi,0.01930972972972973,0.0030113513513513514,0.45401547036742124,0.1660651588048876
57500.499977,maxi,0.02231189189189189,0.0036186486486486486,0.7160728320670684,0.27804445004679934
57501.499977,maxi,0.0259227027027027,0.00507945945945946,1.4542945153418412,0.7270194105098694
57502.499977,maxi,0.01603891891891892,0.0054424324324324315,0.813729653220099,0.49614812990413826
57507.499977,maxi,0.03520135135135135,0.008619459459459458,1.6379667672617533,1.0804331024900822
57511.499977,maxi,0.030388648648648646,0.003524324324324324,1.1692980873330927,0.4248828603530748
57512.499977,maxi,0.007983243243243242,0.003088108108108108,3.3847536857245593,6.390537750550232
57513.499977,maxi,0.01007135135135135,0.002779189189189189,0.7647346838851826,0.3806435875612542
57514.499977,maxi,0.0076786486486486475,0.002622162162162162,2.0086545118855295,1.248661474509368
57516.499977,maxi,0.0053089189189189185,0.002284054054054054,3.529368029739777,10.895736484540478
57517.499977,maxi,0.0075275675675675665,0.002455405405405405,1.4254993996288614,0.8662893837324923
57519.499977,maxi,0.009789999999999998,0.0023243243243243243,0.4401560375908741,0.2575789277725381
57520.499977,maxi,0.007975405405405405,0.003538108108108108,0.6727846621463641,0.8575872624180136
57521.499977,maxi,0.006531621621621622,0.002564324324324324,0.6027005210244367,0.39585468902617027
57522.499977,maxi,0.008971891891891893,0.0022056756756756754,2.2285714285714286,1.5206480901339998
57523.499977,maxi,0.008129459459459459,0.0022986486486486486,0.9724856417790838,0.758131368491571
57524.499977,maxi,0.0075829729729729725,0.0021562162162162162,0.7094334944836991,0.5796940078804018
57525.499977,maxi,0.005100270270270269,0.0020608108108108106,1.7389455782312926,1.5570577830067573
57526.499977,maxi,0.004378918918918919,0.002111081081081081,2.2349808265871323,2.1832282567487673
57527.499977,maxi,0.006226216216216216,0.0029886486486486487,0.6858434353811382,1.2367652372926659
57530.499977,maxi,0.033197837837837835,0.004208918918918919,2.628373168851195,1.4550223746729305
57538.499977,maxi,0.009092432432432431,0.0031156756756756756,1.0480838756326827,0.7227153614612518
57539.499977,maxi,0.008580270270270269,0.0022978378378378374,0.6170931916948335,0.37209803427366395
57540.499977,maxi,0.013836486486486485,0.0021770270270270267,4.023129818712231,3.097184073281091
57541.499977,maxi,0.011466756756756756,0.002315945945945946,0.5847629144178874,0.24064178649121573
57542.499977,maxi,0.009947837837837837,0.0024805405405405405,1.066894993806019,0.49119058433641083
57543.499977,maxi,0.009907297297297297,0.003883783783783784,1.0639663335086798,0.581099208600699
57544.499977,maxi,0.02144081081081081,0.0021521621621621617,1.4142347600518808,0.36621958261110643
57545.499977,maxi,0.010622702702702701,0.002299189189189189,1.186835012058448,0.4764251657768407
57546.499977,maxi,0.011842432432432432,0.002118918918918919,1.466418604651163,0.6416647711249921
57547.499977,maxi,0.008544864864864865,0.002201351351351351,1.022918435064434,0.46897972631811347
57548.499977,maxi,0.014614324324324324,0.0022586486486486485,1.3246382718565315,0.47327581708945327
57549.499977,maxi,0.012053783783783783,0.002404324324324324,1.350597254412551,0.6364981202316706
57550.499977,maxi,0.012214054054054055,0.002335405405405405,1.059615844424962,0.5057265098440307
57551.499977,maxi,0.017117297297297298,0.002606216216216216,1.3352700186219741,0.5889467334025826
57552.499977,maxi,0.01589972972972973,0.0030345945945945943,0.3232808436867957,0.18295218971897798
57554.499977,maxi,0.019514594594594595,0.00396081081081081,0.30057405281285876,0.15746258316455763
57555.499977,maxi,0.02443189189189189,0.005329189189189188,0.6917158585925582,0.3892652406186179
57556.499977,maxi,0.05222243243243243,0.004532972972972973,0.5667950448226297,0.11240119873909166
57557.499977,maxi,0.03555648648648649,0.003774864864864865,0.45596991925044683,0.09895863739894495
57558.499977,maxi,0.03457,0.0037156756756756754,0.36741102174699714,0.08478481321542851
57559.499977,maxi,0.03480081081081081,0.003497567567567567,0.35371978769136286,0.07349167514757801
57560.499977,maxi,0.03395108108108108,0.003201351351351351,0.37132547319445913,0.0809414920102407
57561.499977,maxi,0.02709027027027027,0.0029994594594594595,0.38331372878507813,0.09549117860826181
57562.499977,maxi,0.022775675675675674,0.002516486486486486,0.3995563699488861,0.09615327087297813
57563.499977,maxi,0.024726486486486485,0.0024118918918918917,0.49257110513655017,0.10527983886736614
57564.499977,maxi,0.02382162162162162,0.0023402702702702703,0.5359509646484065,0.11625733248955188
57565.499977,maxi,0.022039729729729726,0.002324864864864865,0.42234890660490804,0.1019814894813762
57566.499977,maxi,0.017625675675675672,0.0021718918918918915,0.7357331337875626,0.21016550541199236
57567.499977,maxi,0.019278108108108108,0.0023427027027027028,0.5046172725878203,0.14838036487894482
57568.499977,maxi,0.017187297297297295,0.0023094594594594594,1.2810850172947388,0.4879734220078826
57569.499977,maxi,0.01341027027027027,0.002039459459459459,0.7507531106745252,0.31117514866039014
57570.499977,maxi,0.014941621621621621,0.0022162162162162164,1.470009907781419,0.6090420322096363
57571.499977,maxi,0.02027945945945946,0.0029316216216216215,0.45565773479203003,0.15364653272253292
57572.499977,maxi,0.026137567567567566,0.004129189189189189,0.6796120894274025,0.22407701849405134
57573.499977,maxi,0.022936486486486485,0.004402162162162162,0.41545309887807924,0.1731729698916474
57574.499977,maxi,0.024508648648648646,0.005642702702702703,0.6456337742638488,0.32701097271284263
57579.499977,maxi,0.02997864864864865,0.007875405405405406,1.213243508581875,0.8006484902542593
57583.499977,maxi,0.020041081081081078,0.0037008108108108105,0.5058812399482829,0.22662876978664714
57584.499977,maxi,0.012646486486486487,0.0029048648648648647,0.7629940571644185,0.3159414074832777
57585.0,bat,0.020142363636363635,0.009824181818181819,,
57588.499977,maxi,0.0070905405405405405,0.0027135135135135133,0.7825463484584656,0.6418536588920615
57589.499977,maxi,0.006870810810810811,0.0023627027027027024,0.7078551642263553,0.4981516216248915
57592.499977,maxi,0.007110270270270271,0.002598918918918919,1.419463087248322,1.7524149446681747
57593.499977,maxi,0.008287837837837838,0.0033905405405405403,0.7863071609011703,0.4299478967845801
57594.499977,maxi,0.011504594594594594,0.002303243243243243,1.2514457552625493,0.5226011945743397
57596.499977,maxi,0.006452972972972973,0.002226216216216216,1.2691269126912692,1.002353209893818
57597.499977,maxi,0.007332162162162162,0.0021408108108108104,0.6915246973106183,0.4924296300321171
57598.499977,maxi,0.009172702702702701,0.0029886486486486487,1.0282804651482833,0.5658407204158646
57601.499977,maxi,0.01683243243243243,0.0027805405405405405,1.5945258568487344,0.552794126195404
57602.499977,maxi,0.011533243243243244,0.0031467567567567568,1.075656605252842,0.7452545186269373
57605.499977,maxi,0.04075378378378378,0.0049724324324324325,1.4928206764518188,0.5975623685666868
57606.499977,maxi,0.04081837837837837,0.0034037837837837836,0.9103245591617685,0.2054630830188124
57607.499977,maxi,0.05300189189189189,0.0042121621621621615,0.7759510227809469,0.16744289483084274
57608.499977,maxi,0.04268216216216216,0.0031486486486486487,1.5921829835365087,0.32801290495292024
57609.499977,maxi,0.015998378378378378,0.0028456756756756758,1.262488646684832,0.5731472760965666
57610.499977,maxi,0.015116216216216215,0.0025475675675675677,1.337138142061473,0.5438341425732444
57611.499977,maxi,0.013124324324324324,0.0023845945945945943,0.6399714674794111,0.3237633526739504
57612.499977,maxi,0.01559162162162162,0.002235945945945946,1.8663931501962183,0.7526130265470375
57613.499977,maxi,0.009866216216216216,0.002238108108108108,1.0233585858585859,0.47705723224451735
57614.499977,maxi,0.010303513513513511,0.002452972972972973,0.5709470845972362,0.3921958140651835
57615.499977,maxi,0.009905135135135135,0.004587027027027027,1.1492157018870928,1.0196738311116251
57616.499977,maxi,0.0225427027027027,0.0021745945945945942,1.3009570552147238,0.3172336715160778
57617.499977,maxi,0.01303027027027027,0.0022213513513513515,1.0636169185123852,0.41369880604781945
57618.499977,maxi,0.014856216216216217,0.0022005405405405402,1.0000508052634254,0.29623897791447545
57619.499977,maxi,0.011871621621621621,0.00226,1.7080604833908797,0.9459495134874334
57620.499977,maxi,0.012295945945945946,0.002312162162162162,1.4210756449497157,0.648101936157822
57621.499977,maxi,0.012283243243243243,0.0023686486486486484,0.9107842507547049,0.38243939413976363
57622.499977,maxi,0.01814972972972973,0.002608918918918919,2.2313786008230454,1.1317737464682598
57623.499977,maxi,0.018655135135135135,0.00276027027027027,1.5106350065743677,0.6707705486410941
57624.499977,maxi,0.016616486486486486,0.002905135135135135,0.940091706539075,0.3590758727461337
57625.499977,maxi,0.009152432432432432,0.004312162162162162,4.808757819481681,33.553732741879124
57626.499977,maxi,0.021158918918918915,0.005367567567567567,0.5374726936649302,0.2907071585006709
57627.499977,maxi,0.0177672972972973,0.005131351351351351,0.5161342850164193,0.2870770840036889
57628.499977,maxi,0.04813378378378378,0.005308378378378378,0.3730482716172305,0.09266169267171628
57629.499977,maxi,0.05030486486486486,0.004315405405405405,0.3616794078388545,0.06796771671686937
57630.499977,maxi,0.03708054054054054,0.003901621621621621,0.3257198458524844,0.08971155001520416
57631.499977,maxi,0.03378432432432432,0.0038062162162162162,0.3215043218464205,0.07999011612620963
57632.499977,maxi,0.02730297297297297,0.003522162162162162,0.14840639912963927,0.06674486773152027
57633.499977,maxi,0.03443405405405405,0.0033624324324324326,0.40076523794117236,0.09103174250532871
57634.499977,maxi,0.026569729729729732,0.0028602702702702704,0.44495067201710276,0.10352292815782103
57635.499977,maxi,0.02902297297297297,0.0027505405405405404,0.9614184106841324,0.20589343682942599
57636.499977,maxi,0.02723972972972973,0.0027102702702702704,0.7113916395797113,0.16703535202394576
57637.499977,maxi,0.02653027027027027,0.0025548648648648646,0.4809054218702406,0.10199802203793433
57638.499977,maxi,0.026376216216216216,0.002642162162162162,0.855684179281686,0.20770052847128223
57639.499977,maxi,0.02444378378378378,0.002577297297297297,0.8980818044532982,0.22787772036070053
57640.499977,maxi,0.028745405405405402,0.002742702702702703,0.6728019573073556,0.14588663593347984
57641.499977,maxi,0.02776054054054054,0.002817027027027027,0.6420787062886449,0.13768918167766808
57642.499977,maxi,0.023868108108108108,0.0029654054054054054,0.5925358757131919,0.16468567793565003
57643.499977,maxi,0.028582702702702703,0.0031248648648648644,0.8929011802008102,0.247286049858024
57644.499977,maxi,0.02306243243243243,0.003358648648648649,0.6664751706229749,0.18742931745352528
57645.499977,maxi,0.023317567567567567,0.0038108108108108104,0.501084822812274,0.17009878754414415
57646.499977,maxi,0.03373837837837838,0.005794864864864865,0.6443175680888821,0.255995658304206
57647.499977,maxi,0.03228081081081081,0.006774324324324324,0.25692170761944116,0.1779738918103727
57648.0,bat,0.015581636363636363,0.005376045454545454,,
57648.499977,maxi,0.02400972972972973,0.007802972972972973,0.8125270914607715,0.6257137856655047
57652.499977,maxi,0.026395945945945944,0.007235135135135134,0.5214472606179137,0.38236823225988387
57655.499977,maxi,0.030098648648648647,0.0067599999999999995,0.896366158113731,0.47855389031132656
57656.499977,maxi,0.031664324324324325,0.0043797297297297295,2.0755555555555554,0.9840151982835459
57657.499977,maxi,0.015966486486486485,0.003224054054054054,1.0180154281059843,0.40457243299894946
57658.499977,maxi,0.011238108108108108,0.00275027027027027,0.8798038905582792,0.3684979877499212
57662.499977,maxi,0.007352162162162162,0.0023083783783783784,1.3479559262691794,0.7451421357584965
57663.499977,maxi,0.006951891891891891,0.002355945945945946,0.9600482932718692,0.6474970146797889
57664.499977,maxi,0.007033783783783784,0.0025705405405405403,1.1169832881017,0.9902961703535949
57666.499977,maxi,0.010912432432432433,0.0021929729729729727,1.1706115965051627,0.49770823173725215
57667.499977,maxi,0.008285135135135135,0.0022264864864864867,0.6360864040660738,0.40063572741712344
57668.499977,maxi,0.008483243243243243,0.0023205405405405406,1.6800274066461118,1.3717317288515491
57670.499977,maxi,0.00829108108108108,0.002224324324324324,0.366948305623694,0.3491040160921041
57671.499977,maxi,0.006538648648648648,0.0021583783783783784,7.981245311327831,20.993653987396367
57672.499977,maxi,0.013154324324324323,0.005116756756756757,0.7606710885680843,0.8401808612200384
57673.499977,maxi,0.08420513513513513,0.008795945945945944,1.6141982308913585,0.6026028034075096
57677.499977,maxi,0.05370810810810811,0.007023783783783784,2.112370663420572,1.0961843511132203
57678.0,bat,0.011404363636363638,0.005204227272727273,,
57678.499977,maxi,0.04131756756756757,0.0031735135135135136,0.9626130490956074,0.20320715196561595
57679.499977,maxi,0.046401891891891894,0.00416027027027027,1.429485978389857,0.38135659785588405
57680.499977,maxi,0.04208459459459459,0.005378378378378379,0.7391820113314448,0.20691605406686614
57681.499977,maxi,0.02676,0.0029656756756756756,1.054040179335364,0.27561945972197327
57682.499977,maxi,0.018717567567567567,0.0027705405405405404,0.7220854147611342,0.22365815431155814
57683.499977,maxi,0.011017027027027027,0.0023759459459459457,1.1502521648111144,0.6153496497801149
57684.499977,maxi,0.011161891891891892,0.00229,0.9113617440012111,0.4302915192023594
57685.499977,maxi,0.009345405405405405,0.0022513513513513516,0.7366240696531386,0.3651867084564142
57686.499977,maxi,0.008127567567567568,0.0022348648648648647,0.8444601644707754,0.4744712951560252
57688.499977,maxi,0.02188135135135135,0.0021597297297297298,0.9894432147113912,0.2394846752771773
57689.499977,maxi,0.015614324324324323,0.002258108108108108,2.2780366573470023,1.0142206038108568
57690.499977,maxi,0.011452972972972972,0.0021113513513513513,2.2186834256497656,0.9849685155812645
57691.499977,maxi,0.009395405405405406,0.0019448648648648648,0.8350581230507513,0.3456710378747054
57692.499977,maxi,0.010843243243243244,0.0019502702702702702,0.8339121978327313,0.3333280235612247
57693.499977,maxi,0.011392432432432433,0.002322972972972973,0.7555945590171127,0.2997896188622363
57694.499977,maxi,0.010920540540540539,0.0021229729729729725,0.7709317303563761,0.3457052239450636
57695.499977,maxi,0.014884324324324325,0.0022554054054054052,0.6531616134513907,0.21946269844750893
57696.499977,maxi,0.012375675675675674,0.002340810810810811,0.7510548523206751,0.4091846917060166
57697.499977,maxi,0.01136972972972973,0.003081351351351351,0.6999260060333542,0.39576441679669666
57698.0,bat,0.012561454545454546,0.006030772727272727,,
57699.499977,maxi,0.014251621621621621,0.0037972972972972973,1.0255616486821155,0.48344650383685633
57701.499977,maxi,0.039512162162162155,0.0034683783783783784,0.386128409788615,0.07561168405406586
57702.499977,maxi,0.032827297297297296,0.003976216216216216,0.3187883870649466,0.09102590943040721
57703.499977,maxi,0.03807216216216216,0.0037456756756756755,0.2442898768681267,0.05940153456777578
57704.499977,maxi,0.034771081081081075,0.0035232432432432434,0.4570940006261891,0.09128517150520003
57705.499977,maxi,0.02945243243243243,0.0031124324324324324,0.3213084061431595,0.07784390663463313
57706.499977,maxi,0.028548378378378376,0.002916216216216216,0.5373267923229194,0.11302581294819122
57707.499977,maxi,0.029404324324324323,0.00291027027027027,0.39085817875756695,0.08953345633255569
57708.499977,maxi,0.022503243243243244,0.002536486486486486,0.32954943447537033,0.09400085970059904
57709.499977,maxi,0.024488378378378375,0.002646216216216216,0.6332326439986575,0.16100002988134496
57710.499977,maxi,0.024198378378378377,0.0025494594594594596,0.6969317143230186,0.1652366477425404
57711.0,bat,0.050935772727272725,0.025172772727272728,,
57711.499977,maxi,0.021105675675675672,0.0024897297297297293,0.7948428913625476,0.21906462328530932
57712.499977,maxi,0.026426486486486486,0.0025710810810810813,0.48005902279859514,0.10802840893981873
57713.499977,maxi,0.023773513513513513,0.0029818918918918915,0.5832330422758815,0.16918338157404395
57714.499977,maxi,0.022749189189189188,0.002895945945945946,0.7885699218878744,0.24378383967323858
57715.499977,maxi,0.026855675675675674,0.003175135135135135,0.65595996146526,0.17483219165463582
57716.499977,maxi,0.028413243243243243,0.003518918918918919,0.6337324240876074,0.1808301755760518
57717.499977,maxi,0.02678216216216216,0.004512702702702703,0.6354933541043745,0.26490385943886685
57718.499977,maxi,0.02674945945945946,0.00626027027027027,0.5855211820676115,0.34863455446607866
57719.499977,maxi,0.032499729729729726,0.0066183783783783775,0.28413081075415336,0.14837287417291814
57720.499977,maxi,0.03658675675675675,0.009627837837837838,0.46803979224490927,0.26674248418889585
57723.499977,maxi,0.03526675675675675,0.008086756756756757,0.5494047619047618,0.3085974830510909
57725.499977,maxi,0.023165405405405404,0.005444054054054054,1.8941355211182012,1.3354747173064645
57727.499977,maxi,0.04968432432432432,0.0062475675675675675,1.9858431644691188,0.8500793309083206
57728.499977,maxi,0.09565135135135135,0.01757162162162162,2.940627251934705,2.2596462528212276
57750.499977,maxi,0.02272108108108108,0.0033289189189189185,0.8333840999086202,0.36644005431797944
57751.499977,maxi,0.023127027027027024,0.0034089189189189188,1.1018437225636524,0.38998191718643255
57753.499977,maxi,0.02414297297297297,0.0029167567567567566,1.7175075820237113,0.5601511377330625
57754.499965,maxi,0.019691621621621618,0.0024078378378378376,1.740298907579921,0.6017635270761937
57755.499965,maxi,0.009413243243243243,0.0022597297297297296,0.9166862606787366,0.44598940753085203
57756.499965,maxi,0.010674594594594595,0.0022597297297297296,1.3416198877305532,0.6338569162736599
57757.499965,maxi,0.010293513513513514,0.002204864864864865,0.36120594316487953,0.19052191258328122
57758.499965,maxi,0.012214054054054055,0.002417837837837838,1.2811241745852793,0.588606902259977
57759.499965,maxi,0.008775405405405404,0.003688108108108108,2.1205726092089727,2.3432229064672625
57760.499965,maxi,0.021332702702702704,0.002522162162162162,1.4185365853658536,0.48907010625153313
57761.499965,maxi,0.01578216216216216,0.0021916216216216213,1.2027671505686286,0.32710058345615006
57762.499965,maxi,0.008687837837837838,0.0021548648648648644,1.9431273308470964,1.1891924285868902
57763.499965,maxi,0.013632972972972973,0.0022497297297297296,0.6409945421467557,0.24169107099401907
57764.499965,maxi,0.011782432432432433,0.002403783783783784,0.7660488245931284,0.3141755560705468
57765.499965,maxi,0.013596216216216215,0.002392162162162162,0.9181934621596034,0.33452283825683904
57766.499965,maxi,0.006021891891891892,0.0024456756756756756,0.9991316931982636,0.6233779439641574
57767.499965,maxi,0.016262702702702702,0.0026716216216216213,0.6455671699574139,0.268310196698589
57768.499965,maxi,0.02009918918918919,0.0028956756756756755,1.4296092537734517,0.6203103733168741
57769.499965,maxi,0.012265675675675675,0.0035616216216216214,0.5975156062803455,0.4500401253352984
57770.499965,maxi,0.016585675675675673,0.006567837837837837,1.089812651952138,0.8650465520158397
57771.499965,maxi,0.01667108108108108,0.004237837837837838,0.8501075268817204,0.39268810891645034
57772.499965,maxi,0.03826324324324324,0.005067027027027027,0.4625779202259856,0.14158593731463232
57773.499965,maxi,0.046754324324324324,0.003953243243243243,0.6662834793409178,0.12856010346976024
57774.499965,maxi,0.04098,0.004550810810810811,0.24259831314428518,0.06716443264713769
57775.499965,maxi,0.03186783783783784,0.00394081081081081,0.3375642546461051,0.09665261793785078
57776.499965,maxi,0.03222945945945946,0.0036551351351351347,0.39638847360243895,0.10560331693099757
57777.499965,maxi,0.029690270270270266,0.003346216216216216,0.49970365603779654,0.12280520612810047
57778.499965,maxi,0.030660270270270268,0.0032886486486486486,0.4544741657227498,0.10076651583125108
57779.499965,maxi,0.03506054054054054,0.003095135135135135,0.48517776736125906,0.09480171456506892
57780.499965,maxi,0.029303783783783784,0.002986216216216216,0.49086675571279015,0.11463876323808798
57781.499965,maxi,0.02748162162162162,0.002806486486486486,0.28960832440280704,0.08413756584947191
57782.499965,maxi,0.01999054054054054,0.0027737837837837837,0.8891722611859131,0.29158478213807343
57783.499965,maxi,0.027696756756756754,0.002787297297297297,0.5845086339390652,0.14046376992797552
57784.499965,maxi,0.026002432432432433,0.002729189189189189,0.7758816478455618,0.2140369202926658
57785.499965,maxi,0.023723783783783783,0.0028248648648648645,0.8010962979286029,0.20697351484887525
57786.499965,maxi,0.03489243243243243,0.0033894594594594592,0.4181264652253191,0.10333579024284648
57787.499965,maxi,0.02952297297297297,0.003347297297297297,0.4370990704296122,0.11279030246748765
57788.499965,maxi,0.028953513513513513,0.003622972972972973,0.6467173895991843,0.1692283452950441
57789.499965,maxi,0.02979027027027027,0.005498108108108108,0.4188139359767857,0.19636676491454513
57790.499965,maxi,0.027085945945945947,0.005678918918918918,0.4583971953561299,0.20444593579146716
57791.499965,maxi,0.01854918918918919,0.007023243243243243,0.6819129140305172,0.6265970302162285
57792.499965,maxi,0.022218378378378378,0.008972972972972972,0.1306671836486,0.1904237150269367
57795.499965,maxi,0.03008,0.006074864864864865,3.2318098720292503,2.3842267607286236
57797.499965,maxi,0.014081621621621621,0.005609459459459459,0.865932876217972,0.8068591088275603
57800.499965,maxi,0.01310864864864865,0.0031813513513513515,1.4088522130532632,0.9860305759692687
57801.499965,maxi,0.009234594594594593,0.0030802702702702697,1.4191143244464528,1.0978166241892047
57802.499965,maxi,0.005671891891891892,0.0027194594594594592,0.7408978071990071,0.6260577042650003
57803.499965,maxi,0.01119108108108108,0.0026586486486486487,0.6982800303930372,0.39030955218944485
57806.499965,maxi,0.005782432432432432,0.002354054054054054,0.7960823153956201,0.5945465328383095
57807.499965,maxi,0.004965675675675675,0.0023608108108108105,0.5483740249214872,0.476706521587412
57810.499965,maxi,0.009202702702702702,0.002525405405405405,1.210372901799176,0.7051847607619333
57811.499965,maxi,0.009704054054054053,0.0022783783783783783,0.44429984383133775,0.22598948889254375
57812.499965,maxi,0.008205945945945946,0.0023197297297297297,1.4310612597066437,1.2285133473187837
57813.499965,maxi,0.005841081081081081,0.002160810810810811,0.9350212639699338,0.5453176980908614
57822.499965,maxi,0.053,0.003734054054054054,0.961090761090761,0.18353314431457934
57823.499965,maxi,0.05317621621621622,0.0041708108108108105,1.138345167611302,0.24130691105403393
57824.499965,maxi,0.03949513513513514,0.005524864864864864,1.203652008276134,0.4591409309537916
57825.499965,maxi,0.039120810810810806,0.004166756756756757,1.6349301766392306,0.6019860596933427
57826.499965,maxi,0.02355189189189189,0.002708108108108108,1.0101325613286607,0.2694805715663673
57827.499965,maxi,0.017904054054054052,0.002512162162162162,1.0946389801258143,0.38004174705837523
57828.499965,maxi,0.01599972972972973,0.002392972972972973,1.630293037547778,0.633453519526246
57829.499965,maxi,0.010962972972972973,0.0025735135135135133,0.9684127141301119,0.6259138217560848
57830.499965,maxi,0.010729729729729728,0.0022464864864864863,0.7444852941176471,0.3483127293177131
57832.499965,maxi,0.017400000000000002,0.0036199999999999995,1.6404701217785331,0.8822598603877871
57833.499965,maxi,0.020806486486486486,0.002146486486486486,1.841796110168385,0.5203178752137964
57834.499965,maxi,0.011561891891891891,0.002380810810810811,0.8993100987272512,0.3519126930860297
57835.499965,maxi,0.011215135135135133,0.00227,1.1889022250946357,0.5819016461548494
57836.499965,maxi,0.015747297297297295,0.0023362162162162163,1.6098918083462133,0.6188647148614062
57837.499965,maxi,0.011466486486486486,0.0021862162162162163,0.8050207005322995,0.3405541903639753
57838.499965,maxi,0.013547567567567566,0.0024724324324324324,1.1443936368905778,0.4612102580272156
57839.499965,maxi,0.012208648648648648,0.002542162162162162,0.6999517607332368,0.3316710416797812
57840.499965,maxi,0.016455135135135135,0.0027032432432432434,0.8536664328495117,0.3455219035528987
57841.499965,maxi,0.01888216216216216,0.0033099999999999996,0.734208367514356,0.36108564493183504
57843.499965,maxi,0.012807297297297297,0.003950810810810811,0.48352661458586055,0.3706994681870524
57844.499965,maxi,0.02208027027027027,0.004986216216216216,0.9942669942669942,0.49259470455866405
57845.499965,maxi,0.06482162162162161,0.004707567567567567,0.4247706610017828,0.06675998831406427
57846.499965,maxi,0.03800945945945946,0.004209189189189189,0.5140539337099601,0.12895038299747166
57847.499965,maxi,0.03739783783783784,0.003961621621621622,0.6119382120640247,0.1345429551817089
57848.499965,maxi,0.03427594594594594,0.003919189189189189,0.32066143171714656,0.07634500679405644
57849.499965,maxi,0.02545351351351351,0.0035505405405405403,0.4571770215734144,0.12660289716437306
57850.499965,maxi,0.027497027027027023,0.0031983783783783785,0.42426653933895697,0.1128426299137771
57851.499965,maxi,0.026387837837837838,0.0030445945945945948,0.35499379652605456,0.1068803204818739
57852.499965,maxi,0.0263527027027027,0.0029883783783783784,0.40117570465686275,0.11047353721854232
57853.499965,maxi,0.030851891891891893,0.0028986486486486484,0.5347955333663631,0.11803733700862101
57854.499965,maxi,0.02533918918918919,0.0030891891891891886,0.3058740518609984,0.10554727355530295
57855.499965,maxi,0.026194594594594594,0.0030708108108108106,0.8062952490445265,0.2395563368649591
57856.499965,maxi,0.029647297297297297,0.003204864864864865,0.5334661523462337,0.14244653643153826
57857.499965,maxi,0.028024594594594596,0.0030897297297297296,1.0902842082769428,0.32858133676451967
57858.499965,maxi,0.03231216216216216,0.0038764864864864862,0.6712892119357307,0.20594938992530726
57859.499965,maxi,0.029579189189189187,0.003379189189189189,0.31510613450573605,0.0989873291155652
57860.499965,maxi,0.020264594594594596,0.003412972972972973,0.5288251246610095,0.20618229653287318
57861.499965,maxi,0.03410486486486486,0.004468648648648648,0.47737031361422566,0.14187143631817434
57862.499965,maxi,0.027053243243243243,0.005557567567567568,0.3565334530758868,0.1782780884995483
57863.499965,maxi,0.02063216216216216,0.00296027027027027,0.39017725609466336,0.12682818714822966
57864.499965,maxi,0.027587837837837838,0.005561891891891891,0.5639966391261727,0.2762695606183604
57868.499965,maxi,0.029725135135135132,0.00818027027027027,1.2175034127104505,1.0496815807411912
57870.499965,maxi,0.01487972972972973,0.0058083783783783784,1.9676129548180727,4.108333206465522
57872.499965,maxi,0.0319554054054054,0.0038964864864864863,1.438983986747653,0.5245471574999517
57873.499965,maxi,0.007195945945945945,0.003206756756756757,10.762195121951219,165.54850396216278
57874.499965,maxi,0.006078378378378378,0.0028735135135135137,0.5650672699130849,0.3574892661778137
57876.499965,maxi,0.007858108108108108,0.0025210810810810808,-11.545882352941176,-36.49503921047051
57877.499965,maxi,0.007872972972972972,0.0026275675675675675,0.8929482718626769,0.726154652073752
57878.499965,maxi,0.00608054054054054,0.002411081081081081,1.0671452702702702,0.9049050893316319
57880.499965,maxi,0.0078094594594594596,0.00248,1.5377501725327813,1.1766470606988286
57882.499965,maxi,0.01036081081081081,0.0027386486486486485,1.6436545617862184,1.180012025727178
57883.499965,maxi,0.008811351351351351,0.002164054054054054,1.4773966014748314,0.7870772453378472
57884.499965,maxi,0.004447837837837838,0.0022091891891891893,0.7699999999999999,0.5888398028096724
57885.499965,maxi,0.00758027027027027,0.0021686486486486487,1.250326702482939,0.9205683713880851
57886.499965,maxi,0.008342702702702702,0.00222,2.745334547109695,2.5161516229363925
57887.499965,maxi,0.008045405405405406,0.002142972972972973,0.6313159803368523,0.36110562903572874
57888.499965,maxi,0.015019189189189189,0.003425945945945946,1.194908062234795,0.6723799198443798
57889.499965,maxi,0.019582162162162162,0.008997297297297297,1.0124325158105816,0.7748875313814135
57891.499965,maxi,0.054496756756756755,0.005196486486486487,1.8144418168474272,0.7020128564300003
57900.499965,maxi,0.011181891891891891,0.00255027027027027,0.7820227222098464,0.3409052449777084
57901.499965,maxi,0.011643513513513514,0.002529189189189189,0.6996303786874957,0.37528340532024945
57902.499965,maxi,0.00804054054054054,0.002298108108108108,0.6546961325966851,0.44302526734178566
57903.0,bat,0.01367709090909091,0.0063071818181818185,,
57903.499965,maxi,0.012783243243243243,0.0025597297297297295,1.7675837171666873,1.1281197403346683
57904.499965,maxi,0.012707027027027027,0.004199189189189189,1.590707473941007,1.5948680506022228
57905.499965,maxi,0.024354864864864864,0.0022537837837837836,1.1365879096634444,0.2574297036267175
57906.499965,maxi,0.011615675675675676,0.002061081081081081,1.4484485467399844,0.6662233652955466
57907.499965,maxi,0.012032432432432431,0.0021027027027027026,1.5004102395799148,0.61985808809039
57908.499965,maxi,0.008182432432432432,0.0018845945945945946,3.0293398533007334,2.4955718980160433
57910.499965,maxi,0.01227135135135135,0.0020154054054054055,2.0056000772424447,0.825254098734806
57911.499965,maxi,0.011107837837837836,0.0022459459459459458,1.4102213379756279,0.8362990632093026
57912.499965,maxi,0.010456486486486486,0.0022635135135135134,0.6051077852533296,0.31525108887373415
57913.499965,maxi,0.013119999999999998,0.0027737837837837837,0.928083891784562,0.4384999826256462
57915.499965,maxi,0.01251243243243243,0.004721891891891892,0.6832469775474957,0.5153321008787647
57916.499965,maxi,0.016305135135135134,0.00427,0.23952866861030125,0.1579350510578665
57917.499965,maxi,0.026956216216216213,0.0038121621621621618,0.716144822851685,0.24949674003334477
57918.499965,maxi,0.016713783783783784,0.003331891891891892,0.9820813498974418,0.34634785206534047
57919.499965,maxi,0.018001081081081078,0.0035648648648648647,0.6240601503759399,0.2607955049382372
57920.499965,maxi,0.014790810810810809,0.003513513513513513,0.6818969413891819,0.3029304470789811
57921.499965,maxi,0.02016189189189189,0.003426216216216216,0.5489744550955926,0.18684871475601403
57922.499965,maxi,0.017632162162162162,0.0033081081081081077,0.9493791331652315,0.3861391625959981
57923.499965,maxi,0.022844324324324324,0.0032551351351351346,0.58769568252069,0.21179902640720272
57924.499965,maxi,0.02214189189189189,0.0031172972972972972,1.1350625073022549,0.4807011811334001
57925.499965,maxi,0.019890540540540538,0.0031183783783783783,0.7832004126492877,0.2757591970614769
57926.0,bat,0.020136863636363637,0.007239545454545455,,
57926.499965,maxi,0.019404054054054053,0.0029905405405405406,0.760310223759367,0.32614155271677453
57927.0,bat,0.028903545454545453,0.011787500000000001,,
57927.499965,maxi,0.02252108108108108,0.0032435135135135133,0.5766512147812078,0.2030628079426663
57928.499965,maxi,0.020149999999999998,0.0030183783783783785,0.7632002785879075,0.285778290561648
57929.499965,maxi,0.021045405405405407,0.003483783783783784,0.46067494317188323,0.21121934418101204
57930.499965,maxi,0.021573513513513512,0.003445135135135135,0.7664495596180889,0.2752229169195635
57931.499965,maxi,0.02483918918918919,0.0040362162162162155,0.7173395878706651,0.2773207934951891
57932.499965,maxi,0.026531891891891892,0.004075945945945946,1.3351251785580032,0.46243639172792056
57933.499965,maxi,0.019858648648648648,0.004664864864864865,0.9997376361012725,0.6792481789516724
57934.499965,maxi,0.025416486486486485,0.007106486486486487,1.794618596328451,1.647703809007234
57935.499965,maxi,0.01898297297297297,0.006011891891891891,0.6791072535647862,0.4002938695715569
57936.499965,maxi,0.0331227027027027,0.011424324324324324,0.413903707205078,0.33907814927665847
57940.499965,maxi,0.01619189189189189,0.005827027027027027,-7.077348066298343,-4.823613792707112
57942.499965,maxi,0.013325675675675675,0.00525,0.6724249212194844,0.47656298830105814
57944.499965,maxi,0.007071351351351351,0.0031210810810810806,2.2123529411764706,2.2542516911231427
57945.499965,maxi,0.014376756756756755,0.0027397297297297295,2.349521707137601,1.880587275022065
57947.499965,maxi,0.005694054054054053,0.0021486486486486486,1.146282973621103,0.8949880967427488
57951.499965,maxi,0.004061621621621621,0.0018918918918918919,1.6556007226738936,1.4901123579259112
57952.0,bat,0.012617499999999999,0.0052137727272727275,,
57952.499965,maxi,0.0041070270270270265,0.0018572972972972972,2.373052245646196,4.163036218438844
57953.499965,maxi,0.004538918918918919,0.002128648648648648,0.7570569180934752,2.0499147032235348
57954.499965,maxi,0.00741,0.002983243243243243,0.8297519046688807,0.6942642932034738
57955.499965,maxi,0.007692972972972972,0.0017913513513513513,0.9883496846531183,0.4153153369834302
57956.499965,maxi,0.00706027027027027,0.0018889189189189189,0.8360532025280634,0.44642216727091144
57958.499965,maxi,0.004926756756756756,0.0017583783783783782,0.18054698745630268,0.5732818386016495
57959.499965,maxi,0.005930810810810811,0.001844054054054054,1.0259938837920488,0.6530443025353633
57960.499965,maxi,0.005911891891891892,0.001724054054054054,0.8875795875700846,0.40805364454167004
57961.499965,maxi,0.011802702702702702,0.001858108108108108,0.6140664822948865,0.20468829398152746
57962.499965,maxi,0.011399729729729729,0.002619189189189189,0.42073284726117033,0.21817955103706302
57963.499965,maxi,0.020938378378378378,0.004243783783783784,2.115916341722793,1.9893708477916885
57966.499965,maxi,0.04432108108108108,0.006800810810810811,0.6612522636228941,0.33140841020509004
57967.499965,maxi,0.04471351351351351,0.0032997297297297293,1.0112453144523117,0.2149274986667048
57968.499965,maxi,0.04613918918918919,0.004151621621621622,0.7324830179272523,0.17696596576671833
57969.499965,maxi,0.04031135135135135,0.0038781081081081083,1.6200356458284293,0.45348616942294506
57970.499965,maxi,0.017567837837837837,0.0028848648648648646,1.3523790430366214,0.58415046184609
57971.499965,maxi,0.0182427027027027,0.0025316216216216218,0.9413365470590522,0.26228558894355825
57972.499965,maxi,0.010793783783783784,0.0023094594594594594,2.1146332473276814,1.2498748925394059
57973.499965,maxi,0.01424864864864865,0.0023386486486486483,0.7577536886479976,0.27023986629118235
57974.499965,maxi,0.009736756756756757,0.00224027027027027,1.106335952848723,0.7171393253811148
57975.499965,maxi,0.006514864864864865,0.0022627027027027026,1.4986486486486488,1.360387232947401
57976.499965,maxi,0.014646486486486485,0.00486,0.4081664039370987,0.3292487327336823
57977.499965,maxi,0.01832297297297297,0.0020924324324324323,1.1603677740526261,0.30356841887733743
57978.499965,maxi,0.015704594594594595,0.0022718918918918918,1.1173730787144853,0.37250831846050664
57979.499965,maxi,0.01475162162162162,0.0021705405405405406,1.0829252981795354,0.3735923820487327
57980.499965,maxi,0.00858,0.0022164864864864862,2.3353246753246752,1.3672681420082624
57981.499965,maxi,0.012654324324324324,0.0023183783783783784,0.8502202643171807,0.33614704191109335
57982.499965,maxi,0.01246081081081081,0.002399189189189189,1.2328097731239094,0.6112494426704774
57983.499965,maxi,0.016567027027027025,0.002628378378378378,0.8787649534256938,0.31068031743135155
57984.499965,maxi,0.01686918918918919,0.0027802702702702698,0.6781458747066258,0.2668544394845547
57985.499965,maxi,0.013432162162162161,0.0028645945945945947,0.4525410408662242,0.23398871330415136
57987.499965,maxi,0.031027567567567565,0.007111351351351351,1.454434557979334,0.8454338803331715
57988.499965,maxi,0.021884324324324324,0.0049913513513513506,1.134059148521287,0.5819609867305917
57989.499965,maxi,0.03111891891891892,0.0036605405405405406,0.335311703156599,0.12329830847408019
57990.499965,maxi,0.017897837837837837,0.0037037837837837835,0.48148497126166023,0.2181141286521363
57991.499965,maxi,0.024740540540540538,0.0038072972972972973,0.6065381476948185,0.20231784247850643
57992.499965,maxi,0.023817297297297296,0.004073243243243243,0.5914507835157068,0.2104677934660375
57993.499965,maxi,0.026768918918918916,0.003692972972972973,0.5517751832485734,0.17692374652773293
57994.499965,maxi,0.0221727027027027,0.0033608108108108105,0.44850062018143344,0.15629506888318043
57995.499965,maxi,0.021763243243243243,0.003401081081081081,0.7702691680261011,0.3026191305079647
57996.499965,maxi,0.02893918918918919,0.0035489189189189187,0.7201677352699869,0.23203129080757048
57997.499965,maxi,0.02807243243243243,0.003370810810810811,0.6740084423454674,0.2686897347282422
57998.499965,maxi,0.024704864864864864,0.003333513513513513,0.8429824561403508,0.30222276616915045
57999.499965,maxi,0.023208648648648647,0.003434054054054054,1.9508599508599511,1.077525613830091
58000.499965,maxi,0.030433513513513512,0.0035513513513513516,1.6746416471201457,0.6123893919854348
58001.499965,maxi,0.026845945945945946,0.0037199999999999998,1.7169252700257693,0.6798943498433001
58002.499965,maxi,0.024934054054054054,0.0037527027027027026,0.7936938893715609,0.2963153101356941
58003.499965,maxi,0.027208378378378376,0.00401,1.5903177443536296,0.6029937975499874
58004.499965,maxi,0.02562243243243243,0.0040999999999999995,0.7228733135147496,0.2520829105986368
58005.499965,maxi,0.038225675675675676,0.004834864864864864,1.717241118955038,0.6224998621923573
58006.499965,maxi,0.021630810810810808,0.004898918918918919,0.7169578817656167,0.32696913941609956
58007.499965,maxi,0.024624324324324324,0.007306486486486486,0.7888775625778685,0.5792480833066318
58008.499965,maxi,0.02423918918918919,0.005919459459459459,0.5727550043419207,0.284793808076251
58009.499965,maxi,0.02317243243243243,0.0037127027027027025,0.32717491033447327,0.12895820716153192
58012.499965,maxi,0.03593135135135135,0.008207297297297297,0.6285644832551095,0.3501420671745866
58013.499965,maxi,0.020397297297297296,0.0076786486486486475,0.27770297370079644,0.20061452836528537
58014.499965,maxi,0.011087567567567567,0.004948108108108108,1.533137083300183,1.3985756308932036
58016.499965,maxi,0.01938,0.005884324324324324,46.29041916167665,550.1721451596422
58017.499965,maxi,0.027387027027027028,0.0031408108108108104,1.322110910384847,0.46400243435303534
58018.499965,maxi,0.01172081081081081,0.0031840540540540537,0.7150361629234868,0.5109786749696268
58019.499965,maxi,0.009524324324324323,0.0026391891891891887,0.4409278647584286,0.24078711888299456
58020.0,bat,0.015153863636363637,0.0072239545454545456,,
58021.499965,maxi,0.007145135135135134,0.002328108108108108,1.3313207547169812,1.3231971376542335
58022.499965,maxi,0.005631621621621622,0.0023735135135135132,0.13689314976868625,0.22192778834085286
58023.499965,maxi,0.004885675675675675,0.0022500000000000003,82.93827160493827,3800.105652643186
58024.499965,maxi,0.00788054054054054,0.0023481081081081078,1.9599457727384768,1.1811064894949097
58025.499965,maxi,0.004897027027027026,0.0022513513513513516,10.880450070323487,61.941777890351325
58027.499965,maxi,0.00918945945945946,0.0021364864864864865,0.4083879058102271,0.18736572150772451
58028.499965,maxi,0.008407567567567567,0.002153783783783784,0.4748871742611734,0.2974085870916435
58029.499965,maxi,0.007988648648648648,0.002314864864864865,0.9706330738987403,0.49723433574666415
58030.499965,maxi,0.00888,0.002219189189189189,0.4045785079450579,0.22106615367254517
58031.0,bat,0.010301727272727273,0.0050992272727272735,,
58031.499965,maxi,0.007183243243243243,0.00234054054054054,1.9931755171678398,2.001412580953174
58032.499965,maxi,0.008374864864864865,0.0022978378378378374,0.7725941273129957,0.382550775422394
58034.499965,maxi,0.06080675675675675,0.00796162162162162,1.8607547040005505,0.9700886182576532
58038.499965,maxi,0.050327837837837834,0.008595675675675676,2.2722447705276303,1.7276952814500164
58039.499965,maxi,0.054388648648648646,0.0035994594594594594,0.8357519561545621,0.1434706766000225
58040.499965,maxi,0.044912432432432425,0.004006216216216216,0.9432048180875745,0.23259036925386584
58041.499965,maxi,0.03259027027027027,0.006957027027027027,0.2512102733094393,0.17342083406150316
58042.499965,maxi,0.02311837837837838,0.003008918918918919,2.1854207056998836,0.9401025082844753
58043.499965,maxi,0.016817027027027025,0.002707027027027027,1.707836159374782,0.6866959336398978
58044.499965,maxi,0.013487837837837836,0.002442972972972973,1.3282677605817639,0.6504778954170931
58046.499965,maxi,0.011687297297297295,0.0022356756756756755,1.6640368852459015,0.8179209906507029
58047.499965,maxi,0.008436756756756756,0.0021824324324324325,2.0067826086956524,1.531434904270148
58048.499965,maxi,0.012085405405405404,0.0050964864864864855,4.471096186135764,10.542263912670263
58049.499965,maxi,0.023542972972972972,0.0022778378378378377,1.7995938155136268,0.5258598119163669
58050.499965,maxi,0.013962432432432432,0.0022481081081081084,2.0117366222399045,0.8996677562938299
58051.499965,maxi,0.014337837837837836,0.002162162162162162,0.7408923947732884,0.2908837950619087
58052.499965,maxi,0.018393243243243245,0.0024121621621621624,1.748710050057759,0.685391273655027
58053.499965,maxi,0.013238108108108106,0.0023251351351351347,1.4792841163310964,0.6682212833044722
58054.499965,maxi,0.014896216216216215,0.002459189189189189,0.8762435336251493,0.38955286194350636
58055.499965,maxi,0.012032432432432431,0.0023364864864864865,1.0180247840781074,0.5375381251490045
58056.499965,maxi,0.015041621621621622,0.002677837837837838,0.9493075164716956,0.44573952662404176
58057.499965,maxi,0.015180810810810809,0.002648918918918919,1.1753581661891117,0.3824122022629519
58058.499965,maxi,0.01932162162162162,0.0035372972972972975,2.1091511267909855,1.096207379686863
58060.499965,maxi,0.014814864864864864,0.00339027027027027,1.4242253203138229,0.6820276137256006
58062.499965,maxi,0.03522702702702703,0.0037167567567567565,0.5913868517833438,0.16157319937256995
58063.499965,maxi,0.009594324324324324,0.003647837837837838,-0.029172538258053354,-0.12927663380562682
58064.499965,maxi,0.018654054054054053,0.0038759459459459457,0.43891737102212364,0.17045394704445913
58065.499965,maxi,0.020955945945945943,0.0036799999999999997,1.1982044841380595,0.47607143862872975
58066.499965,maxi,0.017414324324324326,0.003582162162162162,0.4180593341106361,0.17005513744891518
58067.499965,maxi,0.02587864864864865,0.0034883783783783784,0.8413675213675214,0.27858855810135374
58068.499965,maxi,0.020948648648648645,0.003288108108108108,0.3792358627527354,0.18986994353113637
58069.499965,maxi,0.01973945945945946,0.0030556756756756755,0.6596116919138041,0.2618880004484314
58070.499965,maxi,0.020999459459459458,0.0033635135135135132,0.6213321839461556,0.22792579455525075
58071.499965,maxi,0.020648918918918915,0.0031894594594594596,0.6324899428329451,0.31987762384910157
58072.499965,maxi,0.028211891891891893,0.0036578378378378375,1.5946760421898543,0.6344361671462557
58073.499965,maxi,0.02255081081081081,0.0033375675675675676,0.83245,0.3598864141714139
58074.499965,maxi,0.02826162162162162,0.003825405405405405,1.5142139362686764,0.5541139612438776
58075.499965,maxi,0.03041135135135135,0.003895405405405405,1.4164260783384324,0.4855744816258652
58076.499965,maxi,0.026044054054054053,0.004124324324324324,1.2922264015762135,0.5053874388027999
58077.499965,maxi,0.02649810810810811,0.006303243243243242,0.3988743242242464,0.2579064657771423
58078.499965,maxi,0.02704027027027027,0.006085405405405406,0.44688613965191865,0.22609357972915053
58079.499965,maxi,0.024634594594594595,0.00732,0.3730802983764809,0.3210544834751601
58080.499965,maxi,0.0314272972972973,0.007935945945945946,0.5070244853489305,0.2691315183359859
58081.499965,maxi,0.034655135135135136,0.013703783783783783,0.5714254241022252,0.3354138586020678
58084.499965,maxi,0.027685405405405403,0.0075675675675675675,0.7892936873604712,0.4827072438201538
58085.499965,maxi,0.018025945945945948,0.007973783783783784,0.5653128186937436,0.41777895563103773
58087.499965,maxi,0.02893108108108108,0.01124054054054054,inf,
58088.499965,maxi,0.02148945945945946,0.00499972972972973,0.47822677481804593,0.24401713019431953
58089.499965,maxi,0.024999999999999998,0.00438,1.0792301643763806,0.44918469949895057
58090.499965,maxi,0.024382702702702704,0.0030191891891891893,2.608013181857601,1.1836452035901117
58091.499965,maxi,0.028777297297297295,0.0027964864864864864,1.3864351893496447,0.38330167224831735
58092.499965,maxi,0.026111351351351352,0.004028378378378378,0.9027699859747546,0.36075228452760666
58118.499965,maxi,0.009973243243243243,0.002427027027027027,1.1932250259246457,0.6145488050971029
58119.499965,maxi,0.00750945945945946,0.0022354054054054056,1.0384508990318118,0.5494233686886912
58120.499965,maxi,0.012139189189189189,0.0031048648648648648,4.838017965807012,7.68180877876601
58121.499965,maxi,0.01946297297297297,0.0028578378378378375,1.8058436052957672,0.6675946770490641
58122.499965,maxi,0.01477081081081081,0.002091081081081081,1.022610294117647,0.32660204029574696
58123.499965,maxi,0.012340270270270268,0.0022478378378378377,0.5451332245785754,0.20897928792916634
58124.499965,maxi,0.010202162162162161,0.0021756756756756757,1.1800069905627404,0.5415069685244774
58125.499965,maxi,0.013236486486486485,0.0022756756756756756,1.0592408655551615,0.3711022847643048
58126.499965,maxi,0.016376756756756757,0.0024543243243243243,1.7189216175736397,0.7160576114488971
58127.499965,maxi,0.012396216216216215,0.002317027027027027,1.220824194851668,0.7347182264699728
58128.499965,maxi,0.016944324324324325,0.0027816216216216215,1.1789864864864863,0.5036144233129659
58129.499965,maxi,0.019713243243243243,0.0027845945945945945,0.9571768060836502,0.3366823498773793
58130.499965,maxi,0.019077297297297294,0.0032767567567567562,1.1015819631290484,0.5318153456073517
58132.499965,maxi,0.01371945945945946,0.003629189189189189,2.0771363501336766,1.3842505635584692
58133.499965,maxi,0.02801918918918919,0.004823513513513513,0.6479593246566637,0.2830047343196932
58134.499965,maxi,0.025324594594594595,0.004509729729729729,0.4895003102181072,0.20573395688044283
58135.499965,maxi,0.025923783783783783,0.00403,0.6100363465822488,0.19450171241354347
58136.499965,maxi,0.01791945945945946,0.004002702702702703,0.48982597785172655,0.2148007856390716
58137.499965,maxi,0.022616756756756756,0.003955675675675676,0.777130393211426,0.28021906077007
58138.499965,maxi,0.02042054054054054,0.003511891891891892,1.126467688446715,0.42457675010612905
58139.499965,maxi,0.022844054054054052,0.0037454054054054053,0.6695610226724554,0.2704048158247964
58140.499965,maxi,0.023575405405405404,0.0035075675675675672,0.8182006376019542,0.32371052488966223
58141.499965,maxi,0.020167567567567567,0.0033251351351351347,1.0359384251036117,0.4819137387937416
58142.499965,maxi,0.029174864864864865,0.003490810810810811,1.2485573480476813,0.4058612585405033
58143.499965,maxi,0.024096486486486487,0.003345405405405405,1.074057523561911,0.3627509392795215
58144.499965,maxi,0.02509108108108108,0.0035218918918918916,0.8310578842315369,0.3136499769501024
58145.499965,maxi,0.030074054054054052,0.0034821621621621618,1.1277285060543474,0.35846031466495515
58146.499965,maxi,0.0329054054054054,0.003978108108108108,1.099406812093379,0.33944664292602617
58147.499965,maxi,0.02239054054054054,0.003605405405405405,0.7697018329250782,0.3252662880349685
58148.499965,maxi,0.025764324324324323,0.004076756756756757,0.47554193913804643,0.1878331278609478
58149.499965,maxi,0.03157864864864865,0.00434972972972973,0.5584302404749584,0.2151350049032971
58150.499965,maxi,0.029435945945945945,0.005147567567567567,0.43154592127780944,0.19548901788086193
58151.499965,maxi,0.020194054054054056,0.0068,0.051242641301510884,0.1250693090326326
58152.499965,maxi,0.029836756756756753,0.007795135135135135,0.0882126919499009,0.13469148057553948
58153.499965,maxi,0.043668918918918914,0.011777297297297295,0.6082792230657633,0.3603494028721058
58154.0,bat,0.010119999999999999,0.005023045454545455,,
58157.499965,maxi,0.01789054054054054,0.007813513513513514,2.064354889097157,3.341477304476557
58161.499965,maxi,0.021326756756756757,0.003707027027027027,1.3886128364389234,0.5950457945873489
58162.499965,maxi,0.009826756756756757,0.0031848648648648645,2.580105633802817,4.434216687189247
58165.499965,maxi,0.005385945945945946,0.002571351351351351,0.8337529137529137,0.575799470081052
58166.499965,maxi,0.004962162162162162,0.0023659459459459456,0.5452786665674529,0.3693956197637004
58167.499965,maxi,0.00619972972972973,0.002381081081081081,0.8917835671342684,0.6463642773861236
58168.499965,maxi,0.006182162162162161,0.0021789189189189186,0.6192842170638926,0.3581219311153003
58169.499965,maxi,0.007947567567567568,0.0023499999999999997,0.8694421687644299,0.4255820738506486
58171.0,bat,0.008456545454545454,0.003756,,
58171.499965,maxi,0.004871081081081081,0.002388648648648649,-13.465879265091862,-67.65753386100718
58172.499965,maxi,0.005589189189189189,0.002111891891891892,1.6611898996886891,1.3148168661880382
58173.499965,maxi,0.008282972972972973,0.002265135135135135,0.6518782744398618,0.5314658808165105
58174.499965,maxi,0.006555135135135135,0.0022556756756756755,1.071406347230865,0.9414004028391627
58175.499965,maxi,0.009024864864864864,0.0029464864864864864,0.5903200400945086,0.42919413521681016
58183.499965,maxi,0.04874486486486486,0.0036589189189189185,1.100341982412333,0.2550749916946849
58184.499965,maxi,0.047063783783783786,0.0034794594594594595,1.0145783779636308,0.2208079511690067
58185.499965,maxi,0.03923972972972973,0.00547081081081081,1.2296121042177823,0.4390863285640334
58186.499965,maxi,0.02753135135135135,0.008132432432432432,0.36754836162652976,0.2660620888773414
58187.499965,maxi,0.018270540540540538,0.002737297297297297,0.9096064325010579,0.2905675920590568
58188.499965,maxi,0.014266486486486485,0.0025597297297297295,2.599695764100164,1.42732267371799
58189.499965,maxi,0.012458108108108107,0.0023208108108108104,0.8932273449920509,0.3741022045461419
58190.499965,maxi,0.011191891891891893,0.0023486486486486483,0.8865144774268835,0.42686401605223356
58191.499965,maxi,0.011131621621621622,0.0023056756756756757,0.6742465920899811,0.3166457279526572
58193.499965,maxi,0.008087297297297298,0.00395972972972973,1.1900490073926406,0.9063156325330238
58194.499965,maxi,0.02249351351351351,0.002154054054054054,2.6697845331551697,0.8360574835495811
58195.499965,maxi,0.01814378378378378,0.0023291891891891892,0.9295504728575594,0.2491021190342921
58196.499965,maxi,0.014275135135135134,0.002185405405405405,1.361660493395765,0.46812097043830125
58197.499965,maxi,0.012403243243243243,0.0024997297297297298,1.349589114913108,0.5438273297451502
58198.499965,maxi,0.015414324324324324,0.0023483783783783785,0.8022895697378608,0.30487809475789635
58199.499965,maxi,0.015936486486486486,0.0024094594594594593,0.6975520135061324,0.2628675515963368
58200.499965,maxi,0.016683513513513513,0.002702432432432432,1.0014415898676827,0.36548761659629636
58201.499965,maxi,0.018212162162162163,0.003068108108108108,1.0897813420211766,0.51719285659905
58202.499965,maxi,0.02100027027027027,0.002885675675675676,1.0418353001320666,0.3282549767273553
58204.499965,maxi,0.010652702702702702,0.0040078378378378375,0.7401129943502825,0.5346796119114389
58205.499965,maxi,0.020545135135135135,0.004685675675675676,0.36853407037312635,0.1812463490975841
58206.499965,maxi,0.020839459459459458,0.003908108108108108,0.41926963962194136,0.16074291416251674
58207.499965,maxi,0.024125675675675674,0.0035551351351351354,0.5226615483045426,0.17681039237299911
58208.499965,maxi,0.02943297297297297,0.0042535135135135125,0.4032967928603448,0.15560575536060128
58209.499965,maxi,0.024089459459459457,0.003741351351351351,0.6557560393677303,0.20940395573487136
58210.499965,maxi,0.024686486486486487,0.003715405405405405,0.47084373439840244,0.17287442398755412
58211.499965,maxi,0.027569459459459458,0.003649459459459459,0.6984979687834082,0.21710343492900325
58212.499965,maxi,0.02347837837837838,0.003495945945945946,0.574198143655263,0.16623383296998
58213.0,bat,0.02643381818181818,0.011960681818181818,,
58213.499965,maxi,0.029388918918918917,0.0035827027027027026,0.48465610944527737,0.15199905689069063
58214.499965,maxi,0.03620594594594594,0.0036729729729729726,1.1041327467350261,0.3338174716633041
58215.499965,maxi,0.03093189189189189,0.0036364864864864865,1.0410804889298895,0.2875005221487466
58216.499965,maxi,0.02447378378378378,0.003361891891891892,0.8412367162166501,0.2621210544491025
58217.499965,maxi,0.02722081081081081,0.003594594594594594,0.9675154352124612,0.34490529834090955
58218.499965,maxi,0.027588918918918917,0.0037378378378378377,0.8036546943919345,0.2606343307691103
58219.499965,maxi,0.022575405405405407,0.003668378378378378,1.6999157066591737,1.1044798273588632
58220.499965,maxi,0.03245648648648648,0.004212432432432432,0.8121122008406486,0.2721561728346068
58221.499965,maxi,0.02470378378378378,0.00464972972972973,0.3079078115082405,0.15754461129021582
58222.499965,maxi,0.02016972972972973,0.005767567567567568,0.661587841757222,0.43379111985590296
58223.499965,maxi,0.027577297297297295,0.006931621621621621,1.218075307641294,0.697858685909702
58224.499965,maxi,0.02431,0.008443783783783783,0.8736226738491675,0.608695502994508
58228.499965,maxi,0.03557891891891892,0.011529729729729729,0.7710724178868223,0.729025628186245
58229.499965,maxi,0.032525405405405404,0.007515135135135135,0.9263264247289806,0.5458157809404409
58231.499965,maxi,0.013328378378378377,0.005307027027027027,-2.7416666666666663,-3.4554947427846345
58233.499965,maxi,0.026432972972972972,0.0030854054054054053,0.8308398164771593,0.24517299143113697
58234.499965,maxi,0.007260270270270271,0.0030889189189189188,0.7937158469945356,0.5613703576774561
58235.499965,maxi,0.005769189189189189,0.0028186486486486487,0.9712568591586098,1.7350040392774964
58236.499965,maxi,0.006837567567567567,0.002533243243243243,1.3715581112462678,0.8769875265836148
58237.499965,maxi,0.006201891891891891,0.002344054054054054,11.121832358674464,43.20285632278734
58240.0,bat,0.01903640909090909,0.008712681818181819,,
58240.499965,maxi,0.005093513513513514,0.0022162162162162164,0.6144923385364457,0.6521866237561169
58241.499965,maxi,0.006468108108108108,0.0023491891891891893,1.4892250310816408,1.5566495464363541
58243.499965,maxi,0.006279189189189189,0.002858918918918919,1.1665135808948957,1.058332102710088
58244.499965,maxi,0.009912702702702702,0.0021727027027027023,0.8978532124312175,0.41490999618309937
58245.499965,maxi,0.012288648648648648,0.0023554054054054055,1.5605129863131801,0.9004976310794254
58246.499965,maxi,0.007884864864864864,0.0021564864864864865,0.44724856268199803,0.3078049673654852
58247.499965,maxi,0.0074624324324324325,0.002242162162162162,0.08705688375927452,0.19566462395201753
58248.499965,maxi,0.00983810810810811,0.0021691891891891892,1.4543976148529612,0.9229185626479018
58249.499965,maxi,0.012196756756756756,0.0037035135135135133,1.3086353467561522,0.9672291973625315
58250.499965,maxi,0.02404324324324324,0.0067186486486486485,0.8016201430775706,0.5511415939618225
58252.499965,maxi,0.044771351351351345,0.004961081081081081,1.3300768160024745,0.3890429136387905
58256.499965,maxi,0.05284648648648649,0.003518918918918919,0.9690556205867915,0.16650677284917376
58257.499965,maxi,0.04112216216216216,0.0055945945945945945,0.8764594509308931,0.25834394099537233
58258.499965,maxi,0.028314324324324323,0.004220810810810811,1.101281781886951,0.4594200121806448
58259.499965,maxi,0.03423513513513513,0.0069264864864864864,5.014143920595534,6.321985777776156
58261.499965,maxi,0.011004324324324324,0.0039570270270270266,0.7361152806964875,0.820136840516297
58262.499965,maxi,0.010201891891891891,0.0022097297297297295,0.6498040862020711,0.3323924510334933
58263.499965,maxi,0.007043783783783783,0.0021683783783783784,2.4983388704318936,2.655385973154319
58264.499965,maxi,0.007347567567567567,0.0023508108108108105,0.6389589543682641,0.5548158024070092
58266.499965,maxi,0.024091351351351348,0.002304864864864865,1.3243810323122114,0.32363273320622093
58267.499965,maxi,0.012752972972972973,0.002155135135135135,0.8745837957824639,0.317661261300703
58268.499965,maxi,0.01569891891891892,0.0023024324324324324,0.670435186619173,0.19958477819982992
58269.499965,maxi,0.015676216216216215,0.002287027027027027,1.0829401279228268,0.33246307699167066
58270.499965,maxi,0.010253513513513514,0.002204054054054054,1.1006991648863858,0.5657295192707328
58271.499965,maxi,0.015345675675675676,0.0024348648648648647,0.8976776157509697,0.30391686188677675
58272.499965,maxi,0.01332108108108108,0.002165945945945946,0.7223041927947867,0.29888247010329383
58273.499965,maxi,0.013512432432432431,0.0022967567567567567,1.2849391791371314,0.6106744629362364
58274.499965,maxi,0.008019189189189188,0.002592162162162162,0.8725445408862494,0.9523089585988506
58276.499965,maxi,0.020234864864864865,0.005494324324324324,0.4855025403980594,0.3760277974272216
58278.499965,maxi,0.03209135135135135,0.003511891891891892,0.5178350576179351,0.14042367026208513
58279.499965,maxi,0.032335945945945944,0.004145675675675676,0.7369253875449231,0.25693359165854757
58280.499965,maxi,0.026284324324324326,0.004008108108108107,0.2819413939036803,0.11236468347654334
58281.499965,maxi,0.01747081081081081,0.0037821621621621617,1.2946085373255107,0.6157651966945806
58282.499965,maxi,0.021854864864864865,0.0036916216216216213,0.32075111394016553,0.13014654270196116
58283.499965,maxi,0.014694864864864866,0.0034918918918918915,0.42587079487942836,0.2365212983715401
58284.499965,maxi,0.03120108108108108,0.003824324324324324,1.0748307261265466,0.3137999695698824
58285.499965,maxi,0.03137,0.0033948648648648647,0.7858986814712006,0.21658699263006742
58286.499965,maxi,0.03033,0.003631081081081081,0.502037007533514,0.1516963890749957
58287.499965,maxi,0.026483243243243245,0.0034205405405405404,1.293109325541758,0.4886710000549006
58288.499965,maxi,0.028045135135135135,0.003443243243243243,1.497149520601192,0.505107991912373
58289.499965,maxi,0.02477972972972973,0.0036048648648648643,1.0253843253885144,0.390389754490755
58290.499965,maxi,0.0241627027027027,0.00376054054054054,1.2780854430379749,0.6074700775784004
58291.499965,maxi,0.022915945945945947,0.0038489189189189186,2.026538387034287,1.011751578570207
58292.499965,maxi,0.028265405405405404,0.0039948648648648645,0.9698947115577083,0.3942805886328719
58293.499965,maxi,0.01872027027027027,0.00446027027027027,1.1123639960435214,0.6382752376938864
58294.499965,maxi,0.02536081081081081,0.00481972972972973,0.9304554246527167,0.5045417066167247
58296.499965,maxi,0.02341135135135135,0.007094594594594594,0.43374407582938385,0.3475634683366885
58305.499965,maxi,0.008814324324324324,0.003632972972972973,-2.638775510204082,-13.809959917433792
58306.499965,maxi,0.017267297297297295,0.0030029729729729726,0.9803122013380057,0.47797991160010617
58316.499965,maxi,0.00578027027027027,0.002307297297297297,1.568788913436433,1.676695908373863
58319.499965,maxi,0.007026486486486486,0.0023454054054054055,0.23467008626719513,0.46604965981750435
58327.499965,maxi,0.05134189189189189,0.009213243243243243,0.6824911775723046,0.349652187727297
58328.499965,maxi,0.038447297297297296,0.0032164864864864862,1.0656114439165463,0.22231827633983164
58329.499965,maxi,0.04913513513513513,0.004131621621621622,0.8318858307849133,0.19008517988995174
58330.499965,maxi,0.0457227027027027,0.004356756756756756,1.1200020784079396,0.30123771802318133
58331.499965,maxi,0.01610243243243243,0.0031699999999999996,0.877002661845211,0.37888645056174425
58332.499965,maxi,0.016606486486486487,0.002565945945945946,1.1843568359868588,0.4649605132027555
58333.499965,maxi,0.014639729729729729,0.002388378378378378,0.5509327262044654,0.1819067856340452
58334.499965,maxi,0.011329459459459458,0.0022978378378378374,1.429752942423921,0.7742316123555698
58335.499965,maxi,0.012542972972972972,0.0023527027027027024,1.200624406135469,0.4770496993913251
58336.499965,maxi,0.006513513513513513,0.0022264864864864867,0.49376100998238404,0.32232488853859065
58338.499965,maxi,0.021481621621621618,0.0021951351351351353,1.321035321035321,0.3213252762431959
58339.499965,maxi,0.018118918918918918,0.002282972972972973,1.266939364773821,0.33211586858267306
58340.499965,maxi,0.01460054054054054,0.00229,1.2549825783972126,0.48587079405423467
58341.499965,maxi,0.014287567567567567,0.0021945945945945947,0.8790672741892254,0.28725303094093685
58342.499965,maxi,0.013762972972972973,0.00231,1.6249402771141903,0.6893681010799494
58343.499965,maxi,0.012835675675675675,0.0024216216216216215,0.7479159115621602,0.32792624824873584
58344.0,bat,0.013371409090909092,0.005649863636363636,,
58344.499965,maxi,0.013534054054054055,0.0025062162162162163,1.6328463476070532,0.8768825368385259
58345.0,bat,0.020688318181818183,0.008887818181818182,,
58345.499965,maxi,0.013902162162162161,0.002693513513513513,0.9350232455169359,0.7003960073020558
58346.499965,maxi,0.018235135135135135,0.0033767567567567565,0.8410593552724964,0.3103616092880443
58347.499965,maxi,0.009503513513513513,0.0036897297297297294,0.2218711361450749,0.27822574144439516
58348.499965,maxi,0.028798648648648645,0.008485675675675675,0.5917542441390461,0.48370014815415935
58349.499965,maxi,0.013234054054054055,0.003954054054054054,0.4714846818538885,0.38523294768706207
58350.499965,maxi,0.014780810810810811,0.00470108108108108,0.6128254059698268,0.3696156793656306
58351.499965,maxi,0.03527864864864865,0.0037037837837837835,0.7272917451152672,0.17609902003964345
58352.499965,maxi,0.02457162162162162,0.003909189189189189,0.4131986224637982,0.1483400524619294
58353.499965,maxi,0.022746216216216215,0.0037813513513513513,0.4326700326700327,0.19767785745507568
58354.499965,maxi,0.021372702702702702,0.0038418918918918916,0.42227366514015396,0.1729863847720564
58355.499965,maxi,0.02169783783783784,0.003506486486486486,0.5929398786541643,0.1981650319758451
58356.499965,maxi,0.021309729729729728,0.003321351351351351,0.7267159608633954,0.2691406127826395
58357.499965,maxi,0.02631918918918919,0.0034294594594594593,0.6195790920695184,0.21685955498953477
58358.499965,maxi,0.02194027027027027,0.003293243243243243,0.7926865015389125,0.2784711113589328
58359.499965,maxi,0.02601027027027027,0.003354324324324324,0.7393812095752483,0.24202449425170192
58360.499965,maxi,0.02461243243243243,0.003781081081081081,0.5708601480866375,0.2459564575898007
58361.499965,maxi,0.027802702702702704,0.0034762162162162162,0.5557134960120035,0.1771663908423242
58362.499965,maxi,0.02397162162162162,0.003571351351351351,1.3917566630337859,0.5624815006776037
58363.499965,maxi,0.029580540540540542,0.0038578378378378375,0.803405613941732,0.2417673542995652
58364.499965,maxi,0.027131891891891892,0.004195675675675675,0.8330405653825728,0.38340748047373774
58365.499965,maxi,0.039759189189189185,0.004425945945945946,0.49793447653733963,0.13977303277650374
58366.499965,maxi,0.04641459459459459,0.005315135135135134,0.5789460311007216,0.1414957505408161
58367.499965,maxi,0.024169729729729725,0.004792702702702702,0.6860996712887747,0.35411498944458863
58368.499965,maxi,0.03371054054054054,0.0072370270270270265,0.30089391128352166,0.18035337797288983
58369.499965,maxi,0.023864324324324324,0.008238378378378378,0.5848404795773217,0.3693423309162908
58378.499965,maxi,0.02932405405405405,0.0030594594594594592,1.1593860241687308,0.3189908516549319
58380.499965,maxi,0.0062843243243243235,0.002679189189189189,1.2366619115549216,1.091934675337642
58382.499965,maxi,0.005242702702702702,0.0022570270270270273,0.5067260234201103,0.42652997727151465
58383.499965,maxi,0.007718108108108107,0.00247,0.7357624444125663,0.752282834056849
58384.0,bat,0.011809363636363637,0.004996181818181819,,
58384.499965,maxi,0.007179459459459459,0.0022418918918918917,3.893170545593285,6.114895654560854
58385.499965,maxi,0.00687,0.002293243243243243,2.6075055187637965,2.554770240813512
58388.499965,maxi,0.009716486486486485,0.0022078378378378376,1.091291866028708,0.40184246048778405
58389.499965,maxi,0.005914324324324324,0.002167567567567567,2.761463026769149,3.0875615444795437
58390.499965,maxi,0.004998648648648648,0.0022008108108108105,1.5615748963883955,2.1970921000862766
58392.499965,maxi,0.009492702702702702,0.0022256756756756754,1.2271802847230528,0.7867783095617459
58393.499965,maxi,0.007951081081081082,0.0028159459459459455,0.7946884576098059,0.6504612253340647
58395.499965,maxi,0.013692972972972972,0.0064670270270270275,1.7992677491244826,2.0880786463225753
58400.499965,maxi,0.04552297297297297,0.003465135135135135,1.015898329203366,0.2130860982408923
58401.499965,maxi,0.045865945945945945,0.0038513513513513515,1.250727515026245,0.301701916976568
58402.499965,maxi,0.08155108108108107,0.01551972972972973,1.9266604667257823,1.3251685970551337
58404.499965,maxi,0.020129189189189187,0.0029178378378378377,1.0898763648041105,0.3332445401404851
58405.499965,maxi,0.015479729729729729,0.0024164864864864863,0.9969125695841324,0.30403086827463904
58406.499965,maxi,0.013147567567567568,0.0023589189189189186,1.0819318671841311,0.47051941789575213
58407.499965,maxi,0.007745675675675676,0.0021937837837837835,0.4222160356347439,0.2313649371092491
58408.499965,maxi,0.006610540540540541,0.0022391891891891894,1.387485425573261,0.9288661742231864
58410.499965,maxi,0.022274864864864866,0.0023456756756756753,1.1843280024270793,0.29271240120037517
58411.499965,maxi,0.01345189189189189,0.0021937837837837835,1.4544249947695096,0.5017723665712125
58412.499965,maxi,0.009875675675675676,0.0020686486486486484,2.140683916265765,1.1225665912595109
58413.499965,maxi,0.01122027027027027,0.0022824324324324323,3.802362059420557,2.9740332390657382
58414.499965,maxi,0.012423243243243242,0.0022124324324324326,1.8520257346548428,0.7830763573546443
58415.499965,maxi,0.011543783783783783,0.0023829729729729727,0.7810974419058778,0.35470958744990466
58416.499965,maxi,0.016788378378378377,0.002439189189189189,1.0182112731132338,0.35345084806769805
58417.499965,maxi,0.012623783783783782,0.002594594594594594,2.164784512560498,1.3206523273869293
58418.0,bat,0.014187863636363636,0.0065278181818181815,,
58418.499965,maxi,0.01989243243243243,0.002765945945945946,1.55198799699925,0.6836931563223051
58419.499965,maxi,0.018489189189189188,0.003317567567567567,0.6590534494937603,0.3961724512818941
58421.499965,maxi,0.016511621621621623,0.004033513513513514,0.9622594967932907,0.5312398952425412
58422.499965,maxi,0.009137297297297297,0.004084864864864865,0.36644602597919673,0.3821241737122291
58423.499965,maxi,0.03409216216216216,0.0035424324324324326,0.7095607711265174,0.18863715806580295
58424.499965,maxi,0.017487837837837836,0.0038440540540540537,0.2420707334028502,0.13702321938655274
58425.499965,maxi,0.014444054054054052,0.003734324324324324,0.2543638355885126,0.15005070942938442
58426.499965,maxi,0.023885135135135134,0.003908378378378378,0.6748454076133205,0.24412184625757208
58427.499965,maxi,0.02200837837837838,0.0035329729729729727,0.42565164719215287,0.2232585627306326
58428.499965,maxi,0.025228648648648648,0.0036751351351351352,0.6285950235180066,0.2529459723670966
58429.499965,maxi,0.020474324324324323,0.003264324324324324,0.9398520876240404,0.37095343976075734
58430.499965,maxi,0.017185945945945948,0.0031032432432432427,1.2490568410462777,0.5484222623533807
58431.499965,maxi,0.025028378378378378,0.0034654054054054054,0.7976389146424377,0.24865569554139952
58432.499965,maxi,0.024283513513513513,0.0033575675675675673,1.5585585585585586,0.7913819739607277
58433.499965,maxi,0.027449729729729727,0.0035775675675675674,2.0847300532941997,1.0515594439872589
58434.499965,maxi,0.023092972972972973,0.0033291891891891892,1.085175119224655,0.4277604764934259
58435.499965,maxi,0.019944054054054052,0.00356027027027027,1.0245573957738434,0.4900851201053519
58436.499965,maxi,0.023757837837837834,0.0037175675675675673,1.9019038016724985,0.8148276620358051
58437.499965,maxi,0.02719135135135135,0.004057567567567567,0.6479529228023204,0.22831120506890573
58438.499965,maxi,0.02785945945945946,0.00413,0.46984622386943653,0.22244566238791352
58439.499965,maxi,0.023388918918918918,0.004367567567567568,0.9612251921532637,0.4004088214309615
58440.499965,maxi,0.011172162162162162,0.004938108108108108,0.30687378895858647,0.2706837925257228
58441.499965,maxi,0.016292432432432433,0.007185945945945946,0.4992442514873774,0.4322472897637959
58443.0,bat,0.027877,0.010239681818181818,,
58446.499965,maxi,0.011124324324324324,0.005348378378378378,0.4879149533647578,0.5154202220016071
58448.499965,maxi,0.024201621621621622,0.010725675675675674,-8.021328089547724,-6.780106976717137
58449.499965,maxi,0.020793783783783784,0.0054010810810810805,0.7850550230741924,0.5596492388799325
58450.499965,maxi,0.0232527027027027,0.004818108108108107,0.8269414444199544,0.4067747599492106
58451.499965,maxi,0.01736054054054054,0.003068378378378378,3.263454097784031,2.016999982187443
58452.499965,maxi,0.014365945945945945,0.002894594594594595,0.7149828939424431,0.32304732999515384
58453.499965,maxi,0.018767297297297297,0.0024883783783783784,1.3732001715581155,0.4732887154260308
58454.499965,maxi,0.026345675675675674,0.0025162162162162163,0.9240106988546739,0.22533316711831838
58455.499965,maxi,0.025615675675675676,0.0031367567567567567,0.9241716303456148,0.2985108132654868
58456.499965,maxi,0.019344054054054052,0.00563,1.5341614906832297,1.3030686853395645
58483.499965,maxi,0.016731351351351353,0.0019802702702702703,1.1359179134654267,0.2943447935628905
58484.499965,maxi,0.010608918918918919,0.0019054054054054052,5.068463444857497,5.37998495993307
58485.499965,maxi,0.009484594594594595,0.0018786486486486486,0.864411808337042,0.34598588088083754
58486.499965,maxi,0.011293513513513513,0.0020608108108108106,0.6445205095112507,0.2512253511110456
58487.0,bat,0.05884686363636364,0.021981863636363636,,
58487.499965,maxi,0.007447027027027027,0.001918108108108108,0.29279928991456783,0.18670239569636882
58488.499965,maxi,0.009252162162162162,0.0020586486486486484,0.4183774834437086,0.29531121577522734
58489.499965,maxi,0.008886486486486486,0.002027297297297297,0.9605225242531937,0.5076850510321886
58490.499965,maxi,0.014626756756756756,0.002474054054054054,1.6003415189461703,0.7217776236505948
58491.499965,maxi,0.011614054054054055,0.002612972972972973,0.48644716692189893,0.3645636293791009
58493.499965,maxi,0.020144054054054054,0.003814594594594594,0.834499054820416,0.31417901403897897
58494.499965,maxi,0.019487027027027027,0.004096756756756756,0.5791188007845335,0.30309677348771286
58495.499965,maxi,0.032390810810810806,0.003938378378378378,0.29460019451139585,0.09129393114326667
58496.499965,maxi,0.029641081081081082,0.003612972972972973,0.4208758837391987,0.12788398903913903
58497.499965,maxi,0.02687216216216216,0.00415027027027027,0.5564341728740252,0.18233554498577062
58498.499965,maxi,0.01702162162162162,0.0032505405405405404,0.48293303970821005,0.20058202666333505
58499.499965,maxi,0.01783351351351351,0.0034167567567567566,0.5973589213538613,0.22065523767086764
58500.499965,maxi,0.014715135135135135,0.00329,0.6150997359929599,0.25495025441508806
58501.499965,maxi,0.01814378378378378,0.0030645945945945944,7.754421087754421,12.308722043587606
58502.499965,maxi,0.026018648648648647,0.0034956756756756753,0.8523116796254494,0.31831083990758396
58503.499965,maxi,0.019656216216216216,0.0030064864864864866,2.164467897977133,1.0429253959501399
58504.499965,maxi,0.024145405405405405,0.003251081081081081,1.1817577585766144,0.4460324291333895
58505.499965,maxi,0.0175872972972973,0.0030005405405405406,1.3511840365428538,0.5624049560248637
58506.499965,maxi,0.0174627027027027,0.0030735135135135133,0.5604247007562478,0.27956322172601544
58507.499965,maxi,0.024706216216216215,0.0033978378378378376,2.3276051807330904,1.187045481848565
58508.499965,maxi,0.028608918918918917,0.0030059459459459456,0.8448228085840082,0.2166102525389438
58509.499965,maxi,0.02628216216216216,0.003644054054054054,0.5063273680217923,0.21709945655859908
58510.499965,maxi,0.026523783783783783,0.004231621621621622,0.7163862114033654,0.28745578677066186
58511.499965,maxi,0.01556162162162162,0.005751351351351351,0.3750631121882258,0.24971140929268126
58512.499965,maxi,0.018908108108108106,0.006057297297297298,0.3943090864214943,0.3485855896896884
58513.499965,maxi,0.018284864864864865,0.007551621621621621,0.2681042533322014,0.3266990780882917
58517.499965,maxi,0.014882702702702701,0.005426486486486486,0.9637829536728949,0.9357955213057764
58522.499965,maxi,0.015253243243243243,0.002882162162162162,0.9684500053931615,0.41724796651839846
58523.499965,maxi,0.00888891891891892,0.0024754054054054054,0.6190311178875875,0.3604287698666321
58524.499965,maxi,0.005958378378378378,0.0023397297297297294,0.6977014578302477,0.461456906438226
58525.499965,maxi,0.006720810810810811,0.0021408108108108104,0.6048067200746675,0.35353213147551765
58526.499965,maxi,0.0068970270270270265,0.0020194594594594596,0.22859381678301752,0.24056007587481554
58527.499965,maxi,0.007307567567567567,0.0021186486486486486,0.682112231081691,0.3549926964039668
58529.499965,maxi,0.0049086486486486485,0.0019545945945945945,0.37674244550472447,0.3373779554578508
58532.499965,maxi,0.007429729729729729,0.0022075675675675673,0.475997456684152,0.3316406525805395
58533.499965,maxi,0.0070281081081081075,0.0019270270270270269,1.272560528246515,0.7388278055108004
58534.499965,maxi,0.008786756756756756,0.0019132432432432433,1.1970376639864577,0.49167259245479217
58544.499965,maxi,0.022548108108108107,0.0036445945945945946,0.6296995636119503,0.28919305481518337
58545.499965,maxi,0.0317927027027027,0.005272702702702702,1.5417545975278866,0.8690931589029492
58547.499965,maxi,0.025964324324324325,0.004482432432432432,1.240539858728557,0.5705892898360096
58548.499965,maxi,0.017804054054054053,0.0021989189189189186,0.7065338159922584,0.18616191131426232
58549.499965,maxi,0.014277837837837837,0.0021145945945945945,0.6064878892733564,0.1958361998558306
58550.499965,maxi,0.00998,0.0019183783783783784,0.49473911401284193,0.20107887248049502
58551.499965,maxi,0.008917567567567565,0.0018686486486486486,0.5526799873136695,0.24789818960986945
58552.499965,maxi,0.007132162162162161,0.0019478378378378377,6.562672176308539,16.483466216052587
58553.499965,maxi,0.009088378378378377,0.0019529729729729729,0.7745053753726624,0.4140775612944799
58555.499965,maxi,0.01896486486486486,0.001925135135135135,1.1655499555292024,0.31779007210743715
58556.499965,maxi,0.011838918918918919,0.0022378378378378376,1.38200498132005,0.7489526797899447
58557.499965,maxi,0.013242702702702702,0.002827297297297297,1.2746203225301393,0.676636092541225
58558.499965,maxi,0.010477027027027026,0.0023324324324324325,0.8831869510664995,0.3639600734231093
58559.499965,maxi,0.01230243243243243,0.0022186486486486484,2.60261901847999,1.3353649237415228
58560.499965,maxi,0.012072432432432431,0.002448918918918919,1.1894711305191656,0.7935842043762014
58561.499965,maxi,0.01443972972972973,0.002377297297297297,1.0260257413069758,0.43764527803076314
58562.499965,maxi,0.01714837837837838,0.0027618918918918918,0.9477979935385139,0.387754676908076
58563.499965,maxi,0.020874594594594592,0.0029378378378378377,1.1651831185509942,0.36588586841008547
58564.499965,maxi,0.017217567567567565,0.004332162162162163,1.1762622257467619,0.6455968742794497
58565.499965,maxi,0.012546216216216214,0.005903513513513514,0.9558055909987241,0.8797428313868265
58566.499965,maxi,0.009506486486486485,0.004412162162162162,-0.03286088291053534,-0.5402254485241827
58567.499965,maxi,0.03657864864864865,0.004335135135135134,0.895246568378241,0.27489101409239564
58568.499965,maxi,0.0224127027027027,0.00352,0.5317310617584423,0.20306409821196053
58569.499965,maxi,0.014646486486486485,0.00403,0.20254227472782027,0.1763977973330148
58570.499965,maxi,0.023774054054054052,0.00395054054054054,0.3072924457741212,0.11918957969548612
58571.499965,maxi,0.014223783783783783,0.003577297297297297,0.5017331352607322,0.26359618218413183
58572.499965,maxi,0.02361756756756757,0.0035443243243243245,1.0795547309833022,0.37170811172272616
58573.499965,maxi,0.02603189189189189,0.003670810810810811,0.9192752327006525,0.29711051629888025
58574.499965,maxi,0.02340162162162162,0.0033164864864864865,0.4821146520486853,0.18329372507579866
58575.499965,maxi,0.028507297297297295,0.0034772972972972973,1.2618741976893453,0.4328706304413504
58576.499965,maxi,0.02443189189189189,0.0034154054054054053,0.8113456464379946,0.3157152477608674
58577.499965,maxi,0.031324324324324325,0.0028056756756756752,0.9788582274784642,0.21329500454815592
58578.499965,maxi,0.02878945945945946,0.003363243243243243,0.815848372382922,0.22303012295122426
58579.499965,maxi,0.02769054054054054,0.003504324324324324,1.3403522818254603,0.42181653965073473
58580.499965,maxi,0.03320648648648648,0.004016216216216216,1.888017669795693,0.775943519030033
58581.499965,maxi,0.029255675675675673,0.003908918918918919,0.5863500171914142,0.1885531021556775
58582.499965,maxi,0.022514324324324323,0.004006216216216216,0.8589668697321204,0.37155295750468886
58583.499965,maxi,0.025385405405405403,0.0044729729729729726,0.9018026809100715,0.49544864264277516
58584.499965,maxi,0.027017027027027025,0.0067705405405405405,0.42509350862049883,0.25655326156495506
58585.499965,maxi,0.01756189189189189,0.006459729729729729,0.3705648978855777,0.2448084923350222
58586.499965,maxi,0.014564324324324323,0.006233783783783783,1.3433423913043478,1.1584273764007103
58587.499965,maxi,0.02513135135135135,0.007209189189189189,1.8164469118667592,1.5824630480869177
58588.499965,maxi,0.025184324324324322,0.006481351351351351,0.37549819346668156,0.36716286525220737
58589.499965,maxi,0.01560135135135135,0.005918648648648648,0.5027044534412956,0.3744321904914354
58591.499965,maxi,0.01671081081081081,0.005367567567567567,10.80801886792453,47.253664402566855
58592.499965,maxi,0.013809999999999998,0.004203243243243243,3.342432757928543,3.478749715043548
58593.499965,maxi,0.031116756756756753,0.013954594594594593,0.9657522018567009,0.9927975924714261
58594.499965,maxi,0.03153027027027027,0.0035108108108108105,1.4465445424821963,0.4682010435934261
58599.499965,maxi,0.006105135135135135,0.002419189189189189,0.9541684240123716,0.8353418861583802
58602.499965,maxi,0.007317567567567566,0.002392972972972973,1.2321398834304746,1.0950754677221923
58603.499965,maxi,0.005402162162162162,0.0024524324324324324,2.1121471774193545,2.535724636856616
58604.499965,maxi,0.012935135135135134,0.004251891891891892,1.1151692040703636,0.9256083701263885
58605.0,bat,0.05403945454545455,0.022054454545454544,,
58605.499965,maxi,0.011035405405405405,0.0023270270270270266,0.589573343169802,0.2875834048984789
58606.499965,maxi,0.006943783783783783,0.0022537837837837836,0.47309266840342384,0.3260593213822237
58607.499965,maxi,0.011387837837837837,0.0023508108108108105,0.8754260724162326,0.37270560313847934
58608.499965,maxi,0.009084324324324324,0.00227,1.9737975592246952,1.6947116484956735
58609.499965,maxi,0.006112432432432432,0.002157297297297297,2.427896725440806,3.3520912302287815
58610.499965,maxi,0.005208108108108108,0.0024864864864864865,2.454102564102564,3.281590466145979
58611.499965,maxi,0.036108378378378374,0.008918108108108107,1.112682280159081,0.6280906042258766
58612.499965,maxi,0.04567675675675675,0.009468378378378378,0.39004212945231714,0.2423906582478743
58613.499965,maxi,0.048472972972972976,0.004262432432432432,1.252733738824077,0.37738744281071546
58617.499965,maxi,0.04881783783783784,0.0032267567567567565,1.0919602614625858,0.19673582340377532
58618.499965,maxi,0.05174891891891892,0.0039056756756756755,0.9297261826642008,0.18632811793979984
58620.499965,maxi,0.029685945945945945,0.003811351351351351,1.2944051283678715,0.3677222001052021
58621.499965,maxi,0.02358054054054054,0.0037708108108108107,1.448574915017868,0.5361460692377092
58624.499965,maxi,0.01223,0.002301621621621621,1.0365359688917692,0.49915325163456653
58625.499965,maxi,0.012353243243243241,0.0022972972972972973,0.5602387678848082,0.21806771952801596
58626.499965,maxi,0.01602108108108108,0.0032667567567567567,0.935284493728413,0.6929885131865936
58627.499965,maxi,0.028826216216216217,0.0028629729729729727,2.0542187402847727,0.6762021671137638
58628.499965,maxi,0.011242972972972972,0.0021024324324324323,0.9822919888648314,0.4065790773277876
58629.499965,maxi,0.011018108108108106,0.002188918918918919,4.952141057934509,5.571465851189105
58630.499965,maxi,0.013086216216216215,0.002251891891891892,0.7021519167735499,0.3400349894614054
58631.499965,maxi,0.01316027027027027,0.0024197297297297296,2.165160318485044,1.1402846923190573
58632.499965,maxi,0.013966486486486485,0.0024897297297297293,1.4807532330031006,0.62642153462987
58633.499965,maxi,0.012265675675675675,0.0025264864864864866,0.5986482334869431,0.3186692713207359
58634.499965,maxi,0.01671135135135135,0.0025310810810810808,0.3335457932928025,0.20279966048725723
58635.499965,maxi,0.02174405405405405,0.0029686486486486486,1.748195417930746,1.0461053580103314
58636.499965,maxi,0.016105135135135135,0.0031248648648648644,1.5752773375594293,0.8024502066974166
58637.499965,maxi,0.062364054054054055,0.004216486486486487,1.1997229810318957,0.22753167538342514
58638.499965,maxi,0.02078189189189189,0.00349054054054054,0.656132895499324,0.28522119088712933
58639.499965,maxi,0.025746756756756757,0.0029297297297297296,0.6832639341795014,0.16035036267923494
58640.499965,maxi,0.028430810810810808,0.003276216216216216,0.33191372189077556,0.10039220436456275
58641.499965,maxi,0.027083513513513513,0.0038089189189189185,0.2937642224514186,0.10247879295709177
58642.499965,maxi,0.023097027027027026,0.0042297297297297295,0.415586834473033,0.19299206798817123
58643.499965,maxi,0.022502972972972973,0.003381621621621622,0.6224724772089208,0.2172146316002465
58644.499965,maxi,0.026485405405405404,0.003361081081081081,0.9991467260248563,0.3179395096013996
58645.499965,maxi,0.02277351351351351,0.0031810810810810808,0.47931831806114583,0.16613834968526667
58646.499965,maxi,0.02548891891891892,0.0034543243243243243,1.9650354609929077,0.9235604277423684
58647.499965,maxi,0.03048081081081081,0.0034599999999999995,1.2301766686655289,0.4260947855527847
58648.499965,maxi,0.02798216216216216,0.003457297297297297,0.8261561047222902,0.24719335155189825
58649.499965,maxi,0.02571297297297297,0.0033259459459459456,1.0928465921080397,0.36551116139069684
58650.499965,maxi,0.022914594594594592,0.003412162162162162,1.4016519320964596,0.47801204044843104
58651.499965,maxi,0.028184864864864864,0.0035913513513513512,1.9008410488373735,0.8693747137510222
58652.499965,maxi,0.03061162162162162,0.004058378378378378,0.9971056880845749,0.316648946518986
58653.499965,maxi,0.028282432432432433,0.0038978378378378377,0.8663097957652834,0.3073579547473045
58654.499965,maxi,0.020778378378378377,0.0038672972972972975,1.357556573275862,0.7627103987087233
58655.499965,maxi,0.028788108108108106,0.004478108108108108,0.5110642276617678,0.19648926766047986
58656.499965,maxi,0.03727945945945946,0.004717027027027027,0.6174616761341529,0.18132774057889997
58657.499965,maxi,0.029572432432432433,0.004382702702702703,0.49304859719438876,0.1690613928210772
58658.499965,maxi,0.018036216216216216,0.005413513513513513,0.9574152211283012,0.9076634892774703
58659.499965,maxi,0.023222702702702703,0.0054375675675675675,0.3650079486487297,0.2570464662357522
58660.499965,maxi,0.0244827027027027,0.00541,0.3947594133287589,0.20340620866754044
58661.499965,maxi,0.024857297297297295,0.0055935135135135134,0.8423578600241439,0.37852442923148816
58662.499965,maxi,0.022910810810810808,0.0055829729729729724,0.7426512881058336,0.3836440519623904
58663.499965,maxi,0.01331081081081081,0.0051272972972972964,1.0011595995516214,0.5353939253842721
58664.499965,maxi,0.011905945945945946,0.005195675675675675,0.1233654735173689,0.3543612450249681
58665.499965,maxi,0.010531891891891892,0.004224054054054054,2.4598440545808966,3.817765369176007
58666.499965,maxi,0.01663891891891892,0.005777027027027027,2.8341311365913393,3.236604904844842
58667.499965,maxi,0.02349,0.0031618918918918915,1.0297715110846852,0.3333757044053558
58668.499965,maxi,0.006303243243243242,0.003064054054054054,1.6375168690958166,2.6488705792938534
58669.499965,maxi,0.00645054054054054,0.0028248648648648645,1.5804734556660596,1.3008517321974444
58670.499965,maxi,0.00879891891891892,0.0026556756756756753,0.31164443664443664,0.19991551792151674
58672.499965,maxi,0.009677837837837837,0.0024702702702702702,0.7129332873132488,0.27734287496213034
58673.499965,maxi,0.005455675675675675,0.0024256756756756755,0.2585440781172857,0.23581392672073048
58674.499965,maxi,0.00827135135135135,0.002427297297297297,5.346863468634686,8.701105330551052
58677.499965,maxi,0.013132162162162161,0.0027997297297297297,0.8475605450822566,0.44793319090051237
58689.499965,maxi,0.04630027027027027,0.004348918918918919,1.830959724238026,0.6537343328719801
58690.499965,maxi,0.04443432432432432,0.003394054054054054,0.8614970676644316,0.16547361812740063
58691.499965,maxi,0.0569027027027027,0.0034159459459459454,0.8793052584998894,0.14695304272895998
58692.499965,maxi,0.03563513513513513,0.0029313513513513512,0.9739720220432387,0.1995074673195677
58693.499965,maxi,0.021120810810810808,0.0026556756756756753,1.2911037972196295,0.39606945846623204
58694.499965,maxi,0.018647027027027026,0.0024354054054054053,2.0777979231910333,0.8147510779675192
58695.499965,maxi,0.018796216216216216,0.004643783783783783,1.3800104892485203,1.0281114829493325
58696.499965,maxi,0.010798918918918918,0.0030397297297297295,0.7883339525502893,0.3828443937796358
58697.499965,maxi,0.013988918918918918,0.004234594594594594,0.41167850298726183,0.2316781782869866
58699.499965,maxi,0.018108108108108107,0.004229459459459459,1.331068478550493,0.8358410743197886
58700.499965,maxi,0.02977027027027027,0.0023775675675675673,1.433941525610024,0.3239537531100361
58701.499965,maxi,0.014928648648648648,0.002289189189189189,0.9294213426853708,0.34852696105633535
58702.499965,maxi,0.015424324324324324,0.0023908108108108106,1.4900593854892847,0.5239745211560934
58703.499965,maxi,0.01431945945945946,0.0022391891891891894,1.5933576990306688,0.6225379884485686
58704.499965,maxi,0.009688918918918918,0.0023518918918918916,0.9915030764723117,0.46015581126396676
58705.499965,maxi,0.013118108108108107,0.002549189189189189,1.3525617053103964,0.7361457666101132
58706.499965,maxi,0.019574594594594596,0.0027167567567567565,0.7404204307059983,0.2557292030776996
58707.499965,maxi,0.020155135135135133,0.002752972972972973,0.9860795296988522,0.37997597996770344
58708.499965,maxi,0.01585756756756757,0.002915135135135135,1.0120043652237178,0.6379471966197996
58710.499965,maxi,0.03431567567567567,0.004155945945945946,1.8651840014205177,0.6987531338424177
58711.499965,maxi,0.023057567567567567,0.0037051351351351353,0.7354506587557805,0.2566424375058422
58712.499965,maxi,0.025986756756756754,0.002932972972972973,0.4585013042447238,0.12829008549229773
58713.499965,maxi,0.019015135135135135,0.003235135135135135,0.42351139192035225,0.16059108040190054
58714.499965,maxi,0.026658918918918917,0.0035889189189189184,0.5108608047807198,0.14196582602335148
58715.499965,maxi,0.026236486486486483,0.0033737837837837835,0.4633866123798198,0.1298359335541704
58716.499965,maxi,0.020666216216216216,0.0031756756756756753,0.5739947492054718,0.20783918400402643
58717.499965,maxi,0.03277297297297297,0.0033356756756756758,0.9109802471743953,0.22150479940207532
58718.499965,maxi,0.03939810810810811,0.002927297297297297,0.6291186279180562,0.11574927588197843
58719.499965,maxi,0.027821351351351352,0.0027227027027027025,0.5962488769092543,0.12776612295934445
58720.499965,maxi,0.0328781081081081,0.0029802702702702703,0.5550794858447123,0.11913445674795824
58721.499965,maxi,0.02690189189189189,0.0026656756756756757,0.7697734980620156,0.18475679521366148
58722.499965,maxi,0.026856486486486485,0.003215405405405405,1.680088495575221,0.6435077461756181
58723.499965,maxi,0.021488918918918916,0.003414324324324324,0.8502922532312505,0.3230434289520592
58724.499965,maxi,0.026397837837837834,0.0035637837837837836,3.690664862775416,2.1619825961030985
58725.499965,maxi,0.03140837837837838,0.004046216216216216,1.0257087736956887,0.410403843834008
58726.499965,maxi,0.02398297297297297,0.0038316216216216217,0.3037602820211516,0.14303618250918768
58727.499965,maxi,0.020105135135135132,0.00404972972972973,1.4553836286378576,0.9060629030979632
58728.499965,maxi,0.02578297297297297,0.0045297297297297295,0.5509819685310671,0.200824590049021
58729.499965,maxi,0.025094594594594594,0.00433,1.115307472368028,0.45757153204123
58730.499965,maxi,0.02897432432432432,0.004423243243243243,0.3191460999390615,0.13555245667051882
58731.499965,maxi,0.017651081081081082,0.005589189189189189,0.4728467853414958,0.28670178287531267
58738.499965,maxi,0.01330027027027027,0.004247297297297297,1.257704373500646,1.0504096962637945
58740.499965,maxi,0.021087297297297296,0.002858108108108108,1.3646614698239938,0.4170387022324783
58743.499965,maxi,0.007687567567567567,0.0026994594594594596,0.6918311151904543,0.4456029698592543
58745.499965,maxi,0.006277027027027027,0.0025286486486486483,0.5782340862422998,0.4299186894575186
58748.499965,maxi,0.008987567567567566,0.002368378378378378,1.3927442170078217,1.201291903640394
58750.499965,maxi,0.011885135135135134,0.0022197297297297295,0.7595991230817414,0.3089675677436451
58751.499965,maxi,0.013279729729729729,0.003675405405405405,0.5120135483188089,0.2741282129656935
58752.499965,maxi,0.00598054054054054,0.0027875675675675675,1.7617267165193744,1.6859282597302958
58753.0,bat,0.023647636363636364,0.010053727272727273,,
58754.499965,maxi,0.014582972972972971,0.0022916216216216216,0.9936155527435868,0.3469747268397537
58755.499965,maxi,0.012912432432432432,0.0028497297297297294,2.35500290866783,1.8427203588446073
58756.499965,maxi,0.031552702702702703,0.00850027027027027,4.585498742665549,10.07843117943266
58757.499965,maxi,0.034334324324324324,0.005668108108108108,0.3976415554039567,0.1826738326905755
58758.0,bat,0.024305136363636366,0.009773727272727272,,
58759.499965,maxi,0.02309972972972973,0.003141081081081081,0.7592145729832033,0.29566202227178373
58763.499965,maxi,0.05888648648648648,0.0041613513513513506,0.6068286552157519,0.11770035617008252
58764.499965,maxi,0.050744324324324325,0.0036848648648648646,0.9979728576305905,0.19270072291470336
58765.499965,maxi,0.01444216216216216,0.0025937837837837836,0.8669650322136428,0.29102464278195694
58766.499965,maxi,0.010743513513513513,0.002181081081081081,0.8178618565772108,0.29693905197975695
58767.499965,maxi,0.011664594594594594,0.002014054054054054,1.6979790419161678,0.6728174424224059
58768.499965,maxi,0.01133972972972973,0.0019472972972972972,0.644575678040245,0.29761486387930736
58770.499965,maxi,0.0038370270270270267,0.0019081081081081081,0.4889014163906701,0.27670181879059386
58772.499965,maxi,0.013827567567567567,0.002092162162162162,1.3667077112513468,0.49890517025433706
58773.499965,maxi,0.014699459459459458,0.0019583783783783783,1.2544456641053787,0.4300313470250716
58774.499965,maxi,0.014893513513513514,0.004496756756756756,0.6474608383800792,0.34686848171667073
58777.499965,maxi,0.01976135135135135,0.0032954054054054054,0.7079606322066545,0.23682429662870047
58778.499965,maxi,0.011382162162162162,0.0021586486486486482,0.8517657192075797,0.4368048062544215
58779.499965,maxi,0.008604594594594594,0.002105135135135135,0.43346337234503685,0.22101634952807703
58780.499965,maxi,0.013992162162162161,0.0025897297297297296,1.0442250149611012,0.42363090382150365
58781.499965,maxi,0.017587837837837836,0.0026270270270270265,1.4679277485421705,0.5972758050109397
58782.499965,maxi,0.04926297297297297,0.0037364864864864863,0.4961337186596891,0.10301900882354095
58783.499965,maxi,0.017345135135135133,0.0027767567567567567,0.6588106704921952,0.20550494004846634
58784.499965,maxi,0.021696486486486487,0.0032148648648648646,0.7845362277981394,0.2641283123030324
58785.499965,maxi,0.023267567567567565,0.003153513513513513,0.5457686612186694,0.16697249625218674
58786.499965,maxi,0.022188108108108107,0.003172162162162162,0.46063887384948565,0.1316246415313896
58787.499965,maxi,0.01748216216216216,0.0029324324324324323,0.6461285781323323,0.27523467343656743
58788.499965,maxi,0.020615135135135132,0.0030475675675675673,0.2990292117022916,0.10980479744207508
58789.499965,maxi,0.02386,0.0030335135135135132,0.8398682150313153,0.23516554407448673
58790.499965,maxi,0.021216756756756758,0.0028670270270270267,0.684539495911886,0.2092467678639751
58791.499965,maxi,0.021282702702702702,0.003114864864864865,0.642251838578415,0.23311717962737907
58792.499965,maxi,0.023364324324324323,0.0030137837837837834,0.8992239300783604,0.2762189173389586
58793.499965,maxi,0.022629999999999997,0.003222432432432432,0.8636780126921642,0.2737539236965651
58794.499965,maxi,0.022446486486486485,0.0031254054054054054,0.8286039930828486,0.2826504633337284
58795.499965,maxi,0.027084054054054053,0.0034686486486486486,0.7042294415588606,0.23505978093762545
58796.499965,maxi,0.02208108108108108,0.0032464864864864863,1.3055847609623354,0.5761562603642195
58797.499965,maxi,0.023847567567567566,0.0035116216216216213,0.5423376054332347,0.18632399802383237
58798.499965,maxi,0.01766162162162162,0.00325,0.15895713273136308,0.1375828057849509
58799.499965,maxi,0.02561189189189189,0.00397027027027027,0.8333997120186268,0.28929820765506076
58800.0,bat,0.02918072727272727,0.013724227272727273,,
58800.499965,maxi,0.02691243243243243,0.003804054054054054,0.8153449756656168,0.2563256252752793
58801.499965,maxi,0.027068918918918917,0.004308108108108108,0.17801977997555282,0.12638374212748993
58802.499965,maxi,0.023261891891891893,0.003951891891891892,0.7375039077425406,0.2814012097929204
58803.499965,maxi,0.020776216216216215,0.004268648648648649,0.5618626584143825,0.23529528195126465
58805.499965,maxi,0.01471,0.004425675675675676,0.7054682446059591,0.3644955604682171
58806.499965,maxi,0.01919405405405405,0.006274324324324324,0.9259482881091065,0.5610571026851415
58808.499965,maxi,0.01492135135135135,0.0052370270270270265,1.2197966029497898,0.8013981077645402
58810.499965,maxi,0.012233513513513513,0.003567027027027027,0.7402867852680431,0.49812170986767745
58811.499965,maxi,0.015644864864864865,0.005524864864864864,0.66812911313068,0.3926783931369592
58812.499965,maxi,0.009998108108108108,0.0025716216216216214,0.5888797589701451,0.3336066556495469
58816.499965,maxi,0.011078378378378377,0.002254054054054054,2.0033864291985455,1.0845477750398356
58817.499965,maxi,0.014051081081081081,0.0019516216216216215,1.1057322757379997,0.4267679889661979
58818.499965,maxi,0.02085,0.002085135135135135,0.676451455521223,0.17853158442133618
58819.499965,maxi,0.0183327027027027,0.0019694594594594594,0.6028784202158814,0.1680121245395316
58820.499965,maxi,0.019355675675675674,0.002391351351351351,1.6089396808222884,0.5582945534884611
58821.499965,maxi,0.01772891891891892,0.004577567567567568,1.06986301369863,0.7571573092855146
58822.499965,maxi,0.036520270270270265,0.00930891891891892,0.67253292524578,0.4541681292786276
58823.499965,maxi,0.033237567567567565,0.012803243243243242,0.1972729447412487,0.20317261424014482
58824.499965,maxi,0.03808567567567567,0.012598648648648647,0.21579339814735152,0.24749747855311893
58825.499965,maxi,0.04603567567567567,0.014918378378378377,2.2933577864604096,2.533906172009171
58826.499965,maxi,0.050809999999999994,0.016465405405405403,inf,
58847.499965,maxi,0.04185027027027027,0.020554324324324323,0.5596685384070218,0.8710096511959509
58848.499965,maxi,0.013213783783783782,0.002853783783783784,0.3765862795598221,0.22721680159530172
58849.499965,maxi,0.01179972972972973,0.001993243243243243,0.8110328638497653,0.3234413943552174
58850.499965,maxi,0.009097297297297297,0.0020886486486486485,0.5996361431170405,0.2618248450008999
58851.499965,maxi,0.010833783783783784,0.002151081081081081,3.163647222775234,2.527498513535294
58852.499965,maxi,0.01261054054054054,0.002356756756756757,0.6331020477238112,0.27989099857165384
58853.499965,maxi,0.008583243243243244,0.0022410810810810813,0.3320252621252069,0.23137921118098245
58854.499965,maxi,0.011687837837837837,0.0028605405405405402,0.5597337542029781,0.38101257540579314
58855.499965,maxi,0.04835054054054054,0.003722972972972973,0.7315966901624271,0.1627951417728477
58856.499965,maxi,0.01436189189189189,0.0029905405405405406,0.5610707134576879,0.3085623140600519
58857.499965,maxi,0.018817027027027027,0.0026572972972972973,0.6455369116540739,0.18743040216368975
58858.499965,maxi,0.01887162162162162,0.0029483783783783783,0.6665461121157323,0.2509760807359215
58859.499965,maxi,0.024634864864864863,0.003204324324324324,0.4807618865762841,0.14242801648857506
58860.499965,maxi,0.023684054054054052,0.003222432432432432,0.445754658920263,0.13944630007112688
58861.499965,maxi,0.023967297297297293,0.0031575675675675676,0.6633206183497289,0.19452351531970788
58862.499965,maxi,0.014921891891891892,0.0029564864864864864,0.7272534913245874,0.3420268583523844
58863.499965,maxi,0.024627297297297294,0.002984054054054054,0.6436345894009908,0.21917216598332462
58864.499965,maxi,0.021652702702702704,0.002968918918918919,0.8215100179182276,0.27922927697532157
58865.499965,maxi,0.018653513513513513,0.0029054054054054052,0.4039534226152225,0.13726403253288244
58866.499965,maxi,0.026167837837837837,0.0031427027027027023,0.9730777903043968,0.3441858271043805
58867.499965,maxi,0.02024324324324324,0.002992972972972973,1.3779613722164468,0.5259722432117439
58868.499965,maxi,0.01916189189189189,0.0029216216216216215,0.6198702247432427,0.2465616932182598
58869.499965,maxi,0.020378108108108105,0.0031172972972972972,0.5754229149737756,0.22173892571199416
58870.499965,maxi,0.02643351351351351,0.003923243243243243,0.8548040090255549,0.4206560908786968
58871.499965,maxi,0.02869378378378378,0.003860810810810811,0.6836961725856874,0.22657337830427596
58872.499965,maxi,0.029067027027027025,0.004044054054054054,1.0166233581319188,0.3708233320174208
58873.499965,maxi,0.033091621621621624,0.004169189189189189,0.7319444444444445,0.21044712172727428
58874.499965,maxi,0.03040054054054054,0.004334324324324324,0.5600728017290411,0.1890143241280397
58875.499965,maxi,0.02731054054054054,0.004172432432432432,0.6165005427810125,0.1992632434565772
58876.499965,maxi,0.020414054054054054,0.004901351351351351,0.4929303278688525,0.22711703904221223
58877.499965,maxi,0.011057837837837836,0.004783243243243243,0.37301481382623786,0.3484537499068596
58878.499965,maxi,0.013734324324324323,0.005172702702702702,0.22822667972979943,0.21920468346742014
58879.499965,maxi,0.01197108108108108,0.00497,1.455298786181139,1.8178227621661283
58881.499965,maxi,0.01088054054054054,0.004478378378378379,0.8870836165873555,0.733295933366494
58883.499965,maxi,0.013747027027027027,0.004133783783783784,2.5582342401042513,3.48641158275848
58884.499965,maxi,0.019965405405405402,0.0041564864864864865,0.24702293288449398,0.13804903442717836
58885.499965,maxi,0.014983243243243244,0.002764324324324324,0.6023988005997002,0.2374021195794855
58886.499965,maxi,0.005185135135135135,0.002465675675675675,0.3693871550384341,0.19197823010934834
58887.499965,maxi,0.008725675675675676,0.0025116216216216213,1.19931410127093,0.6769175319335664
58889.499965,maxi,0.009810270270270269,0.0023270270270270266,0.7151110104213865,0.5396640782934873
58892.499965,maxi,0.010847567567567567,0.002181891891891892,1.28308367522183,0.5880881634538102
58894.499965,maxi,0.008328648648648648,0.004143243243243243,0.10653188180404354,4.699075214357656
58895.499965,maxi,0.008766486486486485,0.0021816216216216213,0.6650748354784229,0.27646536556741963
58896.499965,maxi,0.011772972972972973,0.002029189189189189,1.2695282710534916,0.6580952330040621
58897.499965,maxi,0.0070824324324324315,0.002007027027027027,0.4822075165438881,0.2501995977152536
58898.499965,maxi,0.009037567567567567,0.002235135135135135,0.9970925784238714,0.4494163442676478
58899.499965,maxi,0.03304864864864865,0.012393513513513513,0.20999526644908942,0.4148584912040585
58900.499965,maxi,0.03928648648648648,0.011651891891891891,1.3972620771357114,1.6412660934972654
58901.499965,maxi,0.04488189189189189,0.00957243243243243,0.6726893010423053,0.36723384370875395
58902.499965,maxi,0.013898648648648648,0.006701351351351351,0.22177663022578695,0.5325916943519362
58904.499965,maxi,0.022352972972972972,0.003706216216216216,2.129780663552142,1.0763146763591733
58905.499965,maxi,0.02556135135135135,0.005025135135135135,0.8012907010853623,0.5573060600461215
58907.499965,maxi,0.037435135135135134,0.0036716216216216213,1.6599338774666805,0.6132138325542674
58908.499965,maxi,0.05227432432432432,0.0032072972972972975,1.3832418928186536,0.2403306956152815
58909.499965,maxi,0.054353513513513516,0.003487297297297297,0.6451081264247428,0.10711263747347183
58910.499965,maxi,0.03302378378378378,0.0026045945945945945,1.0501580181466001,0.21732263042637462
58911.499965,maxi,0.016794594594594595,0.002333513513513513,2.197240674501788,1.0075723008063466
58912.499965,maxi,0.014784054054054052,0.0021437837837837838,0.947316700333024,0.30857312289220795
58913.499965,maxi,0.010138378378378377,0.001985945945945946,0.7947894152695836,0.2769401549064752
58914.499965,maxi,0.006586486486486486,0.0018364864864864863,0.9847102342786684,0.584899808112729
58915.499965,maxi,0.007955945945945946,0.001982972972972973,0.8525197230719691,0.40165119898338636
58916.499965,maxi,0.004735135135135135,0.0019537837837837837,0.0775433661509611,0.2784247745235653
58918.499965,maxi,0.022192702702702703,0.002063243243243243,0.8684495573899077,0.18946283233442063
58919.499965,maxi,0.012139459459459458,0.002172972972972973,2.459746529873265,1.3382642167244987
58920.499965,maxi,0.00747972972972973,0.0018775675675675675,1.0890361619363205,0.7240368528919365
58921.499965,maxi,0.010804054054054053,0.0019062162162162162,2.2833195932948613,1.2476377553830065
58922.499965,maxi,0.009298918918918918,0.0020508108108108106,0.7435431065842124,0.296402933213401
58923.499965,maxi,0.010216756756756757,0.0020194594594594596,0.6613632254565177,0.27110671337455644
58924.499965,maxi,0.007689459459459459,0.0019397297297297296,1.3422878228782287,0.8960174670954915
58925.499965,maxi,0.014459189189189188,0.002197837837837838,0.8022390148334733,0.2822350637945687
58926.499965,maxi,0.015802702702702703,0.002452972972972973,0.5399556048834628,0.23323121905654592
58927.499965,maxi,0.014415135135135135,0.0029189189189189188,0.931349938499385,0.5385158486722503
58928.499965,maxi,0.022841081081081082,0.003929459459459459,1.4058045592548758,0.6641145501795841
58929.499965,maxi,0.021681891891891892,0.003034324324324324,1.0693898614584574,0.3407848125624634
58930.499965,maxi,0.020268378378378377,0.0027878378378378378,0.4456998352782868,0.1225395040861887
58931.499965,maxi,0.01651,0.002855675675675676,0.23435305779662413,0.12034573074821023
58932.499965,maxi,0.024954594594594592,0.0032586486486486485,0.3962351015397207,0.1411486614518508
58933.499965,maxi,0.01801108108108108,0.0029154054054054052,0.8567602512005911,0.31764477320936757
58934.499965,maxi,0.026951891891891892,0.0031681081081081077,0.7704128071960166,0.19830246368843582
58935.499965,maxi,0.024393243243243243,0.003455945945945946,0.6074687440416201,0.1966847093664366
58936.499965,maxi,0.01891837837837838,0.0029697297297297293,0.7340068448071607,0.22358302038209993
58937.0,bat,0.01468840909090909,0.006719636363636363,,
58937.499965,maxi,0.022552702702702702,0.0030227027027027024,0.7609017287026943,0.2543470036335013
58938.499965,maxi,0.0255727027027027,0.0030908108108108107,1.5607164853212891,0.5268943440807649
58939.499965,maxi,0.022287027027027024,0.0031556756756756757,0.5579154747125817,0.17178220770115582
58940.499965,maxi,0.021617837837837838,0.0029516216216216216,1.1913782567635132,0.4502864114824251
58941.499965,maxi,0.020897837837837836,0.003218378378378378,1.743142857142857,0.8294502985612986
58942.499965,maxi,0.01984864864864865,0.003051081081081081,1.4332411674347156,0.5727123736996882
58943.499965,maxi,0.023793243243243244,0.0033775675675675673,0.6431159945496188,0.20494996287507938
58944.499965,maxi,0.02362945945945946,0.0036056756756756756,0.432832301797819,0.17712869570732176
58945.499965,maxi,0.0370672972972973,0.003927837837837838,0.4894764089472839,0.12580815008159682
58946.499965,maxi,0.022344864864864863,0.004018378378378378,0.8533344987326283,0.37985852660056824
58947.499965,maxi,0.029326756756756753,0.004098378378378379,0.8798277944683618,0.29446127970025754
58948.499965,maxi,0.02072135135135135,0.002441891891891892,0.5685909373060211,0.15165607203934647
58949.499965,maxi,0.01780027027027027,0.004491351351351351,0.43452135341448317,0.20655567644655978
58950.499965,maxi,0.012809459459459459,0.0046643243243243235,0.31775520876338315,0.21741211819316777
58951.499965,maxi,0.017785675675675676,0.005150540540540541,0.18780086141373195,0.2269437785816314
58952.499965,maxi,0.01609081081081081,0.004862162162162162,0.5042483241535374,0.3778586294873804
58953.0,bat,0.020582363636363638,0.006986818181818182,,
58953.499965,maxi,0.012082432432432432,0.004872162162162162,2.9252846851034158,3.367330304514792
58955.499965,maxi,0.009414594594594594,0.0031159459459459454,1.541231992051664,1.3214030719407082
58957.499965,maxi,0.017066486486486485,0.003367297297297297,0.7441870924218573,0.3377739547905117
58958.499965,maxi,0.007085405405405405,0.0025954054054054053,1.2456647398843932,0.9530800786152358
58961.499965,maxi,0.005978108108108108,0.002125135135135135,1.2197164229094564,0.7374435466577166
58963.499965,maxi,0.00828,0.0020372972972972974,2.049424319011514,1.3241171984564708
58968.499965,maxi,0.009267027027027027,0.001992972972972973,0.8426742058872443,0.3841948234992011
58969.499965,maxi,0.005367027027027027,0.001998108108108108,0.09731429542750297,0.2683240156954032
58970.499965,maxi,0.007877567567567568,0.0018835135135135135,1.0713449046959855,0.5740788711733281
58971.499965,maxi,0.004302162162162162,0.0018275675675675674,1.5905682715074982,1.2782223283339202
58972.499965,maxi,0.004699999999999999,0.001746216216216216,0.6914138943248533,0.4777583250691989
58973.499965,maxi,0.006007567567567568,0.001885945945945946,1.460305792413996,0.9600070133599714
58976.499965,maxi,0.04778702702702702,0.00486054054054054,0.8091850684709317,0.24004583869678453
58980.499965,maxi,0.03901081081081081,0.0033786486486486484,0.9805834506118359,0.20887015935963804
58983.499965,maxi,0.03685675675675675,0.004918378378378378,0.9940187472102365,0.35080934660562185
58984.499965,maxi,0.015787027027027025,0.0025759459459459458,1.3921719602181586,0.5222857121862413
58987.499965,maxi,0.015086486486486486,0.0028345945945945947,0.9750013919046823,0.41756084368701885
58988.0,bat,0.0123375,0.004916454545454545,,
58988.499965,maxi,0.013236216216216215,0.0019745945945945946,1.4021847070506457,0.4810456098554875
58989.0,bat,0.012283318181818183,0.0058267272727272725,,
58989.499965,maxi,0.007582162162162161,0.001942162162162162,1.384681162961153,0.7637726534292646
58990.499965,maxi,0.01676189189189189,0.0038105405405405406,0.6476294789547802,0.32637207110426053
58991.499965,maxi,0.021436756756756756,0.0020332432432432434,1.3526785714285714,0.35871554544518613
58992.499965,maxi,0.00844108108108108,0.0018586486486486485,0.9529423932154307,0.4847819441825031
58993.499965,maxi,0.010680270270270268,0.0019824324324324324,1.883219954648526,1.0198212912749258
58994.499965,maxi,0.009547027027027026,0.001862162162162162,1.8496942745969984,0.8779369529516957
58995.499965,maxi,0.01090972972972973,0.002052972972972973,1.1827036367920822,0.48196873295573844
58996.0,bat,0.01679681818181818,0.0069025,,
58996.499965,maxi,0.013050540540540539,0.002121081081081081,0.7338250922047883,0.2980255582529958
58997.499965,maxi,0.007408108108108108,0.0021656756756756753,0.25549664743489786,0.27875774926328767
58998.499965,maxi,0.018876486486486488,0.0024805405405405405,1.1410780307452812,0.34663466467346987
58999.499965,maxi,0.016328648648648646,0.0027016216216216213,1.0021675944627813,0.35510759640888995
59000.499965,maxi,0.04085216216216216,0.005207027027027026,0.49353406336794803,0.16877393837931176
59001.499965,maxi,0.023018918918918916,0.0043572972972972975,0.16834004689472737,0.17116447219124084
59002.499965,maxi,0.0225127027027027,0.0032659459459459454,0.3628289473684211,0.13063895899295636
59003.499965,maxi,0.025467027027027026,0.0031859459459459456,0.27103861204092217,0.07901678070117941
59004.499965,maxi,0.016442162162162162,0.002956216216216216,0.4590224750363248,0.1700453630827806
59005.499965,maxi,0.019481891891891888,0.002967027027027027,0.18394381223328593,0.0981873128212586
59006.499965,maxi,0.016524594594594592,0.003144594594594594,0.5304908779356919,0.20498239849921854
59007.499965,maxi,0.014108108108108109,0.0031832432432432434,0.4639335319541773,0.2425647160912059
59008.499965,maxi,0.024678378378378378,0.003212162162162162,0.49377120293643284,0.16549881243067843
59009.499965,maxi,0.02214,0.0031983783783783785,0.7516773974923754,0.23977858614975844
59010.499965,maxi,0.021275945945945944,0.003097027027027027,0.647327674657215,0.20196687322588275
59011.499965,maxi,0.022518108108108108,0.0031808108108108105,1.922099562591127,0.8123548272517804
59012.499965,maxi,0.021576216216216214,0.0030618918918918917,0.8967738879151073,0.34676608640311885
59013.499965,maxi,0.022344594594594595,0.0032216216216216214,1.2564383878045964,0.499988779598451
59014.499965,maxi,0.02090135135135135,0.0032467567567567566,1.1281043046357615,0.4609082654135483
59015.499965,maxi,0.03259972972972973,0.0040008108108108105,5.015831819361536,3.8992169740851987
59016.499965,maxi,0.029547837837837834,0.0039048648648648647,0.7806075664803148,0.246525592400755
59017.499965,maxi,0.026977297297297295,0.004006756756756756,1.3845102290939946,0.5417933264174106
59018.499965,maxi,0.021535135135135133,0.004016756756756757,0.39772858074665235,0.23030119611808703
59019.499965,maxi,0.027586216216216212,0.004586486486486486,0.44724580883953846,0.1685602383406519
59020.499965,maxi,0.03115162162162162,0.00478972972972973,0.7828796400449942,0.24303140941632245
59021.499965,maxi,0.025515135135135134,0.006628378378378379,2.174620920969883,1.9145197561248992
59022.499965,maxi,0.022612972972972975,0.006433243243243243,0.6022703236268773,0.30243650909751907
59023.0,bat,0.03385209090909091,0.01462009090909091,,
59023.499965,maxi,0.02629918918918919,0.009065675675675676,0.8401589063504118,0.9494950337681707
59027.499965,maxi,0.01366081081081081,0.003765675675675675,0.9619420595471204,0.5225129991674128
59028.499965,maxi,0.007126216216216216,0.0029675675675675675,0.4345665378244064,0.4357208407181505
59030.499965,maxi,0.017884864864864864,0.0028575675675675677,0.9646260915820737,0.3325498194024275
59031.499965,maxi,0.0066394594594594595,0.0023327027027027023,0.2188032422943879,0.194206259288541
59032.499965,maxi,0.005849189189189189,0.0023262162162162162,0.36159288710788307,0.26020668977710754
59036.0,bat,0.02210690909090909,0.008806954545454545,,
59036.499965,maxi,0.005064864864864864,0.002007297297297297,1.0722704024905492,0.6308092193233765
59038.499965,maxi,0.006404864864864864,0.0019256756756756757,0.5325788026232283,0.3979820600900722
59041.499965,maxi,0.006558918918918919,0.003253243243243243,2.8765883711975357,3.2076207546068574
59045.499965,maxi,0.00741972972972973,0.0017727027027027026,2.793646408839779,2.698104196750531
59046.499965,maxi,0.007403243243243243,0.0018778378378378378,0.5457911027492869,0.23682320562507408
59047.499965,maxi,0.006278378378378378,0.0018616216216216215,1.1026924404556437,0.832784677454913
59048.499965,maxi,0.007582702702702703,0.002554324324324324,1.517493325839539,1.2433364654024535
59050.0,bat,0.015607045454545455,0.007535727272727272,,
59055.499965,maxi,0.023257027027027026,0.0028227027027027027,1.4190047644256218,0.4557399111336824
59056.499965,maxi,0.014541891891891891,0.002388378378378378,1.4675942878066641,0.49193870138333834
59057.499965,maxi,0.016662702702702703,0.0022578378378378377,1.1828101071975496,0.3315087805294128
59058.499965,maxi,0.011937567567567567,0.001916216216216216,1.0431028886725089,0.3478316069345791
59059.499965,maxi,0.010957297297297297,0.0026662162162162163,1.5952357707702822,0.9054629933401885
59060.499965,maxi,0.008613243243243243,0.0019278378378378377,0.6411304870715574,0.2565017438420828
59061.499965,maxi,0.011893513513513514,0.002171081081081081,1.2262675722634655,0.5357845821998891
59063.499965,maxi,0.019463783783783783,0.002193513513513513,1.2599018576936556,0.37768572798911076
59064.499965,maxi,0.013766486486486486,0.0018824324324324324,0.8971772990392075,0.2815188792820535
59066.499965,maxi,0.008720540540540542,0.0019089189189189187,2.0354759395855284,1.4294597444279653
59067.499965,maxi,0.011614054054054055,0.002059189189189189,0.7960099448183858,0.2982654729947914
59068.499965,maxi,0.010228108108108109,0.0020110810810810807,1.1523777998455258,0.6246335070533238
59069.499965,maxi,0.010613513513513513,0.0021697297297297298,0.6048195263212328,0.239722273414514
59070.499965,maxi,0.015607027027027025,0.0023686486486486484,0.7840039741679087,0.26962925386021785
59071.499965,maxi,0.012447027027027026,0.0024737837837837838,0.6459445432977461,0.20951464996029495
59072.499965,maxi,0.017523783783783786,0.0028532432432432434,1.3543057996485062,0.5984603963526288
59073.499965,maxi,0.044429189189189186,0.0056867567567567565,0.445315171549071,0.1426385918087573
59074.499965,maxi,0.02047162162162162,0.0033118918918918915,0.4627295149355988,0.17128044460517636
59075.499965,maxi,0.022472972972972974,0.0031427027027027023,0.5072400276688956,0.14439552891236096
59076.499965,maxi,0.026397837837837834,0.0033045945945945946,0.336241676780267,0.09260708256715011
59077.499965,maxi,0.02351378378378378,0.0031645945945945947,0.37980723168605207,0.10901084546572926
59078.499965,maxi,0.026849189189189188,0.003128648648648648,0.5785483272360956,0.16320232211677876
59079.499965,maxi,0.018518648648648647,0.003401081081081081,0.432388021644899,0.17092798005345408
59080.499965,maxi,0.022727567567567566,0.0034048648648648647,1.5585150427822245,0.7056602188916665
59081.499965,maxi,0.02210918918918919,0.00319972972972973,0.7525706503234594,0.24572060054190226
59082.499965,maxi,0.02818972972972973,0.0033164864864864865,0.6992164366088106,0.1735000818955701
59083.499965,maxi,0.019767297297297294,0.0032348648648648647,1.084246665786346,0.5462051338005206
59084.499965,maxi,0.02174162162162162,0.0030875675675675674,1.990541773832241,0.9814808905251831
59085.499965,maxi,0.016727567567567568,0.002993243243243243,0.7813215483733561,0.3504876754815592
59086.499965,maxi,0.017652972972972972,0.002963243243243243,0.9963078490037559,0.4517303155142475
59087.499965,maxi,0.0213827027027027,0.0032613513513513512,1.4778507580621265,0.5449460701498047
59088.499965,maxi,0.02431108108108108,0.0034805405405405406,1.810373711340206,0.8152281424096925
59089.499965,maxi,0.012992702702702702,0.0032416216216216215,1.7610904827047098,1.1467574665042468
59090.499965,maxi,0.027435135135135135,0.003898378378378378,0.46661249973272895,0.15222523836090418
59091.499965,maxi,0.02116108108108108,0.00398081081081081,0.3688587919829114,0.26227747286421543
59092.499965,maxi,0.027038918918918915,0.004104324324324324,0.5857620744692481,0.18341693957713656
59093.499965,maxi,0.030282702702702703,0.004864864864864865,0.7427588633076653,0.36691154222231037
59094.499965,maxi,0.02429,0.0049475675675675675,0.26916203335980937,0.17901144594723564
59095.499965,maxi,0.024816756756756757,0.007023783783783784,0.3388350431115866,0.18488349234567955
59096.499965,maxi,0.017010540540540537,0.007682432432432431,0.27670760520210297,0.26044194206260735
59098.499965,maxi,0.024573513513513515,0.005595675675675676,0.4177518611565676,0.23744221737528384
59101.499965,maxi,0.016026486486486486,0.0034389189189189184,0.6112662013958126,0.2582258781544982
59103.499965,maxi,0.018207567567567567,0.002845135135135135,0.7513575918245179,0.27401262307925645
59104.499965,maxi,0.007569189189189189,0.0022924324324324324,1.8006935021860395,1.3430379286221974
59108.499965,maxi,0.005449999999999999,0.0019675675675675675,2.2244140171733577,2.158573723797677
59109.499965,maxi,0.008300810810810811,0.0021272972972972972,0.4104493657278005,0.2150610234052918
59110.499965,maxi,0.0070091891891891885,0.0020445945945945943,1.0456992612996119,0.6874815816459502
59114.0,bat,0.02148627272727273,0.008708636363636363,,
59114.499965,maxi,0.006238108108108108,0.0019045945945945946,0.754362329997434,0.300006056860376
59115.499965,maxi,0.004032162162162162,0.0018056756756756756,0.6161356628982528,0.6554784054936191
59116.499965,maxi,0.007258378378378378,0.0019775675675675676,1.0041460692074629,0.8107282847168065
59117.499965,maxi,0.005361351351351351,0.0017727027027027026,0.2978457137749173,0.27201920946845837
59118.499965,maxi,0.00684081081081081,0.0019194594594594593,0.7058874533946069,0.3755759598972931
59121.499965,maxi,0.03493162162162162,0.004818648648648649,1.7206339177591745,0.8875012411081553
59122.499965,maxi,0.03378837837837837,0.0032813513513513513,0.9195776533592991,0.23535718994752525
59123.499965,maxi,0.01994297297297297,0.00453027027027027,2.3036525172754194,1.8229342576655208
59125.499965,maxi,0.06504486486486485,0.00583972972972973,1.0083985451339137,0.30041643693504905
59126.499965,maxi,0.04241378378378378,0.0031921621621621623,1.0626876072041167,0.21786797511627043
59127.499965,maxi,0.046093243243243244,0.0037235135135135133,0.9560454894299867,0.21085396011317975
59128.499965,maxi,0.03910702702702702,0.0026135135135135134,0.953380299097763,0.1617888629727761
59129.499965,maxi,0.017025135135135133,0.0031237837837837837,0.9695164681149263,0.36016140758684595
59130.499965,maxi,0.015455675675675675,0.00212027027027027,0.6625295027264589,0.19160571189571143
59131.499965,maxi,0.01343054054054054,0.0020727027027027025,0.8648648648648649,0.3005315789863966
59132.499965,maxi,0.00534,0.0018183783783783782,1.1609364548494983,0.7277722473447896
59133.499965,maxi,0.007901891891891891,0.001965945945945946,0.48699746977790276,0.27538169774517823
59134.499965,maxi,0.005362702702702702,0.0018232432432432433,0.5867243357754436,0.345305397258719
59136.499965,maxi,0.019613513513513512,0.0021397297297297297,1.2040599625234227,0.3703707360546648
59137.499965,maxi,0.01358189189189189,0.0022089189189189186,1.9264069264069263,1.0704087124716613
59138.499965,maxi,0.014598108108108108,0.0021867567567567564,2.8418351477449457,1.8377899267141493
59139.499965,maxi,0.010403513513513513,0.0022464864864864863,0.8930365561480793,0.4253501719254708
59140.499965,maxi,0.010730540540540541,0.0022486486486486485,0.915552158960642,0.5305022684164769
59141.499965,maxi,0.01432108108108108,0.0024024324324324322,1.5511870132307404,0.7556942354888322
59142.499965,maxi,0.011396756756756755,0.002511891891891892,0.6417954639663647,0.31955436414331945
59143.499965,maxi,0.017983513513513513,0.0027416216216216214,1.5981189223656942,0.6960508783220678
59144.499965,maxi,0.016947027027027026,0.0026543243243243243,1.1084000438644588,0.39702035072291014
59145.499965,maxi,0.013481621621621621,0.003213243243243243,1.7746741154562382,1.515869741772235
59146.499965,maxi,0.030468918918918918,0.007573243243243243,1.8798463016330453,1.129924112694271
59147.499965,maxi,0.020168648648648646,0.003275945945945946,0.8396779521056978,0.3317258144267475
59148.499965,maxi,0.02857918918918919,0.0030191891891891893,0.3867233735229803,0.10653576164223595
59149.499965,maxi,0.025588378378378376,0.0031056756756756756,0.37147154911039554,0.12366775501836907
59150.499965,maxi,0.026918918918918917,0.003488918918918919,0.4246368995592584,0.11926426467975314
59151.499965,maxi,0.025160540540540538,0.0033448648648648645,0.4933717579250721,0.13948664596825475
59152.499965,maxi,0.0343327027027027,0.0038556756756756754,0.736810517826666,0.1719067583599376
59153.499965,maxi,0.025882972972972974,0.003577297297297297,0.7770637359908107,0.24414696829880106
59154.499965,maxi,0.019974324324324323,0.0033818918918918917,0.575510041440867,0.2584489090628523
59155.499965,maxi,0.028006216216216216,0.0034632432432432432,0.9328281088529107,0.27277683359199273
59156.499965,maxi,0.02396135135135135,0.003485405405405405,0.839690762106585,0.3180660987673188
59157.499965,maxi,0.02449864864864865,0.0033056756756756757,1.5769009768243631,0.6827995046476977
59158.499965,maxi,0.02409,0.0034218918918918918,0.9730123997082422,0.38516942138537674
59159.499965,maxi,0.030491621621621622,0.00355,1.0632871314993315,0.3287259048379642
59160.499965,maxi,0.033089729729729726,0.00402027027027027,0.8887042614324783,0.31782697385215375
59161.499965,maxi,0.02554864864864865,0.0036908108108108105,1.3073772090664377,0.4410697783498028
59162.499965,maxi,0.028605945945945947,0.0039005405405405404,1.2797759551910384,0.45760191088696883
59163.499965,maxi,0.02677216216216216,0.00385,0.591451759471062,0.22418079091628787
59164.499965,maxi,0.03406,0.004588918918918919,0.627004731795151,0.1970408819554397
59165.499965,maxi,0.03172729729729729,0.004487567567567567,0.4770018398528117,0.19945544320267494
59166.499965,maxi,0.029081891891891892,0.004487567567567567,0.4830532940700964,0.21431811694362765
59167.499965,maxi,0.029255675675675673,0.006081891891891891,0.5662052486301652,0.24520298410418648
59168.499965,maxi,0.016866486486486486,0.006649459459459459,0.63350909570261,0.3552642968859984
59170.499965,maxi,0.05031,0.013926216216216217,0.5851569933396764,0.42722817602304775
59172.499965,maxi,0.011164054054054054,0.005217297297297297,0.888923818505711,1.3104122729474101
59176.499965,maxi,0.02546108108108108,0.008262432432432432,2.3423317953309004,2.399924865019661
59177.499965,maxi,0.00683108108108108,0.0031178378378378373,0.6389823380992431,0.45843529970658414
59180.499965,maxi,0.008709999999999999,0.002363783783783784,0.8348324514991182,0.4938694311665231
59181.499965,maxi,0.021918648648648648,0.002612972972972973,0.9229689975107491,0.2856691442305475
59182.499965,maxi,0.022704864864864862,0.0021975675675675673,0.980002428854795,0.23698367809468743
59183.499965,maxi,0.02408918918918919,0.002301891891891892,0.9371997956055186,0.27681241866260115
59184.499965,maxi,0.02452189189189189,0.002368918918918919,1.0201293103448277,0.27408812049236975
59185.499965,maxi,0.020528648648648645,0.004425675675675676,1.3436769518466574,0.825812255831557
59186.499965,maxi,0.017955405405405404,0.00484054054054054,0.9100542556798915,0.558153834064603
59187.499965,maxi,0.024417297297297295,0.008191621621621622,inf,
59188.499965,maxi,0.020438648648648645,0.004903243243243242,0.10753280117441968,0.17648383460212078
59189.499965,maxi,0.030563243243243242,0.004766486486486486,3.881880463028585,3.3554781053887877
59190.499965,maxi,0.030636216216216212,0.005323513513513513,1.6362001171254077,0.8252748271152017
59191.499965,maxi,0.03688594594594594,0.005707837837837838,2.768236943140959,1.5221517320379712
59214.499965,maxi,0.014315405405405405,0.0024997297297297298,0.5003217981088173,0.24222137906789204
59215.499965,maxi,0.009124324324324324,0.0023359459459459456,1.1503046716316858,0.7146411293179878
59216.499965,maxi,0.011045405405405405,0.002638918918918919,0.5931189810500155,0.40314703714033845
59217.499965,maxi,0.019937297297297298,0.002875405405405405,0.7610175863653453,0.26872372174033327
59218.499965,maxi,0.013382702702702701,0.003981081081081081,1.4267867709908606,0.8763142287796988
59219.499965,maxi,0.020217027027027025,0.0048862162162162165,2.1005467228052535,1.301444966030933
59220.499965,maxi,0.013532432432432432,0.003144864864864865,0.3529004994237418,0.21525661386334888
59221.499965,maxi,0.028565405405405402,0.0027245945945945944,0.7228641456582634,0.15624769858443055
59222.499965,maxi,0.02183081081081081,0.003137837837837838,0.6304630304566919,0.20221117274391304
59223.499965,maxi,0.028234864864864866,0.0034059459459459458,0.5038645146624232,0.12525846597874277
59224.499965,maxi,0.022078378378378376,0.0034005405405405404,0.39859716169925197,0.14397928174249836
59225.499965,maxi,0.021845405405405402,0.0036205405405405405,0.4472705595140091,0.18456263859966085
59226.499965,maxi,0.019594594594594592,0.003698378378378378,1.4900314795383,0.6873830512783705
59227.499965,maxi,0.025212162162162162,0.003417297297297297,1.002899304910233,0.3213098282954114
59228.499965,maxi,0.017675135135135134,0.0032635135135135134,0.6812340326701246,0.2656643645505286
59229.499965,maxi,0.02380081081081081,0.0033237837837837834,0.5529195862529196,0.20209491016084544
59230.499965,maxi,0.023635675675675673,0.0034829729729729726,1.3005535055350552,0.6057693526608628
59231.499965,maxi,0.027608918918918916,0.00342027027027027,1.5050623052959502,0.519456620026012
59232.499965,maxi,0.019435675675675675,0.0033278378378378375,1.2638888888888888,0.6046569481098154
59233.0,bat,0.053611727272727276,0.02561509090909091,,
59233.499965,maxi,0.025963243243243242,0.0034591891891891887,0.8444420043190219,0.2956622694259659
59234.499965,maxi,0.024854054054054053,0.0037856756756756756,0.9638505073165758,0.44242293169613256
59235.499965,maxi,0.019985135135135133,0.003603513513513513,0.8094334216746651,0.2974446911350655
59236.499965,maxi,0.026196756756756756,0.00486054054054054,0.7250787534820754,0.31051885839807897
59237.499965,maxi,0.030430270270270267,0.004262432432432432,0.3819630855026323,0.1407149853916077
59238.499965,maxi,0.025926756756756757,0.004434864864864865,0.9066098973965241,0.351318771215454
59239.499965,maxi,0.02110243243243243,0.004919189189189189,0.18838903008003643,0.13357595473129233
59240.499965,maxi,0.032318108108108104,0.007367297297297296,0.4057857178668717,0.2104237092515963
59242.499965,maxi,0.02613243243243243,0.007796756756756756,0.644811291425729,0.45894202856091265
59243.499965,maxi,0.03105081081081081,0.007954054054054053,13.052708638360174,40.78762833321709
59244.499965,maxi,0.01150027027027027,0.005304594594594594,0.8471318746303962,0.8790329881767984
59245.499965,maxi,0.011836756756756757,0.004677837837837838,0.6507018161694421,0.5283370673568393
59247.499965,maxi,0.03300135135135135,0.009300270270270269,2.6813536605796613,2.962612309901344
59248.499965,maxi,0.02443216216216216,0.0038227027027027028,1.8366585755727902,0.8386885700303784
59249.499965,maxi,0.022825405405405404,0.0033805405405405403,1.4023039188667805,0.5734833838332267
59254.499965,maxi,0.005735405405405405,0.002323243243243243,0.15226386806596703,0.23137545895289388
59255.499965,maxi,0.005592702702702702,0.0024305405405405404,0.25345247766043866,0.8420228288493731
59256.499965,maxi,0.00771,0.002366486486486486,4.106227106227107,10.691926244964506
59257.499965,maxi,0.006753243243243242,0.002707297297297297,2.237803178143295,3.3101957387159913
59259.499965,maxi,0.011046756756756756,0.002464864864864865,1.168071362657644,0.4537010777201935
59262.499965,maxi,0.005992702702702702,0.0021948648648648646,4.240153982824993,5.356411226008576
59263.499965,maxi,0.010534054054054052,0.005032162162162162,0.5568568190404231,0.6392773107209975
59267.499965,maxi,0.02191837837837838,0.010712162162162161,1.012874269178527,0.756279419759978
59271.0,bat,0.016402045454545454,0.007514227272727273,,
59272.0,bat,0.0101825,0.004746090909090909,,
59273.499965,maxi,0.04223486486486486,0.006626216216216216,0.9070242182425536,0.44952210762972994
59274.499965,maxi,0.043635405405405406,0.002895135135135135,1.3326624584514986,0.26242437700531746
59275.499965,maxi,0.021935945945945945,0.002641891891891892,1.0382987727465087,0.2939204623460865
59276.0,bat,0.023815136363636365,0.008536363636363635,,
59276.499965,maxi,0.02123081081081081,0.0025256756756756754,2.9575199931206466,1.1613520162343123
59277.499965,maxi,0.009235405405405406,0.002128648648648648,0.5147572062561937,0.19119365108805128
59278.499965,maxi,0.007069459459459459,0.002176756756756757,0.6991005723630417,0.31285396543747407
59279.499965,maxi,0.00968,0.00219,0.6882745471877979,0.3753552122412377
59280.499965,maxi,0.007275135135135135,0.0025994594594594593,0.2628115807400526,0.33731308090329787
59281.0,bat,0.020008818181818183,0.009678681818181819,,
59281.499965,maxi,0.015535945945945945,0.0034599999999999995,0.8102238408243027,0.36477172853654755
59282.499965,maxi,0.023627837837837836,0.002247027027027027,1.2597367714208971,0.2926429326373201
59283.499965,maxi,0.01768216216216216,0.0022667567567567566,1.0702975384184221,0.2911382752009235
59284.499965,maxi,0.010366216216216216,0.002196216216216216,0.7561775932498493,0.3369018013138232
59285.499965,maxi,0.007728378378378377,0.001971891891891892,0.9806560134566864,0.4338560613832611
59286.0,bat,0.014269318181818182,0.0057006363636363635,,
59286.499965,maxi,0.012622972972972973,0.0022897297297297297,1.3872472783825816,0.6948355057977627
59287.499965,maxi,0.005478378378378378,0.0020448648648648646,0.5216907675194661,0.350040836865184
59288.499965,maxi,0.012385405405405404,0.0024770270270270266,0.3621618948721752,0.2132473198480985
59289.499965,maxi,0.011965405405405404,0.002344324324324324,0.41355397951142636,0.22453865989785138
59290.499965,maxi,0.012272432432432432,0.0025464864864864862,0.5129972027017807,0.17815216344494467
59291.499965,maxi,0.014416486486486486,0.0044470270270270265,6.745011086474501,36.87641317759929
59292.499965,maxi,0.018715945945945948,0.0036570270270270266,1.4084835194956487,0.7457423267571052
59293.499965,maxi,0.027592702702702702,0.003075135135135135,0.6330176784612496,0.17168670636042171
59294.499965,maxi,0.018385675675675676,0.003225405405405405,0.6386830431549527,0.18386003061267375
59295.499965,maxi,0.0211027027027027,0.0029551351351351346,0.42123127079472117,0.12010875258941624
59296.499965,maxi,0.021892972972972973,0.003199459459459459,0.3800609595123239,0.13623897252086267
59297.499965,maxi,0.023632432432432432,0.0035162162162162163,0.24698598300530178,0.09633246011479722
59298.499965,maxi,0.020217567567567565,0.0033764864864864867,0.8575308312185567,0.3450814363003979
59299.499965,maxi,0.021819729729729728,0.003178378378378378,0.9034682330583509,0.325453797306442
59300.499965,maxi,0.021949729729729726,0.003171081081081081,0.7549767296335407,0.27050038113936214
59301.499965,maxi,0.017098918918918918,0.0030270270270270267,0.8362320203064774,0.3349327923632738
59302.499965,maxi,0.02023837837837838,0.003185675675675676,0.9711934156378602,0.37707391526234846
59303.499965,maxi,0.02606054054054054,0.0032486486486486485,0.9773098380732074,0.2896201677475907
59304.499965,maxi,0.02850162162162162,0.0034656756756756752,1.074931108678419,0.33854578187275025
59305.499965,maxi,0.020471351351351353,0.0031745945945945942,0.6938563256815986,0.24860167365122746
59306.499965,maxi,0.02672108108108108,0.0037405405405405404,1.2868145708196086,0.5232659331937294
59307.499965,maxi,0.02162945945945946,0.0034848648648648645,0.7821786192078485,0.29826162725901145
59308.499965,maxi,0.02320243243243243,0.0038489189189189186,0.5874848712832422,0.24240192252923687
59309.499965,maxi,0.022875945945945945,0.0038299999999999996,0.5703230731859666,0.2526779975548942
59310.499965,maxi,0.02234162162162162,0.004397837837837837,0.8460926625571683,0.3906936655352954
59311.499965,maxi,0.029052432432432433,0.004655135135135135,0.7965811501250135,0.2825722976221075
59312.499965,maxi,0.025385675675675675,0.005483243243243243,0.5572469585623419,0.3047748876536609
59313.499965,maxi,0.028703513513513513,0.006321351351351351,0.476438314019075,0.2690492342362992
59314.499965,maxi,0.01910918918918919,0.007118378378378378,0.8250900132651129,0.6037575665790849
59315.499965,maxi,0.038775135135135134,0.00855081081081081,0.5168459348307498,0.25727365162299576
59317.499965,maxi,0.017967837837837838,0.005801621621621621,1.4859388981209254,1.2804771191389195
59318.499965,maxi,0.01401,0.005417297297297297,25.720967741935482,326.38125861406246
59319.499965,maxi,0.016437297297297294,0.0043337837837837834,0.16693466486120515,0.25985889983495647
59321.499965,maxi,0.026325945945945946,0.003614864864864865,2.076834654244056,0.8305850047754325
59322.499965,maxi,0.013167297297297296,0.0031745945945945942,1.3834018197828002,0.6987596311959524
59326.499965,maxi,0.005074864864864864,0.0024821621621621617,0.31402510329773137,0.34054711614201916
59329.499965,maxi,0.008738918918918918,0.0024772972972972973,1.0834028356964138,0.7703810039980693
59332.499965,maxi,0.010707027027027026,0.0024348648648648647,1.257035364936042,0.5566585833229649
59333.499965,maxi,0.006291891891891891,0.0023535135135135136,1.2457374830852503,0.9198792711119549
59334.499965,maxi,0.009081621621621622,0.0023324324324324325,5.435447880140261,7.027661282263002
59335.499965,maxi,0.008379999999999999,0.002275135135135135,0.8063193439459719,0.6243539138161479
59336.499965,maxi,0.008233783783783782,0.0022186486486486484,1.4396077848759472,1.03158459129815
59337.499965,maxi,0.005633243243243243,0.0023910810810810813,2.1669600938967135,2.905701465696252
59347.499965,maxi,0.02357027027027027,0.009777837837837838,1.0855492088503709,0.9156334521233871
59348.499965,maxi,0.016632972972972972,0.002731891891891892,1.7292397660818715,0.6965577374345158
59349.499965,maxi,0.019257567567567566,0.0044681081081081086,0.4738864709695342,0.3560431064099964
59351.499965,maxi,0.01709297297297297,0.0031351351351351347,8.51251443973816,15.538512710623719
59352.499965,maxi,0.013838108108108108,0.002370810810810811,1.2282135401133316,0.4416042754159289
59353.499965,maxi,0.006915405405405405,0.0022348648648648647,1.0796726441208329,0.736375222619406
59354.499965,maxi,0.022931081081081082,0.0036502702702702703,1.2959687798397477,0.4812273362633543
59355.499965,maxi,0.01879162162162162,0.0021867567567567564,1.7522385673169172,0.6204324518052928
59356.499965,maxi,0.010759729729729729,0.0022437837837837836,1.7959948792977323,0.8020814892723808
59357.499965,maxi,0.013385945945945946,0.0022708108108108107,2.043101455974116,1.094462156667581
59358.499965,maxi,0.011991621621621621,0.0024016216216216214,0.6658298665901592,0.3661706732170123
59359.499965,maxi,0.00974081081081081,0.002351081081081081,0.7590549426055946,0.5666612302286551
59360.499965,maxi,0.010773513513513513,0.002457297297297297,1.5319404178746376,0.8103938086391098
59361.499965,maxi,0.009987837837837838,0.0023870270270270268,0.8600786706269568,0.4635194891545827
59362.499965,maxi,0.01390189189189189,0.0027967567567567567,1.9433651629897926,1.210701550457551
59363.499965,maxi,0.024074594594594594,0.0031794594594594596,1.1661337596589396,0.4062663165460518
59365.499965,maxi,0.020195945945945946,0.0035078378378378375,0.6923127833482245,0.26150521118098563
59366.499965,maxi,0.03308567567567568,0.003213783783783784,0.6659018332347723,0.16086823083800852
59367.499965,maxi,0.02368891891891892,0.0032424324324324323,0.6831072405515548,0.1991960859361975
59368.499965,maxi,0.025744594594594595,0.0032867567567567567,0.4955706734534065,0.15110936392159569
59369.499965,maxi,0.023120540540540538,0.00326,0.4119039045218375,0.14747049387695738
59370.499965,maxi,0.025285945945945944,0.0034443243243243243,1.005091103965702,0.33833489749251716
59371.499965,maxi,0.018567567567567566,0.0036413513513513514,1.2042785418031,0.4668432967026681
59372.499965,maxi,0.024560270270270267,0.0036251351351351347,1.6245213257625775,0.8041775770320876
59373.499965,maxi,0.020517297297297295,0.003172972972972973,0.7344076277530436,0.28082962175528997
59374.499965,maxi,0.026499459459459456,0.0036008108108108107,0.7706504517620862,0.3180978973398823
59375.499965,maxi,0.018048378378378378,0.003209189189189189,0.6549693047950886,0.49725610108480783
59376.499965,maxi,0.017704594594594593,0.003285945945945946,1.2002679528403002,0.5057954330476133
59377.499965,maxi,0.02676081081081081,0.0035283783783783785,1.2813814259561624,0.5053714550533493
59378.499965,maxi,0.022462702702702703,0.0036075675675675675,1.1056018356861377,0.4590257198559437
59379.499965,maxi,0.026152432432432433,0.0036008108108108107,0.833760086902545,0.3183193042606944
59380.499965,maxi,0.025408108108108104,0.004015945945945946,0.6854242090351015,0.31984204071517497
59381.499965,maxi,0.021056216216216218,0.003915135135135135,0.6005974801922327,0.2546296083194554
59382.499965,maxi,0.02280189189189189,0.004282162162162162,0.5657849059223773,0.27152981352885974
59383.499965,maxi,0.025684864864864862,0.004394324324324324,0.6360377358490565,0.324444352787573
59384.499965,maxi,0.030792162162162164,0.005378918918918918,0.8478789986091794,0.41820237296891394
59385.499965,maxi,0.02212216216216216,0.004979459459459459,0.8114573078253466,0.311929025561596
59386.499965,maxi,0.015684324324324324,0.006428378378378378,2.2159999999999997,3.14621540854128
59387.499965,maxi,0.016208648648648648,0.007126756756756757,0.158154410670898,0.26457262425225575
59390.499965,maxi,0.024828648648648647,0.007078918918918918,6.02177554438861,9.553908952469873
59392.499965,maxi,0.012055945945945945,0.005531081081081081,1.0903610028674362,1.1135606519399814
59394.499965,maxi,0.02746,0.0032478378378378377,1.1353613177470776,0.3773880809420241
59395.499965,maxi,0.008398918918918918,0.003197297297297297,0.4249515190691661,0.37749143560156656
59427.499965,maxi,0.022655135135135132,0.0024175675675675674,0.8512663026994237,0.223445709080787
59428.499965,maxi,0.010721081081081081,0.002296486486486486,0.6635996096472885,0.3511372963383663
59429.499965,maxi,0.006999729729729729,0.0022275675675675673,13.485515643105446,68.29745035723016
59430.499965,maxi,0.00834027027027027,0.0022148648648648646,1.4879550806013404,1.3547659002312102
59431.0,bat,0.07843404545454545,0.0288635,,
59431.499965,maxi,0.009151351351351351,0.0022143243243243245,2.5263256161314414,2.1679192164946532
59432.499965,maxi,0.008943513513513513,0.00240027027027027,1.3754686663095876,1.328971143012377
59433.499965,maxi,0.008503513513513512,0.0033132432432432433,3.4769894534995203,10.951765997145849
59434.499965,maxi,0.010495675675675675,0.002646216216216216,1.2847156875924182,1.0765719345421916
59435.499965,maxi,0.00782108108108108,0.002798918918918919,-0.152250885179565,-2.2041447352402175
59436.499965,maxi,0.006789729729729729,0.003028378378378378,0.8574923547400612,1.1090351629286401
59437.499965,maxi,0.03447648648648649,0.009380270270270271,1.9509795029929258,1.6402164412212956
59438.499965,maxi,0.018365405405405405,0.0032886486486486486,1.2699397171342455,0.5882587974624041
59439.499965,maxi,0.02093162162162162,0.0034954054054054055,0.9591338937256078,0.36210315864957243
59440.499965,maxi,0.027776216216216214,0.0031078378378378377,0.8294482313669388,0.21315507088936053
59441.499965,maxi,0.020861621621621623,0.0034070270270270264,0.5687273409176148,0.21316523350125366
59442.499965,maxi,0.02415162162162162,0.0034805405405405406,0.5360034702139965,0.1916853009241406
59443.499965,maxi,0.023507027027027026,0.003385135135135135,0.6067733886568168,0.1975751184878705
59444.499965,maxi,0.02074837837837838,0.0035391891891891894,0.6310804834905661,0.2653168795021966
59445.499965,maxi,0.013651891891891891,0.0032483783783783782,1.1584555332841018,0.8737705138136836
59446.499965,maxi,0.016139189189189187,0.003322972972972973,0.4200780082382532,0.21453614536802862
59447.499965,maxi,0.025305675675675675,0.0033732432432432434,2.6037952338923214,1.3600564202318548
59448.499965,maxi,0.02548918918918919,0.0035745945945945944,0.827533424965638,0.2637088122862331
59449.499965,maxi,0.02545135135135135,0.0034999999999999996,1.0291037371844338,0.34557757719807347
59450.499965,maxi,0.03675351351351351,0.0038856756756756755,0.8556537555674745,0.22004273263619265
59451.499965,maxi,0.023025945945945942,0.003458108108108108,1.4613576424721937,0.6314635665649329
59452.499965,maxi,0.028683243243243242,0.004062432432432432,0.5188519977490152,0.2114359152484319
59453.499965,maxi,0.015518648648648648,0.00439945945945946,3.008594917787743,2.3895983893371744
59454.499965,maxi,0.02468351351351351,0.004258918918918919,2.4799378932744953,1.5162177850495124
59455.499965,maxi,0.025249729729729727,0.004298108108108108,0.4542581211589113,0.1699865511950949
59456.499965,maxi,0.021295945945945947,0.004175135135135135,0.5053863146698666,0.21805844979780753
59457.499965,maxi,0.026373783783783782,0.004857297297297297,0.32597549873021453,0.13351684896599003
59458.499965,maxi,0.023332972972972973,0.004883783783783784,0.642207481364973,0.3260186901878278
59460.499965,maxi,0.01975810810810811,0.007739729729729729,0.29900949704209073,0.28825394449284697
59463.499965,maxi,0.026787837837837836,0.006079459459459459,1.1038429522752498,0.5898651377569426
59464.499965,maxi,0.01316,0.005516216216216216,0.7924449108079747,0.8594098519682635
59465.499965,maxi,0.016185945945945943,0.005389459459459459,0.9576911140995138,0.7245351492576751
59467.499965,maxi,0.03820432432432432,0.0036737837837837834,1.3423669907938032,0.3974244670543458
59468.499965,maxi,0.008878918918918918,0.002938918918918919,3.4870898854591337,3.6569326158654536
59470.499965,maxi,0.005979729729729729,0.002631081081081081,0.6026769564693114,0.6414408383995543
59471.499965,maxi,0.006521621621621621,0.002676216216216216,0.6459948320413437,0.5270989143540906
59474.499965,maxi,0.004994324324324324,0.00248,0.566304347826087,0.9029104573146199
59477.499965,maxi,0.00667054054054054,0.0029321621621621616,0.23299679110902402,0.37671385089117504
59478.499965,maxi,0.005352702702702702,0.0023056756756756757,1.6843685494464251,1.5244137926200858
59480.499965,maxi,0.005778648648648649,0.0022535135135135134,1.5447655139744196,1.2626261616123737
59481.499965,maxi,0.009007297297297297,0.003908378378378378,0.20212180746561886,0.25907652391107905
59493.499965,maxi,0.024872162162162162,0.0031272972972972973,0.99113867966327,0.3119090757023448
59494.499965,maxi,0.017650540540540542,0.002626486486486486,1.4294185896609515,0.5295350130745202
59495.499965,maxi,0.010279459459459458,0.002544054054054054,0.6453647120010402,0.3554206859626061
59496.499965,maxi,0.010849189189189187,0.002517027027027027,1.1065289256198347,0.5542929727129509
59497.499965,maxi,0.011407027027027027,0.0024786486486486486,1.1462853714628538,0.6813853131898617
59500.499965,maxi,0.02526027027027027,0.0022994594594594594,0.787095399043878,0.16528287668667044
59501.499965,maxi,0.01616135135135135,0.0023645945945945943,0.8483054970001622,0.4260874397639596
59502.499965,maxi,0.01227054054054054,0.0022564864864864863,1.0062122090615424,0.4781370313279676
59503.499965,maxi,0.010863783783783785,0.002251891891891892,4.352119827367352,4.343813433699862
59504.499965,maxi,0.01223,0.0022348648648648647,1.9667425968109338,0.8502267071630917
59505.499965,maxi,0.013056486486486486,0.002487297297297297,0.5827943694122123,0.24841971933257773
59506.499965,maxi,0.009732972972972972,0.002442702702702702,-0.01675784908078269,-0.18153204331426617
59507.499965,maxi,0.010122972972972974,0.002475945945945946,1.337215909090909,1.0352302019989288
59508.499965,maxi,0.019187297297297297,0.0026975675675675677,0.7600614789093186,0.3321869618177243
59509.499965,maxi,0.018401081081081083,0.0033091891891891888,1.25464711007842,0.7072458250106595
59510.499965,maxi,0.027360540540540542,0.0078118918918918916,0.7856377277599144,0.44036810295480616
59511.499965,maxi,0.019704324324324323,0.0032397297297297296,1.8846855367155306,0.8548490840368272
59512.499965,maxi,0.020150540540540537,0.0032659459459459454,1.1098169717138102,0.44670603933073194
59513.499965,maxi,0.018967027027027027,0.0033418918918918916,0.4305618216077068,0.16796440153015604
59514.499965,maxi,0.029123513513513513,0.002943243243243243,0.5201436727691854,0.14939277048627644
59515.499965,maxi,0.020472972972972972,0.0033170270270270266,0.4688891023793512,0.19232574626368107
59516.499965,maxi,0.017307027027027026,0.003241351351351351,0.8524395262700626,0.3413664521390443
59517.499965,maxi,0.02547837837837838,0.0038567567567567565,0.27504321343320437,0.11990629339307439
59518.499965,maxi,0.030704594594594594,0.003709189189189189,1.1043710581639803,0.41377405992127025
59519.499965,maxi,0.02688108108108108,0.0034910810810810807,0.9863489402466771,0.34284998897258984
59520.0,bat,0.02180881818181818,0.0073539545454545455,,
59520.499965,maxi,0.03154108108108108,0.0035986486486486485,1.3314683717743778,0.41573591752829975
59521.499965,maxi,0.022709459459459458,0.003443243243243243,0.6768485819346853,0.2584200125373246
59522.499965,maxi,0.03154648648648649,0.0037348648648648647,1.4073150457190358,0.4964331903588978
59523.499965,maxi,0.026537567567567567,0.0060113513513513515,0.8326071596796987,0.4342637273701537
59524.499965,maxi,0.023711891891891893,0.0035178378378378375,0.9113062491183523,0.3085048511971089
59525.499965,maxi,0.02472243243243243,0.0037813513513513513,0.4646467572343076,0.1955145288702364
59526.499965,maxi,0.029543513513513513,0.003798648648648648,1.145332820808508,0.3501080725705079
59527.499965,maxi,0.023976756756756756,0.004012702702702702,0.33011454448588173,0.14565809733522161
59528.499965,maxi,0.025399729729729727,0.003944594594594594,0.4263112197318069,0.21341096703500265
59529.499965,maxi,0.020310540540540538,0.004194054054054054,0.42346264859840516,0.18519681610246158
59530.499965,maxi,0.025115945945945944,0.004468918918918919,0.4894552379408845,0.17083481072394005
59531.499965,maxi,0.021014324324324325,0.00468108108108108,0.35389968106697595,0.21675530766156453
59532.499965,maxi,0.03255243243243243,0.006495135135135135,0.6363729277815253,0.2638901001705779
59533.499965,maxi,0.041745135135135135,0.007948378378378378,0.4841260744985673,0.2632414922547046
59534.499965,maxi,0.027646216216216216,0.009507567567567567,0.5656349496320268,0.4877385351760145
59539.499965,maxi,0.024515675675675672,0.006484594594594595,0.6035089727811329,0.38000273620350594
59540.499965,maxi,0.029385675675675675,0.0034405405405405405,1.3375519179086246,0.4890155147048659
59544.499965,maxi,0.011041621621621622,0.0034278378378378377,0.42534067845752394,0.5969380088475583
59545.499965,maxi,0.011485135135135134,0.002483783783783784,1.49198739898644,1.1025945015961185
59546.499965,maxi,0.01803756756756757,0.002428918918918919,0.9742394994342009,0.4097696340411718
59547.499965,maxi,0.01914162162162162,0.0021454054054054054,2.8657964769991127,1.4547042234205403
59548.499965,maxi,0.027568918918918918,0.0025686486486486484,1.2945218737901665,0.36559363772312387
59549.499965,maxi,0.014389999999999998,0.004016216216216216,1.0905825174332606,0.8089930781391962
59550.499965,maxi,0.018006216216216217,0.005122432432432432,0.21059216013344453,0.24649450441845
59551.499965,maxi,0.022884864864864865,0.003818378378378378,1.0821598571995241,0.5052597734031071
59552.499965,maxi,0.028233243243243243,0.0036854054054054055,1.394336372119733,0.4520592813258806
59553.499965,maxi,0.015753513513513513,0.0027575675675675674,2.637679545707605,1.5544894164310763
59554.499965,maxi,0.02360189189189189,0.005827567567567567,1.4555392516507704,1.2717780274204926
59555.499965,maxi,0.029608108108108107,0.002764054054054054,1.5038051021873358,0.43559392023523646
59556.499965,maxi,0.03169513513513513,0.009994864864864865,3.484903538368371,4.8227027768936575
59557.499965,maxi,0.03336972972972973,0.0042156756756756755,1.4602437608821823,0.5417539953991728
59580.499965,maxi,0.009964864864864864,0.002583783783783784,0.9049509317455067,0.6933462414422397
59581.499965,maxi,0.01524108108108108,0.002912972972972973,0.5269120564249504,0.25371687492940687
59583.499965,maxi,0.022237837837837837,0.005152972972972973,0.4162341247929321,0.26676005641109174
59584.499965,maxi,0.017355675675675673,0.0030756756756756755,0.908538245168315,0.3684530081194148
59585.499965,maxi,0.02744108108108108,0.003401081081081081,0.7520416980238036,0.22301728043490426
59586.499965,maxi,0.03012243243243243,0.0030440540540540542,0.49175863551669774,0.1212686303675048
59590.0,bat,0.04721572727272727,0.01882731818181818,,
59592.499965,maxi,0.01764216216216216,0.0037527027027027026,0.9845867949278531,0.5649952040439684
59593.499965,maxi,0.02730216216216216,0.0034775675675675676,1.3176701873409913,0.4218093513809863
59594.499965,maxi,0.019996756756756755,0.0033937837837837836,0.9103159851301115,0.38720728364237433
59595.0,bat,0.03168059090909091,0.015742363636363638,,
59595.499965,maxi,0.015513783783783782,0.003144594594594594,5.1334628190899005,7.293366144009095
59596.499965,maxi,0.021086486486486488,0.0034148648648648647,0.7321207536789988,0.2575822395241526
59597.0,bat,0.11344618181818182,0.03897554545454545,,
59597.499965,maxi,0.03301135135135135,0.00385,1.1034528115751399,0.334578624124575
59598.499965,maxi,0.02461378378378378,0.00359027027027027,0.65514453203962,0.2797740178577187
59599.499965,maxi,0.02218837837837838,0.0039037837837837836,0.5317392465936415,0.20295728054079007
59600.499965,maxi,0.02895162162162162,0.004121621621621621,0.7750441436138904,0.26828732509195374
59601.499965,maxi,0.024103513513513513,0.00425027027027027,0.6158259941286363,0.27614806886270965
59602.499965,maxi,0.02864702702702703,0.004295135135135135,0.6066277159028666,0.2418568051062127
59603.499965,maxi,0.025687027027027028,0.004764324324324325,0.37670627138847235,0.15655460000134844
59604.499965,maxi,0.012382162162162163,0.005555945945945945,0.22548404718069073,0.17394276636262992
59605.499965,maxi,0.022046486486486487,0.007225945945945946,0.5147763908407044,0.2883369410749018
59606.499965,maxi,0.019257027027027026,0.008811891891891892,0.8645823655114745,0.9453382080695463
59607.499965,maxi,0.029496756756756753,0.009243243243243243,1.081363004172462,0.7946784415488374
59608.499965,maxi,0.03330540540540541,0.00665054054054054,0.9113381755509048,0.45316639233680905
59609.499965,maxi,0.014129189189189187,0.005640540540540541,0.6630070439640515,0.6084947060635215
59612.499965,maxi,0.03765189189189189,0.0038043243243243243,0.9930564864212755,0.2609465407894466
59613.499965,maxi,0.01248972972972973,0.0037194594594594592,0.30032414910858996,0.3339708857477519
59623.499965,maxi,0.005243513513513514,0.0025559459459459457,-3.1121654501216547,-4.139377527680249
59631.0,bat,0.023823545454545455,0.008491318181818181,,
59636.0,bat,0.02722631818181818,0.012008090909090907,,
59638.499965,maxi,0.03289702702702702,0.0033518918918918916,1.857081820123905,0.7160356032605805
59645.0,bat,0.031229,0.013249363636363637,,
59645.499965,maxi,0.009984054054054054,0.003538648648648649,-4.623488773747841,-20.512129952373247
59656.499965,maxi,0.031550810810810806,0.004550540540540541,1.766174873858338,1.0886846534525292
59657.499965,maxi,0.008031891891891891,0.0037964864864864865,-0.18571751072315448,-0.4729525013205654
59658.499965,maxi,0.00893108108108108,0.0030964864864864864,1.5157785825142265,6.624676046688724
59663.499965,maxi,0.011515405405405405,0.004077837837837838,-4.047096774193548,-25.06762855933225
59664.499965,maxi,0.014122162162162161,0.0040870270270270265,-0.5202797202797202,-0.4441403451547267
59665.499965,maxi,0.018755675675675675,0.0038513513513513515,-0.5051442064429077,-1.1216445959418586
59666.499965,maxi,0.015269189189189188,0.0038054054054054054,3.4202253078333773,7.434997637645533
59668.499965,maxi,0.009664864864864864,0.0036975675675675677,-0.055052710041529125,-0.30017900985462415
59685.499965,maxi,0.031387837837837836,0.0031478378378378374,1.3070005150350619,0.3763625432124224
59707.0,bat,0.030546499999999997,0.014212636363636363,,
59710.0,bat,0.026636136363636365,0.011245136363636363,,
59712.0,bat,0.027622454545454547,0.012965545454545455,,
59712.499965,maxi,0.00691081081081081,0.0029654054054054054,-0.9944489139179405,-0.6498578947931902
59716.0,bat,0.03672440909090909,0.017842272727272724,,
59719.499965,maxi,0.009339729729729728,0.0019954054054054054,-1.4103232533889472,-0.5381471680322849
59729.499965,maxi,0.008666756756756756,0.0028705405405405403,0.2544100987214759,0.2731281263675426
59730.499965,maxi,0.006120270270270269,0.003007297297297297,-0.24952071965786757,-0.7686283617939678
59731.499965,maxi,0.007575405405405405,0.0035537837837837836,-0.4887019961495593,-0.704278720864285
59732.499965,maxi,0.01140027027027027,0.003244054054054054,3.243416827231856,16.65369270316083
59736.0,bat,0.0450095,0.020114363636363635,,
59737.499965,maxi,0.010942162162162162,0.0034913513513513514,-1.0185483870967742,-1.2624643840577627
59738.499965,maxi,0.014172702702702702,0.003433243243243243,-51.67241379310345,-2147.28290866275
59739.499965,maxi,0.010611081081081079,0.003344054054054054,2.7233065442020665,7.929314355207664
59740.499965,maxi,0.01246054054054054,0.0034018918918918917,-8.058779761904763,-42.06946192815067
59741.499965,maxi,0.014444594594594594,0.0032456756756756755,0.5777498707246804,0.46464968545583996
59742.499965,maxi,0.02172135135135135,0.0036208108108108103,4.0331341662140145,7.853598038566671
59743.499965,maxi,0.010715675675675676,0.003331891891891892,2.346505823627288,7.2512365296405585
59744.499965,maxi,0.020512432432432434,0.004034594594594595,-33.534854245880865,-332.48749893711386
59745.499965,maxi,0.011383783783783782,0.00367972972972973,-0.09150739271547062,-0.485932943612529
59746.499965,maxi,0.00870891891891892,0.004062432432432432,-0.09657157812091076,-0.3179989280901722
59747.499965,maxi,0.010308918918918919,0.003977837837837838,-1.0832936696811042,-2.554073819348435
59748.499965,maxi,0.016944054054054053,0.004393783783783784,0.6744629130806123,0.6040115571905729
59749.499965,maxi,0.007508918918918918,0.0033635135135135132,0.017011667293940533,0.3580887848822726
59750.499965,maxi,0.013420810810810811,0.002434324324324324,0.5604640530346325,0.29134029102944475
59751.499965,maxi,0.020932162162162163,0.006807837837837837,0.16430582814233297,0.42400403508292067
59758.499965,maxi,0.025514324324324322,0.00289972972972973,1.2500264690312333,0.4322128965303647
59768.499965,maxi,0.00916054054054054,0.0022775675675675675,0.35088264545002484,0.23934110246023088
59769.499965,maxi,0.006971351351351351,0.002414324324324324,0.4302864614287412,0.5261047675407106
59770.499965,maxi,0.00778,0.002314324324324324,11.889887640449437,117.53217417559293
59773.499965,maxi,0.006978918918918919,0.001972972972972973,1.2520702219277906,0.9561929379911214
59774.499965,maxi,0.008985675675675675,0.002037027027027027,2.337191489361702,1.6795565409044007
59775.499965,maxi,0.009748108108108108,0.00213054054054054,0.6049897686132536,0.33707169131505693
59776.499965,maxi,0.015664324324324325,0.005895135135135135,-11.856410256410257,-64.21820444353318
59779.0,bat,0.14359654545454545,0.05369654545454545,,
59780.0,bat,0.033841863636363635,0.01103,,
59783.499965,maxi,0.04163162162162162,0.004456756756756757,0.8024419351877353,0.24174349375304924
59784.499965,maxi,0.02096972972972973,0.0028256756756756757,0.9228907461331921,0.2798678824687316
59785.499965,maxi,0.01669081081081081,0.00247,0.6026884263639231,0.2080691157546524
59786.499965,maxi,0.012296756756756755,0.002234324324324324,1.030429631477209,0.3865643045929818
59787.499965,maxi,0.01306081081081081,0.002209459459459459,1.2982199673230714,0.5814667354759432
59788.499965,maxi,0.008249729729729729,0.0020894594594594593,2.2502608695652175,1.758292365407743
59789.499965,maxi,0.008291351351351351,0.002285945945945946,0.9114646500677748,0.446969607132055
59791.499965,maxi,0.019590810810810808,0.0020508108108108106,1.6847192705833962,0.4867275110112931
59792.499965,maxi,0.010450270270270269,0.0019208108108108106,2.0240028238616308,1.4307935243368974
59793.499965,maxi,0.009858378378378378,0.001994864864864865,0.646665450787282,0.26961286905101084
59794.499965,maxi,0.012849459459459459,0.002044054054054054,0.609735935706085,0.19866902995684388
59795.0,bat,0.03305963636363636,0.0059440454545454545,,
59795.499965,maxi,0.006613783783783783,0.0028416216216216217,0.2661705781339439,0.4473813653041181
59796.499965,maxi,0.012495675675675675,0.0029324324324324323,0.6299763033175356,0.2690740425521321
59797.499965,maxi,0.00948108108108108,0.003179189189189189,1.8710117727350282,2.1216212050164707
59798.499965,maxi,0.011442972972972972,0.0023316216216216212,2.052761269749239,1.4400599742302824
59799.499965,maxi,0.011384594594594594,0.002381351351351351,3.790720631786772,4.300971644658879
59801.499965,maxi,0.021791891891891887,0.0038513513513513515,0.9662822006992726,0.4203262327012881
59802.499965,maxi,0.01541081081081081,0.00285,1.0805363047515515,0.3922148105596242
59803.499965,maxi,0.02264027027027027,0.0031618918918918915,0.5275359960953387,0.17349857680198932
59804.499965,maxi,0.02223108108108108,0.002776486486486486,0.5446777054997043,0.16557040664577063
59805.499965,maxi,0.018902162162162162,0.0031597297297297298,0.36436923281921446,0.17461973493490912
59806.499965,maxi,0.014868918918918918,0.0031124324324324324,0.8420524100994644,0.3461035531738877
59807.499965,maxi,0.015805405405405405,0.003106216216216216,0.7600342961256095,0.3667759406042477
59808.499965,maxi,0.020805135135135135,0.0031316216216216216,0.6635953546405605,0.21129983319446158
59809.499965,maxi,0.02308297297297297,0.0037913513513513513,1.2444794952681388,0.6456630190767683
59810.499965,maxi,0.016686216216216215,0.00318027027027027,0.6600980191954258,0.3270292071830771
59811.499965,maxi,0.01621027027027027,0.003218108108108108,0.5803574905564858,0.24404070452889828
59812.499965,maxi,0.023167837837837837,0.0032367567567567566,0.7708143805384279,0.2443893178307834
59813.499965,maxi,0.02484216216216216,0.0032905405405405405,1.3742520291486462,0.5746159590256441
59814.499965,maxi,0.030746756756756755,0.003435675675675675,1.5707187989415132,0.5995367678183456
59815.499965,maxi,0.02453378378378378,0.0033783783783783786,0.7763545448318377,0.26091317114401313
59816.499965,maxi,0.026867297297297296,0.0035678378378378377,0.8251138219858896,0.2812870956752963
59817.499965,maxi,0.021155135135135134,0.0035986486486486485,0.5740608903220402,0.2859389742110004
59818.499965,maxi,0.02477162162162162,0.003901351351351351,0.679308241541387,0.28682396695750595
59819.499965,maxi,0.02054108108108108,0.00406972972972973,1.408689591078067,0.7327646936110813
59820.499965,maxi,0.015680270270270268,0.0037348648648648647,0.27929052389554937,0.18391083954551452
59821.499965,maxi,0.020836756756756756,0.00442135135135135,0.33128953393612476,0.1432397873496532
59822.499965,maxi,0.02270135135135135,0.004385405405405406,0.5064409174910316,0.21865430153562118
59823.499965,maxi,0.019173783783783784,0.005038918918918919,0.27343641175651207,0.2058155574533898
59824.499965,maxi,0.02201324324324324,0.006444594594594595,0.4772968667020712,0.3097097669749876
59825.499965,maxi,0.023764054054054053,0.009407297297297296,0.38535672190251685,0.37104202224871113
59829.499965,maxi,0.013332702702702702,0.005722702702702702,0.6165523764483329,0.5814074791655679
59831.499965,maxi,0.03243243243243243,0.003387027027027027,1.375114902378939,0.39088225463432896
59832.499965,maxi,0.008689189189189189,0.002824324324324324,2.939177991382168,2.5190770642832065
59838.499965,maxi,0.006112432432432432,0.002794054054054054,3.8196443691786626,9.079731541809192
59841.499965,maxi,0.005994324324324324,0.00234054054054054,0.6752396539630582,0.5809302688122882
59844.499965,maxi,0.010332972972972972,0.0027875675675675675,1.1446242414812509,0.6420280094024999
59845.499965,maxi,0.010568108108108107,0.0024583783783783783,50.65942028985507,812.7075294453185
59846.499965,maxi,0.008748378378378378,0.0042402702702702706,-2.0339007711334207,-2.3085753675748224
59855.0,bat,0.06307695454545455,0.008241545454545455,,
59856.499965,maxi,0.03798351351351351,0.0030189189189189186,2.8274460768990313,0.8678813177972434
59857.499965,maxi,0.017030270270270268,0.0029224324324324323,1.5542231105189133,0.7311347433762788
59858.499965,maxi,0.01547027027027027,0.0027524324324324323,2.0781140042223787,1.553054246150332
59859.499965,maxi,0.01333027027027027,0.0035594594594594593,0.5265354385476804,0.4723465758353534
59861.499965,maxi,0.006844324324324324,0.0023835135135135137,14.567114093959733,103.20807646069211
59862.499965,maxi,0.007959459459459459,0.00329,20.227906976744183,579.176417766494
59863.499965,maxi,0.02787324324324324,0.00386972972972973,1.1977548166563083,0.4291643646895625
59864.499965,maxi,0.019577297297297295,0.0023570270270270267,2.2917968401321076,0.9346369781131025
59865.499965,maxi,0.012106216216216216,0.0022327027027027025,0.8668371696504689,0.3205963126712145
59866.499965,maxi,0.008997837837837837,0.0023705405405405403,2.2131231797156072,1.9064009767149528
59867.499965,maxi,0.007685405405405405,0.0023024324324324324,1.019427066183734,1.0206528728201274
59868.499965,maxi,0.00914054054054054,0.0024435135135135134,4.088089887640449,8.802149753132127
59869.499965,maxi,0.006922432432432432,0.002425945945945946,1.3162530024019214,1.0480429269677476
59870.499965,maxi,0.012726756756756755,0.0027705405405405404,0.7193297857040126,0.44633328135993683
59871.499965,maxi,0.011454594594594594,0.0027891891891891887,4.991410488245932,12.442957453115673
59872.499965,maxi,0.011646486486486486,0.003029189189189189,1.0991620111731844,0.9101275413345971
59874.499965,maxi,0.01671756756756757,0.0036324324324324324,0.4140200187025941,0.22908128883274725
59876.499965,maxi,0.020955405405405407,0.003631081081081081,1.1471907363614124,0.9186549300661316
59877.499965,maxi,0.010257567567567568,0.0031540540540540537,-0.7155870445344129,-7.130072912050823
59880.499965,maxi,0.027318108108108106,0.004206216216216216,0.5446398471738397,0.24325820598231035
59881.499965,maxi,0.013237297297297296,0.0039005405405405404,-14.435675675675675,-137.1625551706893
59882.499965,maxi,0.01058027027027027,0.0034564864864864864,-1.7591773551525873,-3.1725723419023972
59883.499965,maxi,0.010475405405405406,0.0036145945945945945,-1.212987642355222,-1.3602049457799452
59884.499965,maxi,0.007089999999999999,0.0033745945945945948,-0.3189398451459202,-0.3454506479457068
59885.499965,maxi,0.013112162162162162,0.0041543243243243235,-0.9246254681647942,-0.5828939092883362
59886.499965,maxi,0.02140891891891892,0.00372027027027027,-3.375249003984064,-6.368944811737487
59887.499965,maxi,0.010027027027027027,0.0035678378378378377,-0.1342911304000798,-0.5517915954123204
59888.499965,maxi,0.01731972972972973,0.003825405405405405,16.30863121185702,114.37285713438774
59889.499965,maxi,0.012651081081081081,0.004029729729729729,0.13827103875257968,0.683486778681083
59890.499965,maxi,0.017292162162162162,0.004097027027027027,5.057989284588717,13.33820838081558
59891.499965,maxi,0.023936756756756758,0.004800270270270269,1.4520833333333334,1.5106147962339733
59892.499965,maxi,0.011735405405405405,0.004350000000000001,-0.21500546315406097,-0.8234961384708258
59893.499965,maxi,0.018284864864864865,0.004678648648648648,1.4177077016373558,1.8566420772198915
59894.499965,maxi,0.010699459459459458,0.005008648648648649,-0.8575672841663754,-1.044102681412627
59898.499965,maxi,0.008379189189189189,0.0029264864864864864,0.11887877335888837,0.2239254627496838
59903.499965,maxi,0.009285135135135134,0.0037613513513513512,0.5391636242947229,1.232645031767829
59911.499965,maxi,0.010520540540540541,0.0021618918918918915,18.04211956521739,108.57082067177411
59912.499965,maxi,0.02333162162162162,0.0029127027027027025,1.7919364586031254,0.9610243420020751
59913.499965,maxi,0.020214864864864863,0.0039054054054054052,0.5696124205433987,0.39303304152833624
59914.499965,maxi,0.02170054054054054,0.0025481081081081083,0.8240791643760308,0.27092642027065533
59915.499965,maxi,0.02104216216216216,0.0023094594594594594,3.507059396299903,1.6232882930670947
59916.499965,maxi,0.022345945945945946,0.0023848648648648646,1.1302581261950286,0.31881661012092105
59917.499965,maxi,0.021556756756756754,0.002176756756756757,1.6124251758005461,0.4513309190936003
59918.499965,maxi,0.027325675675675676,0.002314054054054054,2.2091643853474126,0.6338290089669388
59919.499965,maxi,0.027344054054054052,0.002069189189189189,1.6238644134023639,0.3599524261988775
59920.499965,maxi,0.03816378378378378,0.0024205405405405404,1.4440164036286816,0.30394162722330076
59921.499965,maxi,0.037081081081081074,0.00831972972972973,2.21736869474779,1.5708941559516025
59945.499965,maxi,0.010608918918918919,0.003148378378378378,1.3348542176719342,1.1686880411032985
59947.499965,maxi,0.017637027027027026,0.0034024324324324322,0.6371032543190037,0.2590551442006188
59948.499965,maxi,0.011874054054054053,0.0033527027027027024,0.7184224318658281,0.5046930042587437
59949.499965,maxi,0.02383945945945946,0.003074324324324324,0.8492053110079142,0.2621001572081454
59950.499965,maxi,0.018026216216216216,0.0034759459459459455,0.6302281368821293,0.26173711002589173
59951.499965,maxi,0.012863513513513513,0.003454054054054054,1.2142654566080544,0.8014461495994333
59952.499965,maxi,0.014012702702702702,0.003596216216216216,0.7706066600725354,0.6857030997772012
59953.499965,maxi,0.019972162162162164,0.003734054054054054,1.3165829145728645,0.8010646565288125
59955.499965,maxi,0.013868108108108108,0.00342,0.19237380840756368,0.4153674685100181
59956.499965,maxi,0.01285054054054054,0.0033924324324324327,-1.5392561983471074,-6.043499870188577
59957.499965,maxi,0.02193054054054054,0.0034699999999999996,4.889502762430939,9.71022978946257
59958.499965,maxi,0.011847567567567567,0.003322162162162162,7.533333333333333,47.993489625131126
59959.499965,maxi,0.022317297297297294,0.0034983783783783784,2.72,2.721530150508049
59960.499965,maxi,0.01724891891891892,0.0034986486486486483,1.6524518126435637,1.232362110835843
59961.499965,maxi,0.026461891891891888,0.00375027027027027,1.3263939662138762,0.47416223449304823
59962.499965,maxi,0.02201,0.0038781081081081083,0.7032050725267089,0.3430004419459526
59963.499965,maxi,0.026003513513513515,0.003919189189189189,0.3609234092793087,0.15709017036296025
59964.499965,maxi,0.022516756756756753,0.004127297297297297,1.1935733843054193,0.5718491869929825
59965.499965,maxi,0.028518918918918917,0.004298648648648648,0.4355595816519806,0.15560676152370478
59966.499965,maxi,0.025154324324324323,0.0046643243243243235,0.5499880411384837,0.2521761727505762
59967.499965,maxi,0.01882864864864865,0.004773243243243243,0.4966656300749801,0.30306898815681893
59968.499965,maxi,0.03106135135135135,0.007005675675675675,1.5599604743083004,0.934431860992578
59969.499965,maxi,0.035354324324324324,0.008407837837837837,0.9518785716132702,0.5221098604792244
59970.499965,maxi,0.040058378378378376,0.00929972972972973,0.7374157785699621,0.3707248475008497
59971.499965,maxi,0.036044594594594595,0.00679027027027027,1.2118576502138145,0.6669075492687966
59972.499965,maxi,0.019559459459459458,0.005651891891891892,3.6623527701032423,5.521483605267002
59976.499965,maxi,0.01840810810810811,0.0034075675675675674,0.9752797169360237,0.4168421896588559
59977.499965,maxi,0.0068508108108108106,0.003159189189189189,1.1438501413760602,0.9588522298794907
59986.0,bat,0.12526981818181818,0.04867036363636364,,
59987.499965,maxi,0.009836216216216217,0.002524324324324324,0.3511933420455327,0.3098776867863566
59992.499965,maxi,0.008194324324324324,0.003032162162162162,-1.3128806677193772,-2.120958614225729
59993.499965,maxi,0.019011081081081082,0.009337027027027028,0.48855901990017503,0.60725335793035
60001.499965,maxi,0.043848648648648646,0.00718081081081081,2.476687691783157,1.4629342887883157
60002.499965,maxi,0.014245135135135133,0.002723243243243243,1.9281084266352386,1.3954240166280776
60003.499965,maxi,0.01793324324324324,0.0026397297297297297,10.25531914893617,22.834403996693336
60004.499965,maxi,0.009810540540540539,0.002256216216216216,4.313615333773959,6.434841744841046
60005.499965,maxi,0.00570027027027027,0.002333783783783784,-1.6939326946696145,-2.1838257643059356
60006.499965,maxi,0.006215135135135135,0.002317837837837838,0.6576313594662218,0.44192534854157656
60007.499965,maxi,0.00583,0.002453513513513513,-14.334183673469388,-183.77243699204558
60009.499965,maxi,0.023809729729729726,0.002328378378378378,2.792079207920792,0.9950581107742478
60010.499965,maxi,0.012283783783783782,0.0022397297297297295,1.709032488397001,0.7346911011920509
60011.499965,maxi,0.01107054054054054,0.0022824324324324323,1.6839895013123358,1.0918385927563017
60012.499965,maxi,0.014225135135135134,0.00241,0.9975681281739502,0.45385199571585993
60013.499965,maxi,0.013928918918918919,0.002577297297297297,1.6548095449829552,0.7184816124651102
60014.499965,maxi,0.014374054054054054,0.002402162162162162,2.2830815386263796,1.1715930232922993
60015.499965,maxi,0.014395135135135134,0.002594054054054054,1.9579626972740316,1.4155415705030443
60016.499965,maxi,0.01574108108108108,0.0026524324324324325,0.7730294396961065,0.3592704151094676
60017.499965,maxi,0.017596216216216213,0.0029737837837837838,2.6460187086470457,1.676496994210632
60018.499965,maxi,0.00936054054054054,0.003545405405405405,0.4966237339002126,0.431860450209483
60019.499965,maxi,0.01801162162162162,0.004495945945945946,0.46848793982882336,0.2576306662981583
60020.499965,maxi,0.018718378378378378,0.0033962162162162165,0.35742584859192633,0.16188657705718196
60021.499965,maxi,0.02825027027027027,0.0031918918918918916,0.49085990654971723,0.1288749758065054
60022.499965,maxi,0.025274864864864865,0.0031424324324324324,0.39455364938527976,0.13139467768921767
60023.499965,maxi,0.02739162162162162,0.0036048648648648643,0.7415082033013898,0.21089450984626887
60024.499965,maxi,0.01950162162162162,0.003265135135135135,0.5675061601971263,0.2104598066182704
60025.499965,maxi,0.025559189189189188,0.0035391891891891894,0.4197799449862466,0.15579252204845734
60026.499965,maxi,0.030839729729729728,0.0036905405405405407,0.7421838974453565,0.2044289778854647
60027.499965,maxi,0.024225135135135134,0.003836216216216216,0.5152224030377001,0.23099225483894772
60028.499965,maxi,0.016810540540540538,0.003102162162162162,1.3492427343430209,0.7354853528157793
60029.499965,maxi,0.029581621621621618,0.003755405405405405,0.7892095357590966,0.28680154612471886
60030.499965,maxi,0.024056216216216217,0.0034283783783783783,1.4176182707993474,0.4938646862864863
60031.499965,maxi,0.021367297297297298,0.0032148648648648646,1.1103419119589917,0.4662388615109037
60032.499965,maxi,0.021615945945945944,0.002847297297297297,0.6987637194499979,0.24306825843382893
60033.499965,maxi,0.015535675675675674,0.0020383783783783785,0.5682175769835918,0.1593931261661573
60034.499965,maxi,0.017677027027027028,0.0022475675675675674,0.6249285539315751,0.18984107014938234
60035.499965,maxi,0.024074864864864865,0.0038816216216216214,0.7181605839416058,0.24892697253013418
60036.499965,maxi,0.028062432432432432,0.003747297297297297,0.8976813934709885,0.3396180629414341
60037.499965,maxi,0.027926486486486487,0.004141351351351351,0.6730832978169248,0.213951638256886
60038.499965,maxi,0.019778378378378376,0.004177567567567568,1.0514335110214665,0.5102311267774504
60039.499965,maxi,0.020607837837837838,0.0043124324324324325,0.5017883823063342,0.32168023059008244
60040.499965,maxi,0.02692243243243243,0.0047918918918918915,0.7732358986069879,0.3293890917094088
60041.499965,maxi,0.021466756756756755,0.005032162162162162,0.10804297904913107,0.19543106922341313
60042.499965,maxi,0.026837297297297294,0.006357027027027027,2.2831676379842305,1.7495767671164613
60043.499965,maxi,0.025468378378378377,0.007688918918918918,0.3640729662552134,0.49005845590707875
60044.499965,maxi,0.02603486486486486,0.008287297297297297,2.0202581417215146,2.492499605826815
60045.499965,maxi,0.02205756756756757,0.005232432432432431,4.478974498100922,5.068040358012962
60046.499965,maxi,0.016030270270270267,0.004685135135135135,0.9908642865729055,0.7538177239708981
60049.499965,maxi,0.023937297297297294,0.003136216216216216,1.4796279069767442,0.6062570178854784
60050.499965,maxi,0.010924594594594593,0.0030648648648648647,0.9338656646312823,0.6868945998493966
60051.499965,maxi,0.005909459459459459,0.002628108108108108,0.9350499059742514,0.9147815340611765
60054.499965,maxi,0.004693513513513513,0.0022478378378378377,0.6184604544653867,0.8129276032993752
60055.499965,maxi,0.005897567567567567,0.002206756756756757,0.1966160306286279,0.4338822084543973
60057.499965,maxi,0.006769999999999999,0.002345945945945946,0.10485902082437497,0.2386806993282435
60058.0,bat,0.13577659090909092,0.043414499999999995,,
60059.499965,maxi,0.0056454054054054055,0.0022405405405405408,0.3479296991361334,0.2873360992052253
60061.499965,maxi,0.005811621621621622,0.0021786486486486487,2.0532,1.9438608013975138
60062.499965,maxi,0.008313243243243243,0.00206027027027027,1.4647445941711064,1.0804580921931337
60063.499965,maxi,0.006053783783783783,0.001988108108108108,0.9458606764260474,0.6386776369817322
60074.499965,maxi,0.02542162162162162,0.003978648648648648,0.6668949548315559,0.2717616892326075
60075.499965,maxi,0.01571027027027027,0.0024945945945945946,0.853139996903865,0.30949858244765643
60076.499965,maxi,0.013557297297297296,0.0024743243243243243,0.9814215510008392,0.3893449909027544
60077.499965,maxi,0.008575405405405405,0.002686756756756757,1.2013903518011375,0.8437820716073587
60078.499965,maxi,0.00912108108108108,0.003886216216216216,32.69896907216495,414.49480032264785
60079.499965,maxi,0.010297027027027027,0.002077297297297297,0.5352181035005763,0.2542129249809507
60080.499965,maxi,0.005184324324324324,0.002334864864864865,0.6201193342405527,0.5313604997996786
60081.499965,maxi,0.009598108108108109,0.002865135135135135,0.5096854176352084,0.41873723222760884
60082.499965,maxi,0.01934378378378378,0.0020135135135135136,0.8993177865965132,0.22664791051302582
60083.499965,maxi,0.00977108108108108,0.001894324324324324,1.451429671705016,0.6389941139688855
60084.499965,maxi,0.0071767567567567565,0.001949189189189189,1.2901525658807211,0.8437326906575038
60085.499965,maxi,0.012422162162162163,0.001977027027027027,1.0597941052037794,0.3937368876160875
60086.499965,maxi,0.008979189189189189,0.002039459459459459,0.5252049031696525,0.2930131402646299
60087.499965,maxi,0.010956756756756756,0.002048378378378378,0.8563182527301092,0.39812584153977076
60088.499965,maxi,0.009673243243243243,0.0028351351351351348,1.0180887995614836,0.7350385910462404
60089.499965,maxi,0.009314324324324323,0.002392972972972973,0.3783936332336174,0.24505180514380118
60090.499965,maxi,0.011254594594594594,0.0026756756756756758,0.4883518017624989,0.438674662789287
60092.499965,maxi,0.017572972972972972,0.0030448648648648646,0.370219903093552,0.1896322697925626
60093.499965,maxi,0.013879459459459459,0.0030616216216216214,0.34948527965379317,0.18443649234877635
60094.499965,maxi,0.024777837837837834,0.0030808108108108107,1.0588767092326816,0.3459830702199894
60095.499965,maxi,0.019740540540540537,0.003118108108108108,1.191057762868225,0.49658404655401894
60096.499965,maxi,0.017578648648648647,0.0032408108108108106,0.7446808510638299,0.2685511378069514
60097.499965,maxi,0.01991135135135135,0.0033375675675675676,0.5483482615814311,0.306897729038804
60098.499965,maxi,0.02378459459459459,0.0035167567567567564,1.036353032659409,0.46917805384130473
60099.499965,maxi,0.01998216216216216,0.00376027027027027,1.7336868803320267,1.6397131549678683
60100.499965,maxi,0.018933783783783784,0.0035489189189189187,2.185483870967742,2.0248102853150884
60101.499965,maxi,0.01760972972972973,0.0032335135135135138,0.545643386481024,0.32619126469397347
60102.499965,maxi,0.021458378378378377,0.0032618918918918918,0.7584185207456404,0.47902086213606637
60103.499965,maxi,0.023708108108108108,0.003377297297297297,0.8634722678043978,0.27701430862810156
60104.499965,maxi,0.019639189189189186,0.0031164864864864864,1.6026431114763078,0.7465179781643967
60105.499965,maxi,0.020433513513513513,0.0032824324324324324,4.011725906925613,4.020948961904331
60106.499965,maxi,0.01746,0.0031262162162162157,1.1122202056866304,0.6102790567619416
60107.499965,maxi,0.023253513513513513,0.00374027027027027,1.071131929689009,0.45763782152379223
60108.499965,maxi,0.026823783783783785,0.0037564864864864864,0.6538926611478003,0.23646226892076716
60109.499965,maxi,0.027336486486486483,0.00414054054054054,0.6113174276630421,0.22166853527599845
60110.499965,maxi,0.020808648648648648,0.0037305405405405404,0.8072195501141719,0.3875749971716304
60111.499965,maxi,0.03270864864864865,0.004325945945945945,0.368172314037751,0.18887180515874952
60112.499965,maxi,0.020014864864864864,0.0042721621621621625,0.5235639686684074,0.25450222958586566
60113.499965,maxi,0.0111,0.00457054054054054,0.4646313777034293,0.47625688387445686
60114.499965,maxi,0.01712378378378378,0.005995675675675675,0.45634910370159604,0.28670201384013205
60115.499965,maxi,0.02018621621621622,0.009165945945945945,0.8687957525540987,1.6089306377983241
60116.499965,maxi,0.03792675675675676,0.00972945945945946,0.5110406761753831,0.28547935045610673
60117.499965,maxi,0.03230135135135135,0.014489459459459458,-0.023743519867186643,-0.3112717655571829
60118.499965,maxi,0.014938378378378378,0.0047740540540540536,0.5928272036809429,0.3506972461048333
60121.499965,maxi,0.016485135135135134,0.0032883783783783783,0.8098106712564545,0.4809622172957586
60122.499965,maxi,0.008587567567567567,0.0029245945945945945,0.8473591787113333,0.909674886938961
60147.499965,maxi,0.015342972972972973,0.0028116216216216216,0.9073750182189185,0.48247064440141996
60148.499965,maxi,0.015926216216216215,0.002508108108108108,1.480917229464426,0.65982887886046
60149.499965,maxi,0.012405135135135135,0.0022456756756756755,0.8429653248306098,0.36951057330423015
60150.499965,maxi,0.007332972972972972,0.002005945945945946,4.040991420400381,7.8829754652030255
60151.499965,maxi,0.00577,0.0020224324324324325,0.8731318125632093,0.5813376434390677
60152.499965,maxi,0.007263513513513513,0.0021983783783783785,1.8553042121684868,1.8031237264442033
60154.499965,maxi,0.01556891891891892,0.0021045945945945945,1.0345842956120093,0.3287508652990259
60155.499965,maxi,0.010293243243243244,0.001912162162162162,1.5110575559965975,0.9315070782949422
60156.499965,maxi,0.0066194594594594595,0.0019672972972972973,2.508581991021917,2.7516873124872467
60157.499965,maxi,0.006242162162162161,0.0018797297297297297,-3.337373075663282,-3.807874149399441
60158.499965,maxi,0.011405405405405406,0.002111891891891892,1.2450607902735562,0.6481097376192645
60159.499965,maxi,0.005417837837837838,0.0019616216216216216,3.239239239239239,6.549133171869878
60160.499965,maxi,0.004563513513513514,0.001991081081081081,-3.002836879432624,-8.544299717037124
60161.499965,maxi,0.005354864864864865,0.002182972972972973,0.269623854177642,0.40327775757754536
60162.499965,maxi,0.006864324324324324,0.00244,0.9504985754985754,0.6026351071490634
60163.499965,maxi,0.006901351351351351,0.002655945945945946,0.9839071093909146,1.4176629942987213
60165.499965,maxi,0.013907837837837837,0.0028186486486486487,0.6831311741903213,0.38118937461392516
60167.499965,maxi,0.013411891891891892,0.003946216216216216,0.6309194161543155,0.4146028649975323
60168.499965,maxi,0.013229459459459459,0.0036781081081081078,0.44741164304398084,0.4116042655679615
60170.0,bat,0.08254486363636364,0.03101909090909091,,
60170.499965,maxi,0.010028378378378378,0.003208648648648649,0.1629174235014671,0.23568638759502258
60171.499965,maxi,0.014009189189189189,0.003353243243243243,0.42737410819422317,0.41999817703523457
60172.499965,maxi,0.01720189189189189,0.003721351351351351,-64.62318840579711,-3624.277915667821
60184.0,bat,0.0812494090909091,0.033040454545454546,,
60191.499965,maxi,0.028533783783783784,0.005338918918918919,1.244192656030922,0.6235681190565583
60194.0,bat,0.056811272727272724,0.024721318181818185,,
60194.499965,maxi,0.024555405405405406,0.004062432432432432,1.335073158209977,0.5389067530454521
60219.499965,maxi,0.04210675675675675,0.00415,1.3786654900896007,0.43088493786060933
60220.499965,maxi,0.006014864864864865,0.0028005405405405405,-0.4825216257850456,-0.3181565978887764
60227.499965,maxi,0.015027027027027025,0.002242162162162162,6.528974739970283,10.211127199153085
60233.499965,maxi,0.006629729729729729,0.0025645945945945944,-0.6584864603481624,-0.6615288016795452
60234.499965,maxi,0.006462702702702702,0.0025470270270270268,6.018456375838927,27.40347915161904
60235.499965,maxi,0.010278378378378378,0.0027827027027027026,0.10653034300791557,0.7119699724787656
60236.499965,maxi,0.008517837837837838,0.0033678378378378376,2.0989433237271853,4.825496347736
60238.499965,maxi,0.01665297297297297,0.003291081081081081,0.6472906741611543,0.2610805250862278
60239.499965,maxi,0.02126324324324324,0.0034078378378378377,0.5019387918602788,0.21768333951936603
60240.499965,maxi,0.02845,0.0030416216216216214,0.6723446171587824,0.17002353628863068
60241.499965,maxi,0.026987837837837838,0.003342702702702703,0.37734961444846704,0.12162295638902838
60242.499965,maxi,0.015964324324324323,0.003715135135135135,0.6615202777572579,0.2973260642723713
60243.499965,maxi,0.02295,0.003614864864864865,0.8187298871644465,0.33345136799929553
60244.499965,maxi,0.027577027027027027,0.003776486486486486,0.7346857696223276,0.21612714796229707
60245.499965,maxi,0.026847297297297297,0.003762432432432432,0.6104239054899235,0.2176055969344155
60246.499965,maxi,0.024848378378378378,0.0035178378378378375,0.8285179457963702,0.3207895087196999
60247.499965,maxi,0.020737027027027028,0.003344324324324324,0.8561460634957552,0.4307006740520052
60248.499965,maxi,0.02772216216216216,0.003458108108108108,0.6915064401717379,0.26326074612841455
60249.499965,maxi,0.025074864864864863,0.0035645945945945944,1.317469907514988,0.49131244214196934
60250.499965,maxi,0.022713243243243243,0.0033616216216216213,1.7234866181672561,0.7804585707436855
60251.499965,maxi,0.02302324324324324,0.0035516216216216214,1.2581780842012615,0.5090243339578064
60252.499965,maxi,0.02545027027027027,0.003677837837837838,0.7194244604316548,0.3022168919577291
60253.499965,maxi,0.02634081081081081,0.003934864864864865,1.4718099183062938,0.698976611238504
60254.499965,maxi,0.022842972972972973,0.0039037837837837836,0.4827505359056806,0.23100031294087162
60255.499965,maxi,0.021356216216216216,0.004038918918918919,0.38813169555219024,0.19275679219685882
60256.499965,maxi,0.022568918918918917,0.003995945945945946,0.32745387078737354,0.16506159582622024
60257.499965,maxi,0.021654054054054052,0.004434864864864865,0.34258487194758785,0.21857306969697154
60258.499965,maxi,0.024688918918918917,0.004673243243243243,0.6471812875045924,0.3685920363223881
60260.499965,maxi,0.02427054054054054,0.008271891891891892,0.17397088997178764,0.2060748795115244
60262.499965,maxi,0.02492216216216216,0.006038648648648648,1.308402427557911,0.7987792486803613
60266.499965,maxi,0.03157189189189189,0.005728918918918919,2.1237389334980437,1.2629445488427902
60267.499965,maxi,0.022585405405405403,0.003502432432432432,4.400888888888889,4.6129300422163295
60273.499965,maxi,0.005482702702702702,0.0025027027027027023,-2.394474508686984,-2.993450882917915
60274.499965,maxi,0.012622702702702703,0.0022389189189189187,1.6817874831157136,0.8976455037545228
60275.499965,maxi,0.013484054054054053,0.002371891891891892,2.522927576957466,1.4859032770282103
60276.499965,maxi,0.008416756756756755,0.0041694594594594596,0.7113418922234034,0.817855951951407
60277.499965,maxi,0.01599189189189189,0.002321081081081081,0.41720287268047657,0.1731166396203024
60278.499965,maxi,0.022986756756756755,0.0023835135135135137,1.3397881839892014,0.39142923131614943
60279.499965,maxi,0.023387567567567567,0.002404324324324324,0.7240850809315539,0.20236052206965355
60280.499965,maxi,0.022724324324324325,0.0021086486486486485,1.3643260604718128,0.36787889406912944
60281.499965,maxi,0.023094864864864863,0.0021902702702702704,1.5139135254988911,0.4079968823280399
60282.499965,maxi,0.02603189189189189,0.0021037837837837837,1.1988442129252808,0.2523758686194948
60283.499965,maxi,0.02548216216216216,0.002129189189189189,1.1679148088827325,0.26443090390320756
60284.499965,maxi,0.02075945945945946,0.0035316216216216218,0.7411467600298456,0.42376286694972215
60310.499965,maxi,0.01445108108108108,0.00382027027027027,0.41908497449119536,0.2036840657307639
60311.499965,maxi,0.02138324324324324,0.003337027027027027,0.6715334017717958,0.2796451991527583
60312.499965,maxi,0.01653972972972973,0.0033305405405405406,0.9092784355790255,0.3587175560996744
60313.499965,maxi,0.024186756756756755,0.002994594594594594,0.7190725344036697,0.23633705154779425
60314.499965,maxi,0.028074594594594594,0.003268918918918919,1.079935263694895,0.3154815612866561
60315.499965,maxi,0.02247243243243243,0.0033316216216216213,0.6220557047928743,0.20068588117373096
60316.499965,maxi,0.016597297297297295,0.003388108108108108,0.7433602020727312,0.29073872513636195
60317.499965,maxi,0.023070270270270272,0.0036656756756756757,0.5604563668063499,0.21900968550117236
60318.499965,maxi,0.02371162162162162,0.0035181081081081082,1.1666196122717862,0.4623934987391843
60319.499965,maxi,0.02182918918918919,0.003458648648648648,1.1267539205282395,0.38205072462808576
60320.499965,maxi,0.025124324324324324,0.0033491891891891893,2.406037312835295,1.2073942990640565
60321.499965,maxi,0.026027837837837835,0.003499459459459459,0.8444713082240942,0.29767928287643197
60322.499965,maxi,0.029133783783783784,0.0034859459459459455,0.7734591125373466,0.22273973770649155
60323.499965,maxi,0.022203783783783786,0.0034454054054054053,0.6745389113810166,0.2684700397685024
60324.499965,maxi,0.02275081081081081,0.0034,0.7789680007293281,0.3271983788288491
60325.499965,maxi,0.022627027027027027,0.0036916216216216213,0.7275812302531497,0.31112272791059914
60326.499965,maxi,0.02596054054054054,0.003818378378378378,0.8350327524409838,0.28529717574936714
60327.499965,maxi,0.026236486486486483,0.004311081081081081,0.8983675836924097,0.423786124896753
60328.499965,maxi,0.02273864864864865,0.004027297297297297,0.7916623403592565,0.44560721178478513
60329.499965,maxi,0.02526,0.004625135135135135,0.28169043449253606,0.14728100147829307
60330.499965,maxi,0.018375675675675673,0.004666486486486487,0.33999437095412327,0.22122159836530092
60333.499965,maxi,0.018315945945945943,0.007881081081081081,1.5223506743737956,1.6706924709333997
60335.499965,maxi,0.026106756756756756,0.005548108108108108,2.3033159112329704,1.943510022527767
60339.499965,maxi,0.02126081081081081,0.0035824324324324323,1.222085758530464,0.5600992406730843
60364.499965,maxi,0.05154351351351351,0.009831621621621621,58.51431391905232,506.39865059002915
60365.499965,maxi,0.03526945945945946,0.002954054054054054,2.27259767687434,0.7303259835855458
60366.499965,maxi,0.01097027027027027,0.0029659459459459455,-4.183534136546184,-10.196704430342136
60367.499965,maxi,0.006471621621621622,0.0024891891891891888,-0.3644582635733078,-0.20930022369512924
60370.499965,maxi,0.0049370270270270265,0.0023386486486486483,-0.9526920031670625,-1.201316880300474
60372.499965,maxi,0.016937837837837838,0.002682432432432432,1.4970189346786347,0.5933340066364332
60373.499965,maxi,0.014566216216216215,0.0023113513513513513,8.842792566549472,19.420432609987525
60374.499965,maxi,0.009219999999999999,0.002289189189189189,2.8366733466933867,4.650787394789513
60375.499965,maxi,0.00783027027027027,0.002234324324324324,-4.341617210682492,-7.270486302016912
60378.499965,maxi,0.010247567567567567,0.0022713513513513512,2.1183118081180816,2.465619698241989
60379.499965,maxi,0.011652162162162161,0.002380810810810811,1.4306111411573823,0.8635507138878837
60380.499965,maxi,0.011687297297297295,0.002499459459459459,0.7540852397785633,0.3804969556932194
60381.499965,maxi,0.006428108108108108,0.0027397297297297295,1.5112781954887216,2.038354668194461
60382.499965,maxi,0.012304864864864864,0.006101351351351351,-3.4817363684489147,-4.896601864912809
60383.499965,maxi,0.01624108108108108,0.0033589189189189186,0.5568305098890094,0.27634365963212076
60384.499965,maxi,0.020539459459459456,0.003002162162162162,0.6801798907805974,0.22484228459430297
60385.499965,maxi,0.02079189189189189,0.002936216216216216,0.3572394463157377,0.12840179605463073
60386.499965,maxi,0.022234594594594592,0.0031356756756756752,0.4626757014056112,0.16420236350226422
60387.499965,maxi,0.023429189189189188,0.0032772972972972972,0.7298784824216938,0.23038561524926013
60388.499965,maxi,0.01852216216216216,0.0031440540540540536,0.6871908009092125,0.40938707735721513
60389.499965,maxi,0.024904864864864863,0.0035594594594594593,0.4607312493096211,0.15390887880927123
60390.499965,maxi,0.026711351351351352,0.004368108108108107,1.0840438090241342,0.41293720230259895
60391.499965,maxi,0.025222432432432433,0.0033291891891891892,0.6129832540831094,0.19842918893235717
60392.499965,maxi,0.025263243243243243,0.0034127027027027025,0.7526323129488878,0.2626907343879021
60393.499965,maxi,0.024674054054054054,0.003481081081081081,0.7612070577966207,0.25336264395492464
60394.499965,maxi,0.018205675675675676,0.002715945945945946,0.9077344838434228,0.3119324679792837
60395.499965,maxi,0.022538648648648647,0.003283243243243243,1.0370926021727884,0.43719688792221145
60396.499965,maxi,0.026578108108108105,0.003601621621621621,0.6697505878724799,0.276891962864047
60397.499965,maxi,0.02677972972972973,0.0037397297297297296,1.4236283919895723,0.6415494238980456
60398.499965,maxi,0.03274135135135135,0.003968378378378378,0.9352677980461201,0.2644173265006201
60399.499965,maxi,0.025864054054054054,0.003924864864864865,0.707560499022997,0.2565478533542466
60400.499965,maxi,0.02704972972972973,0.004211621621621621,0.5432689432450213,0.2338143483806088
60401.499965,maxi,0.02166702702702703,0.0042,0.8106653478020539,0.29711203299472233
60402.499965,maxi,0.021511891891891892,0.004286756756756756,0.5793361800225291,0.22303745294025631
60403.499965,maxi,0.03321216216216216,0.005111621621621622,0.29314808561274863,0.12952478925603286
60404.499965,maxi,0.021361351351351348,0.005164594594594595,0.5683470871803252,0.26979249234865577
60405.499965,maxi,0.020748108108108107,0.006100810810810811,0.2286215648795162,0.2756790295889233
60406.499965,maxi,0.016579459459459458,0.007474054054054054,0.02645791495252393,0.19491055762848972
60407.499965,maxi,0.02621027027027027,0.008237837837837837,2.9688555030384873,3.5079692315222673
60408.499965,maxi,0.02824351351351351,0.006214864864864865,1.0344293797373758,0.753266698730552
60409.499965,maxi,0.01239054054054054,0.005293783783783783,0.5882687279754462,0.4569808959293601
60412.499965,maxi,0.021622432432432434,0.0028648648648648646,1.3084421338689667,0.4957721574817234
60419.499965,maxi,0.00848081081081081,0.002301891891891892,0.4688106296666471,0.25970098155499044
60420.499965,maxi,0.004754324324324324,0.002054864864864865,0.4601028951881368,0.3980743194253757
60423.499965,maxi,0.005731081081081081,0.002135675675675675,0.11770171906458109,0.25409892317599897
60424.499965,maxi,0.006505675675675675,0.002176756756756757,0.19524793388429754,0.17965402562014823
60425.499965,maxi,0.006402432432432432,0.002069189189189189,1.600544784489665,1.2178039050615805
60427.499965,maxi,0.00542027027027027,0.0020043243243243244,1.237225193107546,0.89555737069228
60437.499965,maxi,0.03633702702702703,0.00412027027027027,2.2676923076923075,0.9541180991801711
60438.499965,maxi,0.027527837837837837,0.002567297297297297,0.9219439376347652,0.21475862189810452
60439.499965,maxi,0.013429459459459458,0.002542972972972973,0.5575718405090981,0.24981983475160324
60440.499965,maxi,0.00778027027027027,0.0022081081081081083,1.127994456543259,0.6614803377249872
60441.499965,maxi,0.009394594594594593,0.00379054054054054,2.3130473837862113,4.589983669299031
60442.499965,maxi,0.013257837837837837,0.0028321621621621622,-7.453148538716481,-13.537188744229491
60443.499965,maxi,0.006017297297297297,0.001955945945945946,1.5172355525515375,1.150577098040499
60445.499965,maxi,0.015158918918918917,0.0019654054054054054,0.8037522487792342,0.24104017569352923
60446.499965,maxi,0.01194108108108108,0.001942162162162162,1.0338495058750292,0.4052764177938817
60447.499965,maxi,0.010627567567567569,0.002029189189189189,1.9887229821447217,0.9051772737517724
60448.499965,maxi,0.011141081081081082,0.001869189189189189,1.5076987099459007,0.6632876518842308
60449.499965,maxi,0.008510540540540542,0.0019178378378378377,1.1450259688373952,0.5683472096691488
60450.499965,maxi,0.010378648648648648,0.001954864864864865,1.01770501518631,0.4007448443269152
60451.499965,maxi,0.009553783783783782,0.002116216216216216,0.635767346293662,0.35193192850003524
60452.499965,maxi,0.010028108108108107,0.0022127027027027024,0.6302276205994173,0.2434852292313818
60453.499965,maxi,0.010803513513513514,0.002288918918918919,0.25736002966258803,0.14381593758865713
60454.499965,maxi,0.011581891891891892,0.0037037837837837835,6.700740055504164,19.521674581066577
60455.499965,maxi,0.015117027027027025,0.0036627027027027023,0.28272841881759675,0.20467773576416334
60456.499965,maxi,0.00897864864864865,0.0025578378378378376,1.365678931943992,0.9216968623387626
60457.499965,maxi,0.019584324324324325,0.002759189189189189,1.0558654566647239,0.34164143897391064
60458.499965,maxi,0.02193972972972973,0.0035359459459459457,0.598485910556568,0.21639689048700098
60459.499965,maxi,0.023956486486486486,0.0029456756756756756,0.5499999999999999,0.15894911822718
60460.499965,maxi,0.017115945945945944,0.0034664864864864865,0.587905935050392,0.26794259048309965
60461.499965,maxi,0.017947027027027027,0.003652972972972973,0.14924742292248808,0.1209685734747405
60462.499965,maxi,0.038379189189189186,0.003769459459459459,0.4402314355832209,0.11081541686704266
60463.499965,maxi,0.023299999999999998,0.0036837837837837835,0.4983951758011963,0.171957339055497
60464.499965,maxi,0.02116189189189189,0.003554324324324324,0.6158823529411764,0.2629339948149287
60465.499965,maxi,0.020843783783783782,0.0032708108108108107,1.575935752187007,0.757880825477285
60466.499965,maxi,0.022329189189189188,0.003259189189189189,0.8269864141622066,0.35178602045620977
60467.499965,maxi,0.021415135135135134,0.0032016216216216218,0.41192186665083413,0.16615986260475982
60468.499965,maxi,0.02094432432432432,0.0032075675675675673,1.659854443872675,0.7968448126892469
60469.499965,maxi,0.01738864864864865,0.002308648648648648,0.6946243836411099,0.23544288582390677
60470.499965,maxi,0.023248108108108106,0.0036137837837837833,0.7214008678622172,0.2860161767071091
60471.499965,maxi,0.026570810810810808,0.0035894594594594593,0.616091193608305,0.1906687372618748
60472.499965,maxi,0.029016756756756756,0.003845675675675676,0.46182230368512445,0.16163515085734756
60473.499965,maxi,0.02413891891891892,0.003933783783783783,1.4991336923437135,0.5834179408607605
60474.499965,maxi,0.03261108108108108,0.004425135135135134,0.5399477431263034,0.19458462482757036
60475.499965,maxi,0.024812432432432432,0.004251891891891892,0.34423588566965263,0.1638140621471084
60476.499965,maxi,0.015465675675675675,0.004647567567567568,0.06558108409547178,0.20274556063463678
60477.499965,maxi,0.021827297297297297,0.005303783783783783,0.4283874856172265,0.2525073258742242
60478.499965,maxi,0.029626756756756755,0.008454594594594593,0.3049627618848751,0.20099117208178582
60479.499965,maxi,0.04506351351351351,0.009472972972972973,0.4933129633340012,0.22708831663105053
60480.499965,maxi,0.055699459459459456,0.015247027027027026,0.41640899828671646,0.27673761236462324
60481.499965,maxi,0.02852432432432432,0.005967567567567567,1.073910798681441,0.6461807849538647
60482.499965,maxi,0.011696486486486487,0.004337567567567567,0.9657015590200445,1.0176083227371628
60484.499965,maxi,0.010754054054054054,0.004901891891891892,0.9891754951635191,1.4014115201624253
60485.499965,maxi,0.01748918918918919,0.0029499999999999995,0.49933427822875054,0.23201218537474647
60486.499965,maxi,0.006981891891891891,0.002722162162162162,1.2230686982090349,1.0349252932643205
60488.499965,maxi,0.005913783783783784,0.0024094594594594593,0.6656281295204184,0.5694151530597075
60490.499965,maxi,0.00876,0.002365675675675676,1.3140014816382686,0.8063779004049736
60491.499965,maxi,0.004711891891891892,0.00210027027027027,0.7152099886492622,0.542863235800383
60492.499965,maxi,0.00824135135135135,0.0021016216216216215,0.9099931553730322,0.3770554076613527
60495.499965,maxi,0.009881081081081081,0.0021308108108108108,1.202901888530631,0.49060824433351935
60496.499965,maxi,0.005478378378378378,0.002073243243243243,0.29300291545189505,0.25150086302169355
60497.499965,maxi,0.007822702702702702,0.002013783783783784,1.1416263920991805,0.6211924190481627
60499.499965,maxi,0.0037962162162162158,0.0018954054054054054,0.8054747647562019,0.7341489688530436
60500.499965,maxi,0.009136216216216216,0.0020416216216216213,1.3094850948509487,0.8191365989398578
60501.499965,maxi,0.011292972972972973,0.00202027027027027,1.3805183199285076,1.0600134122092912
60502.499965,maxi,0.009542702702702702,0.001991891891891892,1.1302976272116307,0.7476685859205533
60503.499965,maxi,0.014947027027027026,0.002079189189189189,0.7987220447284346,0.30260873059042154
60504.499965,maxi,0.014025135135135135,0.002419189189189189,1.740081942640152,0.8223205143366199
60510.499965,maxi,0.02308,0.002881351351351351,1.189577275777231,0.367620404656783
60511.499965,maxi,0.015486216216216216,0.002872432432432432,0.4334874012226032,0.1583299065426036
60512.499965,maxi,0.009841891891891892,0.002129189189189189,0.5202201177373944,0.259663168064967
60513.499965,maxi,0.013956756756756755,0.002215675675675676,1.1307742355237476,0.44470045521252405
60514.499965,maxi,0.010584054054054054,0.002017027027027027,0.8901383383221423,0.38973564454950904
60515.499965,maxi,0.00997189189189189,0.0021786486486486487,0.733891891891892,0.286309609070811
60516.499965,maxi,0.005605135135135135,0.0025435135135135132,5.449474165523548,11.764942681844767
60517.499965,maxi,0.014588378378378376,0.0029691891891891887,0.7788204484696382,0.37086302570539204
60518.499965,maxi,0.021076756756756757,0.002024864864864865,1.2686050692072623,0.2836504969276203
60519.499965,maxi,0.009099459459459457,0.0019694594594594594,3.4828732106339473,3.325169066958379
60520.499965,maxi,0.012217837837837838,0.001980810810810811,1.0330831582107476,0.3311533530124533
60521.499965,maxi,0.012246756756756755,0.0019997297297297298,0.8297981651376147,0.35109575303219914
60522.499965,maxi,0.010334054054054053,0.001971891891891892,1.3133873355979444,0.5531300499163775
60523.499965,maxi,0.008716756756756757,0.0027908108108108108,1.7608161258603738,1.3496725865190504
60524.499965,maxi,0.014339459459459459,0.0031705405405405406,0.5992101799034664,0.28871753946655476
60528.499965,maxi,0.018949729729729727,0.003199189189189189,0.39130700574642374,0.17665321987623145
60529.499965,maxi,0.01407108108108108,0.002842972972972973,0.921480309209325,0.45851589895373235
60530.499965,maxi,0.021658108108108108,0.003059189189189189,0.9201977938379612,0.29788104142551913
60531.499965,maxi,0.026883243243243243,0.0030735135135135133,0.603696196494575,0.15491558978280642
60532.499965,maxi,0.025083243243243243,0.0034051351351351354,0.4528089381447943,0.14185446312422123
60533.499965,maxi,0.023044054054054054,0.0032956756756756756,0.6452230800966583,0.2066030667075323
60534.499965,maxi,0.02308297297297297,0.0036764864864864866,0.8537929827631463,0.3766469572880131
60535.499965,maxi,0.028942702702702702,0.0037897297297297293,0.7306157917604772,0.2999826471941938
60536.499965,maxi,0.02398162162162162,0.003652972972972973,0.6370354091695739,0.21281350123347542
60537.499965,maxi,0.025645135135135135,0.0036483783783783784,0.8863277989054817,0.3817884919573379
60538.499965,maxi,0.025141621621621618,0.003362162162162162,0.4778475735171493,0.1680065288807861
60539.499965,maxi,0.020907567567567564,0.0032116216216216214,0.8609907567879839,0.28178234624005266
60540.499965,maxi,0.024024324324324324,0.0032416216216216215,0.8337676695885651,0.2888774563451838
60541.499965,maxi,0.019958108108108105,0.0032318918918918917,0.9438827567016046,0.36772666643395363
60542.499965,maxi,0.021464054054054053,0.0032613513513513512,1.0217538817706462,0.3481182908205134
60543.499965,maxi,0.022907567567567566,0.003692162162162162,0.8969608751268139,0.3618297994569225
60544.499965,maxi,0.022927027027027026,0.0026467567567567563,0.8646882657228423,0.2545171933151162
60545.0,bat,0.09204322727272726,0.042084090909090904,,
60545.499965,maxi,0.027309459459459458,0.0037937837837837838,0.8695754255527293,0.33792412911058417
60546.499965,maxi,0.022196216216216216,0.0038086486486486487,0.44727968650323524,0.19378234027953753
60547.499965,maxi,0.023761351351351347,0.004167567567567567,0.6171205839271084,0.20974924863383218
60548.499965,maxi,0.01979972972972973,0.004126216216216216,1.0836114060367057,0.4131340379762725
60549.499965,maxi,0.025024594594594596,0.005047837837837838,0.4328673793022436,0.2436067428919813
60550.499965,maxi,0.020745945945945945,0.0059808108108108105,0.19514182192397575,0.18143016177049376
60551.499965,maxi,0.02085162162162162,0.008205945945945946,0.6334549613331881,0.4610324686834481
60554.499965,maxi,0.020624594594594595,0.005145405405405405,1.131183298278414,0.6605591598615099
60555.499965,maxi,0.018832702702702705,0.005093513513513514,1.1703429693565328,0.7279407487837012
60557.499965,maxi,0.009167837837837837,0.004554054054054054,3.9906890130353823,6.66055348560785
60558.499965,maxi,0.02025243243243243,0.0029427027027027026,1.3785618279569891,0.594027772810922
60561.499965,maxi,0.006679459459459459,0.002508378378378378,0.36790053687482344,0.4049418364293215
60563.499965,maxi,0.009495945945945945,0.0024616216216216216,1.9737060902099355,1.1178545408665952
60564.499965,maxi,0.008193783783783784,0.0025605405405405403,0.33265535513568484,0.24884821395225917
60565.499965,maxi,0.008663513513513512,0.002667297297297297,0.5624597256743074,0.25712619302901313
60566.499965,maxi,0.0067729729729729725,0.002827837837837838,0.28557555837753046,0.37527021863036436
60568.499965,maxi,0.010988378378378377,0.002435675675675675,1.507921928817451,0.8481937159706959
60569.499965,maxi,0.008638378378378378,0.0024035135135135133,1.770771513353116,0.9880698180914396
60570.499965,maxi,0.006818918918918919,0.002323243243243243,0.619804474299766,0.30709564426278785
60571.499965,maxi,0.009577567567567568,0.002443243243243243,1.461374467017808,1.0137473960107988
60572.499965,maxi,0.005896216216216215,0.0024767567567567567,0.20111155220325527,0.3379803710168515
60576.499965,maxi,0.011869729729729729,0.004074324324324324,1.0794785847299815,0.7883765272635413
60577.499965,maxi,0.028168108108108107,0.003144864864864865,1.7011020171424889,0.6967560083900055
60583.499965,maxi,0.018573243243243245,0.0028299999999999996,0.9908365718960932,0.3028042695943565
60584.499965,maxi,0.01826405405405405,0.0026810810810810807,1.0149176339196682,0.28295424705124883
60585.499965,maxi,0.014669999999999999,0.002474054054054054,0.6960346580610937,0.24419396101357238
60586.499965,maxi,0.012245675675675676,0.0023918918918918917,1.0836706159393628,0.49021869575597776
60587.499965,maxi,0.010362702702702703,0.0022308108108108106,0.6874186833203226,0.3182378439661658
60588.499965,maxi,0.006781891891891892,0.002242162162162162,1.5544463216095836,1.204034862811077
60590.499965,maxi,0.019497837837837838,0.002455405405405405,1.3598875351452673,0.4239914236632629
60591.499965,maxi,0.012725945945945945,0.00202972972972973,1.6427306391885363,0.5856020927789003
60592.499965,maxi,0.009807837837837837,0.0021,1.2169390787518575,0.5220253213054642
60593.499965,maxi,0.010302432432432432,0.0021932432432432434,2.9919575633127993,2.0930913048441213
60594.499965,maxi,0.011368918918918917,0.002208378378378378,1.3857685194198386,0.6669385475123123
60595.499965,maxi,0.013637837837837837,0.0023270270270270266,1.8781846406720846,0.8588783377602944
60596.499965,maxi,0.014719459459459459,0.002468918918918919,0.38981539947257,0.1647880739183652
60597.499965,maxi,0.012286756756756757,0.0024772972972972973,0.6223605847319978,0.28182108129494227
60598.499965,maxi,0.016846216216216216,0.0027732432432432427,1.1891507391600171,0.4992947564181195
60599.499965,maxi,0.017338108108108107,0.0029391891891891887,0.7832805243283129,0.29741396551945554
60601.499965,maxi,0.02244297297297297,0.003308918918918919,0.7426748803902561,0.2457351653768494
60602.499965,maxi,0.022152162162162158,0.0035518918918918917,0.8104915808301979,0.28034150879590725
60603.499965,maxi,0.034368378378378375,0.0029870270270270266,0.5909280761841116,0.12877914380021852
60604.499965,maxi,0.018764324324324323,0.0031691891891891893,0.7957049337378252,0.2866616033903509
60605.499965,maxi,0.022363243243243243,0.0033208108108108104,0.5802787400306131,0.18507345200824427
60606.499965,maxi,0.03174810810810811,0.00395054054054054,0.9132493578038439,0.29669454210460766
60607.499965,maxi,0.02189351351351351,0.0034118918918918917,1.2930187385740404,0.5664177439970608
60608.499965,maxi,0.01950243243243243,0.0033916216216216214,0.31833958856562344,0.15405487196926207
60609.499965,maxi,0.020626486486486486,0.003317837837837838,0.7607319399878588,0.3204486865988295
60610.499965,maxi,0.020763783783783785,0.0032394594594594593,1.33056816403193,0.49503725397228565
60611.499965,maxi,0.02174,0.0031367567567567567,0.7215760127026328,0.2457305200229966
60612.499965,maxi,0.022577027027027026,0.0032735135135135134,1.1902998554913293,0.4366643547600658
60613.499965,maxi,0.029926216216216217,0.0034486486486486486,1.130836943814043,0.33966670369466756
60614.499965,maxi,0.028160540540540537,0.0034637837837837833,0.47175492733426244,0.15703020189622488
60615.499965,maxi,0.021892432432432433,0.0034954054054054055,1.2752970831832913,0.4664546169776264
60616.499965,maxi,0.03303081081081081,0.003911351351351351,1.6164709108358848,0.5827661783395689
60617.499965,maxi,0.019552162162162164,0.003718108108108108,0.5540628385698808,0.20786914699907452
60618.499965,maxi,0.024043513513513512,0.0036432432432432433,0.5197661978446363,0.18046439656193863
60619.499965,maxi,0.022970540540540537,0.004152972972972973,0.5129195129195129,0.2027532399387943
60620.499965,maxi,0.03143135135135135,0.004475945945945946,0.5801572152782053,0.1809818438522073
60621.499965,maxi,0.021766756756756756,0.004584054054054054,0.6396932944325223,0.23887896643573042
60622.499965,maxi,0.024974864864864863,0.0028578378378378375,0.42934081346423564,0.10136182783905515
60623.0,bat,0.10419540909090909,0.040432363636363634,,
60623.499965,maxi,0.019364324324324323,0.005022162162162162,0.7288545355488968,0.3677902271810306
60624.499965,maxi,0.03866189189189189,0.010437567567567568,1.3744215268626068,1.000792173663356
60625.499965,maxi,0.025688648648648647,0.01146054054054054,1.4257721256164027,1.222838799745049
60630.499965,maxi,0.028555135135135135,0.003379459459459459,1.1014260326817216,0.3820565417906563
60631.499965,maxi,0.009535405405405406,0.002888108108108108,0.5288143789796083,0.4380835448774757
60633.499965,maxi,0.006052162162162162,0.0023962162162162164,0.896046159667045,0.5499408274238253
60635.499965,maxi,0.00775027027027027,0.002531351351351351,0.49902005125885723,0.3699852104637368
60638.499965,maxi,0.00992081081081081,0.0025051351351351348,1.1661472709464873,0.6534323805370172
60640.499965,maxi,0.013683243243243243,0.0027986486486486486,1.5142192620784438,0.9857148051351049
60641.499965,maxi,0.01105864864864865,0.002083243243243243,1.9600440459336166,1.2933689685027994
60642.499965,maxi,0.01882054054054054,0.002292702702702702,1.2760904316053894,0.41480845316376763
60643.499965,maxi,0.013156756756756757,0.001980810810810811,1.360898909738189,0.4793703993032295
60644.499965,maxi,0.014612432432432432,0.0020470270270270268,1.115852387240253,0.4015538313392629
60645.0,bat,0.11382222727272727,0.05082631818181818,,
60645.499965,maxi,0.017894054054054052,0.0020113513513513514,1.1309042649454062,0.33009209336357964
60646.499965,maxi,0.018797567567567567,0.0020759459459459458,1.2526131273128611,0.39494122664910963
60647.499965,maxi,0.021105135135135136,0.0034059459459459458,1.5177725118483412,0.9280065251694709
60652.0,bat,0.060041681818181813,0.022312,,
60673.499965,maxi,0.03255027027027027,0.008837567567567567,0.007357576133345734,0.052161812963852396
60674.499965,maxi,0.045997567567567565,0.00470027027027027,0.5010018081415237,0.1046553630141233
60675.499965,maxi,0.028722432432432433,0.0034683783783783784,0.4701846863432879,0.13455480650312787
60676.499965,maxi,0.023577567567567567,0.003285675675675675,0.7419328486234785,0.21447661288461733
60677.499965,maxi,0.026247567567567565,0.003018108108108108,0.6793037214885954,0.1650077560298822
60678.499965,maxi,0.03859027027027027,0.003871351351351351,0.5504114913905677,0.12743447380675582
60679.499965,maxi,0.020443513513513513,0.0034237837837837837,0.17378604574080211,0.10262535028811293
60680.499965,maxi,0.025343783783783783,0.0035894594594594593,0.3382136602451839,0.10941287745768064
60681.499965,maxi,0.021911081081081082,0.0036205405405405405,0.8359606275902901,0.30916281611154917
60682.499965,maxi,0.0334454054054054,0.003515405405405405,1.1717986314760507,0.33571818122557834
60683.499965,maxi,0.027336216216216215,0.00372027027027027,0.5832140727489564,0.21595039035134914
60684.499965,maxi,0.02629243243243243,0.003340810810810811,1.0929417505878178,0.3887903124398837
60685.499965,maxi,0.026788648648648647,0.003479189189189189,0.6945267378879013,0.2258389698932116
60686.499965,maxi,0.029996756756756757,0.003504864864864865,0.8927288642057287,0.2603720692666436
60687.499965,maxi,0.025248648648648647,0.0035078378378378375,0.7820594044646517,0.28448380325844697
60688.499965,maxi,0.02729,0.003555405405405405,0.7590969535783366,0.23527568597787665
60689.499965,maxi,0.02692378378378378,0.003882162162162162,0.7866615519508987,0.24923565412174553
60690.499965,maxi,0.02135054054054054,0.0036437837837837834,0.6192649626924909,0.27528847392558514
60691.499965,maxi,0.03750108108108108,0.004471621621621622,0.6057307447723786,0.173182113576044
60692.499965,maxi,0.02267891891891892,0.0040137837837837835,0.25728625822083767,0.11274500535248345
60693.499965,maxi,0.030468108108108106,0.004407567567567567,0.8518053133654734,0.2693314511105945
60694.499965,maxi,0.018864324324324323,0.004561081081081081,0.9145412646955434,0.41144487941881364
60695.499965,maxi,0.03507837837837837,0.007183243243243243,0.1848226040576579,0.16282852148449903
60696.499965,maxi,0.02983162162162162,0.008268108108108107,0.08388281776497483,0.14230790705540955
60697.499965,maxi,0.019293513513513515,0.008838108108108108,0.33796186541131845,0.46242658970368866
60698.0,bat,0.02685222727272727,0.012661545454545455,,
60699.499965,maxi,0.018227567567567566,0.0055167567567567565,0.9000815819121246,0.5866723520252407
60703.499965,maxi,0.01363081081081081,0.004061621621621621,0.40695792880258896,0.3250588153881509
60704.499965,maxi,0.012156756756756756,0.00314,1.031219980787704,0.6366833659576167
60705.499965,maxi,0.006775135135135135,0.002651081081081081,0.44943094680765194,0.4001453524703437
60708.0,bat,0.02814,0.010463454545454545,,
60713.499965,maxi,0.011040270270270271,0.002421351351351351,0.6048539545094214,0.30315234509968175
60718.499965,maxi,0.012558378378378377,0.004908108108108108,1.2298194370685078,0.9236319066793367
60728.499965,maxi,0.039767567567567566,0.004538918918918919,1.5142499908064575,0.5452131789516925
60729.499965,maxi,0.02230918918918919,0.0027683783783783783,0.6833556499970891,0.17641625025677624
60730.499965,maxi,0.017558108108108105,0.003247297297297297,0.7349275362318841,0.277787610713133
60731.499965,maxi,0.017337027027027024,0.0022808108108108107,1.1148967017035158,0.37530108995582107
60732.499965,maxi,0.010182972972972973,0.0023008108108108108,1.0370930567559782,0.45185629620582385
60733.499965,maxi,0.0062345945945945945,0.002183783783783784,0.28659752692461105,0.3735316247710254
60734.499965,maxi,0.009402432432432432,0.0026337837837837838,2.9725490196078432,4.050574564155487
60735.499965,maxi,0.05422837837837837,0.01159972972972973,0.8749638339486385,0.4052142451196152
60736.499965,maxi,0.014155675675675675,0.005848378378378378,2.696143617021277,4.123135836660145
60737.499965,maxi,0.011374864864864864,0.0021143243243243242,0.7618759621728612,0.27190986479728807
60738.499965,maxi,0.012401621621621622,0.0021862162162162163,1.2534857780256554,0.6028934117557458
60739.499965,maxi,0.014387297297297296,0.002158918918918919,1.0026503678061445,0.31374477485876173
60740.499965,maxi,0.01428054054054054,0.0023967567567567565,1.257114161365919,0.5991391687484456
60741.499965,maxi,0.01108189189189189,0.002157837837837838,1.7369584438549956,0.8834571217175823
60742.499965,maxi,0.016892972972972972,0.0025786486486486485,0.7919136827128289,0.2463655517625822
60743.499965,maxi,0.017849459459459458,0.0025027027027027023,0.6821104313603242,0.21503927083365978
60744.499965,maxi,0.01154108108108108,0.002698378378378378,0.5467779323133983,0.2567358004755526
60745.499965,maxi,0.010227297297297296,0.004912972972972973,0.8016675931072819,0.6996680197368251
60746.499965,maxi,0.021532162162162163,0.003955675675675676,0.9777936323909747,0.45230197993706583
60747.499965,maxi,0.02568162162162162,0.0031345945945945946,0.7155834096190409,0.23766422312452098
60748.499965,maxi,0.030342702702702704,0.0033005405405405405,0.8713857815269883,0.24964208064751792
60749.499965,maxi,0.02497027027027027,0.003068108108108108,0.502499605325475,0.1552078030876993
60750.499965,maxi,0.024184054054054053,0.0036078378378378378,0.5706288306548911,0.18077230311761475
60751.499965,maxi,0.021521891891891888,0.003946756756756756,0.6691274528481616,0.2166835573238511
60752.499965,maxi,0.025135945945945946,0.0040337837837837835,0.9304870585694228,0.3584598143160338
60753.499965,maxi,0.027026486486486485,0.0036935135135135132,0.7631616411833376,0.24387661378358894
60754.499965,maxi,0.032065945945945945,0.0037308108108108106,0.6164975107957202,0.20067145306203452
60755.499965,maxi,0.020917567567567567,0.003324864864864865,0.603357314148681,0.2723888418290062
60756.499965,maxi,0.019837027027027027,0.0032827027027027026,1.3286496470743452,0.601902336700595
60757.499965,maxi,0.021085135135135134,0.0032608108108108107,1.002434367541766,0.3922614818776775
60758.499965,maxi,0.030534324324324322,0.003691351351351351,0.7594547840610832,0.23944453379883932
60759.499965,maxi,0.027438378378378377,0.0034454054054054053,0.8468229553410417,0.27915667439772557
60760.499965,maxi,0.03002162162162162,0.003761081081081081,0.4802219006271105,0.14388440240456848
60761.499965,maxi,0.02413243243243243,0.0036048648648648643,0.6160665326265765,0.22236854082595714
60762.499965,maxi,0.028517567567567566,0.004020540540540541,0.77253934382502,0.2898636309898409
60763.499965,maxi,0.02868216216216216,0.003939459459459459,0.8051763815768734,0.27856487584662626
60764.499965,maxi,0.022910270270270268,0.00401945945945946,0.8373636794689426,0.25941817991452315
60765.499965,maxi,0.0328627027027027,0.004544594594594595,0.7759469148722974,0.23037131885707718
60766.499965,maxi,0.02221864864864865,0.004942432432432433,0.6227636670114546,0.36430946344390636
60767.499965,maxi,0.016763783783783782,0.006328648648648648,0.18867598826169515,0.18762587820331167
60768.499965,maxi,0.030623783783783783,0.0077329729729729724,0.48074040278954566,0.29626365348690226
60771.499965,maxi,0.016474054054054055,0.005872432432432432,1.204613454299778,0.9032100032969443
60772.499965,maxi,0.008815405405405406,0.003865135135135135,0.2146472635242012,0.49239545087586795
60773.499965,maxi,0.016057297297297296,0.003201351351351351,0.4521830705299709,0.1704358845081913
60775.499965,maxi,0.03429972972972973,0.0032967567567567567,1.5972897333922522,0.41610234401792195
60778.499965,maxi,0.008123783783783783,0.0029854054054054054,0.5054606687515034,0.28309910350057227
60780.499965,maxi,0.010766216216216217,0.002722162162162162,0.5828877005347594,0.43245701950207954
60781.499965,maxi,0.006032162162162161,0.002453513513513513,0.8329788424941229,0.6600827533922096
60782.499965,maxi,0.009435945945945946,0.0025883783783783782,2.312125984251969,3.449277763109552
60783.499965,maxi,0.00575027027027027,0.002367027027027027,0.5962643678160919,0.3412304489878303
60786.499965,maxi,0.00850027027027027,0.002043243243243243,1.026702269692924,0.449380355122565
60788.499965,maxi,0.00721027027027027,0.0021197297297297292,0.2426291210706071,0.23534262801817307
60789.499965,maxi,0.007234324324324324,0.002231621621621622,1.9688211595726048,1.6470197931003532
60790.499965,maxi,0.006058378378378378,0.0022705405405405404,1.9715160796324656,2.877821632132222
60800.0,bat,0.042718454545454546,0.01060190909090909,,
60800.499965,maxi,0.04476243243243243,0.00500972972972973,0.8309121656037978,0.2536063887420062
60801.499965,maxi,0.017514324324324322,0.003429189189189189,0.947940947940948,0.3661270638802539
60802.499965,maxi,0.019604594594594595,0.002378918918918919,1.0936439459303997,0.36230379332347473
60803.499965,maxi,0.010637837837837836,0.0023002702702702702,0.8932126071329831,0.3879302570175503
60804.499965,maxi,0.013970810810810811,0.0026235135135135135,0.7469075275305476,0.23946676221740285
60805.499965,maxi,0.015096756756756756,0.00411972972972973,0.9420666363577321,0.6827162738613698
60806.499965,maxi,0.01015027027027027,0.002093243243243243,0.271649390798327,0.1321281261370802
60807.499965,maxi,0.0071897297297297295,0.0033005405405405405,0.5443725004760999,0.6188174809149896
60808.499965,maxi,0.018892432432432434,0.0022872972972972972,1.5748682669789227,0.5577376313501408
60809.499965,maxi,0.01358027027027027,0.001957027027027027,1.0616979269496545,0.377503468973905
60810.499965,maxi,0.011786756756756755,0.0019335135135135134,1.6415011522001537,0.7583868634465842
60811.499965,maxi,0.010983513513513513,0.0019697297297297297,1.2925342813610972,0.7345746540942975
60812.499965,maxi,0.008995135135135135,0.0019305405405405404,0.5191812564366632,0.24378233919775197
60813.499965,maxi,0.007214054054054054,0.0018932432432432432,0.4552945301542777,0.311971685225284
60814.499965,maxi,0.009357567567567567,0.0020283783783783785,1.0681763814687824,0.45922856377109394
60815.499965,maxi,0.01223,0.0023116216216216216,0.6781741233373639,0.3036333798839114
60816.499965,maxi,0.014893243243243244,0.0023321621621621618,0.7307861607535875,0.23647514606867476
60817.499965,maxi,0.012815405405405406,0.002659459459459459,0.6184029019567772,0.28202898114903985
60819.499965,maxi,0.014630270270270269,0.002793243243243243,0.6023164190440026,0.2793937610857384
60820.499965,maxi,0.024796756756756754,0.0030645945945945944,0.631561209874463,0.1857037940571378
60821.499965,maxi,0.029583783783783783,0.003034324324324324,0.8435651104211822,0.21731408220488413
60822.499965,maxi,0.021316216216216214,0.002996486486486486,0.5259980285855101,0.1498137556625564
60823.499965,maxi,0.02303405405405405,0.0033170270270270266,1.3308714918759232,0.6678212135542788
60824.499965,maxi,0.026594864864864863,0.0034762162162162162,0.5286696641100238,0.174475029656049
60825.499965,maxi,0.020408648648648647,0.0035016216216216217,0.3828530940009447,0.19556552284607712
60826.499965,maxi,0.0286327027027027,0.00367,0.7172808132147395,0.23090994635606504
60827.499965,maxi,0.021045945945945943,0.0034505405405405405,0.4529369310641865,0.1575060776796651
60828.499965,maxi,0.02014297297297297,0.003118918918918919,0.8830494473073444,0.3061077977619036
60829.499965,maxi,0.02364216216216216,0.003282972972972973,1.6332757285024728,0.660624093551881
60830.499965,maxi,0.021953783783783782,0.003171081081081081,0.668414779499404,0.2529806326308383
60831.499965,maxi,0.02007108108108108,0.003202432432432432,0.5941809551090559,0.25021881342722707
60832.499965,maxi,0.02167837837837838,0.0031356756756756752,1.04951768488746,0.456051559163339
60833.499965,maxi,0.022789729729729726,0.003451621621621621,0.24798376328579824,0.13228228907844194
60834.499965,maxi,0.015155675675675676,0.0033010810810810806,0.44138860556607895,0.2166569218200755
60835.0,bat,0.04260118181818182,0.017978636363636363,,
60835.499965,maxi,0.02855,0.00381,0.5272959909013364,0.19165143072075566
60836.499965,maxi,0.02943783783783784,0.003915405405405405,0.6832913673219525,0.1967305118070312
60837.499965,maxi,0.02609054054054054,0.004186756756756756,0.4747411685136049,0.1925142607933853
60838.499965,maxi,0.02730135135135135,0.004234054054054054,0.45778552487622154,0.1472256969972371
60839.499965,maxi,0.030027297297297296,0.004701621621621621,0.39105118668083605,0.1711891605614758
60840.499965,maxi,0.022477027027027027,0.005858648648648648,0.5642685937108718,0.3631609902861836
60841.499965,maxi,0.031017297297297297,0.007881081081081081,0.5320403926009816,0.3493873964794083
60842.499965,maxi,0.03789756756756757,0.00983027027027027,0.4418790397728113,0.2726155532522867
60843.499965,maxi,0.03897162162162162,0.010590270270270269,0.9102021626704279,0.6077381846437684
60844.499965,maxi,0.04971135135135135,0.013715675675675675,1.3321804379048567,1.130997855297627
60845.499965,maxi,0.012316486486486486,0.0045970270270270265,0.33026669766514993,0.27238629466517983
60848.499965,maxi,0.022088108108108104,0.0027335135135135133,0.6851838854576081,0.2082537876626519
60849.499965,maxi,0.009683243243243243,0.0031205405405405405,5.285462865188314,9.99005580334062
60850.499965,maxi,0.0069216216216216216,0.0025618918918918917,0.9781940582467438,0.9287018094444308
60851.499965,maxi,0.00821216216216216,0.002385945945945946,0.865931349244081,0.5423430540823785
60852.499965,maxi,0.004716756756756756,0.0022756756756756756,0.4709841129744043,0.47975677276099526
60853.499965,maxi,0.008317567567567567,0.002332972972972973,0.48146900269541776,0.3710160912899235
60854.499965,maxi,0.004707837837837838,0.0021999999999999997,1.9993715961457899,1.9428110368604192
60855.499965,maxi,0.004565945945945946,0.0021564864864864865,0.7367187500000001,0.5404994502207752
60856.499965,maxi,0.00674027027027027,0.0021048648648648647,0.5705354715955422,0.3922131237071093
60859.499965,maxi,0.008406486486486486,0.0021754054054054055,0.9086415341552021,0.35872725305496306
60860.499965,maxi,0.00786864864864865,0.0021175675675675675,0.4278130170987314,0.2739654302662826
60873.499965,maxi,0.040639189189189184,0.0035124324324324325,1.9268320011951896,0.5068045519174025
60874.499965,maxi,0.017972972972972973,0.0029816216216216216,2.242927337701013,1.0261622222600084
60875.499965,maxi,0.014856756756756755,0.0023783783783783785,2.107946026986507,0.9835468933299493
60876.499965,maxi,0.01283972972972973,0.002308108108108108,0.7332833583208396,0.2721116869825073
60877.499965,maxi,0.01340081081081081,0.0020935135135135134,0.7791792705895783,0.2793064736300309
60878.499965,maxi,0.004533513513513513,0.0019997297297297298,3.967679691268692,7.198097344771841
60879.499965,maxi,0.00547027027027027,0.0019945945945945946,0.8911072739045975,0.543339224852648
60881.499965,maxi,0.019827567567567567,0.0020694594594594592,1.1026433393553294,0.2812756047845851
60882.499965,maxi,0.013142432432432431,0.001987027027027027,1.6343684109641554,0.6936104867775915
60883.499965,maxi,0.010045945945945945,0.0018694594594594594,1.1219879518072289,0.4155137040156199
60884.499965,maxi,0.014014594594594594,0.0020837837837837836,1.7402448040745915,0.6664346528453455
60885.499965,maxi,0.009113783783783783,0.0019005405405405405,0.696629213483146,0.3186319545394544
60886.499965,maxi,0.010972972972972972,0.00211027027027027,1.328494623655914,0.7139299075964913
60887.499965,maxi,0.01023108108108108,0.0020345945945945943,0.6359739464454712,0.24916560644275468
60888.499965,maxi,0.011696756756756755,0.0022551351351351354,0.7658881342830325,0.29472538368723183
60889.499965,maxi,0.011037567567567567,0.0023535135135135136,0.2647219441157732,0.17469085088510033
60891.499965,maxi,0.012081621621621621,0.003406216216216216,0.7372572101236021,0.462544714175485
60892.499965,maxi,0.012448648648648647,0.002752972972972973,0.7395615586643083,0.35186305701992615
60893.499965,maxi,0.01998297297297297,0.0033597297297297294,0.8530599443290078,0.330191896549721
60894.499965,maxi,0.027847297297297298,0.002788918918918919,0.7232075471698113,0.17421397028598104
60895.499965,maxi,0.017013243243243242,0.0029499999999999995,0.4897794295871374,0.21628990746951426
60896.499965,maxi,0.023506486486486483,0.0033989189189189187,0.27227426271531585,0.12380611526473374
60897.499965,maxi,0.023576486486486487,0.003376216216216216,0.8397055400372438,0.24663572277862772
60898.499965,maxi,0.025285405405405404,0.0035537837837837836,0.695560725325855,0.24046792807190878
60899.499965,maxi,0.02834486486486486,0.003868108108108108,0.5608200784464712,0.17974588361855817
60900.499965,maxi,0.026752432432432433,0.003441081081081081,0.7551263968753391,0.2647761123053687
60901.499965,maxi,0.02211972972972973,0.0033202702702702703,0.6126230457440648,0.23044159298085604
60902.499965,maxi,0.02531972972972973,0.0032872972972972972,1.6360594795539032,0.6519729784848018
60903.499965,maxi,0.02559162162162162,0.0033640540540540538,0.872988745310546,0.3208083836823919
60904.499965,maxi,0.02086810810810811,0.003029459459459459,2.555424389092197,1.5286784717021114
60905.499965,maxi,0.018425945945945946,0.0031627027027027028,0.5158672840817367,0.23454480950131332
60906.499965,maxi,0.02306135135135135,0.0034205405405405404,1.1216501468428781,0.4163863891255042
60907.499965,maxi,0.02107054054054054,0.0036556756756756753,1.0836548223350253,0.4845230502511715
60908.499965,maxi,0.02521135135135135,0.0037927027027027027,0.4043938394470416,0.17342664087461215
60909.499965,maxi,0.01887216216216216,0.003776486486486486,0.4991682582712094,0.21407070411349313
60910.499965,maxi,0.026485405405405404,0.0038437837837837835,0.5160830455385109,0.15207244218529548
60911.499965,maxi,0.023245945945945947,0.004152972972972973,0.505559655596556,0.19280111328749722
60912.0,bat,0.02006881818181818,0.00833009090909091,,
60912.499965,maxi,0.02648918918918919,0.0044375675675675675,0.8061227613653759,0.2993063186183548
60913.499965,maxi,0.028835675675675673,0.00559054054054054,0.36183032542276533,0.2442799222389802
60914.499965,maxi,0.025221621621621622,0.007052162162162162,0.2098880140838183,0.25228469837921946
60915.499965,maxi,0.018196216216216216,0.00784135135135135,0.2979711940529658,0.5998053820747078
60918.499965,maxi,0.009492432432432432,0.004202432432432433,0.5906793454981581,0.7567438958655881
60922.499965,maxi,0.011492972972972972,0.0029851351351351347,0.7334327467939159,0.39504438119533897
60933.499965,maxi,0.007682972972972973,0.0021618918918918915,2.113041408852927,2.2665586686220114
60934.499965,maxi,0.004934864864864865,0.001885945945945946,1.9161033797216702,2.8887599997193134
60935.499965,maxi,0.006174054054054054,0.00208,0.35919466529879457,0.4701901265967766
60946.499965,maxi,0.03750675675675676,0.002885405405405405,1.1851851851851853,0.23457030829284534
60947.499965,maxi,0.01750189189189189,0.002567837837837838,1.1240710823909532,0.37622705129289613
60948.499965,maxi,0.01354189189189189,0.002455135135135135,0.7174750182793078,0.26803540624661865
60949.499965,maxi,0.011405675675675676,0.0020878378378378377,0.44819445189676443,0.20991040185997684
60950.499965,maxi,0.01315216216216216,0.0021789189189189186,1.125729244577412,0.47095174406145207
60951.499965,maxi,0.006331351351351351,0.0020737837837837836,0.9252133436772693,0.4433693764967205
60952.499965,maxi,0.008785405405405405,0.0026445945945945946,2.483443708609272,2.7127564695471853
60953.499965,maxi,0.015666756756756755,0.0025937837837837836,1.2030649038461538,0.46212758455673586
60954.499965,maxi,0.016864324324324324,0.0020216216216216213,2.266497768126433,1.0464833993899092
60955.499965,maxi,0.010446756756756756,0.001888108108108108,4.246501350356002,3.582961609510814
60956.499965,maxi,0.009768918918918918,0.0020024324324324325,0.8254631035529912,0.36076253377934436
60957.499965,maxi,0.009882432432432432,0.0019705405405405405,0.6656341873162537,0.237781749678062
60958.499965,maxi,0.009258648648648648,0.0020327027027027024,0.23547761970033562,0.1581177380339629
60959.499965,maxi,0.009958648648648647,0.002070810810810811,1.1597943053042568,0.5672704515689464
60960.499965,maxi,0.013794324324324325,0.002407297297297297,0.8375648131593063,0.49384964682914734
60965.499965,maxi,0.010475405405405406,0.0033856756756756754,1.0184518451845186,0.6511286482008045
60966.499965,maxi,0.023681891891891894,0.0032316216216216214,0.4335143019204278,0.16163420385839378
60967.499965,maxi,0.02789297297297297,0.002996486486486486,0.49907982765713294,0.1265241184957178
60968.499965,maxi,0.02009108108108108,0.003204864864864865,0.46639980591945657,0.18258142309681474
60969.499965,maxi,0.02202081081081081,0.003213243243243243,0.5687639812218406,0.19773842348009615
60970.499965,maxi,0.009384054054054054,0.0035727027027027025,0.7546391752577319,0.485260763456267
60971.499965,maxi,0.02086918918918919,0.0034216216216216215,0.6630808699201214,0.215440833491243
60972.499965,maxi,0.02519432432432432,0.003485135135135135,0.8538575950573967,0.3105288221351101
60973.499965,maxi,0.023865675675675678,0.003234054054054054,0.8508844251236696,0.27346905645664793
60974.499965,maxi,0.023155135135135133,0.0033624324324324326,0.5809776867176746,0.211914996599099
60975.499965,maxi,0.02485189189189189,0.003252972972972973,0.9413288380889729,0.3148645469161141
60976.499965,maxi,0.030020270270270266,0.0036340540540540536,1.2014621583451024,0.4049415101679362
60977.499965,maxi,0.029802162162162162,0.0034045945945945944,1.122681281618887,0.31714654806876874
60978.499965,maxi,0.02683972972972973,0.0035105405405405406,1.1627378304917224,0.46212291036839276
60979.499965,maxi,0.0227527027027027,0.003947027027027027,1.0388839986222205,0.4132870069357572
60980.499965,maxi,0.02299297297297297,0.0036686486486486483,0.6675102199727467,0.29032945537876204
60981.499965,maxi,0.026772972972972972,0.003920810810810811,0.7866560919996034,0.2268648452560259
60982.499965,maxi,0.024750810810810812,0.00399054054054054,0.7602911075733455,0.32025513405463774
60983.499965,maxi,0.02938324324324324,0.004371081081081081,0.45691565366853737,0.16005023306824545
60984.499965,maxi,0.01457,0.0043,0.10450895884836685,0.1310472342425364
60985.499965,maxi,0.023406756756756755,0.005513513513513513,0.262392830681297,0.15299689411885944
60986.499965,maxi,0.020561351351351353,0.0026456756756756757,0.2921656294232627,0.09642171779923686
60987.499965,maxi,0.01871351351351351,0.005719189189189189,0.18451202263083452,0.31584314549754683
60989.499965,maxi,0.020414594594594593,0.005871891891891892,0.46490066225165566,0.43224178924052775
60992.499965,maxi,0.01828243243243243,0.007941621621621622,1.2679013914479955,0.8657292127831664
60993.499965,maxi,0.019148108108108106,0.0032297297297297295,1.1985664985399522,0.5083892519112796
60994.499965,maxi,0.013502162162162162,0.0028516216216216213,0.8503034389750506,0.3779615725454764
60997.499965,maxi,0.009118648648648647,0.002364864864864865,0.33130260017585733,0.2582748855085833
61000.499965,maxi,0.006008108108108107,0.0021175675675675675,1.5858449034879782,1.2873362731171116
61003.499965,maxi,0.011529999999999999,0.0030413513513513515,1.2454072038188921,0.6815729843915099
61004.499965,maxi,0.01169054054054054,0.002024054054054054,0.4304959886977143,0.18353892599122348
61005.499965,maxi,0.012677567567567567,0.0020032432432432433,1.02349387481121,0.4607725689673967
61006.499965,maxi,0.01689702702702703,0.002275135135135135,0.7546360616128058,0.2973008637839682
61007.499965,maxi,0.016336486486486484,0.0023413513513513514,1.2529048535953788,0.5047976183392715
61008.499965,maxi,0.017714864864864864,0.0022386486486486484,1.8321031937642271,0.5950667216108712
61009.499965,maxi,0.020362702702702705,0.0022597297297297296,1.191784743094318,0.3134634229559385
61010.499965,maxi,0.014716216216216216,0.002597297297297297,0.9770350159163255,0.49042913991207354
61039.499965,maxi,0.024936486486486484,0.0064670270270270275,1.0147692718949444,0.6013173574907794
61040.499965,maxi,0.01321054054054054,0.00564027027027027,0.43560849967804255,0.7747139344272757
61042.499965,maxi,0.02133459459459459,0.008065405405405405,0.40267260579064584,0.40968107931318337
61045.499965,maxi,0.020295405405405403,0.003305405405405405,0.6267495546588141,0.2447210684528294
61046.499965,maxi,0.02559297297297297,0.003365675675675676,0.767669193812658,0.21886510120360517
61047.499965,maxi,0.026007567567567565,0.003575135135135135,1.625936633429701,0.6991619196911788
61048.499965,maxi,0.026429189189189187,0.0033662162162162164,1.4502872293415818,0.5218078794663802
61049.499965,maxi,0.02140189189189189,0.0034016216216216214,1.5354283022676807,0.7403575074130668
61050.499965,maxi,0.028406486486486485,0.0035327027027027024,1.0881739061946207,0.36858912395372845
61051.499965,maxi,0.025055945945945943,0.0037099999999999998,0.9845719661335842,0.3397284148628541
61052.499965,maxi,0.026194594594594594,0.003597027027027027,0.9317261255647297,0.33133158473638524
61053.499965,maxi,0.03196945945945946,0.004099189189189189,0.9746410101593468,0.27949130155279384
61054.499965,maxi,0.02926837837837838,0.004095675675675676,0.3744689422795195,0.12492409280413015
61055.499965,maxi,0.028151351351351352,0.004317837837837838,0.6462062232458007,0.22045722196403558
61056.499965,maxi,0.022656486486486486,0.004144594594594595,0.504725897920605,0.22321659838257252
61057.499965,maxi,0.031987567567567564,0.00548918918918919,0.42209023757236974,0.16310183111320023
61058.499965,maxi,0.021735405405405406,0.00760027027027027,0.3841963132558413,0.290142918050242
61059.499965,maxi,0.04171351351351351,0.009911891891891891,0.41903309474246664,0.19920044526296532
61061.499965,maxi,0.02138972972972973,0.005937567567567567,2.7129138038725795,2.4650184236946573
61063.499965,maxi,0.016204324324324323,0.0031810810810810808,0.2337109155588841,0.11892688084537537
61066.499965,maxi,0.017359999999999997,0.002955945945945946,0.8773715872281351,0.30862492309830836
61067.499965,maxi,0.007157027027027027,0.0026535135135135135,1.0605425239156074,0.9132180863392084
61070.499965,maxi,0.006084324324324325,0.0026662162162162163,0.28609447771124413,0.4946411332816704
61071.499965,maxi,0.005553783783783784,0.002326756756756757,0.6540920140451967,0.4543505272397832
61073.499965,maxi,0.00916108108108108,0.0024513513513513513,1.1680110171158764,0.6976106239666778
61074.499965,maxi,0.007225405405405405,0.0023378378378378375,1.7903422982885084,1.745392144440201
61076.499965,maxi,0.008647837837837838,0.003025135135135135,1.5487748066710145,0.9818600982311088
61077.499965,maxi,0.00787972972972973,0.0021594594594594595,0.7009231604670105,0.33653528792324877
61091.499965,maxi,0.03371648648648649,0.010020000000000001,5.438861716318364,8.607247825728258
61092.499965,maxi,0.02150972972972973,0.0026799999999999997,1.0832404724760418,0.27741695429661556
61093.499965,maxi,0.019485945945945944,0.0025578378378378376,0.8510375592464253,0.24918199746093275
61094.499965,maxi,0.015539189189189187,0.002245135135135135,1.4154157530780906,0.5854499315481977
61095.499965,maxi,0.009256486486486486,0.002277297297297297,0.7563981853975862,0.44411601902038705
61096.499965,maxi,0.00693027027027027,0.0021427027027027023,0.1713672237697307,0.19735563638451864
61097.499965,maxi,0.010816216216216215,0.002338918918918919,1.0274314214463842,0.5025269214809885
61099.499965,maxi,0.02087324324324324,0.002292972972972973,1.1611551781923806,0.35270935730380876
61100.499965,maxi,0.01308162162162162,0.0020948648648648647,0.9839104582021687,0.3208833441739744
61101.499965,maxi,0.0161027027027027,0.002302162162162162,2.6348379026373396,1.2097941508412042
61102.499965,maxi,0.013949189189189188,0.0022567567567567566,1.1885205587251624,0.33465859100883383
61103.499965,maxi,0.016574864864864865,0.0024972972972972973,0.7715597069007167,0.23862384289313535
61104.499965,maxi,0.009323243243243242,0.0021664864864864865,2.244453328003198,1.8665652729274524
61105.499965,maxi,0.013547297297297298,0.0024364864864864864,0.74658829887853,0.36372806050223566
61106.499965,maxi,0.020595135135135136,0.0025789189189189187,1.3492268041237114,0.5429229095989252
61107.499965,maxi,0.016204864864864863,0.0027635135135135134,0.5364861334030085,0.20656396828317206
61108.499965,maxi,0.012085405405405404,0.003059189189189189,0.8895059585791971,0.4422826814830411
61109.499965,maxi,0.021027297297297295,0.006245135135135135,0.30579604956192646,0.28090516448532526
61110.499965,maxi,0.01686189189189189,0.0031848648648648645,0.5854880506766486,0.3544481644143121
61111.0,bat,0.04697695454545455,0.021405454545454547,,
61111.499965,maxi,0.01975891891891892,0.0031037837837837837,0.6562323745064862,0.2356273591653394
61112.499965,maxi,0.025137297297297294,0.0030559459459459457,0.5500012642544692,0.15357926596384913
61113.499965,maxi,0.02779972972972973,0.0033516216216216217,0.5907440646161377,0.14801290365080264
61114.499965,maxi,0.022194594594594594,0.0035237837837837835,0.6378465633938433,0.2108535168799974
61115.499965,maxi,0.027195405405405406,0.004132702702702703,0.2743258654306,0.11870921758578178
61116.499965,maxi,0.025820270270270267,0.003988108108108108,0.6536442149025995,0.19578424570045538
61117.499965,maxi,0.02832783783783784,0.003897297297297297,0.9860352351705187,0.33641466651577007
61118.499965,maxi,0.027864054054054052,0.0034527027027027027,0.4931183443841672,0.16110952635848408
61119.499965,maxi,0.036142162162162164,0.0037883783783783783,0.8012399163429937,0.21552742880884937
61120.499965,maxi,0.02875324324324324,0.003476486486486486,1.7952036342507,0.6814470297572568
61121.499965,maxi,0.02525378378378378,0.0033908108108108106,0.7462608802255731,0.2329771259612568
61122.499965,maxi,0.02874027027027027,0.003667297297297297,1.0607568723070244,0.3287835824186166
61123.499965,maxi,0.02213918918918919,0.002449729729729729,1.311632178939975,0.3995964151956377
61124.499965,maxi,0.027152702702702702,0.0032935135135135135,1.0154473386183465,0.37049414553947435
61125.499965,maxi,0.028335945945945944,0.0036343243243243243,0.6989062347862777,0.24654035775195843
61126.499965,maxi,0.02436189189189189,0.0038002702702702703,0.5375084478486145,0.2040144761162112
61127.499965,maxi,0.020837297297297296,0.003914324324324324,1.7674228489679134,1.2679864286137832
61128.499965,maxi,0.02232810810810811,0.004205675675675676,0.24712809420812304,0.15214193621289124
61129.499965,maxi,0.016414594594594593,0.004207837837837837,0.7913805351645748,0.289767886756146
61130.499965,maxi,0.02304054054054054,0.00545972972972973,0.1690323050853634,0.13536762053141477
61131.499965,maxi,0.02159081081081081,0.006555135135135135,0.8938409161250387,0.7358030623504208
61132.499965,maxi,0.020248648648648646,0.008882432432432431,0.9815737519977435,0.6844246426390669
61133.499965,maxi,0.028298918918918916,0.01158945945945946,0.9791376584145564,0.6747796186981588
61135.499965,maxi,0.017486756756756754,0.005951351351351351,0.41967519239474876,0.320232591044977
61138.499965,maxi,0.013155405405405406,0.003912162162162162,0.5021246735020077,0.31164999104437285
61139.499965,maxi,0.020785945945945947,0.0033616216216216213,1.3897880657179504,0.6172179443411443
61142.499965,maxi,0.008175405405405406,0.002653243243243243,1.4340830449826987,0.7382719202039252
61143.499965,maxi,0.006898378378378378,0.002551891891891892,0.5733361151679532,0.5438440433490506
61144.499965,maxi,0.010577837837837837,0.002399189189189189,2.260542573193661,1.4050282949856592
61145.499965,maxi,0.004925945945945946,0.002431891891891892,0.49114722289594953,0.3871247352618976
61149.499965,maxi,0.009305405405405406,0.002679459459459459,0.42112289549803456,0.19701731587254592
61150.499965,maxi,0.006301621621621622,0.002212972972972973,1.436255823803473,1.0464145974474894
61151.499965,maxi,0.008657027027027026,0.0023172972972972973,1.5797051765512513,0.9434116539442502
61152.499965,maxi,0.006649189189189188,0.0021424324324324324,2.689907823209643,2.6686603696978133
61153.499965,maxi,0.008199729729729729,0.0022405405405405408,1.0616296828676668,0.5540153902789552
61154.499965,maxi,0.010149729729729728,0.0024594594594594594,1.004351353344642,0.47583773682615804
61157.499965,maxi,0.02981243243243243,0.009949189189189188,0.3856091871523416,0.2844151082050578
61161.499965,maxi,0.04187513513513513,0.0037097297297297295,0.969389898141342,0.23381628735746574
61162.499965,maxi,0.050021891891891886,0.0031645945945945947,0.9258171577994568,0.1532828400248109
61163.499965,maxi,0.04592783783783783,0.003942702702702703,0.6457941940437488,0.1324490796236419
61164.499965,maxi,0.029494324324324323,0.0036878378378378375,0.5306499178316562,0.15489799103769214
61165.499965,maxi,0.02433027027027027,0.0031627027027027028,1.009163487631258,0.3143714290327093
61166.499965,maxi,0.019353783783783784,0.002695675675675676,1.4873154108292312,0.47632065946766905
61167.499965,maxi,0.015935135135135135,0.0023783783783783785,1.343001497005988,0.4632072791826465
61168.499965,maxi,0.013959189189189189,0.002751621621621622,1.210213572166724,0.6490304197381926
61169.499965,maxi,0.008736216216216215,0.0028121621621621617,0.7843671566869845,0.47525549833893765
61170.499965,maxi,0.012001891891891893,0.002417027027027027,0.602678794542456,0.25808266605282804
61171.499965,maxi,0.009252972972972973,0.004519459459459459,-0.06168915750534048,-0.34494500086512886
61172.499965,maxi,0.02799108108108108,0.0023783783783783785,1.060535968013746,0.2188290933319704
61173.499965,maxi,0.01310027027027027,0.0021416216216216216,1.5268449419568821,0.7324629163087142
61174.499965,maxi,0.009245405405405405,0.0021564864864864865,0.7882724920954297,0.2954718946948181
61175.499965,maxi,0.015908378378378378,0.0023218918918918915,1.2847719411149545,0.5378867320361731
61176.499965,maxi,0.011137297297297297,0.002279189189189189,0.7352851479109485,0.3190162063047174
61177.499965,maxi,0.012472162162162162,0.0022748648648648643,0.7803668069753457,0.26896440294746493
61178.499965,maxi,0.010882972972972972,0.0024424324324324323,0.3238372093023256,0.24231777303327773
61179.499965,maxi,0.017102702702702702,0.0026394594594594594,0.5819613712493763,0.1959588594599832
61180.499965,maxi,0.01718297297297297,0.002882162162162162,0.6384142593730793,0.3412787248331705
61181.499965,maxi,0.014494054054054054,0.00403,-2.8026185280698273,-3.544143336370294
61182.499965,maxi,0.017509999999999998,0.003955135135135135,0.30636856368563686,0.1531765702327306
61183.499965,maxi,0.014798378378378376,0.003134864864864865,1.0315170649393066,0.4602555799535321
61184.499965,maxi,0.02959216216216216,0.0029256756756756755,0.396952669116058,0.11024260392824245
61185.499965,maxi,0.02101891891891892,0.003117027027027027,0.32506508740308415,0.14072742126683577
61186.499965,maxi,0.024074324324324322,0.0033305405405405406,0.7842705812089397,0.24076721726036385
61187.499965,maxi,0.02221135135135135,0.0033572972972972974,0.7916623059480203,0.26921167606745994
61188.499965,maxi,0.026033243243243243,0.003666486486486486,0.7285139764659153,0.21063991773438884
61189.499965,maxi,0.02405891891891892,0.0037297297297297295,0.5882642104990816,0.19745908079662144
61190.499965,maxi,0.02428891891891892,0.003424324324324324,0.928900639536961,0.3118777707404969
61191.499965,maxi,0.019845945945945943,0.0033181081081081077,0.8916969050160085,0.33576339576772396
61192.499965,maxi,0.03229351351351351,0.003567297297297297,1.6629942290265658,0.5630039667211246
61193.499965,maxi,0.023535675675675678,0.0034018918918918917,0.9849875231425582,0.3427670988231663
61194.499965,maxi,0.02997189189189189,0.0035070270270270267,0.9283720930232559,0.2885986828297649
61195.499965,maxi,0.031047027027027028,0.0037045945945945943,1.1969492868462757,0.40546226517793615
61196.499965,maxi,0.026234054054054053,0.0035754054054054052,0.6461669748257716,0.21285294132677768
61197.499965,maxi,0.025779999999999997,0.003827567567567567,1.2818286746625183,0.5261335915232367
61198.499965,maxi,0.021344594594594594,0.003804864864864865,0.6119953548739668,0.2548035393689179
61199.499965,maxi,0.02817216216216216,0.004286756756756756,0.9809923685778319,0.316695662621658
61200.499965,maxi,0.02307162162162162,0.0040267567567567565,0.9210927004030453,0.41113733149055826
61201.499965,maxi,0.016969189189189188,0.004306216216216216,0.5261047794945718,0.3430479526012549
61202.499965,maxi,0.026413513513513513,0.004828108108108109,0.33399269628727934,0.16347012858387872
61203.499965,maxi,0.025897567567567566,0.005422432432432432,0.9403663211699561,0.45957612202492776
61204.499965,maxi,0.03225108108108108,0.007137567567567567,0.9681278280542985,0.4992746757406403
61205.499965,maxi,0.05140135135135135,0.009124054054054052,0.7073832485168836,0.2892543391118807
61206.499965,maxi,0.030676756756756754,0.009491081081081081,0.5025543440992937,0.3170698913242747
61207.499965,maxi,0.0271827027027027,0.007801081081081081,1.8237283078912039,1.4868525544175935
61208.499965,maxi,0.01990216216216216,0.006296756756756756,0.6906182302949508,0.48969564827104206
61211.499965,maxi,0.01423918918918919,0.003920810810810811,1.0119700748129676,0.46942317805067524
61212.499965,maxi,0.019735135135135133,0.003199189189189189,1.5934014559540506,0.6935274856719004
61213.499965,maxi,0.0065191891891891885,0.002971621621621621,0.5012948895027624,0.4812580887140202
61215.499965,maxi,0.007638648648648648,0.002601621621621621,0.7865116637154514,0.4614388814098588
61217.499965,maxi,0.005024324324324324,0.0023989189189189187,3.964128595600677,5.96774062432535
61218.499965,maxi,0.005321081081081081,0.0024229729729729733,0.7527863777089784,0.823870330386685
61219.499965,maxi,0.010394324324324324,0.002443243243243243,0.30962673538947544,0.18055840944994322
61220.499965,maxi,0.006889189189189188,0.0023935135135135133,2.0536113179448994,1.9102013433561023
61222.499965,maxi,0.009976216216216216,0.0024413513513513512,1.2259009009009008,0.5275349889380667
61223.499965,maxi,0.012681081081081081,0.0024594594594594594,1.054201680672269,0.46827730410205864
61224.499965,maxi,0.005778378378378378,0.0021951351351351353,0.5839291108649682,0.4544467099038572
61225.499965,maxi,0.010389189189189189,0.0022894594594594594,0.6846811819595645,0.28702392652410225
61226.499965,maxi,0.012631891891891891,0.002356756756756757,1.0478976234003656,0.46295657039457494
61227.499965,maxi,0.008503513513513512,0.00222972972972973,0.5654429100707309,0.3013105352231322
61228.499965,maxi,0.011264864864864865,0.0022556756756756755,1.607506488321022,0.8159998354449352
61229.499965,maxi,0.011547567567567567,0.0021543243243243243,0.7212556732223903,0.337937314864609
61230.499965,maxi,0.012720540540540538,0.0022678378378378377,0.9731030793917629,0.4223924070921985
61231.499965,maxi,0.017466486486486486,0.002948918918918919,0.6838208241353937,0.2786157366531253
61234.499965,maxi,0.03928081081081081,0.0031548648648648645,1.3928917832894554,0.342260917685404
61235.499965,maxi,0.060265405405405405,0.007848108108108109,1.2220318577514355,0.4973332632508949
